_,kc12,zero,zero,kc21,_,kco1,zero,zero,koc2,_,ko12,zero,zero,ko21,_
-1.605737,1.605736,0.000000,0.000000,0.070510,-0.096930,0.026420,0.000000,0.000000,1.112289,-3.688140,2.575852,0.000000,0.000000,2.513112,-2.513112
-2.696848,2.696848,0.000000,0.000000,1.600438,-2.361277,0.760839,0.000000,0.000000,2.311090,-2.327160,0.016070,0.000000,0.000000,0.697328,-0.697328
-2.733750,2.733750,0.000000,0.000000,1.276596,-1.857793,0.581197,0.000000,0.000000,0.092880,-0.902253,0.809374,0.000000,0.000000,1.488335,-1.488335
-1.790972,1.790972,0.000000,0.000000,0.990511,-2.004778,1.014268,0.000000,0.000000,1.023742,-1.110244,0.086502,0.000000,0.000000,0.645271,-0.645271
-2.755332,2.755332,0.000000,0.000000,0.687984,-0.797509,0.109524,0.000000,0.000000,0.574628,-1.499860,0.925232,0.000000,0.000000,3.871270,-3.871270
-4.832015,4.832015,0.000000,0.000000,0.925434,-1.564612,0.639178,0.000000,0.000000,0.512555,-1.193608,0.681053,0.000000,0.000000,1.905739,-1.905739
-4.828449,4.828449,0.000000,0.000000,2.639500,-5.308000,2.668500,0.000000,0.000000,0.169732,-0.857285,0.687553,0.000000,0.000000,1.577967,-1.577967
-4.313887,4.313888,0.000000,0.000000,0.855379,-0.914447,0.059068,0.000000,0.000000,1.744025,-2.634428,0.890402,0.000000,0.000000,0.308390,-0.308390
-4.328125,4.328125,0.000000,0.000000,2.522999,-5.085926,2.562927,0.000000,0.000000,1.294861,-1.618471,0.323610,0.000000,0.000000,0.874658,-0.874658
-4.222968,4.222968,0.000000,0.000000,3.156987,-3.699767,0.542780,0.000000,0.000000,0.416950,-0.655578,0.238628,0.000000,0.000000,2.659920,-2.659920
-4.044186,4.044186,0.000000,0.000000,0.726951,-2.563995,1.837044,0.000000,0.000000,1.418517,-2.935709,1.517192,0.000000,0.000000,5.547130,-5.547130
-2.839177,2.839177,0.000000,0.000000,2.829753,-6.198767,3.369015,0.000000,0.000000,0.418692,-1.210572,0.791881,0.000000,0.000000,1.954658,-1.954658
-4.131351,4.131352,0.000000,0.000000,3.233809,-4.523210,1.289401,0.000000,0.000000,0.884170,-1.622887,0.738718,0.000000,0.000000,3.819518,-3.819518
-3.915284,3.915284,0.000000,0.000000,2.233408,-2.529569,0.296160,0.000000,0.000000,1.576682,-1.660696,0.084013,0.000000,0.000000,1.335808,-1.335808
-4.416115,4.416115,0.000000,0.000000,1.608887,-2.109035,0.500148,0.000000,0.000000,0.268243,-1.832270,1.564027,0.000000,0.000000,7.153388,-7.153388
-2.865323,2.865323,0.000000,0.000000,1.886956,-2.966800,1.079844,0.000000,0.000000,0.439963,-1.716192,1.276229,0.000000,0.000000,1.551149,-1.551149
-4.377068,4.377068,0.000000,0.000000,2.421336,-3.617024,1.195688,0.000000,0.000000,0.406234,-0.492176,0.085943,0.000000,0.000000,3.678186,-3.678186
-5.344636,5.344636,0.000000,0.000000,4.547368,-4.652301,0.104933,0.000000,0.000000,0.304135,-0.421787,0.117652,0.000000,0.000000,3.759182,-3.759183
-2.119749,2.119748,0.000000,0.000000,1.257972,-2.434652,1.176679,0.000000,0.000000,1.155586,-1.179926,0.024340,0.000000,0.000000,0.005866,-0.005866
-3.781124,3.781124,0.000000,0.000000,1.389118,-3.041255,1.652138,0.000000,0.000000,0.281905,-0.923127,0.641222,0.000000,0.000000,8.018494,-8.018494
-2.677323,2.677323,0.000000,0.000000,2.017890,-2.550569,0.532678,0.000000,0.000000,0.981618,-1.236982,0.255364,0.000000,0.000000,4.961472,-4.961472
-3.214309,3.214309,0.000000,0.000000,0.086644,-0.182191,0.095547,0.000000,0.000000,0.282575,-2.410443,2.127868,0.000000,0.000000,1.873817,-1.873817
-4.742415,4.742415,0.000000,0.000000,1.679073,-2.576778,0.897705,0.000000,0.000000,1.939209,-3.067424,1.128215,0.000000,0.000000,3.358048,-3.358048
-2.188185,2.188185,0.000000,0.000000,1.628424,-2.568142,0.939718,0.000000,0.000000,1.411002,-1.884440,0.473437,0.000000,0.000000,3.122455,-3.122455
-1.965325,1.965325,0.000000,0.000000,1.542774,-2.940757,1.397983,0.000000,0.000000,0.095945,-0.149493,0.053549,0.000000,0.000000,3.520056,-3.520056
-2.769271,2.769271,0.000000,0.000000,1.848315,-2.567072,0.718757,0.000000,0.000000,0.296572,-0.725899,0.429327,0.000000,0.000000,0.974986,-0.974987
-2.791399,2.791399,0.000000,0.000000,1.415719,-1.577783,0.162065,0.000000,0.000000,0.803203,-1.509427,0.706225,0.000000,0.000000,2.180423,-2.180423
-3.011529,3.011530,0.000000,0.000000,2.120951,-2.515876,0.394925,0.000000,0.000000,0.223830,-0.442713,0.218883,0.000000,0.000000,1.455858,-1.455858
-3.184787,3.184787,0.000000,0.000000,1.404984,-1.729741,0.324757,0.000000,0.000000,0.552659,-0.713766,0.161108,0.000000,0.000000,0.276480,-0.276480
-2.371802,2.371802,0.000000,0.000000,2.442427,-3.139513,0.697085,0.000000,0.000000,0.710978,-1.076469,0.365492,0.000000,0.000000,2.579036,-2.579036
-4.271882,4.271882,0.000000,0.000000,0.215081,-0.573754,0.358672,0.000000,0.000000,1.422775,-2.545681,1.122907,0.000000,0.000000,0.711114,-0.711114
-5.416848,5.416848,0.000000,0.000000,5.281194,-6.394471,1.113277,0.000000,0.000000,0.567881,-1.246541,0.678661,0.000000,0.000000,2.144579,-2.144579
-4.832766,4.832766,0.000000,0.000000,0.461443,-1.311505,0.850062,0.000000,0.000000,1.858036,-2.141328,0.283292,0.000000,0.000000,2.894964,-2.894964
-3.006531,3.006531,0.000000,0.000000,3.124153,-3.710350,0.586197,0.000000,0.000000,0.616391,-1.505635,0.889244,0.000000,0.000000,1.627948,-1.627948
-5.097308,5.097308,0.000000,0.000000,0.680755,-0.912331,0.231576,0.000000,0.000000,0.812889,-2.114490,1.301600,0.000000,0.000000,3.656518,-3.656518
-1.779111,1.779111,0.000000,0.000000,0.841351,-1.211010,0.369659,0.000000,0.000000,0.275976,-1.260026,0.984050,0.000000,0.000000,1.078888,-1.078888
-3.226370,3.226370,0.000000,0.000000,0.211436,-0.934049,0.722613,0.000000,0.000000,0.883140,-1.516172,0.633033,0.000000,0.000000,1.296247,-1.296247
-4.222489,4.222489,0.000000,0.000000,2.056045,-2.655741,0.599696,0.000000,0.000000,0.609915,-0.611449,0.001535,0.000000,0.000000,1.069437,-1.069437
-4.187210,4.187210,0.000000,0.000000,3.464642,-5.606697,2.142056,0.000000,0.000000,0.685018,-2.797656,2.112638,0.000000,0.000000,2.220620,-2.220620
-5.394011,5.394011,0.000000,0.000000,1.304505,-1.815544,0.511039,0.000000,0.000000,1.016587,-2.053589,1.037001,0.000000,0.000000,4.376970,-4.376970
-3.980304,3.980304,0.000000,0.000000,0.612593,-0.626008,0.013415,0.000000,0.000000,0.273739,-0.399095,0.125355,0.000000,0.000000,3.022387,-3.022387
-4.180971,4.180971,0.000000,0.000000,1.665445,-2.970884,1.305439,0.000000,0.000000,1.494071,-2.908612,1.414542,0.000000,0.000000,3.215827,-3.215827
-5.209827,5.209827,0.000000,0.000000,0.037755,-1.048275,1.010520,0.000000,0.000000,0.128454,-1.641773,1.513319,0.000000,0.000000,3.121375,-3.121375
-4.509988,4.509987,0.000000,0.000000,1.573816,-2.910438,1.336622,0.000000,0.000000,0.060252,-0.681463,0.621210,0.000000,0.000000,3.141313,-3.141313
-5.782042,5.782042,0.000000,0.000000,4.619188,-6.562706,1.943518,0.000000,0.000000,1.173403,-1.405817,0.232414,0.000000,0.000000,3.426397,-3.426397
-2.826113,2.826113,0.000000,0.000000,1.894581,-1.933242,0.038661,0.000000,0.000000,0.093171,-1.137422,1.044250,0.000000,0.000000,1.661010,-1.661010
-4.087413,4.087414,0.000000,0.000000,2.056340,-2.305645,0.249305,0.000000,0.000000,0.100252,-0.476817,0.376565,0.000000,0.000000,1.932370,-1.932369
-3.985793,3.985793,0.000000,0.000000,0.717575,-2.048729,1.331154,0.000000,0.000000,1.177310,-3.189197,2.011888,0.000000,0.000000,4.348915,-4.348915
-4.872377,4.872377,0.000000,0.000000,3.736480,-4.616285,0.879806,0.000000,0.000000,1.166748,-2.508208,1.341461,0.000000,0.000000,2.160544,-2.160544
-5.436539,5.436539,0.000000,0.000000,3.674121,-3.816575,0.142454,0.000000,0.000000,1.998689,-2.380411,0.381722,0.000000,0.000000,1.365171,-1.365172
-2.969049,2.969049,0.000000,0.000000,0.579100,-0.759542,0.180442,0.000000,0.000000,0.377848,-1.323866,0.946018,0.000000,0.000000,1.881123,-1.881123
-3.864720,3.864720,0.000000,0.000000,1.623924,-2.170562,0.546638,0.000000,0.000000,0.411576,-1.766672,1.355096,0.000000,0.000000,1.641975,-1.641975
-3.191400,3.191400,0.000000,0.000000,1.733103,-2.150145,0.417042,0.000000,0.000000,0.734161,-1.911976,1.177814,0.000000,0.000000,2.870189,-2.870189
-4.064667,4.064667,0.000000,0.000000,1.788220,-1.827512,0.039292,0.000000,0.000000,1.538438,-3.595215,2.056777,0.000000,0.000000,0.605989,-0.605989
-4.464540,4.464540,0.000000,0.000000,1.234436,-1.426244,0.191808,0.000000,0.000000,0.664200,-1.138579,0.474379,0.000000,0.000000,2.465330,-2.465330
-3.128806,3.128806,0.000000,0.000000,1.070066,-3.181370,2.111304,0.000000,0.000000,1.203761,-1.489449,0.285688,0.000000,0.000000,3.459523,-3.459523
-3.165200,3.165200,0.000000,0.000000,1.213900,-1.847846,0.633946,0.000000,0.000000,1.013474,-1.500731,0.487256,0.000000,0.000000,3.134210,-3.134210
-5.139852,5.139852,0.000000,0.000000,0.725985,-1.937312,1.211327,0.000000,0.000000,0.942652,-1.012703,0.070052,0.000000,0.000000,2.826204,-2.826204
-3.147440,3.147440,0.000000,0.000000,1.715737,-2.520412,0.804676,0.000000,0.000000,0.654972,-0.916989,0.262016,0.000000,0.000000,2.210661,-2.210661
-5.201039,5.201039,0.000000,0.000000,2.148188,-3.606906,1.458718,0.000000,0.000000,2.474597,-2.833927,0.359330,0.000000,0.000000,3.151476,-3.151476
-3.501319,3.501319,0.000000,0.000000,1.206856,-2.453277,1.246421,0.000000,0.000000,0.167587,-0.840517,0.672929,0.000000,0.000000,1.769841,-1.769841
-2.825772,2.825772,0.000000,0.000000,3.008029,-4.680379,1.672351,0.000000,0.000000,0.730269,-1.272196,0.541927,0.000000,0.000000,4.116660,-4.116660
-4.444157,4.444157,0.000000,0.000000,2.333636,-2.745230,0.411594,0.000000,0.000000,1.128338,-1.719574,0.591236,0.000000,0.000000,1.660302,-1.660302
-3.512973,3.512973,0.000000,0.000000,1.976909,-2.279927,0.303018,0.000000,0.000000,0.431569,-1.397114,0.965546,0.000000,0.000000,2.216363,-2.216363
-3.885599,3.885599,0.000000,0.000000,1.528883,-1.608120,0.079237,0.000000,0.000000,0.060096,-2.347627,2.287531,0.000000,0.000000,3.245585,-3.245585
-3.970264,3.970264,0.000000,0.000000,1.156620,-3.112823,1.956203,0.000000,0.000000,0.242859,-1.328446,1.085587,0.000000,0.000000,3.133944,-3.133944
-4.230688,4.230688,0.000000,0.000000,2.164179,-3.857221,1.693041,0.000000,0.000000,1.610315,-2.102518,0.492203,0.000000,0.000000,1.764449,-1.764449
-3.908404,3.908404,0.000000,0.000000,2.835058,-3.472397,0.637338,0.000000,0.000000,0.732014,-1.485344,0.753329,0.000000,0.000000,4.286406,-4.286406
-5.003059,5.003059,0.000000,0.000000,0.866518,-1.502388,0.635870,0.000000,0.000000,0.383178,-1.210300,0.827122,0.000000,0.000000,2.408607,-2.408607
-3.609752,3.609752,0.000000,0.000000,2.053838,-2.595058,0.541221,0.000000,0.000000,0.426105,-0.956984,0.530879,0.000000,0.000000,2.761385,-2.761385
-2.736679,2.736679,0.000000,0.000000,1.280156,-2.312459,1.032303,0.000000,0.000000,0.279530,-0.804821,0.525292,0.000000,0.000000,2.446578,-2.446578
-3.358003,3.358003,0.000000,0.000000,1.650831,-2.736069,1.085239,0.000000,0.000000,0.285914,-1.644001,1.358087,0.000000,0.000000,2.692472,-2.692472
-3.738791,3.738791,0.000000,0.000000,2.552774,-3.026239,0.473465,0.000000,0.000000,0.580205,-0.877886,0.297681,0.000000,0.000000,2.991230,-2.991230
-2.825389,2.825389,0.000000,0.000000,2.563517,-2.676818,0.113300,0.000000,0.000000,0.830888,-2.171887,1.340999,0.000000,0.000000,2.526524,-2.526524
-3.186714,3.186714,0.000000,0.000000,0.906135,-0.948820,0.042685,0.000000,0.000000,0.177056,-0.489033,0.311977,0.000000,0.000000,1.685120,-1.685120
-4.514125,4.514125,0.000000,0.000000,2.316576,-2.966385,0.649809,0.000000,0.000000,0.095262,-0.701950,0.606687,0.000000,0.000000,3.298465,-3.298465
-5.277108,5.277108,0.000000,0.000000,2.299959,-2.575688,0.275730,0.000000,0.000000,0.251146,-0.946999,0.695852,0.000000,0.000000,1.614934,-1.614934
-4.482916,4.482916,0.000000,0.000000,2.550798,-2.874218,0.323420,0.000000,0.000000,0.474796,-0.844502,0.369706,0.000000,0.000000,1.870815,-1.870815
-5.716055,5.716055,0.000000,0.000000,3.524458,-3.939480,0.415021,0.000000,0.000000,0.433878,-0.891581,0.457702,0.000000,0.000000,4.312715,-4.312715
-3.451241,3.451241,0.000000,0.000000,3.119486,-4.385577,1.266092,0.000000,0.000000,2.232126,-3.060635,0.828508,0.000000,0.000000,3.442072,-3.442072
-3.473890,3.473890,0.000000,0.000000,1.148328,-1.945248,0.796920,0.000000,0.000000,0.525835,-0.719567,0.193732,0.000000,0.000000,2.353122,-2.353122
-4.445206,4.445206,0.000000,0.000000,3.126401,-3.397837,0.271436,0.000000,0.000000,0.435513,-0.992912,0.557398,0.000000,0.000000,3.683768,-3.683768
-3.811058,3.811058,0.000000,0.000000,2.320853,-3.625284,1.304432,0.000000,0.000000,0.135033,-0.407948,0.272914,0.000000,0.000000,3.482308,-3.482308
-5.170585,5.170585,0.000000,0.000000,2.219245,-3.231428,1.012183,0.000000,0.000000,1.459031,-1.480322,0.021291,0.000000,0.000000,2.159424,-2.159424
-4.989856,4.989856,0.000000,0.000000,2.507466,-3.853822,1.346356,0.000000,0.000000,1.205149,-2.273800,1.068651,0.000000,0.000000,2.999542,-2.999542
-4.020651,4.020651,0.000000,0.000000,1.692901,-2.092857,0.399956,0.000000,0.000000,0.125561,-0.468970,0.343409,0.000000,0.000000,2.424577,-2.424577
-5.455112,5.455112,0.000000,0.000000,2.559177,-3.099779,0.540602,0.000000,0.000000,1.549997,-2.079539,0.529541,0.000000,0.000000,3.336416,-3.336416
-4.715270,4.715270,0.000000,0.000000,3.063323,-4.028304,0.964981,0.000000,0.000000,0.220418,-1.440846,1.220429,0.000000,0.000000,3.351139,-3.351139
-3.560060,3.560061,0.000000,0.000000,1.579564,-2.831867,1.252303,0.000000,0.000000,0.726739,-1.606452,0.879713,0.000000,0.000000,3.867057,-3.867058
-2.893220,2.893220,0.000000,0.000000,2.243577,-2.565479,0.321902,0.000000,0.000000,0.193079,-0.787006,0.593927,0.000000,0.000000,2.937235,-2.937235
-3.819641,3.819641,0.000000,0.000000,1.780081,-2.089171,0.309090,0.000000,0.000000,0.139386,-1.123968,0.984582,0.000000,0.000000,3.001615,-3.001615
-4.162124,4.162125,0.000000,0.000000,3.065307,-4.459579,1.394271,0.000000,0.000000,0.375339,-0.437130,0.061791,0.000000,0.000000,2.742864,-2.742864
-3.502945,3.502945,0.000000,0.000000,1.474241,-2.847275,1.373034,0.000000,0.000000,0.945712,-1.011890,0.066178,0.000000,0.000000,2.406544,-2.406545
-4.264635,4.264635,0.000000,0.000000,2.079960,-2.351389,0.271429,0.000000,0.000000,0.684783,-1.757168,1.072385,0.000000,0.000000,2.855640,-2.855641
-3.887086,3.887086,0.000000,0.000000,2.115317,-2.548751,0.433434,0.000000,0.000000,0.589328,-1.881637,1.292309,0.000000,0.000000,3.181576,-3.181576
-4.470647,4.470647,0.000000,0.000000,2.436826,-3.956419,1.519593,0.000000,0.000000,0.234825,-0.442362,0.207537,0.000000,0.000000,3.743300,-3.743300
-4.803386,4.803386,0.000000,0.000000,2.938021,-3.115497,0.177475,0.000000,0.000000,0.609372,-0.648392,0.039020,0.000000,0.000000,3.019557,-3.019557
-2.913246,2.913246,0.000000,0.000000,2.140022,-2.320191,0.180168,0.000000,0.000000,0.032051,-0.331738,0.299687,0.000000,0.000000,2.406752,-2.406751
-3.706353,3.706353,0.000000,0.000000,2.226105,-3.188619,0.962514,0.000000,0.000000,0.526859,-1.141990,0.615132,0.000000,0.000000,2.355811,-2.355812
-5.779367,5.779367,0.000000,0.000000,1.789273,-4.222274,2.433001,0.000000,0.000000,0.716512,-0.788729,0.072216,0.000000,0.000000,3.402296,-3.402296
-3.704731,3.704731,0.000000,0.000000,2.546124,-2.593830,0.047706,0.000000,0.000000,0.112429,-0.297400,0.184971,0.000000,0.000000,2.854226,-2.854226
-4.318667,4.318667,0.000000,0.000000,2.207191,-2.622735,0.415544,0.000000,0.000000,1.023613,-1.823260,0.799647,0.000000,0.000000,2.682043,-2.682043
-3.980319,3.980319,0.000000,0.000000,1.812257,-2.009183,0.196926,0.000000,0.000000,0.212606,-0.401133,0.188528,0.000000,0.000000,2.713569,-2.713569
-3.372387,3.372387,0.000000,0.000000,3.916417,-4.213677,0.297261,0.000000,0.000000,1.133005,-1.335994,0.202989,0.000000,0.000000,2.726245,-2.726245
-4.659749,4.659749,0.000000,0.000000,2.456936,-2.621694,0.164758,0.000000,0.000000,0.626006,-1.301166,0.675160,0.000000,0.000000,2.824389,-2.824389
-3.779426,3.779426,0.000000,0.000000,2.670806,-2.708658,0.037852,0.000000,0.000000,0.990737,-2.185247,1.194511,0.000000,0.000000,2.759120,-2.759120
-3.539057,3.539057,0.000000,0.000000,1.475128,-1.741368,0.266239,0.000000,0.000000,0.491421,-1.726298,1.234876,0.000000,0.000000,2.655609,-2.655609
-4.419024,4.419024,0.000000,0.000000,2.173360,-2.888473,0.715113,0.000000,0.000000,0.250497,-1.202564,0.952067,0.000000,0.000000,1.936851,-1.936851
-3.687875,3.687875,0.000000,0.000000,1.981251,-2.004888,0.023637,0.000000,0.000000,0.594221,-2.037878,1.443657,0.000000,0.000000,3.351621,-3.351621
-4.277663,4.277663,0.000000,0.000000,2.001838,-2.876335,0.874496,0.000000,0.000000,0.498639,-1.644128,1.145489,0.000000,0.000000,3.266129,-3.266129
-4.547359,4.547359,0.000000,0.000000,2.649541,-4.183770,1.534229,0.000000,0.000000,1.033712,-1.921565,0.887853,0.000000,0.000000,3.287956,-3.287956
-4.796538,4.796538,0.000000,0.000000,2.433960,-2.557027,0.123066,0.000000,0.000000,0.200761,-0.582427,0.381666,0.000000,0.000000,3.153700,-3.153700
-5.148711,5.148711,0.000000,0.000000,1.940845,-3.500948,1.560103,0.000000,0.000000,0.778892,-1.576805,0.797913,0.000000,0.000000,3.538623,-3.538623
-4.044460,4.044460,0.000000,0.000000,2.031513,-2.244302,0.212789,0.000000,0.000000,0.083792,-0.985864,0.902072,0.000000,0.000000,2.801947,-2.801946
-4.753301,4.753301,0.000000,0.000000,2.516577,-3.159620,0.643043,0.000000,0.000000,0.919264,-0.924597,0.005333,0.000000,0.000000,3.096588,-3.096588
-3.348480,3.348480,0.000000,0.000000,2.142318,-3.389552,1.247233,0.000000,0.000000,0.730833,-1.465933,0.735099,0.000000,0.000000,2.223268,-2.223268
-3.903403,3.903403,0.000000,0.000000,2.718851,-3.018966,0.300115,0.000000,0.000000,0.026465,-0.095786,0.069322,0.000000,0.000000,2.908668,-2.908668
-3.981123,3.981123,0.000000,0.000000,2.579207,-4.222059,1.642852,0.000000,0.000000,0.030170,-1.682344,1.652174,0.000000,0.000000,3.346484,-3.346484
-3.839337,3.839337,0.000000,0.000000,3.173590,-4.052835,0.879246,0.000000,0.000000,1.056453,-2.636496,1.580043,0.000000,0.000000,2.870553,-2.870554
-4.259067,4.259067,0.000000,0.000000,2.000977,-2.535273,0.534296,0.000000,0.000000,0.333858,-0.761218,0.427360,0.000000,0.000000,2.345335,-2.345335
-3.729574,3.729574,0.000000,0.000000,2.745401,-3.331935,0.586534,0.000000,0.000000,0.007095,-0.931252,0.924157,0.000000,0.000000,2.708678,-2.708678
-5.346243,5.346243,0.000000,0.000000,3.021582,-3.708388,0.686806,0.000000,0.000000,0.729160,-1.621517,0.892357,0.000000,0.000000,4.524746,-4.524746
-3.972452,3.972451,0.000000,0.000000,2.768128,-3.046531,0.278403,0.000000,0.000000,0.176308,-0.978510,0.802203,0.000000,0.000000,2.335862,-2.335862
-4.375908,4.375908,0.000000,0.000000,2.699881,-3.282649,0.582769,0.000000,0.000000,0.854797,-2.493822,1.639024,0.000000,0.000000,2.910693,-2.910693
-5.337522,5.337522,0.000000,0.000000,2.724544,-2.850332,0.125789,0.000000,0.000000,0.592461,-2.231670,1.639208,0.000000,0.000000,4.660668,-4.660668
-3.561958,3.561958,0.000000,0.000000,1.974800,-2.490317,0.515516,0.000000,0.000000,0.851296,-1.715066,0.863770,0.000000,0.000000,2.763043,-2.763044
-4.219375,4.219375,0.000000,0.000000,2.460433,-2.729378,0.268945,0.000000,0.000000,0.345300,-1.494085,1.148784,0.000000,0.000000,3.429835,-3.429835
-3.307542,3.307542,0.000000,0.000000,1.771314,-2.780790,1.009476,0.000000,0.000000,0.237288,-0.449217,0.211929,0.000000,0.000000,2.463251,-2.463251
-3.034638,3.034638,0.000000,0.000000,4.154403,-6.043669,1.889266,0.000000,0.000000,0.624700,-1.462836,0.838136,0.000000,0.000000,3.505276,-3.505276
-3.796769,3.796769,0.000000,0.000000,2.589747,-3.543062,0.953315,0.000000,0.000000,0.514876,-2.080010,1.565134,0.000000,0.000000,2.649563,-2.649563
-4.039688,4.039688,0.000000,0.000000,2.118914,-3.095313,0.976399,0.000000,0.000000,0.257258,-1.040391,0.783133,0.000000,0.000000,2.883997,-2.883997
-4.414856,4.414856,0.000000,0.000000,2.490133,-3.174944,0.684811,0.000000,0.000000,0.765779,-1.021441,0.255661,0.000000,0.000000,3.218755,-3.218755
-5.056756,5.056756,0.000000,0.000000,2.841292,-3.815686,0.974394,0.000000,0.000000,0.794506,-1.745228,0.950722,0.000000,0.000000,2.534336,-2.534336
-4.095330,4.095330,0.000000,0.000000,3.007526,-3.471208,0.463682,0.000000,0.000000,0.148789,-1.115448,0.966659,0.000000,0.000000,3.354851,-3.354851
-3.304173,3.304173,0.000000,0.000000,2.835511,-4.958466,2.122955,0.000000,0.000000,0.513817,-1.274257,0.760440,0.000000,0.000000,2.075707,-2.075707
-3.546437,3.546437,0.000000,0.000000,2.344514,-2.643768,0.299254,0.000000,0.000000,0.148730,-1.684613,1.535882,0.000000,0.000000,2.774245,-2.774245
-4.110868,4.110868,0.000000,0.000000,1.843702,-2.462215,0.618513,0.000000,0.000000,0.657420,-1.311823,0.654403,0.000000,0.000000,3.238561,-3.238561
-4.192046,4.192046,0.000000,0.000000,2.635993,-4.426260,1.790268,0.000000,0.000000,0.559241,-0.659851,0.100610,0.000000,0.000000,3.091292,-3.091292
-3.037997,3.037997,0.000000,0.000000,2.012157,-2.984686,0.972528,0.000000,0.000000,0.619598,-1.437975,0.818377,0.000000,0.000000,2.467017,-2.467016
-4.324243,4.324243,0.000000,0.000000,3.187470,-3.209662,0.022192,0.000000,0.000000,0.750112,-2.100535,1.350423,0.000000,0.000000,2.880482,-2.880483
-3.941268,3.941268,0.000000,0.000000,2.402286,-2.832133,0.429847,0.000000,0.000000,0.222045,-1.105422,0.883376,0.000000,0.000000,2.200376,-2.200376
-3.729398,3.729398,0.000000,0.000000,2.326989,-3.334269,1.007280,0.000000,0.000000,0.324549,-0.748497,0.423948,0.000000,0.000000,2.521942,-2.521942
-4.191664,4.191664,0.000000,0.000000,1.705461,-2.258889,0.553428,0.000000,0.000000,1.257748,-1.520159,0.262411,0.000000,0.000000,2.959726,-2.959726
-3.556345,3.556344,0.000000,0.000000,1.524031,-3.252899,1.728868,0.000000,0.000000,0.038826,-1.038229,0.999404,0.000000,0.000000,2.307838,-2.307838
-3.614377,3.614377,0.000000,0.000000,1.797932,-2.642507,0.844574,0.000000,0.000000,0.106384,-0.888909,0.782524,0.000000,0.000000,2.644756,-2.644756
-3.863798,3.863798,0.000000,0.000000,1.814372,-2.327152,0.512780,0.000000,0.000000,0.523964,-0.910295,0.386331,0.000000,0.000000,2.137445,-2.137445
-3.930923,3.930923,0.000000,0.000000,1.928558,-2.361692,0.433134,0.000000,0.000000,0.051177,-0.773203,0.722026,0.000000,0.000000,2.549866,-2.549866
-4.572768,4.572768,0.000000,0.000000,3.700811,-7.267087,3.566276,0.000000,0.000000,0.593561,-1.889656,1.296095,0.000000,0.000000,3.548230,-3.548230
-4.204779,4.204779,0.000000,0.000000,1.520975,-1.751336,0.230361,0.000000,0.000000,0.579108,-0.667476,0.088368,0.000000,0.000000,2.888681,-2.888681
-3.865881,3.865881,0.000000,0.000000,1.831188,-1.994857,0.163668,0.000000,0.000000,0.246904,-0.327520,0.080616,0.000000,0.000000,2.698100,-2.698100
-3.720372,3.720372,0.000000,0.000000,1.935191,-2.614684,0.679492,0.000000,0.000000,0.847397,-1.724125,0.876728,0.000000,0.000000,2.526542,-2.526542
-3.778553,3.778553,0.000000,0.000000,3.000418,-3.618655,0.618237,0.000000,0.000000,0.963018,-1.245347,0.282329,0.000000,0.000000,2.806216,-2.806216
-4.624655,4.624655,0.000000,0.000000,2.826955,-3.117282,0.290327,0.000000,0.000000,0.392327,-1.211092,0.818765,0.000000,0.000000,3.075312,-3.075312
-3.720366,3.720366,0.000000,0.000000,2.435756,-3.948178,1.512423,0.000000,0.000000,0.104685,-0.644175,0.539490,0.000000,0.000000,2.850057,-2.850057
-3.655661,3.655661,0.000000,0.000000,2.178308,-2.777281,0.598973,0.000000,0.000000,0.335081,-0.917651,0.582571,0.000000,0.000000,2.493426,-2.493426
-3.731701,3.731701,0.000000,0.000000,2.201113,-2.535885,0.334772,0.000000,0.000000,0.245190,-0.940782,0.695592,0.000000,0.000000,2.263114,-2.263114
-3.597258,3.597258,0.000000,0.000000,1.988186,-2.841790,0.853604,0.000000,0.000000,0.134725,-0.911217,0.776492,0.000000,0.000000,2.662497,-2.662497
-4.327908,4.327908,0.000000,0.000000,3.049847,-3.086929,0.037082,0.000000,0.000000,1.119689,-2.220625,1.100936,0.000000,0.000000,2.733763,-2.733763
-4.231555,4.231555,0.000000,0.000000,1.897964,-2.120816,0.222852,0.000000,0.000000,0.094962,-1.848249,1.753287,0.000000,0.000000,2.252074,-2.252074
-3.459045,3.459045,0.000000,0.000000,2.005214,-2.028285,0.023071,0.000000,0.000000,0.504437,-1.078041,0.573604,0.000000,0.000000,2.543993,-2.543993
-4.246271,4.246271,0.000000,0.000000,1.967478,-3.341402,1.373924,0.000000,0.000000,0.179199,-0.700848,0.521649,0.000000,0.000000,2.189075,-2.189075
-4.019318,4.019318,0.000000,0.000000,2.191920,-3.304278,1.112357,0.000000,0.000000,0.163392,-0.690765,0.527374,0.000000,0.000000,3.057808,-3.057808
-4.438481,4.438481,0.000000,0.000000,2.221183,-2.372174,0.150991,0.000000,0.000000,0.899477,-1.375445,0.475968,0.000000,0.000000,2.561129,-2.561129
-3.634048,3.634048,0.000000,0.000000,2.090970,-2.302471,0.211501,0.000000,0.000000,0.780287,-1.386636,0.606349,0.000000,0.000000,2.341320,-2.341320
-4.964872,4.964872,0.000000,0.000000,2.133595,-3.752645,1.619050,0.000000,0.000000,0.226862,-0.530937,0.304074,0.000000,0.000000,2.721695,-2.721695
-3.787895,3.787895,0.000000,0.000000,2.122942,-2.226431,0.103489,0.000000,0.000000,0.436183,-1.064465,0.628282,0.000000,0.000000,2.212998,-2.212998
-3.742868,3.742868,0.000000,0.000000,2.271779,-2.820255,0.548475,0.000000,0.000000,0.265539,-1.316496,1.050957,0.000000,0.000000,2.774765,-2.774765
-4.330948,4.330948,0.000000,0.000000,2.812527,-2.945908,0.133381,0.000000,0.000000,0.359994,-0.401635,0.041641,0.000000,0.000000,2.561831,-2.561831
-3.876574,3.876574,0.000000,0.000000,3.067603,-4.649302,1.581699,0.000000,0.000000,0.824502,-1.237996,0.413493,0.000000,0.000000,2.634538,-2.634538
-3.128692,3.128692,0.000000,0.000000,1.970822,-3.308093,1.337271,0.000000,0.000000,0.006613,-0.397373,0.390760,0.000000,0.000000,2.734082,-2.734082
-4.125522,4.125522,0.000000,0.000000,1.966264,-2.437300,0.471036,0.000000,0.000000,0.210528,-0.361583,0.151055,0.000000,0.000000,2.575037,-2.575037
-3.428500,3.428500,0.000000,0.000000,2.567478,-3.348960,0.781481,0.000000,0.000000,0.807250,-2.242631,1.435380,0.000000,0.000000,2.134248,-2.134248
-3.780714,3.780715,0.000000,0.000000,2.128311,-2.179266,0.050955,0.000000,0.000000,0.009395,-1.061861,1.052466,0.000000,0.000000,2.624588,-2.624588
-4.066168,4.066168,0.000000,0.000000,2.644955,-3.134167,0.489212,0.000000,0.000000,0.634766,-2.754369,2.119602,0.000000,0.000000,2.559213,-2.559213
-3.341938,3.341938,0.000000,0.000000,2.273516,-3.170555,0.897039,0.000000,0.000000,0.160170,-0.944085,0.783915,0.000000,0.000000,2.568941,-2.568941
-3.876245,3.876245,0.000000,0.000000,2.696300,-3.252355,0.556055,0.000000,0.000000,0.491568,-1.471781,0.980212,0.000000,0.000000,3.118675,-3.118675
-3.559194,3.559194,0.000000,0.000000,2.185097,-2.536800,0.351704,0.000000,0.000000,0.547435,-1.208944,0.661508,0.000000,0.000000,2.440319,-2.440319
-3.697460,3.697460,0.000000,0.000000,2.163350,-3.118285,0.954935,0.000000,0.000000,0.181843,-0.659201,0.477358,0.000000,0.000000,2.409007,-2.409007
-3.713794,3.713794,0.000000,0.000000,2.040355,-2.079183,0.038828,0.000000,0.000000,0.188522,-0.447967,0.259445,0.000000,0.000000,2.657844,-2.657844
-4.089313,4.089313,0.000000,0.000000,1.632936,-1.910889,0.277953,0.000000,0.000000,0.787243,-1.071435,0.284192,0.000000,0.000000,2.336534,-2.336534
-3.527400,3.527400,0.000000,0.000000,2.213444,-3.178563,0.965119,0.000000,0.000000,0.546623,-0.555360,0.008737,0.000000,0.000000,2.456756,-2.456756
-3.481277,3.481277,0.000000,0.000000,1.998539,-2.892106,0.893567,0.000000,0.000000,0.255894,-1.199926,0.944032,0.000000,0.000000,2.524422,-2.524422
-3.599265,3.599265,0.000000,0.000000,2.085672,-2.820657,0.734985,0.000000,0.000000,0.435544,-0.961932,0.526388,0.000000,0.000000,2.542394,-2.542394
-4.814498,4.814498,0.000000,0.000000,2.246559,-3.064069,0.817510,0.000000,0.000000,0.143121,-1.101162,0.958041,0.000000,0.000000,2.303131,-2.303131
-3.732780,3.732780,0.000000,0.000000,2.032636,-3.000631,0.967995,0.000000,0.000000,0.087062,-1.246210,1.159147,0.000000,0.000000,2.316004,-2.316003
-3.769705,3.769705,0.000000,0.000000,2.304142,-2.643314,0.339172,0.000000,0.000000,0.486431,-0.987891,0.501460,0.000000,0.000000,2.758590,-2.758590
-3.704788,3.704788,0.000000,0.000000,1.964636,-2.166733,0.202098,0.000000,0.000000,0.564107,-1.221400,0.657293,0.000000,0.000000,2.223801,-2.223800
-3.939478,3.939478,0.000000,0.000000,2.033160,-2.772854,0.739694,0.000000,0.000000,0.553931,-0.797072,0.243141,0.000000,0.000000,2.338687,-2.338687
-4.391627,4.391627,0.000000,0.000000,2.438612,-3.125929,0.687317,0.000000,0.000000,0.130484,-1.034101,0.903616,0.000000,0.000000,2.347491,-2.347491
-4.680678,4.680678,0.000000,0.000000,2.037388,-2.338198,0.300810,0.000000,0.000000,0.214833,-0.319859,0.105026,0.000000,0.000000,2.893778,-2.893778
-3.706865,3.706865,0.000000,0.000000,2.564118,-2.632586,0.068468,0.000000,0.000000,0.676408,-1.177874,0.501466,0.000000,0.000000,2.847965,-2.847965
-3.632026,3.632026,0.000000,0.000000,2.067443,-2.176626,0.109183,0.000000,0.000000,0.345009,-1.136454,0.791446,0.000000,0.000000,2.226632,-2.226632
-3.825171,3.825171,0.000000,0.000000,2.464685,-4.943294,2.478609,0.000000,0.000000,0.624438,-1.432408,0.807970,0.000000,0.000000,3.199021,-3.199021
-3.835571,3.835571,0.000000,0.000000,2.500840,-2.648105,0.147265,0.000000,0.000000,0.338995,-0.920843,0.581848,0.000000,0.000000,3.051605,-3.051605
-4.206870,4.206869,0.000000,0.000000,2.449092,-3.043967,0.594876,0.000000,0.000000,0.351614,-1.063080,0.711466,0.000000,0.000000,2.650974,-2.650974
-3.444304,3.444304,0.000000,0.000000,2.066737,-2.084463,0.017726,0.000000,0.000000,0.403752,-1.467469,1.063717,0.000000,0.000000,2.356624,-2.356624
-4.177778,4.177778,0.000000,0.000000,2.463293,-3.036554,0.573262,0.000000,0.000000,0.347142,-1.316938,0.969797,0.000000,0.000000,2.723960,-2.723960
-4.196763,4.196763,0.000000,0.000000,2.416879,-3.129982,0.713104,0.000000,0.000000,0.236764,-0.766664,0.529899,0.000000,0.000000,2.211761,-2.211760
-3.939189,3.939189,0.000000,0.000000,2.157880,-2.503457,0.345577,0.000000,0.000000,0.165927,-1.023063,0.857135,0.000000,0.000000,2.373776,-2.373776
-3.730764,3.730764,0.000000,0.000000,2.086391,-2.601084,0.514692,0.000000,0.000000,0.015572,-1.342821,1.327249,0.000000,0.000000,2.267546,-2.267547
-3.971847,3.971847,0.000000,0.000000,2.390258,-2.476317,0.086060,0.000000,0.000000,0.351935,-1.273854,0.921920,0.000000,0.000000,2.754139,-2.754139
-4.365685,4.365685,0.000000,0.000000,2.094468,-2.533871,0.439403,0.000000,0.000000,0.119984,-1.093838,0.973854,0.000000,0.000000,2.941993,-2.941993
-3.746818,3.746818,0.000000,0.000000,2.413019,-2.763930,0.350911,0.000000,0.000000,0.051519,-0.749192,0.697673,0.000000,0.000000,2.692408,-2.692407
-3.544288,3.544288,0.000000,0.000000,2.475145,-3.144045,0.668901,0.000000,0.000000,0.459693,-0.835235,0.375542,0.000000,0.000000,2.457969,-2.457968
-3.752439,3.752439,0.000000,0.000000,2.051060,-2.174969,0.123910,0.000000,0.000000,0.411444,-0.965199,0.553755,0.000000,0.000000,2.618265,-2.618265
-4.499337,4.499337,0.000000,0.000000,1.922670,-2.849355,0.926685,0.000000,0.000000,0.712257,-2.034894,1.322637,0.000000,0.000000,3.185026,-3.185027
-3.771050,3.771050,0.000000,0.000000,2.054907,-2.279197,0.224290,0.000000,0.000000,0.500208,-1.117976,0.617768,0.000000,0.000000,2.559001,-2.559001
-4.152795,4.152795,0.000000,0.000000,1.930125,-2.271246,0.341121,0.000000,0.000000,0.536226,-1.052300,0.516074,0.000000,0.000000,2.655884,-2.655884
-3.864495,3.864495,0.000000,0.000000,2.912949,-3.228132,0.315183,0.000000,0.000000,0.486070,-1.097584,0.611514,0.000000,0.000000,2.356467,-2.356467
-4.663420,4.663420,0.000000,0.000000,2.409823,-2.788033,0.378211,0.000000,0.000000,0.296406,-0.377262,0.080855,0.000000,0.000000,3.036039,-3.036039
-3.943028,3.943028,0.000000,0.000000,2.003889,-2.342110,0.338221,0.000000,0.000000,0.538770,-0.887982,0.349212,0.000000,0.000000,2.844816,-2.844816
-4.233274,4.233274,0.000000,0.000000,1.985371,-2.239726,0.254355,0.000000,0.000000,0.627143,-2.302595,1.675452,0.000000,0.000000,2.867222,-2.867222
-3.740411,3.740411,0.000000,0.000000,2.218101,-2.589037,0.370936,0.000000,0.000000,0.636318,-1.625352,0.989034,0.000000,0.000000,2.353055,-2.353055
-4.161745,4.161745,0.000000,0.000000,2.232276,-2.908260,0.675984,0.000000,0.000000,0.000845,-0.778341,0.777496,0.000000,0.000000,2.745221,-2.745221
-3.849647,3.849647,0.000000,0.000000,2.358746,-2.899045,0.540299,0.000000,0.000000,0.271818,-0.944288,0.672470,0.000000,0.000000,2.501636,-2.501636
-4.495313,4.495313,0.000000,0.000000,2.337493,-3.047215,0.709722,0.000000,0.000000,0.202228,-0.912245,0.710017,0.000000,0.000000,2.942926,-2.942926
-3.910902,3.910902,0.000000,0.000000,2.094364,-2.355873,0.261509,0.000000,0.000000,0.132106,-1.237763,1.105657,0.000000,0.000000,2.676871,-2.676871
-4.451779,4.451779,0.000000,0.000000,2.512649,-2.700534,0.187885,0.000000,0.000000,0.241843,-0.870577,0.628735,0.000000,0.000000,2.581859,-2.581859
-3.889538,3.889538,0.000000,0.000000,2.294214,-2.336078,0.041864,0.000000,0.000000,0.497657,-1.334703,0.837046,0.000000,0.000000,2.794719,-2.794719
-4.121855,4.121855,0.000000,0.000000,1.730039,-1.832011,0.101972,0.000000,0.000000,0.224122,-0.761356,0.537234,0.000000,0.000000,3.099342,-3.099343
-3.931203,3.931203,0.000000,0.000000,2.270278,-2.414098,0.143819,0.000000,0.000000,0.254021,-0.524243,0.270221,0.000000,0.000000,2.754481,-2.754481
-4.152401,4.152401,0.000000,0.000000,2.949825,-3.049610,0.099786,0.000000,0.000000,0.581783,-1.621191,1.039408,0.000000,0.000000,3.027442,-3.027442
-3.864633,3.864633,0.000000,0.000000,2.398422,-3.012007,0.613585,0.000000,0.000000,0.112551,-0.787002,0.674451,0.000000,0.000000,2.951566,-2.951566
-3.952244,3.952244,0.000000,0.000000,2.803744,-3.458490,0.654746,0.000000,0.000000,0.792287,-1.494719,0.702432,0.000000,0.000000,3.269567,-3.269566
-4.069719,4.069719,0.000000,0.000000,2.886367,-3.533686,0.647319,0.000000,0.000000,0.244569,-0.827820,0.583251,0.000000,0.000000,2.741679,-2.741679
-3.989636,3.989636,0.000000,0.000000,2.155114,-2.709135,0.554020,0.000000,0.000000,0.762221,-1.269682,0.507461,0.000000,0.000000,2.279951,-2.279952
-4.117282,4.117282,0.000000,0.000000,1.839100,-2.109665,0.270565,0.000000,0.000000,0.157161,-1.371894,1.214732,0.000000,0.000000,2.643868,-2.643868
-4.191168,4.191168,0.000000,0.000000,2.439030,-3.492545,1.053515,0.000000,0.000000,0.280392,-0.373577,0.093185,0.000000,0.000000,2.904303,-2.904303
-3.859601,3.859601,0.000000,0.000000,2.429243,-2.571782,0.142539,0.000000,0.000000,0.391907,-0.990647,0.598740,0.000000,0.000000,2.536549,-2.536549
-3.575571,3.575571,0.000000,0.000000,2.373718,-2.544758,0.171040,0.000000,0.000000,1.289997,-2.912095,1.622098,0.000000,0.000000,2.600219,-2.600219
-4.197901,4.197901,0.000000,0.000000,2.243624,-2.861256,0.617632,0.000000,0.000000,0.434579,-1.290017,0.855438,0.000000,0.000000,2.268344,-2.268344
-3.747294,3.747294,0.000000,0.000000,2.774566,-2.914408,0.139842,0.000000,0.000000,0.731811,-1.272911,0.541100,0.000000,0.000000,2.594173,-2.594173
-4.315146,4.315146,0.000000,0.000000,2.132609,-3.133233,1.000624,0.000000,0.000000,0.620214,-1.852750,1.232535,0.000000,0.000000,2.773715,-2.773715
-3.827339,3.827339,0.000000,0.000000,1.255587,-1.344690,0.089103,0.000000,0.000000,0.332423,-1.421263,1.088840,0.000000,0.000000,2.734609,-2.734609
-4.387856,4.387856,0.000000,0.000000,2.242855,-2.869779,0.626925,0.000000,0.000000,0.640516,-1.035553,0.395037,0.000000,0.000000,3.040140,-3.040140
-4.355694,4.355694,0.000000,0.000000,2.311472,-2.396853,0.085382,0.000000,0.000000,1.122804,-2.013396,0.890592,0.000000,0.000000,2.428006,-2.428006
-3.614123,3.614123,0.000000,0.000000,2.108555,-2.546916,0.438362,0.000000,0.000000,0.675453,-1.698638,1.023185,0.000000,0.000000,2.827572,-2.827572
-4.241856,4.241856,0.000000,0.000000,2.233809,-2.983407,0.749599,0.000000,0.000000,0.442399,-1.546844,1.104444,0.000000,0.000000,2.939019,-2.939019
-3.800746,3.800746,0.000000,0.000000,2.239740,-2.291610,0.051870,0.000000,0.000000,0.155792,-1.094723,0.938931,0.000000,0.000000,2.548380,-2.548380
-3.921899,3.921899,0.000000,0.000000,1.987559,-2.494278,0.506719,0.000000,0.000000,0.455726,-1.132293,0.676566,0.000000,0.000000,2.731312,-2.731311
-4.233407,4.233407,0.000000,0.000000,2.076807,-2.531470,0.454664,0.000000,0.000000,0.348992,-1.632635,1.283643,0.000000,0.000000,2.559197,-2.559197
-3.885758,3.885758,0.000000,0.000000,1.988538,-2.574944,0.586406,0.000000,0.000000,0.103546,-1.082276,0.978729,0.000000,0.000000,2.790089,-2.790089
-3.937669,3.937669,0.000000,0.000000,2.352615,-2.985394,0.632779,0.000000,0.000000,0.677790,-0.939388,0.261598,0.000000,0.000000,2.741603,-2.741603
-4.039078,4.039078,0.000000,0.000000,2.163581,-2.383870,0.220289,0.000000,0.000000,0.220275,-1.224317,1.004042,0.000000,0.000000,3.112226,-3.112226
-4.219277,4.219277,0.000000,0.000000,2.291805,-2.574689,0.282885,0.000000,0.000000,0.416771,-1.409085,0.992313,0.000000,0.000000,2.464909,-2.464909
-3.951824,3.951824,0.000000,0.000000,2.227606,-2.420223,0.192617,0.000000,0.000000,0.065170,-1.282077,1.216908,0.000000,0.000000,2.848926,-2.848926
-4.040254,4.040255,0.000000,0.000000,2.216627,-2.892765,0.676138,0.000000,0.000000,0.272101,-1.200076,0.927976,0.000000,0.000000,2.751988,-2.751988
-3.925425,3.925425,0.000000,0.000000,2.224030,-2.860446,0.636416,0.000000,0.000000,0.208856,-0.477763,0.268907,0.000000,0.000000,3.035769,-3.035769
-4.474920,4.474920,0.000000,0.000000,2.339120,-2.377854,0.038734,0.000000,0.000000,0.118917,-0.262911,0.143994,0.000000,0.000000,2.881088,-2.881088
-3.762532,3.762532,0.000000,0.000000,2.195590,-3.520318,1.324728,0.000000,0.000000,0.293418,-1.196659,0.903241,0.000000,0.000000,2.886662,-2.886662
-3.505996,3.505996,0.000000,0.000000,2.402157,-2.582095,0.179938,0.000000,0.000000,0.069457,-1.331921,1.262464,0.000000,0.000000,2.545930,-2.545930
-3.773706,3.773706,0.000000,0.000000,2.443893,-3.303730,0.859837,0.000000,0.000000,0.610368,-1.952660,1.342292,0.000000,0.000000,2.454805,-2.454805
-3.948175,3.948175,0.000000,0.000000,2.318884,-3.009681,0.690797,0.000000,0.000000,0.212883,-0.481565,0.268682,0.000000,0.000000,2.876619,-2.876619
-3.799054,3.799054,0.000000,0.000000,2.381838,-2.451663,0.069825,0.000000,0.000000,0.028615,-1.155807,1.127193,0.000000,0.000000,2.654746,-2.654746
-4.110790,4.110790,0.000000,0.000000,2.340847,-3.528384,1.187538,0.000000,0.000000,0.059372,-1.269049,1.209677,0.000000,0.000000,2.781599,-2.781599
-4.450589,4.450590,0.000000,0.000000,2.522752,-4.054509,1.531757,0.000000,0.000000,0.125848,-0.913338,0.787490,0.000000,0.000000,2.511796,-2.511796
-4.086605,4.086605,0.000000,0.000000,2.340358,-2.472728,0.132370,0.000000,0.000000,0.222097,-1.085551,0.863455,0.000000,0.000000,2.879688,-2.879688
-3.687783,3.687783,0.000000,0.000000,2.078396,-2.103840,0.025445,0.000000,0.000000,0.383321,-0.970823,0.587501,0.000000,0.000000,2.715100,-2.715100
-4.059178,4.059178,0.000000,0.000000,2.557904,-2.641125,0.083221,0.000000,0.000000,0.412040,-0.667583,0.255542,0.000000,0.000000,2.329154,-2.329154
-3.736174,3.736174,0.000000,0.000000,2.644254,-2.915884,0.271630,0.000000,0.000000,0.162731,-0.276340,0.113609,0.000000,0.000000,2.856876,-2.856876
-3.602527,3.602527,0.000000,0.000000,2.195721,-2.489306,0.293585,0.000000,0.000000,0.349260,-1.228386,0.879126,0.000000,0.000000,2.602860,-2.602860
-3.684455,3.684455,0.000000,0.000000,1.968172,-2.028093,0.059920,0.000000,0.000000,0.242304,-0.424238,0.181933,0.000000,0.000000,2.350311,-2.350311
-4.053679,4.053679,0.000000,0.000000,2.310554,-2.653893,0.343340,0.000000,0.000000,0.571495,-1.608812,1.037316,0.000000,0.000000,3.121599,-3.121599
-3.593326,3.593326,0.000000,0.000000,2.646536,-2.992254,0.345718,0.000000,0.000000,0.195850,-0.637423,0.441574,0.000000,0.000000,2.606362,-2.606362
-4.552970,4.552970,0.000000,0.000000,2.503877,-2.672149,0.168273,0.000000,0.000000,0.093303,-0.898297,0.804994,0.000000,0.000000,2.770052,-2.770052
-3.821027,3.821028,0.000000,0.000000,1.979584,-2.755100,0.775517,0.000000,0.000000,0.096292,-0.726782,0.630490,0.000000,0.000000,2.711467,-2.711467
-4.247758,4.247758,0.000000,0.000000,2.139920,-2.397119,0.257199,0.000000,0.000000,0.381424,-0.697496,0.316072,0.000000,0.000000,2.943927,-2.943927
-4.050048,4.050048,0.000000,0.000000,2.335388,-2.480048,0.144661,0.000000,0.000000,0.099434,-0.209379,0.109945,0.000000,0.000000,2.401047,-2.401047
-3.820477,3.820477,0.000000,0.000000,2.473854,-2.659387,0.185533,0.000000,0.000000,0.632767,-0.691482,0.058715,0.000000,0.000000,2.664580,-2.664580
-4.022144,4.022144,0.000000,0.000000,2.391473,-2.771789,0.380317,0.000000,0.000000,0.585591,-1.658202,1.072611,0.000000,0.000000,2.634107,-2.634107
-3.392090,3.392090,0.000000,0.000000,2.114370,-3.241791,1.127421,0.000000,0.000000,0.258822,-1.008514,0.749692,0.000000,0.000000,2.686493,-2.686493
-3.927401,3.927401,0.000000,0.000000,2.635942,-3.551481,0.915539,0.000000,0.000000,0.217994,-0.223928,0.005934,0.000000,0.000000,2.230040,-2.230040
-4.002513,4.002513,0.000000,0.000000,2.004265,-2.271381,0.267116,0.000000,0.000000,0.164418,-0.659940,0.495522,0.000000,0.000000,2.716970,-2.716970
-3.743057,3.743057,0.000000,0.000000,2.480051,-2.869297,0.389246,0.000000,0.000000,0.190716,-0.779807,0.589091,0.000000,0.000000,2.298726,-2.298726
-4.012794,4.012794,0.000000,0.000000,2.337421,-3.486013,1.148592,0.000000,0.000000,0.747489,-1.233332,0.485843,0.000000,0.000000,2.843215,-2.843215
-3.512859,3.512860,0.000000,0.000000,2.486391,-3.057299,0.570908,0.000000,0.000000,0.249194,-0.412139,0.162945,0.000000,0.000000,2.513933,-2.513933
-3.876224,3.876224,0.000000,0.000000,2.401988,-3.514544,1.112556,0.000000,0.000000,0.255803,-0.433406,0.177603,0.000000,0.000000,2.445945,-2.445945
-3.849455,3.849455,0.000000,0.000000,1.994087,-2.298063,0.303976,0.000000,0.000000,0.187864,-1.110562,0.922698,0.000000,0.000000,2.747363,-2.747363
-3.873634,3.873634,0.000000,0.000000,2.365753,-2.672194,0.306440,0.000000,0.000000,0.342010,-1.249257,0.907247,0.000000,0.000000,2.706275,-2.706275
-3.932003,3.932003,0.000000,0.000000,2.609259,-3.127188,0.517929,0.000000,0.000000,0.434150,-1.285530,0.851380,0.000000,0.000000,2.787215,-2.787215
-4.043546,4.043546,0.000000,0.000000,2.477366,-3.330007,0.852641,0.000000,0.000000,0.376165,-0.845613,0.469447,0.000000,0.000000,2.698466,-2.698466
-3.562883,3.562883,0.000000,0.000000,2.250339,-3.049142,0.798803,0.000000,0.000000,0.334283,-0.926268,0.591986,0.000000,0.000000,2.837402,-2.837402
-3.687898,3.687898,0.000000,0.000000,1.465435,-2.714846,1.249411,0.000000,0.000000,0.873975,-0.877528,0.003552,0.000000,0.000000,2.711618,-2.711618
-3.895445,3.895445,0.000000,0.000000,2.390497,-2.971949,0.581451,0.000000,0.000000,0.204567,-0.676654,0.472087,0.000000,0.000000,2.858005,-2.858005
-3.953629,3.953629,0.000000,0.000000,2.557781,-2.958319,0.400538,0.000000,0.000000,0.470795,-1.162688,0.691894,0.000000,0.000000,2.473272,-2.473272
-4.117650,4.117650,0.000000,0.000000,1.844451,-2.019411,0.174961,0.000000,0.000000,0.017268,-0.877170,0.859902,0.000000,0.000000,2.907200,-2.907200
-3.729432,3.729432,0.000000,0.000000,2.130952,-2.440596,0.309643,0.000000,0.000000,0.133268,-0.728354,0.595086,0.000000,0.000000,2.960226,-2.960226
-3.539971,3.539971,0.000000,0.000000,2.311574,-3.046457,0.734883,0.000000,0.000000,0.484887,-1.421118,0.936231,0.000000,0.000000,2.688797,-2.688797
-3.734838,3.734838,0.000000,0.000000,2.360991,-2.597962,0.236971,0.000000,0.000000,0.285675,-1.214885,0.929209,0.000000,0.000000,2.495751,-2.495751
-4.230279,4.230279,0.000000,0.000000,2.381599,-3.204499,0.822900,0.000000,0.000000,0.144422,-0.750380,0.605958,0.000000,0.000000,2.579722,-2.579722
-4.542489,4.542489,0.000000,0.000000,2.232044,-2.903892,0.671848,0.000000,0.000000,0.866304,-2.152696,1.286392,0.000000,0.000000,2.547023,-2.547023
-3.878042,3.878042,0.000000,0.000000,2.447100,-2.585862,0.138762,0.000000,0.000000,0.213585,-1.027586,0.814001,0.000000,0.000000,2.499005,-2.499005
-3.783191,3.783191,0.000000,0.000000,2.485188,-3.157325,0.672136,0.000000,0.000000,0.265601,-1.512952,1.247351,0.000000,0.000000,2.771922,-2.771922
-3.788054,3.788054,0.000000,0.000000,2.237409,-2.988734,0.751325,0.000000,0.000000,0.472506,-1.325125,0.852619,0.000000,0.000000,2.584491,-2.584491
-3.712147,3.712147,0.000000,0.000000,2.360534,-2.440391,0.079856,0.000000,0.000000,0.047310,-0.886563,0.839253,0.000000,0.000000,2.659396,-2.659396
-4.186499,4.186499,0.000000,0.000000,2.487665,-3.523856,1.036192,0.000000,0.000000,0.212559,-1.561562,1.349003,0.000000,0.000000,3.173858,-3.173858
-4.255285,4.255285,0.000000,0.000000,1.991825,-2.255445,0.263621,0.000000,0.000000,0.217353,-0.676785,0.459432,0.000000,0.000000,2.751133,-2.751133
-3.498600,3.498600,0.000000,0.000000,2.518467,-2.849367,0.330900,0.000000,0.000000,0.302044,-0.673808,0.371764,0.000000,0.000000,2.804917,-2.804917
-4.014902,4.014902,0.000000,0.000000,2.108355,-2.823679,0.715324,0.000000,0.000000,0.202140,-0.511227,0.309087,0.000000,0.000000,2.618587,-2.618587
-4.086614,4.086614,0.000000,0.000000,1.991604,-2.086488,0.094885,0.000000,0.000000,0.620681,-1.071835,0.451154,0.000000,0.000000,2.581502,-2.581502
-3.809365,3.809365,0.000000,0.000000,1.929972,-2.112148,0.182176,0.000000,0.000000,0.025693,-0.830679,0.804986,0.000000,0.000000,2.810677,-2.810677
-3.750051,3.750051,0.000000,0.000000,2.386459,-2.669665,0.283206,0.000000,0.000000,0.029724,-1.067910,1.038187,0.000000,0.000000,2.697768,-2.697768
-3.806323,3.806323,0.000000,0.000000,2.366154,-2.841578,0.475424,0.000000,0.000000,0.234588,-1.018936,0.784348,0.000000,0.000000,2.225865,-2.225864
-4.221048,4.221048,0.000000,0.000000,1.977920,-2.510003,0.532084,0.000000,0.000000,0.628270,-1.614360,0.986090,0.000000,0.000000,2.950298,-2.950298
-3.633171,3.633171,0.000000,0.000000,2.235562,-2.578444,0.342882,0.000000,0.000000,0.062832,-0.931235,0.868403,0.000000,0.000000,2.616805,-2.616805
-4.169261,4.169261,0.000000,0.000000,2.613004,-2.912184,0.299181,0.000000,0.000000,0.044913,-0.643294,0.598381,0.000000,0.000000,2.334992,-2.334992
-4.251022,4.251022,0.000000,0.000000,2.469337,-2.770545,0.301208,0.000000,0.000000,0.283854,-1.731284,1.447430,0.000000,0.000000,2.722934,-2.722934
-3.777692,3.777692,0.000000,0.000000,2.106465,-2.480048,0.373584,0.000000,0.000000,0.435479,-0.944505,0.509026,0.000000,0.000000,2.693231,-2.693231
-3.670950,3.670950,0.000000,0.000000,2.294911,-2.368016,0.073105,0.000000,0.000000,0.760124,-1.943340,1.183216,0.000000,0.000000,2.493259,-2.493259
-4.007518,4.007518,0.000000,0.000000,1.909622,-2.816522,0.906900,0.000000,0.000000,0.235193,-1.297758,1.062564,0.000000,0.000000,3.081322,-3.081322
-4.531091,4.531092,0.000000,0.000000,2.259176,-2.397294,0.138118,0.000000,0.000000,0.391428,-0.919577,0.528150,0.000000,0.000000,2.826983,-2.826983
-4.285693,4.285693,0.000000,0.000000,2.455211,-2.536736,0.081524,0.000000,0.000000,0.003137,-0.779397,0.776260,0.000000,0.000000,3.060464,-3.060464
-3.512878,3.512878,0.000000,0.000000,2.420703,-2.539756,0.119054,0.000000,0.000000,0.000900,-1.009319,1.008419,0.000000,0.000000,3.063755,-3.063755
-3.921765,3.921765,0.000000,0.000000,1.807713,-1.826435,0.018722,0.000000,0.000000,0.301195,-0.695266,0.394071,0.000000,0.000000,2.993333,-2.993333
-3.923098,3.923098,0.000000,0.000000,1.885346,-2.034206,0.148860,0.000000,0.000000,0.037917,-0.659013,0.621096,0.000000,0.000000,2.820384,-2.820384
-3.726594,3.726594,0.000000,0.000000,2.373469,-2.771541,0.398072,0.000000,0.000000,0.201904,-0.895019,0.693115,0.000000,0.000000,2.648534,-2.648534
-3.631973,3.631973,0.000000,0.000000,2.612934,-4.545314,1.932381,0.000000,0.000000,1.015455,-1.165501,0.150046,0.000000,0.000000,2.125983,-2.125983
-3.771578,3.771578,0.000000,0.000000,2.199197,-2.610042,0.410845,0.000000,0.000000,0.025431,-0.859912,0.834481,0.000000,0.000000,2.645481,-2.645481
-3.629218,3.629218,0.000000,0.000000,2.051374,-2.482412,0.431039,0.000000,0.000000,0.258523,-1.287219,1.028696,0.000000,0.000000,2.684470,-2.684470
-4.018370,4.018370,0.000000,0.000000,2.090995,-2.407190,0.316196,0.000000,0.000000,0.358829,-1.815988,1.457158,0.000000,0.000000,2.862159,-2.862159
-3.687975,3.687975,0.000000,0.000000,2.403003,-3.083061,0.680058,0.000000,0.000000,0.016018,-1.232981,1.216963,0.000000,0.000000,2.882650,-2.882650
-4.304239,4.304239,0.000000,0.000000,1.717898,-1.867267,0.149369,0.000000,0.000000,0.235675,-0.571770,0.336096,0.000000,0.000000,2.590361,-2.590361
-4.407943,4.407944,0.000000,0.000000,2.336113,-3.261895,0.925782,0.000000,0.000000,0.087334,-0.369969,0.282635,0.000000,0.000000,2.910496,-2.910496
-4.073770,4.073770,0.000000,0.000000,2.187117,-2.253116,0.065999,0.000000,0.000000,0.553401,-1.032664,0.479262,0.000000,0.000000,2.602866,-2.602866
-4.202070,4.202070,0.000000,0.000000,2.324607,-3.013059,0.688452,0.000000,0.000000,0.177074,-0.341077,0.164003,0.000000,0.000000,2.931925,-2.931925
-3.884894,3.884894,0.000000,0.000000,2.464990,-2.700348,0.235358,0.000000,0.000000,0.513817,-1.291184,0.777368,0.000000,0.000000,2.500543,-2.500543
-4.011831,4.011831,0.000000,0.000000,2.665231,-3.340253,0.675022,0.000000,0.000000,0.385921,-0.960787,0.574866,0.000000,0.000000,2.455645,-2.455645
-4.100097,4.100097,0.000000,0.000000,2.285060,-2.606061,0.321000,0.000000,0.000000,0.972903,-1.825198,0.852295,0.000000,0.000000,2.454960,-2.454960
-3.609004,3.609004,0.000000,0.000000,2.428555,-2.473925,0.045370,0.000000,0.000000,0.368056,-0.671309,0.303253,0.000000,0.000000,3.036728,-3.036728
-3.785942,3.785942,0.000000,0.000000,2.124910,-2.320146,0.195236,0.000000,0.000000,0.470962,-1.388318,0.917356,0.000000,0.000000,2.563887,-2.563887
-3.805974,3.805974,0.000000,0.000000,2.209492,-2.643134,0.433642,0.000000,0.000000,0.519185,-1.549094,1.029909,0.000000,0.000000,2.536835,-2.536834
-4.329507,4.329507,0.000000,0.000000,2.108732,-2.132221,0.023488,0.000000,0.000000,0.072957,-1.057441,0.984484,0.000000,0.000000,3.028163,-3.028163
-4.237446,4.237446,0.000000,0.000000,2.319457,-2.342268,0.022811,0.000000,0.000000,0.313966,-0.922760,0.608794,0.000000,0.000000,2.849351,-2.849351
-3.787324,3.787324,0.000000,0.000000,2.160163,-2.318156,0.157993,0.000000,0.000000,0.018665,-1.031393,1.012728,0.000000,0.000000,2.921831,-2.921831
-3.644700,3.644700,0.000000,0.000000,2.195210,-2.307516,0.112306,0.000000,0.000000,0.489364,-1.829023,1.339659,0.000000,0.000000,2.608834,-2.608835
-3.769136,3.769136,0.000000,0.000000,2.252415,-2.424349,0.171934,0.000000,0.000000,0.471033,-0.770778,0.299745,0.000000,0.000000,2.907480,-2.907480
-4.044988,4.044988,0.000000,0.000000,2.291096,-2.582983,0.291887,0.000000,0.000000,0.356032,-1.635900,1.279868,0.000000,0.000000,2.624941,-2.624941
-3.721471,3.721471,0.000000,0.000000,2.344394,-2.395543,0.051149,0.000000,0.000000,0.216401,-0.849086,0.632685,0.000000,0.000000,2.492714,-2.492714
-3.677906,3.677906,0.000000,0.000000,2.175196,-2.276648,0.101452,0.000000,0.000000,0.238755,-1.137472,0.898718,0.000000,0.000000,2.670764,-2.670764
-4.245532,4.245531,0.000000,0.000000,2.399424,-3.202057,0.802633,0.000000,0.000000,0.800014,-1.311527,0.511513,0.000000,0.000000,2.873406,-2.873406
-4.058349,4.058349,0.000000,0.000000,2.128500,-2.319366,0.190866,0.000000,0.000000,0.503563,-0.859934,0.356371,0.000000,0.000000,2.482211,-2.482211
-4.476137,4.476137,0.000000,0.000000,2.396234,-2.826765,0.430531,0.000000,0.000000,0.754215,-1.508801,0.754586,0.000000,0.000000,2.656256,-2.656256
-4.197680,4.197680,0.000000,0.000000,2.341289,-2.379989,0.038699,0.000000,0.000000,0.411458,-1.029990,0.618532,0.000000,0.000000,2.795023,-2.795023
-3.754300,3.754300,0.000000,0.000000,2.610468,-3.278774,0.668307,0.000000,0.000000,0.187161,-1.336443,1.149282,0.000000,0.000000,2.768935,-2.768935
-3.921717,3.921717,0.000000,0.000000,2.194467,-3.202394,1.007927,0.000000,0.000000,0.247067,-0.730508,0.483441,0.000000,0.000000,2.335161,-2.335161
-3.752658,3.752658,0.000000,0.000000,2.210622,-2.372886,0.162263,0.000000,0.000000,0.342792,-0.537685,0.194892,0.000000,0.000000,3.133500,-3.133500
-3.838087,3.838087,0.000000,0.000000,2.026751,-2.308888,0.282136,0.000000,0.000000,0.082777,-0.626293,0.543516,0.000000,0.000000,2.844711,-2.844710
-4.236565,4.236564,0.000000,0.000000,2.120994,-2.543329,0.422334,0.000000,0.000000,0.102637,-1.077271,0.974634,0.000000,0.000000,2.845962,-2.845962
-3.863271,3.863271,0.000000,0.000000,2.213521,-3.225036,1.011515,0.000000,0.000000,0.089138,-0.236169,0.147031,0.000000,0.000000,2.829218,-2.829218
-3.912969,3.912969,0.000000,0.000000,2.165664,-2.455630,0.289966,0.000000,0.000000,0.543674,-1.823021,1.279347,0.000000,0.000000,2.673823,-2.673823
-3.755815,3.755815,0.000000,0.000000,2.044613,-2.335361,0.290748,0.000000,0.000000,0.482978,-1.634561,1.151584,0.000000,0.000000,2.702259,-2.702259
-3.860462,3.860462,0.000000,0.000000,2.128614,-3.329868,1.201254,0.000000,0.000000,0.607505,-0.765654,0.158150,0.000000,0.000000,3.184294,-3.184295
-4.334627,4.334628,0.000000,0.000000,2.547515,-2.641071,0.093556,0.000000,0.000000,0.210533,-0.683628,0.473095,0.000000,0.000000,2.692398,-2.692398
-3.669800,3.669800,0.000000,0.000000,1.987810,-2.247777,0.259968,0.000000,0.000000,0.125465,-0.708479,0.583013,0.000000,0.000000,2.543347,-2.543347
-3.914882,3.914882,0.000000,0.000000,2.327216,-2.805014,0.477797,0.000000,0.000000,0.643429,-0.915070,0.271641,0.000000,0.000000,2.372212,-2.372212
-3.745068,3.745068,0.000000,0.000000,2.210570,-2.363377,0.152806,0.000000,0.000000,0.210197,-0.997248,0.787051,0.000000,0.000000,2.824060,-2.824060
-3.981556,3.981555,0.000000,0.000000,2.493756,-2.587648,0.093891,0.000000,0.000000,0.051335,-1.170024,1.118690,0.000000,0.000000,2.761039,-2.761039
-4.171324,4.171324,0.000000,0.000000,1.481684,-1.777555,0.295871,0.000000,0.000000,0.333072,-1.119908,0.786836,0.000000,0.000000,3.154302,-3.154302
-3.744609,3.744609,0.000000,0.000000,2.351662,-3.105660,0.753998,0.000000,0.000000,0.258605,-0.990425,0.731820,0.000000,0.000000,2.655787,-2.655786
-3.646319,3.646319,0.000000,0.000000,2.197199,-3.716463,1.519265,0.000000,0.000000,0.472498,-0.786244,0.313745,0.000000,0.000000,2.718303,-2.718303
-3.913169,3.913169,0.000000,0.000000,1.798950,-1.816204,0.017253,0.000000,0.000000,0.026572,-0.408534,0.381962,0.000000,0.000000,2.441582,-2.441582
-4.258462,4.258462,0.000000,0.000000,2.443204,-2.703589,0.260385,0.000000,0.000000,0.054320,-1.484494,1.430173,0.000000,0.000000,2.598539,-2.598538
-3.449345,3.449345,0.000000,0.000000,2.322781,-2.834872,0.512091,0.000000,0.000000,0.088176,-0.417129,0.328953,0.000000,0.000000,2.356200,-2.356200
-3.700436,3.700436,0.000000,0.000000,2.276644,-2.599768,0.323124,0.000000,0.000000,0.290424,-1.126026,0.835601,0.000000,0.000000,2.603907,-2.603906
-3.884026,3.884026,0.000000,0.000000,2.431003,-2.687178,0.256175,0.000000,0.000000,0.245023,-1.118519,0.873496,0.000000,0.000000,2.501394,-2.501394
-3.824071,3.824071,0.000000,0.000000,2.361332,-2.533141,0.171809,0.000000,0.000000,1.407981,-2.439008,1.031027,0.000000,0.000000,2.862709,-2.862709
-4.075831,4.075831,0.000000,0.000000,2.031618,-2.696730,0.665112,0.000000,0.000000,0.937842,-1.228437,0.290595,0.000000,0.000000,2.604064,-2.604064
-4.043222,4.043223,0.000000,0.000000,1.830567,-2.128976,0.298409,0.000000,0.000000,0.020663,-0.290843,0.270179,0.000000,0.000000,2.965882,-2.965882
-4.004767,4.004767,0.000000,0.000000,2.437833,-2.692651,0.254818,0.000000,0.000000,0.259308,-1.275771,1.016464,0.000000,0.000000,3.182657,-3.182657
-3.831378,3.831378,0.000000,0.000000,2.139599,-2.457467,0.317868,0.000000,0.000000,0.033315,-0.315329,0.282015,0.000000,0.000000,2.643092,-2.643092
-4.060429,4.060429,0.000000,0.000000,2.203906,-3.139174,0.935269,0.000000,0.000000,0.069276,-0.592448,0.523172,0.000000,0.000000,2.766780,-2.766780
-3.858428,3.858428,0.000000,0.000000,2.527268,-3.078567,0.551298,0.000000,0.000000,0.730309,-1.779697,1.049388,0.000000,0.000000,2.692605,-2.692605
-3.841963,3.841963,0.000000,0.000000,2.147887,-3.479039,1.331152,0.000000,0.000000,0.314951,-1.169448,0.854497,0.000000,0.000000,2.932150,-2.932150
-4.047530,4.047530,0.000000,0.000000,2.398376,-2.429454,0.031078,0.000000,0.000000,0.035741,-0.317332,0.281591,0.000000,0.000000,2.918996,-2.918996
-3.872814,3.872814,0.000000,0.000000,2.709947,-3.416268,0.706321,0.000000,0.000000,0.401889,-0.514404,0.112515,0.000000,0.000000,2.791787,-2.791787
-4.028480,4.028480,0.000000,0.000000,2.299234,-2.917980,0.618747,0.000000,0.000000,0.395226,-1.359898,0.964672,0.000000,0.000000,3.072464,-3.072464
-4.203257,4.203257,0.000000,0.000000,3.262601,-4.356852,1.094251,0.000000,0.000000,0.090353,-0.391545,0.301192,0.000000,0.000000,3.048959,-3.048959
-3.921472,3.921472,0.000000,0.000000,2.103274,-3.623235,1.519962,0.000000,0.000000,0.108200,-0.335535,0.227335,0.000000,0.000000,2.699362,-2.699362
-3.963307,3.963307,0.000000,0.000000,2.288471,-2.545506,0.257035,0.000000,0.000000,0.124739,-1.187036,1.062297,0.000000,0.000000,2.633785,-2.633785
-3.728222,3.728222,0.000000,0.000000,2.283264,-2.351192,0.067927,0.000000,0.000000,0.345420,-0.853681,0.508261,0.000000,0.000000,2.377987,-2.377987
-4.092240,4.092240,0.000000,0.000000,2.230226,-3.438724,1.208498,0.000000,0.000000,0.629956,-1.677312,1.047356,0.000000,0.000000,2.814586,-2.814586
-4.044180,4.044179,0.000000,0.000000,2.117179,-2.987435,0.870257,0.000000,0.000000,0.062826,-1.321564,1.258738,0.000000,0.000000,2.616987,-2.616987
-3.724801,3.724801,0.000000,0.000000,2.370411,-2.452106,0.081694,0.000000,0.000000,0.157349,-0.933433,0.776084,0.000000,0.000000,2.809731,-2.809731
-3.792906,3.792906,0.000000,0.000000,1.779321,-1.802250,0.022929,0.000000,0.000000,0.251905,-1.162603,0.910698,0.000000,0.000000,2.861474,-2.861474
-3.942492,3.942492,0.000000,0.000000,2.245681,-2.419013,0.173332,0.000000,0.000000,0.185295,-1.089967,0.904672,0.000000,0.000000,2.903644,-2.903644
-3.609378,3.609378,0.000000,0.000000,2.399058,-3.269053,0.869994,0.000000,0.000000,0.420534,-0.945986,0.525452,0.000000,0.000000,2.489855,-2.489855
-3.932661,3.932661,0.000000,0.000000,2.629768,-2.774103,0.144335,0.000000,0.000000,0.088191,-0.764102,0.675911,0.000000,0.000000,2.886652,-2.886652
-4.175919,4.175919,0.000000,0.000000,2.461095,-2.756713,0.295618,0.000000,0.000000,0.507532,-1.325746,0.818214,0.000000,0.000000,2.621973,-2.621973
-3.869776,3.869776,0.000000,0.000000,2.336524,-3.128829,0.792305,0.000000,0.000000,0.911527,-1.814683,0.903156,0.000000,0.000000,2.836784,-2.836784
-3.701735,3.701735,0.000000,0.000000,2.297815,-2.674156,0.376341,0.000000,0.000000,0.463129,-1.220503,0.757374,0.000000,0.000000,2.529794,-2.529794
-3.999164,3.999164,0.000000,0.000000,1.846720,-2.067291,0.220571,0.000000,0.000000,0.279191,-1.143082,0.863890,0.000000,0.000000,2.616119,-2.616119
-3.823566,3.823566,0.000000,0.000000,2.147373,-2.461855,0.314482,0.000000,0.000000,0.125952,-1.085474,0.959522,0.000000,0.000000,2.725257,-2.725257
-3.726491,3.726491,0.000000,0.000000,2.472412,-3.131700,0.659288,0.000000,0.000000,0.069544,-1.055857,0.986313,0.000000,0.000000,2.387622,-2.387622
-4.754751,4.754751,0.000000,0.000000,2.409024,-3.161790,0.752766,0.000000,0.000000,0.996634,-1.556063,0.559429,0.000000,0.000000,2.742877,-2.742877
-4.254267,4.254267,0.000000,0.000000,2.383580,-2.990264,0.606684,0.000000,0.000000,0.161149,-0.691906,0.530757,0.000000,0.000000,3.058093,-3.058093
-3.995479,3.995479,0.000000,0.000000,2.196042,-2.396725,0.200683,0.000000,0.000000,0.199989,-1.162380,0.962391,0.000000,0.000000,2.590801,-2.590801
-4.046028,4.046028,0.000000,0.000000,2.198557,-2.233067,0.034510,0.000000,0.000000,0.034066,-0.516357,0.482291,0.000000,0.000000,2.443904,-2.443904
-3.990474,3.990474,0.000000,0.000000,2.265598,-2.309354,0.043756,0.000000,0.000000,0.778998,-1.899456,1.120458,0.000000,0.000000,2.653611,-2.653611
-3.796470,3.796470,0.000000,0.000000,2.250146,-2.312125,0.061978,0.000000,0.000000,0.283842,-0.916259,0.632417,0.000000,0.000000,2.582044,-2.582044
-3.865003,3.865003,0.000000,0.000000,2.025477,-2.411114,0.385638,0.000000,0.000000,0.031914,-0.545342,0.513428,0.000000,0.000000,2.667296,-2.667296
-4.041735,4.041735,0.000000,0.000000,2.220863,-2.242711,0.021848,0.000000,0.000000,0.026564,-0.999225,0.972662,0.000000,0.000000,2.597822,-2.597822
-3.864981,3.864981,0.000000,0.000000,2.285868,-2.405404,0.119536,0.000000,0.000000,0.202763,-1.099198,0.896435,0.000000,0.000000,2.682311,-2.682310
-4.365488,4.365489,0.000000,0.000000,2.207322,-2.931706,0.724384,0.000000,0.000000,0.566371,-1.248193,0.681822,0.000000,0.000000,2.877441,-2.877442
-4.159103,4.159103,0.000000,0.000000,2.127193,-2.433770,0.306577,0.000000,0.000000,0.000846,-0.825941,0.825094,0.000000,0.000000,2.871716,-2.871716
-3.862047,3.862047,0.000000,0.000000,2.368865,-3.469003,1.100139,0.000000,0.000000,0.533457,-1.221123,0.687666,0.000000,0.000000,2.616886,-2.616886
-4.015493,4.015493,0.000000,0.000000,2.352504,-2.472222,0.119718,0.000000,0.000000,0.413767,-1.212416,0.798648,0.000000,0.000000,2.697441,-2.697441
-3.958758,3.958758,0.000000,0.000000,2.528607,-2.642304,0.113697,0.000000,0.000000,0.036047,-0.582630,0.546583,0.000000,0.000000,2.804542,-2.804542
-4.377773,4.377773,0.000000,0.000000,1.973364,-3.127531,1.154167,0.000000,0.000000,0.142922,-1.332240,1.189318,0.000000,0.000000,2.471746,-2.471746
-3.787198,3.787198,0.000000,0.000000,2.374591,-2.974835,0.600244,0.000000,0.000000,0.243902,-1.442211,1.198309,0.000000,0.000000,2.783735,-2.783735
-4.009647,4.009647,0.000000,0.000000,1.749491,-1.764127,0.014636,0.000000,0.000000,0.514026,-1.362222,0.848196,0.000000,0.000000,2.935430,-2.935430
-3.894488,3.894488,0.000000,0.000000,2.415501,-2.584370,0.168870,0.000000,0.000000,0.313311,-1.314441,1.001130,0.000000,0.000000,2.658403,-2.658403
-3.644103,3.644103,0.000000,0.000000,2.387165,-2.630589,0.243425,0.000000,0.000000,0.295124,-0.830667,0.535543,0.000000,0.000000,2.822607,-2.822607
-3.502105,3.502105,0.000000,0.000000,2.173134,-2.877162,0.704028,0.000000,0.000000,0.079288,-0.913981,0.834693,0.000000,0.000000,2.428095,-2.428095
-3.725744,3.725745,0.000000,0.000000,2.082518,-2.310235,0.227717,0.000000,0.000000,0.127370,-0.877779,0.750408,0.000000,0.000000,2.648390,-2.648389
-3.878587,3.878587,0.000000,0.000000,2.108548,-2.185277,0.076730,0.000000,0.000000,0.371689,-0.942981,0.571291,0.000000,0.000000,2.721449,-2.721449
-3.755883,3.755883,0.000000,0.000000,2.339939,-2.406785,0.066847,0.000000,0.000000,0.102257,-1.183632,1.081375,0.000000,0.000000,2.777303,-2.777303
-3.806123,3.806123,0.000000,0.000000,2.199132,-2.442022,0.242890,0.000000,0.000000,0.123035,-0.862168,0.739133,0.000000,0.000000,2.701027,-2.701027
-3.839973,3.839973,0.000000,0.000000,2.486005,-2.523561,0.037557,0.000000,0.000000,0.290989,-0.657341,0.366352,0.000000,0.000000,2.616141,-2.616141
-3.729055,3.729055,0.000000,0.000000,2.391934,-2.568239,0.176306,0.000000,0.000000,0.286693,-1.160207,0.873514,0.000000,0.000000,2.682258,-2.682258
-3.848250,3.848250,0.000000,0.000000,2.057042,-2.686249,0.629208,0.000000,0.000000,0.107598,-0.750611,0.643014,0.000000,0.000000,2.458299,-2.458299
-3.984890,3.984890,0.000000,0.000000,2.181864,-2.281191,0.099327,0.000000,0.000000,0.292483,-1.181478,0.888995,0.000000,0.000000,2.729013,-2.729013
-3.926451,3.926451,0.000000,0.000000,2.346055,-2.849650,0.503596,0.000000,0.000000,0.261929,-0.766081,0.504151,0.000000,0.000000,2.704557,-2.704557
-4.014364,4.014364,0.000000,0.000000,2.272084,-2.787304,0.515220,0.000000,0.000000,0.044421,-0.965061,0.920641,0.000000,0.000000,2.633640,-2.633640
-3.609027,3.609027,0.000000,0.000000,2.064985,-2.363108,0.298123,0.000000,0.000000,0.290860,-0.973313,0.682454,0.000000,0.000000,2.655004,-2.655004
-3.763862,3.763862,0.000000,0.000000,2.365063,-2.637940,0.272877,0.000000,0.000000,0.080374,-1.008777,0.928403,0.000000,0.000000,2.601335,-2.601335
-3.827565,3.827565,0.000000,0.000000,2.430817,-2.925038,0.494221,0.000000,0.000000,0.077639,-0.751047,0.673407,0.000000,0.000000,2.463965,-2.463965
-3.998295,3.998295,0.000000,0.000000,2.106136,-2.224276,0.118140,0.000000,0.000000,0.216867,-1.067258,0.850391,0.000000,0.000000,2.838720,-2.838720
-3.970765,3.970765,0.000000,0.000000,2.407707,-2.845017,0.437310,0.000000,0.000000,0.514541,-1.336963,0.822421,0.000000,0.000000,2.752719,-2.752719
-3.926470,3.926470,0.000000,0.000000,2.049728,-2.367691,0.317963,0.000000,0.000000,0.071331,-0.537093,0.465762,0.000000,0.000000,2.720242,-2.720242
-4.375985,4.375985,0.000000,0.000000,2.386356,-2.894161,0.507805,0.000000,0.000000,0.665830,-2.002686,1.336857,0.000000,0.000000,2.663486,-2.663486
-4.109121,4.109121,0.000000,0.000000,2.421098,-2.582080,0.160983,0.000000,0.000000,0.409168,-1.313437,0.904270,0.000000,0.000000,2.816947,-2.816947
-3.974364,3.974364,0.000000,0.000000,2.125073,-2.229227,0.104154,0.000000,0.000000,0.065701,-0.951172,0.885470,0.000000,0.000000,2.704409,-2.704409
-3.601383,3.601383,0.000000,0.000000,2.205177,-2.332214,0.127037,0.000000,0.000000,0.039485,-0.945767,0.906282,0.000000,0.000000,2.564082,-2.564082
-3.939856,3.939856,0.000000,0.000000,2.205431,-2.649122,0.443692,0.000000,0.000000,0.544253,-1.353485,0.809232,0.000000,0.000000,2.575662,-2.575662
-4.251145,4.251145,0.000000,0.000000,2.153100,-2.546255,0.393155,0.000000,0.000000,0.187460,-1.008549,0.821090,0.000000,0.000000,2.685194,-2.685194
-4.102175,4.102175,0.000000,0.000000,2.258859,-2.596723,0.337864,0.000000,0.000000,0.109641,-0.770317,0.660677,0.000000,0.000000,2.945496,-2.945496
-4.406856,4.406856,0.000000,0.000000,2.338880,-2.830749,0.491869,0.000000,0.000000,0.780075,-1.907412,1.127338,0.000000,0.000000,2.687430,-2.687430
-3.616598,3.616598,0.000000,0.000000,2.413002,-2.569495,0.156492,0.000000,0.000000,0.132913,-0.950515,0.817602,0.000000,0.000000,2.297001,-2.297001
-3.726916,3.726916,0.000000,0.000000,2.397631,-3.017031,0.619401,0.000000,0.000000,0.093106,-0.362403,0.269297,0.000000,0.000000,2.572934,-2.572935
-3.836371,3.836371,0.000000,0.000000,2.023552,-2.060512,0.036960,0.000000,0.000000,0.163510,-0.348521,0.185011,0.000000,0.000000,2.564384,-2.564384
-4.020849,4.020849,0.000000,0.000000,2.261943,-2.908404,0.646461,0.000000,0.000000,0.408724,-1.335989,0.927266,0.000000,0.000000,2.711486,-2.711486
-3.898779,3.898779,0.000000,0.000000,2.187002,-2.472534,0.285532,0.000000,0.000000,0.175413,-0.968824,0.793411,0.000000,0.000000,2.623469,-2.623469
-3.796190,3.796190,0.000000,0.000000,2.181273,-2.384906,0.203632,0.000000,0.000000,0.157443,-1.166670,1.009226,0.000000,0.000000,2.771783,-2.771783
-4.133007,4.133007,0.000000,0.000000,2.173908,-2.652372,0.478464,0.000000,0.000000,0.059582,-1.040478,0.980896,0.000000,0.000000,2.776932,-2.776933
-3.914962,3.914962,0.000000,0.000000,1.960411,-2.318202,0.357791,0.000000,0.000000,0.306310,-0.955757,0.649447,0.000000,0.000000,2.665341,-2.665341
-4.138783,4.138783,0.000000,0.000000,2.641527,-2.938586,0.297060,0.000000,0.000000,0.456655,-1.726762,1.270107,0.000000,0.000000,2.634185,-2.634184
-3.974000,3.974000,0.000000,0.000000,2.113864,-2.198792,0.084928,0.000000,0.000000,0.136267,-0.870633,0.734366,0.000000,0.000000,2.666048,-2.666048
-3.985541,3.985541,0.000000,0.000000,2.327181,-3.091674,0.764493,0.000000,0.000000,0.098104,-1.016420,0.918316,0.000000,0.000000,2.790701,-2.790701
-3.891187,3.891186,0.000000,0.000000,2.455185,-2.521232,0.066047,0.000000,0.000000,0.012204,-1.094860,1.082657,0.000000,0.000000,2.263418,-2.263418
-4.007990,4.007990,0.000000,0.000000,2.218851,-2.928530,0.709679,0.000000,0.000000,0.013076,-1.041692,1.028617,0.000000,0.000000,2.668917,-2.668917
-3.887094,3.887094,0.000000,0.000000,2.332550,-2.362832,0.030282,0.000000,0.000000,0.096935,-0.912454,0.815518,0.000000,0.000000,2.849769,-2.849769
-4.144488,4.144488,0.000000,0.000000,2.162552,-2.363567,0.201016,0.000000,0.000000,0.336427,-0.983099,0.646671,0.000000,0.000000,2.681967,-2.681967
-4.155100,4.155100,0.000000,0.000000,2.381638,-2.421777,0.040138,0.000000,0.000000,0.199132,-1.147146,0.948014,0.000000,0.000000,3.075090,-3.075089
-4.044310,4.044310,0.000000,0.000000,2.477367,-3.305774,0.828407,0.000000,0.000000,0.193616,-1.177956,0.984340,0.000000,0.000000,3.007594,-3.007594
-3.836704,3.836704,0.000000,0.000000,2.194737,-2.633847,0.439110,0.000000,0.000000,0.021212,-0.651454,0.630243,0.000000,0.000000,2.545316,-2.545316
-3.983917,3.983917,0.000000,0.000000,2.380342,-2.753392,0.373050,0.000000,0.000000,0.220911,-0.895859,0.674948,0.000000,0.000000,2.737825,-2.737825
-3.988386,3.988386,0.000000,0.000000,1.997519,-2.305695,0.308177,0.000000,0.000000,0.036618,-0.839041,0.802424,0.000000,0.000000,2.845331,-2.845331
-3.428285,3.428285,0.000000,0.000000,2.231110,-2.361211,0.130100,0.000000,0.000000,0.001275,-0.948400,0.947125,0.000000,0.000000,2.539031,-2.539031
-3.612462,3.612463,0.000000,0.000000,2.079473,-2.586006,0.506534,0.000000,0.000000,0.154062,-0.961497,0.807435,0.000000,0.000000,2.558171,-2.558171
-3.982018,3.982018,0.000000,0.000000,2.327339,-2.652756,0.325417,0.000000,0.000000,0.172546,-0.889547,0.717001,0.000000,0.000000,2.565883,-2.565883
-4.132777,4.132777,0.000000,0.000000,2.071294,-2.443948,0.372654,0.000000,0.000000,0.086431,-1.067036,0.980606,0.000000,0.000000,2.554959,-2.554959
-3.982242,3.982242,0.000000,0.000000,2.283428,-2.319289,0.035861,0.000000,0.000000,0.333578,-0.870708,0.537130,0.000000,0.000000,2.639567,-2.639567
-3.730931,3.730931,0.000000,0.000000,2.439470,-2.505982,0.066513,0.000000,0.000000,0.057194,-0.868585,0.811391,0.000000,0.000000,2.414899,-2.414899
-4.148417,4.148417,0.000000,0.000000,2.461190,-2.531273,0.070083,0.000000,0.000000,0.143283,-0.969478,0.826195,0.000000,0.000000,2.770794,-2.770794
-4.268796,4.268796,0.000000,0.000000,1.980738,-2.064871,0.084132,0.000000,0.000000,0.124926,-0.941117,0.816191,0.000000,0.000000,2.751564,-2.751564
-3.967267,3.967267,0.000000,0.000000,2.413965,-2.927156,0.513190,0.000000,0.000000,0.048999,-1.182307,1.133308,0.000000,0.000000,2.360136,-2.360135
-3.807813,3.807813,0.000000,0.000000,2.334550,-3.106429,0.771878,0.000000,0.000000,0.150249,-0.997675,0.847425,0.000000,0.000000,2.687092,-2.687092
-3.867126,3.867126,0.000000,0.000000,2.370018,-2.400726,0.030708,0.000000,0.000000,0.115197,-1.010951,0.895753,0.000000,0.000000,2.944150,-2.944150
-4.165912,4.165912,0.000000,0.000000,2.179763,-2.247488,0.067724,0.000000,0.000000,0.189587,-0.976841,0.787253,0.000000,0.000000,2.761326,-2.761326
-3.853574,3.853574,0.000000,0.000000,2.116142,-2.254736,0.138593,0.000000,0.000000,0.224182,-0.814552,0.590370,0.000000,0.000000,2.806238,-2.806238
-4.164081,4.164080,0.000000,0.000000,1.840620,-2.077363,0.236743,0.000000,0.000000,0.047325,-0.935962,0.888637,0.000000,0.000000,2.851329,-2.851329
-3.912679,3.912679,0.000000,0.000000,2.198071,-2.285590,0.087519,0.000000,0.000000,0.320170,-1.143507,0.823336,0.000000,0.000000,2.614260,-2.614260
-3.786403,3.786403,0.000000,0.000000,2.182326,-2.270130,0.087804,0.000000,0.000000,0.059558,-1.184743,1.125185,0.000000,0.000000,2.715887,-2.715887
-3.879863,3.879863,0.000000,0.000000,2.335779,-2.604828,0.269049,0.000000,0.000000,0.017457,-0.856589,0.839132,0.000000,0.000000,2.699564,-2.699564
-3.949662,3.949662,0.000000,0.000000,2.299553,-2.581310,0.281757,0.000000,0.000000,0.001741,-0.707420,0.705679,0.000000,0.000000,2.816576,-2.816576
-3.789349,3.789349,0.000000,0.000000,2.205468,-2.279008,0.073540,0.000000,0.000000,0.013242,-0.887829,0.874587,0.000000,0.000000,2.707842,-2.707841
-3.808540,3.808540,0.000000,0.000000,2.384489,-2.479274,0.094784,0.000000,0.000000,0.466188,-1.557806,1.091618,0.000000,0.000000,2.856477,-2.856477
-3.977520,3.977520,0.000000,0.000000,2.396617,-2.836360,0.439743,0.000000,0.000000,0.401559,-1.337697,0.936138,0.000000,0.000000,2.694616,-2.694616
-3.925824,3.925824,0.000000,0.000000,2.412227,-2.597016,0.184790,0.000000,0.000000,0.265497,-0.896430,0.630933,0.000000,0.000000,2.806200,-2.806200
-4.042070,4.042070,0.000000,0.000000,2.157157,-2.205112,0.047956,0.000000,0.000000,0.108936,-0.788358,0.679422,0.000000,0.000000,2.762279,-2.762279
-3.831110,3.831110,0.000000,0.000000,2.294487,-2.443545,0.149058,0.000000,0.000000,0.218823,-0.942863,0.724040,0.000000,0.000000,2.579656,-2.579656
-4.179650,4.179650,0.000000,0.000000,2.209474,-2.372142,0.162668,0.000000,0.000000,0.126499,-1.235555,1.109057,0.000000,0.000000,2.763541,-2.763541
-3.783340,3.783340,0.000000,0.000000,2.094729,-2.173251,0.078522,0.000000,0.000000,0.455877,-0.977907,0.522029,0.000000,0.000000,2.539600,-2.539600
-4.094552,4.094552,0.000000,0.000000,2.169460,-2.414873,0.245413,0.000000,0.000000,0.686404,-1.414284,0.727880,0.000000,0.000000,2.576772,-2.576772
-4.032708,4.032708,0.000000,0.000000,2.360934,-2.710306,0.349372,0.000000,0.000000,0.101920,-1.022844,0.920925,0.000000,0.000000,2.782169,-2.782168
-3.976325,3.976325,0.000000,0.000000,2.256676,-2.289808,0.033131,0.000000,0.000000,0.241297,-1.089914,0.848617,0.000000,0.000000,2.804964,-2.804964
-3.759795,3.759795,0.000000,0.000000,2.288214,-2.371915,0.083701,0.000000,0.000000,0.158190,-0.964274,0.806084,0.000000,0.000000,2.558717,-2.558717
-4.036148,4.036147,0.000000,0.000000,2.293783,-2.369771,0.075988,0.000000,0.000000,0.098528,-0.987026,0.888498,0.000000,0.000000,2.728910,-2.728910
-4.101412,4.101412,0.000000,0.000000,2.496268,-2.706691,0.210423,0.000000,0.000000,0.200989,-1.165029,0.964039,0.000000,0.000000,2.921970,-2.921970
-3.686958,3.686958,0.000000,0.000000,2.308759,-3.156401,0.847641,0.000000,0.000000,0.070947,-0.714200,0.643253,0.000000,0.000000,2.442912,-2.442912
-4.209915,4.209915,0.000000,0.000000,2.016800,-2.307794,0.290994,0.000000,0.000000,0.093067,-0.901421,0.808354,0.000000,0.000000,2.879203,-2.879204
-4.065725,4.065725,0.000000,0.000000,2.363433,-3.494868,1.131434,0.000000,0.000000,0.166989,-0.813793,0.646804,0.000000,0.000000,2.844451,-2.844451
-3.997905,3.997905,0.000000,0.000000,1.977298,-2.426797,0.449499,0.000000,0.000000,0.087622,-1.204355,1.116734,0.000000,0.000000,2.604621,-2.604621
-3.984705,3.984705,0.000000,0.000000,2.391686,-2.719997,0.328311,0.000000,0.000000,0.009649,-0.862789,0.853140,0.000000,0.000000,2.755969,-2.755969
-3.816206,3.816206,0.000000,0.000000,2.271679,-2.394561,0.122882,0.000000,0.000000,0.033689,-0.973020,0.939331,0.000000,0.000000,2.689832,-2.689832
-3.900644,3.900644,0.000000,0.000000,2.214256,-2.275633,0.061377,0.000000,0.000000,0.108629,-0.892344,0.783714,0.000000,0.000000,2.745431,-2.745432
-3.914764,3.914764,0.000000,0.000000,2.292710,-2.821310,0.528600,0.000000,0.000000,0.069521,-1.208862,1.139341,0.000000,0.000000,2.652323,-2.652323
-4.086525,4.086525,0.000000,0.000000,2.184775,-2.341912,0.157137,0.000000,0.000000,0.107056,-1.058049,0.950992,0.000000,0.000000,2.741539,-2.741539
-3.881041,3.881041,0.000000,0.000000,2.188768,-2.238163,0.049395,0.000000,0.000000,0.272144,-1.158610,0.886466,0.000000,0.000000,2.654025,-2.654024
-3.812437,3.812437,0.000000,0.000000,2.021755,-2.168618,0.146864,0.000000,0.000000,0.146754,-1.096386,0.949632,0.000000,0.000000,2.601197,-2.601197
-4.030414,4.030414,0.000000,0.000000,2.232376,-2.600717,0.368341,0.000000,0.000000,0.099176,-0.834673,0.735497,0.000000,0.000000,2.609274,-2.609274
-3.835385,3.835385,0.000000,0.000000,2.312485,-2.589418,0.276933,0.000000,0.000000,0.109527,-1.235201,1.125674,0.000000,0.000000,2.613919,-2.613919
-4.044028,4.044028,0.000000,0.000000,2.166337,-2.486949,0.320613,0.000000,0.000000,0.408374,-1.291829,0.883455,0.000000,0.000000,2.825698,-2.825698
-4.064130,4.064130,0.000000,0.000000,2.379559,-2.541716,0.162157,0.000000,0.000000,0.103832,-0.876238,0.772407,0.000000,0.000000,2.656486,-2.656486
-4.323614,4.323614,0.000000,0.000000,2.000346,-2.080684,0.080338,0.000000,0.000000,0.241213,-1.201192,0.959978,0.000000,0.000000,2.592279,-2.592279
-3.906459,3.906459,0.000000,0.000000,1.988575,-2.167399,0.178824,0.000000,0.000000,0.098722,-0.817475,0.718753,0.000000,0.000000,2.606454,-2.606454
-3.992753,3.992753,0.000000,0.000000,2.110276,-2.176064,0.065787,0.000000,0.000000,0.116947,-0.940790,0.823843,0.000000,0.000000,2.833078,-2.833078
-4.079760,4.079760,0.000000,0.000000,2.595222,-3.058772,0.463549,0.000000,0.000000,0.353933,-1.521934,1.168001,0.000000,0.000000,2.827083,-2.827083
-4.018977,4.018977,0.000000,0.000000,2.235407,-2.615249,0.379842,0.000000,0.000000,0.436976,-1.205384,0.768409,0.000000,0.000000,2.838337,-2.838337
-3.971823,3.971823,0.000000,0.000000,2.238569,-2.294785,0.056216,0.000000,0.000000,0.052619,-0.953438,0.900819,0.000000,0.000000,2.747837,-2.747837
-4.032772,4.032772,0.000000,0.000000,2.198608,-2.299157,0.100549,0.000000,0.000000,0.200404,-0.931959,0.731555,0.000000,0.000000,2.580548,-2.580549
-4.084706,4.084706,0.000000,0.000000,2.379275,-2.975308,0.596032,0.000000,0.000000,0.489410,-1.225870,0.736460,0.000000,0.000000,2.771957,-2.771957
-4.105445,4.105445,0.000000,0.000000,2.250278,-2.495259,0.244980,0.000000,0.000000,0.181826,-1.095263,0.913438,0.000000,0.000000,2.769257,-2.769257
-3.780204,3.780204,0.000000,0.000000,2.106569,-2.215211,0.108643,0.000000,0.000000,0.269367,-1.051080,0.781713,0.000000,0.000000,2.611732,-2.611731
-3.972500,3.972500,0.000000,0.000000,2.183111,-2.369390,0.186279,0.000000,0.000000,0.124741,-1.030206,0.905466,0.000000,0.000000,2.612652,-2.612652
-3.702011,3.702011,0.000000,0.000000,1.982656,-2.196370,0.213715,0.000000,0.000000,0.202871,-0.817186,0.614315,0.000000,0.000000,2.720206,-2.720206
-3.878627,3.878627,0.000000,0.000000,2.179112,-2.702513,0.523401,0.000000,0.000000,0.191207,-1.031148,0.839941,0.000000,0.000000,2.505605,-2.505605
-4.122666,4.122666,0.000000,0.000000,2.307829,-2.377927,0.070097,0.000000,0.000000,0.388986,-1.150640,0.761654,0.000000,0.000000,2.846873,-2.846873
-4.077602,4.077602,0.000000,0.000000,2.176829,-2.310299,0.133470,0.000000,0.000000,0.419649,-0.925356,0.505707,0.000000,0.000000,2.674312,-2.674313
-4.139230,4.139230,0.000000,0.000000,2.309599,-2.377127,0.067529,0.000000,0.000000,0.309524,-1.051099,0.741575,0.000000,0.000000,2.864184,-2.864184
-3.810602,3.810602,0.000000,0.000000,2.422726,-2.584409,0.161682,0.000000,0.000000,0.405517,-1.388566,0.983049,0.000000,0.000000,2.541105,-2.541105
-3.891148,3.891148,0.000000,0.000000,2.415684,-2.741046,0.325362,0.000000,0.000000,0.041502,-0.830793,0.789291,0.000000,0.000000,2.790983,-2.790983
-3.950449,3.950449,0.000000,0.000000,2.400461,-2.481810,0.081349,0.000000,0.000000,0.061032,-0.891365,0.830333,0.000000,0.000000,2.683528,-2.683529
-3.856724,3.856724,0.000000,0.000000,2.244833,-2.819765,0.574931,0.000000,0.000000,0.143295,-0.870351,0.727056,0.000000,0.000000,2.614948,-2.614948
-3.611008,3.611008,0.000000,0.000000,2.263025,-2.562772,0.299747,0.000000,0.000000,0.349351,-1.379205,1.029854,0.000000,0.000000,2.735621,-2.735621
-4.181950,4.181950,0.000000,0.000000,2.272988,-2.289998,0.017010,0.000000,0.000000,0.365002,-0.905132,0.540130,0.000000,0.000000,2.574651,-2.574651
-3.874158,3.874158,0.000000,0.000000,2.443482,-2.574171,0.130689,0.000000,0.000000,0.069605,-0.609370,0.539765,0.000000,0.000000,2.647244,-2.647244
-4.042573,4.042573,0.000000,0.000000,2.254245,-2.289087,0.034842,0.000000,0.000000,0.032027,-1.112058,1.080031,0.000000,0.000000,2.728095,-2.728095
-3.970112,3.970111,0.000000,0.000000,2.200299,-2.453108,0.252809,0.000000,0.000000,0.027810,-0.615270,0.587460,0.000000,0.000000,2.606608,-2.606608
-3.967141,3.967141,0.000000,0.000000,2.024069,-2.340945,0.316876,0.000000,0.000000,0.167029,-0.879687,0.712659,0.000000,0.000000,2.706994,-2.706994
-3.915365,3.915365,0.000000,0.000000,2.355597,-2.426878,0.071281,0.000000,0.000000,0.273503,-1.195920,0.922416,0.000000,0.000000,2.466934,-2.466934
-4.147823,4.147823,0.000000,0.000000,2.232570,-2.341671,0.109101,0.000000,0.000000,0.030404,-0.781546,0.751142,0.000000,0.000000,2.685994,-2.685994
-4.090467,4.090467,0.000000,0.000000,2.205725,-2.514879,0.309154,0.000000,0.000000,0.223435,-1.213987,0.990553,0.000000,0.000000,2.659137,-2.659137
-4.042424,4.042424,0.000000,0.000000,2.426755,-2.466351,0.039597,0.000000,0.000000,0.260255,-0.850641,0.590386,0.000000,0.000000,2.732310,-2.732310
-4.054513,4.054513,0.000000,0.000000,2.295660,-2.848406,0.552747,0.000000,0.000000,0.028289,-0.490463,0.462175,0.000000,0.000000,2.625671,-2.625672
-3.932846,3.932846,0.000000,0.000000,2.526309,-2.651446,0.125137,0.000000,0.000000,0.138122,-0.887115,0.748993,0.000000,0.000000,2.532355,-2.532355
-3.908372,3.908372,0.000000,0.000000,2.334842,-2.680476,0.345634,0.000000,0.000000,0.456089,-1.279808,0.823719,0.000000,0.000000,2.610539,-2.610539
-3.973960,3.973960,0.000000,0.000000,2.362487,-2.709141,0.346654,0.000000,0.000000,0.501345,-1.271741,0.770397,0.000000,0.000000,2.544985,-2.544985
-4.119611,4.119611,0.000000,0.000000,2.204910,-2.533925,0.329014,0.000000,0.000000,0.263026,-1.086870,0.823844,0.000000,0.000000,2.822296,-2.822297
-3.799419,3.799419,0.000000,0.000000,2.649955,-2.813488,0.163533,0.000000,0.000000,0.309786,-1.040770,0.730985,0.000000,0.000000,2.808440,-2.808440
-3.996218,3.996218,0.000000,0.000000,2.413461,-2.846110,0.432650,0.000000,0.000000,0.054084,-0.801392,0.747308,0.000000,0.000000,2.633261,-2.633261
-4.150475,4.150475,0.000000,0.000000,2.255311,-2.809310,0.554000,0.000000,0.000000,0.181931,-0.861076,0.679146,0.000000,0.000000,2.766405,-2.766405
-4.125788,4.125788,0.000000,0.000000,2.273190,-2.375387,0.102198,0.000000,0.000000,0.160544,-0.883478,0.722935,0.000000,0.000000,2.837307,-2.837307
-3.921058,3.921058,0.000000,0.000000,2.207707,-2.419145,0.211438,0.000000,0.000000,0.222712,-0.932354,0.709642,0.000000,0.000000,2.610696,-2.610697
-4.213342,4.213342,0.000000,0.000000,2.296132,-2.642168,0.346037,0.000000,0.000000,0.150292,-0.788843,0.638551,0.000000,0.000000,2.752180,-2.752180
-4.293133,4.293133,0.000000,0.000000,2.281691,-2.581294,0.299603,0.000000,0.000000,0.147004,-0.802386,0.655382,0.000000,0.000000,2.853218,-2.853218
-4.050459,4.050459,0.000000,0.000000,2.443753,-2.744028,0.300275,0.000000,0.000000,0.341288,-1.210201,0.868913,0.000000,0.000000,2.584755,-2.584755
-3.978978,3.978978,0.000000,0.000000,2.357297,-2.566916,0.209618,0.000000,0.000000,0.230740,-1.114265,0.883525,0.000000,0.000000,2.692023,-2.692023
-4.271317,4.271317,0.000000,0.000000,2.303180,-2.856125,0.552945,0.000000,0.000000,0.151200,-1.146951,0.995751,0.000000,0.000000,2.875795,-2.875795
-3.940931,3.940931,0.000000,0.000000,2.270971,-2.332491,0.061520,0.000000,0.000000,0.078812,-0.806793,0.727981,0.000000,0.000000,2.742805,-2.742805
-3.995610,3.995611,0.000000,0.000000,2.193588,-2.401916,0.208328,0.000000,0.000000,0.160642,-1.005987,0.845345,0.000000,0.000000,2.738559,-2.738559
-3.933702,3.933702,0.000000,0.000000,2.316683,-2.497851,0.181168,0.000000,0.000000,0.008621,-1.052591,1.043970,0.000000,0.000000,2.702502,-2.702502
-3.925610,3.925610,0.000000,0.000000,2.262255,-2.333031,0.070776,0.000000,0.000000,0.094141,-0.840219,0.746077,0.000000,0.000000,2.734692,-2.734692
-3.869656,3.869656,0.000000,0.000000,2.360136,-2.757601,0.397465,0.000000,0.000000,0.186761,-1.090909,0.904148,0.000000,0.000000,2.683278,-2.683278
-3.921942,3.921942,0.000000,0.000000,2.428026,-2.471498,0.043472,0.000000,0.000000,0.037656,-0.901589,0.863933,0.000000,0.000000,2.729946,-2.729946
-3.961176,3.961176,0.000000,0.000000,2.116674,-2.331790,0.215116,0.000000,0.000000,0.397169,-1.020665,0.623496,0.000000,0.000000,2.668538,-2.668538
-3.771138,3.771138,0.000000,0.000000,2.208197,-2.224962,0.016765,0.000000,0.000000,0.027147,-0.918904,0.891757,0.000000,0.000000,2.708297,-2.708297
-3.867440,3.867440,0.000000,0.000000,2.120085,-2.271463,0.151378,0.000000,0.000000,0.058530,-0.829743,0.771213,0.000000,0.000000,2.734464,-2.734464
-3.895239,3.895238,0.000000,0.000000,2.208587,-2.588301,0.379714,0.000000,0.000000,0.006086,-0.807338,0.801252,0.000000,0.000000,2.706267,-2.706267
-3.883295,3.883295,0.000000,0.000000,2.164909,-2.461423,0.296514,0.000000,0.000000,0.135291,-1.022453,0.887162,0.000000,0.000000,2.777812,-2.777811
-3.885916,3.885916,0.000000,0.000000,2.256891,-2.268567,0.011675,0.000000,0.000000,0.039859,-0.719848,0.679988,0.000000,0.000000,2.589193,-2.589194
-3.932596,3.932596,0.000000,0.000000,2.352397,-2.559823,0.207426,0.000000,0.000000,0.298919,-1.139709,0.840790,0.000000,0.000000,2.724241,-2.724241
-3.885999,3.885998,0.000000,0.000000,2.345879,-2.386721,0.040842,0.000000,0.000000,0.295131,-1.123690,0.828559,0.000000,0.000000,2.702237,-2.702237
-3.948279,3.948279,0.000000,0.000000,2.017972,-2.272280,0.254309,0.000000,0.000000,0.564564,-1.256354,0.691790,0.000000,0.000000,2.616787,-2.616787
-3.951490,3.951490,0.000000,0.000000,2.122659,-2.154039,0.031380,0.000000,0.000000,0.062812,-0.936735,0.873923,0.000000,0.000000,2.714789,-2.714789
-3.837212,3.837212,0.000000,0.000000,2.198337,-2.492487,0.294150,0.000000,0.000000,0.044872,-0.852273,0.807400,0.000000,0.000000,2.766532,-2.766532
-3.700702,3.700702,0.000000,0.000000,2.173053,-2.275665,0.102612,0.000000,0.000000,0.340189,-0.985458,0.645269,0.000000,0.000000,2.640728,-2.640728
-3.833817,3.833817,0.000000,0.000000,2.301278,-2.497469,0.196191,0.000000,0.000000,0.215389,-1.002190,0.786801,0.000000,0.000000,2.568840,-2.568840
-3.950964,3.950964,0.000000,0.000000,2.173341,-2.259992,0.086651,0.000000,0.000000,0.060523,-0.973293,0.912770,0.000000,0.000000,2.752003,-2.752003
-4.010184,4.010183,0.000000,0.000000,2.307572,-2.426403,0.118831,0.000000,0.000000,0.206991,-1.179994,0.973002,0.000000,0.000000,2.633593,-2.633593
-4.151441,4.151441,0.000000,0.000000,2.155858,-2.323167,0.167309,0.000000,0.000000,0.175067,-1.170188,0.995121,0.000000,0.000000,2.821764,-2.821764
-4.020253,4.020253,0.000000,0.000000,2.249718,-2.527361,0.277643,0.000000,0.000000,0.137782,-1.065786,0.928005,0.000000,0.000000,2.771132,-2.771132
-3.887473,3.887474,0.000000,0.000000,2.263447,-2.375249,0.111802,0.000000,0.000000,0.267039,-1.191795,0.924757,0.000000,0.000000,2.578837,-2.578837
-3.954785,3.954785,0.000000,0.000000,2.301863,-2.466891,0.165027,0.000000,0.000000,0.022266,-0.859913,0.837647,0.000000,0.000000,2.715666,-2.715666
-3.866541,3.866541,0.000000,0.000000,2.364144,-2.375163,0.011019,0.000000,0.000000,0.306719,-1.128349,0.821630,0.000000,0.000000,2.565859,-2.565859
-4.077481,4.077481,0.000000,0.000000,2.104815,-2.557990,0.453175,0.000000,0.000000,0.123611,-0.973663,0.850053,0.000000,0.000000,2.840343,-2.840344
-4.030949,4.030949,0.000000,0.000000,2.212158,-2.263880,0.051722,0.000000,0.000000,0.156901,-0.914820,0.757919,0.000000,0.000000,2.668412,-2.668412
-3.950130,3.950130,0.000000,0.000000,2.253568,-2.378113,0.124545,0.000000,0.000000,0.043710,-0.927612,0.883902,0.000000,0.000000,2.603638,-2.603638
-4.075093,4.075093,0.000000,0.000000,2.132532,-2.502306,0.369774,0.000000,0.000000,0.384761,-1.169945,0.785184,0.000000,0.000000,2.796170,-2.796170
-4.095666,4.095666,0.000000,0.000000,2.211266,-2.415760,0.204493,0.000000,0.000000,0.132259,-0.957500,0.825241,0.000000,0.000000,2.677399,-2.677399
-3.910195,3.910195,0.000000,0.000000,2.293541,-2.672925,0.379385,0.000000,0.000000,0.272034,-1.314548,1.042514,0.000000,0.000000,2.920452,-2.920452
-3.986124,3.986124,0.000000,0.000000,2.295183,-2.565016,0.269833,0.000000,0.000000,0.233013,-0.944936,0.711923,0.000000,0.000000,2.660890,-2.660890
-3.831956,3.831956,0.000000,0.000000,2.283997,-2.378858,0.094860,0.000000,0.000000,0.106988,-0.809639,0.702651,0.000000,0.000000,2.772311,-2.772311
-3.935890,3.935890,0.000000,0.000000,2.295940,-2.538903,0.242964,0.000000,0.000000,0.158584,-0.925674,0.767090,0.000000,0.000000,2.548064,-2.548064
-3.828803,3.828803,0.000000,0.000000,2.188096,-2.245414,0.057318,0.000000,0.000000,0.192379,-0.982705,0.790326,0.000000,0.000000,2.602830,-2.602830
-3.971246,3.971246,0.000000,0.000000,2.194283,-2.454436,0.260153,0.000000,0.000000,0.079607,-0.866099,0.786492,0.000000,0.000000,2.750047,-2.750047
-4.097398,4.097398,0.000000,0.000000,2.158554,-2.218456,0.059903,0.000000,0.000000,0.048781,-0.921532,0.872751,0.000000,0.000000,2.703475,-2.703475
-3.881344,3.881344,0.000000,0.000000,2.179322,-2.314332,0.135010,0.000000,0.000000,0.158649,-0.972540,0.813891,0.000000,0.000000,2.766684,-2.766684
-4.105752,4.105752,0.000000,0.000000,2.331245,-2.695599,0.364353,0.000000,0.000000,0.041706,-0.880645,0.838939,0.000000,0.000000,2.724598,-2.724597
-3.924421,3.924421,0.000000,0.000000,2.347256,-2.432926,0.085670,0.000000,0.000000,0.010689,-0.879794,0.869105,0.000000,0.000000,2.651191,-2.651191
-3.940324,3.940324,0.000000,0.000000,2.299203,-2.397548,0.098345,0.000000,0.000000,0.008323,-0.783631,0.775308,0.000000,0.000000,2.574095,-2.574095
-3.971292,3.971292,0.000000,0.000000,2.185272,-2.337312,0.152039,0.000000,0.000000,0.173337,-0.968167,0.794830,0.000000,0.000000,2.693478,-2.693478
-3.922395,3.922395,0.000000,0.000000,2.388275,-2.679670,0.291395,0.000000,0.000000,0.362731,-1.244053,0.881322,0.000000,0.000000,2.778053,-2.778053
-3.975206,3.975206,0.000000,0.000000,2.284085,-2.600013,0.315928,0.000000,0.000000,0.159606,-0.997547,0.837941,0.000000,0.000000,2.653217,-2.653217
-3.963929,3.963930,0.000000,0.000000,2.348319,-2.442746,0.094426,0.000000,0.000000,0.043781,-0.800066,0.756285,0.000000,0.000000,2.719944,-2.719944
-3.944710,3.944710,0.000000,0.000000,2.222660,-2.441061,0.218401,0.000000,0.000000,0.101245,-0.940233,0.838987,0.000000,0.000000,2.524847,-2.524847
-4.022384,4.022384,0.000000,0.000000,2.226565,-2.498490,0.271925,0.000000,0.000000,0.005944,-0.839043,0.833099,0.000000,0.000000,2.652057,-2.652057
-3.974961,3.974961,0.000000,0.000000,2.350485,-2.687058,0.336573,0.000000,0.000000,0.121297,-0.830224,0.708927,0.000000,0.000000,2.667007,-2.667007
-3.945637,3.945637,0.000000,0.000000,2.231947,-2.540931,0.308983,0.000000,0.000000,0.101033,-0.997738,0.896705,0.000000,0.000000,2.610065,-2.610065
-3.874385,3.874385,0.000000,0.000000,2.316049,-2.425694,0.109645,0.000000,0.000000,0.033353,-0.877012,0.843659,0.000000,0.000000,2.523050,-2.523050
-3.968968,3.968968,0.000000,0.000000,2.314612,-2.614397,0.299785,0.000000,0.000000,0.189953,-1.000710,0.810756,0.000000,0.000000,2.672510,-2.672510
-4.008882,4.008882,0.000000,0.000000,2.251451,-2.529536,0.278086,0.000000,0.000000,0.167967,-1.111618,0.943651,0.000000,0.000000,2.737896,-2.737896
-3.934993,3.934993,0.000000,0.000000,2.214026,-2.369084,0.155059,0.000000,0.000000,0.005917,-0.754922,0.749005,0.000000,0.000000,2.616201,-2.616201
-3.860255,3.860255,0.000000,0.000000,2.033892,-2.054702,0.020810,0.000000,0.000000,0.209618,-1.027244,0.817626,0.000000,0.000000,2.774634,-2.774634
-3.838804,3.838804,0.000000,0.000000,2.376255,-2.980791,0.604536,0.000000,0.000000,0.359271,-1.080840,0.721569,0.000000,0.000000,2.519000,-2.519000
-4.106247,4.106247,0.000000,0.000000,2.291978,-2.599852,0.307874,0.000000,0.000000,0.380635,-0.909166,0.528530,0.000000,0.000000,2.840087,-2.840087
-3.912606,3.912606,0.000000,0.000000,2.237959,-2.663246,0.425287,0.000000,0.000000,0.108404,-1.006211,0.897807,0.000000,0.000000,2.746345,-2.746345
-3.967669,3.967669,0.000000,0.000000,2.437336,-2.787357,0.350022,0.000000,0.000000,0.408163,-1.184422,0.776260,0.000000,0.000000,2.761211,-2.761211
-4.101335,4.101335,0.000000,0.000000,2.372449,-2.530949,0.158500,0.000000,0.000000,0.214015,-1.076466,0.862451,0.000000,0.000000,2.738612,-2.738612
-3.800221,3.800221,0.000000,0.000000,2.156760,-2.646725,0.489965,0.000000,0.000000,0.114599,-0.914332,0.799733,0.000000,0.000000,2.818442,-2.818443
-3.887789,3.887789,0.000000,0.000000,2.273114,-2.543023,0.269910,0.000000,0.000000,0.117896,-1.043080,0.925184,0.000000,0.000000,2.850417,-2.850417
-4.023359,4.023359,0.000000,0.000000,2.175797,-2.482713,0.306917,0.000000,0.000000,0.249966,-1.124488,0.874521,0.000000,0.000000,2.666988,-2.666988
-3.969446,3.969446,0.000000,0.000000,2.294870,-2.624939,0.330069,0.000000,0.000000,0.168792,-0.995266,0.826475,0.000000,0.000000,2.685051,-2.685051
-3.952245,3.952245,0.000000,0.000000,2.429531,-2.586592,0.157061,0.000000,0.000000,0.379162,-1.115875,0.736713,0.000000,0.000000,2.841896,-2.841896
-3.946704,3.946704,0.000000,0.000000,2.165357,-2.442554,0.277197,0.000000,0.000000,0.045131,-0.921426,0.876295,0.000000,0.000000,2.710287,-2.710287
-3.854533,3.854533,0.000000,0.000000,2.271601,-2.724316,0.452715,0.000000,0.000000,0.187521,-1.003008,0.815487,0.000000,0.000000,2.650619,-2.650619
-4.018312,4.018313,0.000000,0.000000,2.318951,-2.530747,0.211795,0.000000,0.000000,0.040784,-0.782395,0.741611,0.000000,0.000000,2.673800,-2.673800
-3.800849,3.800849,0.000000,0.000000,2.249778,-2.336313,0.086534,0.000000,0.000000,0.289516,-1.240588,0.951071,0.000000,0.000000,2.661678,-2.661678
-4.001050,4.001050,0.000000,0.000000,2.193149,-2.623793,0.430644,0.000000,0.000000,0.520524,-1.186458,0.665934,0.000000,0.000000,2.606455,-2.606455
-4.007853,4.007853,0.000000,0.000000,2.177187,-2.473590,0.296403,0.000000,0.000000,0.133806,-0.971691,0.837884,0.000000,0.000000,2.694671,-2.694671
-3.927954,3.927955,0.000000,0.000000,2.239257,-2.338290,0.099033,0.000000,0.000000,0.115359,-0.911572,0.796213,0.000000,0.000000,2.679921,-2.679921
-3.845395,3.845395,0.000000,0.000000,2.357560,-2.562836,0.205275,0.000000,0.000000,0.069498,-0.906114,0.836616,0.000000,0.000000,2.615113,-2.615113
-3.916680,3.916680,0.000000,0.000000,2.244316,-2.536541,0.292225,0.000000,0.000000,0.194735,-0.972272,0.777537,0.000000,0.000000,2.691158,-2.691158
-4.071739,4.071739,0.000000,0.000000,2.283379,-2.306762,0.023384,0.000000,0.000000,0.430984,-1.167884,0.736900,0.000000,0.000000,2.692607,-2.692607
-3.869123,3.869124,0.000000,0.000000,2.099870,-2.161834,0.061963,0.000000,0.000000,0.069038,-0.992461,0.923424,0.000000,0.000000,2.484937,-2.484937
-3.909761,3.909760,0.000000,0.000000,2.304061,-2.360086,0.056026,0.000000,0.000000,0.014825,-0.807583,0.792757,0.000000,0.000000,2.709810,-2.709811
-3.862386,3.862386,0.000000,0.000000,2.379966,-2.519368,0.139402,0.000000,0.000000,0.227451,-1.175389,0.947938,0.000000,0.000000,2.656692,-2.656692
-3.920417,3.920417,0.000000,0.000000,2.294276,-3.096447,0.802172,0.000000,0.000000,0.152410,-1.016844,0.864434,0.000000,0.000000,2.794202,-2.794201
-4.008444,4.008444,0.000000,0.000000,2.316122,-2.593964,0.277842,0.000000,0.000000,0.060863,-0.904501,0.843638,0.000000,0.000000,2.739704,-2.739704
-3.995368,3.995368,0.000000,0.000000,2.233507,-2.518225,0.284718,0.000000,0.000000,0.017445,-0.933577,0.916133,0.000000,0.000000,2.644377,-2.644377
-4.068139,4.068139,0.000000,0.000000,2.136999,-2.261474,0.124475,0.000000,0.000000,0.035020,-0.819387,0.784367,0.000000,0.000000,2.690050,-2.690051
-4.076384,4.076384,0.000000,0.000000,2.413033,-2.618535,0.205502,0.000000,0.000000,0.122082,-0.878226,0.756144,0.000000,0.000000,2.757727,-2.757727
-3.889592,3.889592,0.000000,0.000000,2.138223,-2.274845,0.136621,0.000000,0.000000,0.061005,-0.833280,0.772275,0.000000,0.000000,2.701429,-2.701429
-3.957301,3.957301,0.000000,0.000000,2.121922,-2.271824,0.149902,0.000000,0.000000,0.374931,-1.180555,0.805624,0.000000,0.000000,2.726403,-2.726403
-4.010191,4.010191,0.000000,0.000000,2.350017,-2.501570,0.151554,0.000000,0.000000,0.129838,-1.009450,0.879612,0.000000,0.000000,2.667839,-2.667839
-4.007151,4.007151,0.000000,0.000000,2.330202,-2.479212,0.149010,0.000000,0.000000,0.073469,-0.893282,0.819814,0.000000,0.000000,2.680604,-2.680604
-4.050737,4.050737,0.000000,0.000000,2.162361,-2.236977,0.074617,0.000000,0.000000,0.063351,-0.911354,0.848003,0.000000,0.000000,2.717135,-2.717135
-3.985371,3.985371,0.000000,0.000000,2.281244,-2.310022,0.028778,0.000000,0.000000,0.229450,-1.032075,0.802625,0.000000,0.000000,2.669434,-2.669434
-3.921245,3.921245,0.000000,0.000000,2.350302,-2.492606,0.142304,0.000000,0.000000,0.123279,-1.003274,0.879995,0.000000,0.000000,2.590578,-2.590578
-3.919614,3.919614,0.000000,0.000000,2.259670,-2.503076,0.243406,0.000000,0.000000,0.313660,-1.163264,0.849604,0.000000,0.000000,2.697642,-2.697642
-4.122428,4.122428,0.000000,0.000000,2.251073,-2.426385,0.175312,0.000000,0.000000,0.047906,-0.877825,0.829919,0.000000,0.000000,2.806829,-2.806829
-4.042536,4.042536,0.000000,0.000000,2.153025,-2.314061,0.161036,0.000000,0.000000,0.052755,-0.703818,0.651063,0.000000,0.000000,2.695320,-2.695320
-3.932396,3.932396,0.000000,0.000000,2.231846,-2.528313,0.296466,0.000000,0.000000,0.460835,-1.334980,0.874146,0.000000,0.000000,2.759426,-2.759426
-3.941132,3.941132,0.000000,0.000000,2.220179,-2.396372,0.176193,0.000000,0.000000,0.356345,-1.177730,0.821385,0.000000,0.000000,2.745926,-2.745926
-3.853765,3.853765,0.000000,0.000000,2.302953,-2.498067,0.195114,0.000000,0.000000,0.274305,-1.103168,0.828864,0.000000,0.000000,2.647666,-2.647666
-3.874533,3.874533,0.000000,0.000000,2.182600,-2.384204,0.201604,0.000000,0.000000,0.135986,-0.848973,0.712987,0.000000,0.000000,2.678276,-2.678276
-4.038412,4.038412,0.000000,0.000000,2.189452,-2.491977,0.302525,0.000000,0.000000,0.359037,-1.102576,0.743539,0.000000,0.000000,2.722138,-2.722138
-3.979284,3.979284,0.000000,0.000000,2.320303,-2.368745,0.048443,0.000000,0.000000,0.299627,-1.081691,0.782064,0.000000,0.000000,2.687236,-2.687236
-4.010891,4.010891,0.000000,0.000000,2.259720,-2.668743,0.409023,0.000000,0.000000,0.345008,-1.163966,0.818958,0.000000,0.000000,2.706833,-2.706833
-3.990508,3.990509,0.000000,0.000000,2.237306,-2.338835,0.101529,0.000000,0.000000,0.152591,-1.008931,0.856340,0.000000,0.000000,2.664240,-2.664239
-3.951309,3.951309,0.000000,0.000000,2.297192,-2.537339,0.240146,0.000000,0.000000,0.086316,-0.821855,0.735539,0.000000,0.000000,2.634096,-2.634096
-3.955083,3.955083,0.000000,0.000000,2.232413,-2.400494,0.168081,0.000000,0.000000,0.000099,-0.826516,0.826417,0.000000,0.000000,2.685705,-2.685705
-4.030065,4.030065,0.000000,0.000000,2.340128,-2.483673,0.143545,0.000000,0.000000,0.041071,-1.071010,1.029939,0.000000,0.000000,2.705804,-2.705804
-3.866897,3.866896,0.000000,0.000000,2.248428,-2.525857,0.277429,0.000000,0.000000,0.391817,-1.235746,0.843929,0.000000,0.000000,2.599993,-2.599993
-4.055417,4.055417,0.000000,0.000000,2.315911,-2.461089,0.145178,0.000000,0.000000,0.181214,-0.960212,0.778997,0.000000,0.000000,2.715918,-2.715918
-3.911808,3.911808,0.000000,0.000000,2.306886,-2.541025,0.234139,0.000000,0.000000,0.068012,-0.960534,0.892522,0.000000,0.000000,2.701289,-2.701290
-3.942687,3.942687,0.000000,0.000000,2.236188,-2.382877,0.146689,0.000000,0.000000,0.166877,-0.910590,0.743713,0.000000,0.000000,2.848915,-2.848915
-3.962470,3.962470,0.000000,0.000000,2.208357,-2.486514,0.278158,0.000000,0.000000,0.241183,-1.248871,1.007688,0.000000,0.000000,2.722144,-2.722144
-3.913951,3.913951,0.000000,0.000000,2.226485,-2.634890,0.408405,0.000000,0.000000,0.019568,-0.947707,0.928139,0.000000,0.000000,2.630615,-2.630615
-4.023526,4.023525,0.000000,0.000000,2.235607,-2.337862,0.102255,0.000000,0.000000,0.116589,-0.759127,0.642538,0.000000,0.000000,2.727349,-2.727349
-3.994135,3.994134,0.000000,0.000000,2.372503,-2.394264,0.021762,0.000000,0.000000,0.012152,-0.797325,0.785174,0.000000,0.000000,2.641843,-2.641844
-3.901145,3.901145,0.000000,0.000000,2.329336,-2.697465,0.368130,0.000000,0.000000,0.043859,-0.994056,0.950197,0.000000,0.000000,2.638718,-2.638718
-3.901574,3.901574,0.000000,0.000000,2.277350,-2.516759,0.239408,0.000000,0.000000,0.010363,-0.915512,0.905149,0.000000,0.000000,2.604908,-2.604908
-3.928065,3.928065,0.000000,0.000000,2.205634,-2.226193,0.020559,0.000000,0.000000,0.126454,-0.948082,0.821628,0.000000,0.000000,2.614575,-2.614575
-3.941567,3.941567,0.000000,0.000000,2.305961,-2.565516,0.259555,0.000000,0.000000,0.169108,-1.001316,0.832208,0.000000,0.000000,2.735112,-2.735112
-4.035126,4.035126,0.000000,0.000000,2.265534,-2.287816,0.022282,0.000000,0.000000,0.053550,-0.880288,0.826739,0.000000,0.000000,2.667078,-2.667078
-3.894257,3.894257,0.000000,0.000000,2.174371,-2.273520,0.099149,0.000000,0.000000,0.173029,-1.059473,0.886443,0.000000,0.000000,2.614059,-2.614059
-3.880885,3.880885,0.000000,0.000000,2.274547,-2.286428,0.011881,0.000000,0.000000,0.218499,-1.000389,0.781890,0.000000,0.000000,2.609891,-2.609891
-3.861973,3.861973,0.000000,0.000000,2.183537,-2.610591,0.427054,0.000000,0.000000,0.068825,-0.894759,0.825934,0.000000,0.000000,2.796145,-2.796146
-4.023705,4.023705,0.000000,0.000000,2.296614,-2.537522,0.240908,0.000000,0.000000,0.287268,-1.169538,0.882271,0.000000,0.000000,2.735299,-2.735299
-4.091236,4.091236,0.000000,0.000000,2.173554,-2.219366,0.045811,0.000000,0.000000,0.169663,-0.887092,0.717429,0.000000,0.000000,2.705348,-2.705348
-4.020251,4.020251,0.000000,0.000000,2.247462,-2.280699,0.033237,0.000000,0.000000,0.305924,-1.092746,0.786822,0.000000,0.000000,2.875414,-2.875414
-3.959599,3.959599,0.000000,0.000000,2.241631,-2.369566,0.127935,0.000000,0.000000,0.194533,-1.030103,0.835570,0.000000,0.000000,2.638612,-2.638612
-3.952880,3.952880,0.000000,0.000000,2.175588,-2.732388,0.556800,0.000000,0.000000,0.113216,-0.910860,0.797644,0.000000,0.000000,2.659525,-2.659525
-3.807685,3.807685,0.000000,0.000000,2.274466,-2.306130,0.031664,0.000000,0.000000,0.082713,-0.905424,0.822711,0.000000,0.000000,2.700964,-2.700964
-3.897760,3.897760,0.000000,0.000000,2.301206,-2.400738,0.099532,0.000000,0.000000,0.214761,-1.163504,0.948743,0.000000,0.000000,2.627323,-2.627323
-3.999388,3.999388,0.000000,0.000000,2.321688,-2.525443,0.203755,0.000000,0.000000,0.068519,-0.861684,0.793165,0.000000,0.000000,2.763391,-2.763391
-4.092200,4.092200,0.000000,0.000000,2.249039,-2.542621,0.293582,0.000000,0.000000,0.090076,-0.810874,0.720797,0.000000,0.000000,2.706593,-2.706593
-3.926007,3.926006,0.000000,0.000000,2.249899,-2.640709,0.390809,0.000000,0.000000,0.069228,-0.878365,0.809137,0.000000,0.000000,2.647212,-2.647212
-4.002650,4.002650,0.000000,0.000000,2.284909,-2.299160,0.014251,0.000000,0.000000,0.221614,-1.021237,0.799623,0.000000,0.000000,2.717097,-2.717097
-3.917993,3.917993,0.000000,0.000000,2.251500,-2.472665,0.221165,0.000000,0.000000,0.200625,-1.046095,0.845470,0.000000,0.000000,2.597106,-2.597106
-3.984330,3.984330,0.000000,0.000000,2.258605,-2.351755,0.093150,0.000000,0.000000,0.008159,-0.757478,0.749319,0.000000,0.000000,2.608742,-2.608742
-3.973240,3.973240,0.000000,0.000000,2.317585,-2.337960,0.020375,0.000000,0.000000,0.054758,-0.851845,0.797087,0.000000,0.000000,2.738549,-2.738550
-3.952620,3.952620,0.000000,0.000000,2.225786,-2.251539,0.025753,0.000000,0.000000,0.052265,-0.901884,0.849619,0.000000,0.000000,2.772522,-2.772522
-3.892329,3.892329,0.000000,0.000000,2.316655,-2.689964,0.373309,0.000000,0.000000,0.171570,-1.049050,0.877480,0.000000,0.000000,2.704568,-2.704568
-3.959585,3.959586,0.000000,0.000000,2.173954,-2.496461,0.322507,0.000000,0.000000,0.049183,-0.827189,0.778006,0.000000,0.000000,2.773928,-2.773928
-4.033079,4.033079,0.000000,0.000000,2.267679,-2.427813,0.160134,0.000000,0.000000,0.004041,-0.914227,0.910186,0.000000,0.000000,2.777706,-2.777706
-3.952869,3.952869,0.000000,0.000000,2.317763,-2.344251,0.026488,0.000000,0.000000,0.218140,-1.025031,0.806890,0.000000,0.000000,2.610938,-2.610938
-3.995662,3.995662,0.000000,0.000000,2.298705,-2.451150,0.152445,0.000000,0.000000,0.194092,-0.972012,0.777920,0.000000,0.000000,2.652895,-2.652895
-4.045357,4.045357,0.000000,0.000000,2.264399,-2.592808,0.328410,0.000000,0.000000,0.031026,-0.746344,0.715318,0.000000,0.000000,2.619129,-2.619129
-3.980225,3.980225,0.000000,0.000000,2.352027,-2.455918,0.103890,0.000000,0.000000,0.160225,-1.029561,0.869336,0.000000,0.000000,2.721683,-2.721683
-4.014528,4.014528,0.000000,0.000000,2.229625,-2.980807,0.751182,0.000000,0.000000,0.074199,-0.868320,0.794121,0.000000,0.000000,2.671729,-2.671729
-3.903959,3.903959,0.000000,0.000000,2.340890,-2.540358,0.199467,0.000000,0.000000,0.085807,-0.873889,0.788081,0.000000,0.000000,2.647848,-2.647848
-3.979480,3.979480,0.000000,0.000000,2.247133,-2.499201,0.252068,0.000000,0.000000,0.012478,-0.777471,0.764993,0.000000,0.000000,2.678227,-2.678227
-3.980433,3.980433,0.000000,0.000000,2.236998,-2.552690,0.315692,0.000000,0.000000,0.153822,-0.964674,0.810852,0.000000,0.000000,2.704485,-2.704486
-3.998502,3.998502,0.000000,0.000000,2.277409,-2.475410,0.198001,0.000000,0.000000,0.158679,-1.096935,0.938256,0.000000,0.000000,2.731978,-2.731978
-3.995937,3.995937,0.000000,0.000000,2.211276,-2.359994,0.148718,0.000000,0.000000,0.014577,-0.836054,0.821477,0.000000,0.000000,2.772480,-2.772480
-4.052411,4.052411,0.000000,0.000000,2.222538,-2.774112,0.551575,0.000000,0.000000,0.293974,-1.068706,0.774732,0.000000,0.000000,2.744453,-2.744453
-3.961251,3.961251,0.000000,0.000000,2.222676,-2.404246,0.181569,0.000000,0.000000,0.045528,-0.876241,0.830712,0.000000,0.000000,2.719336,-2.719336
-3.995373,3.995373,0.000000,0.000000,2.236325,-2.421160,0.184836,0.000000,0.000000,0.042420,-0.779092,0.736672,0.000000,0.000000,2.694713,-2.694713
-3.912567,3.912567,0.000000,0.000000,2.161752,-2.258462,0.096710,0.000000,0.000000,0.049111,-0.929531,0.880420,0.000000,0.000000,2.671577,-2.671577
-3.949175,3.949175,0.000000,0.000000,2.285397,-2.317912,0.032515,0.000000,0.000000,0.024029,-0.803791,0.779762,0.000000,0.000000,2.694286,-2.694286
-3.955167,3.955167,0.000000,0.000000,2.249702,-2.329032,0.079330,0.000000,0.000000,0.028430,-0.853407,0.824977,0.000000,0.000000,2.735557,-2.735556
-3.952521,3.952521,0.000000,0.000000,2.332168,-2.446467,0.114298,0.000000,0.000000,0.142949,-0.917215,0.774267,0.000000,0.000000,2.574667,-2.574667
-3.910498,3.910498,0.000000,0.000000,2.238041,-2.298705,0.060664,0.000000,0.000000,0.131405,-1.012093,0.880687,0.000000,0.000000,2.695683,-2.695683
-3.968518,3.968518,0.000000,0.000000,2.114814,-2.578041,0.463227,0.000000,0.000000,0.020301,-0.769835,0.749534,0.000000,0.000000,2.661107,-2.661107
-3.978520,3.978520,0.000000,0.000000,2.266188,-2.434900,0.168713,0.000000,0.000000,0.045236,-0.849060,0.803824,0.000000,0.000000,2.617865,-2.617865
-4.018838,4.018838,0.000000,0.000000,2.291834,-2.318779,0.026946,0.000000,0.000000,0.053806,-0.895858,0.842052,0.000000,0.000000,2.665921,-2.665921
-3.947925,3.947925,0.000000,0.000000,2.189620,-2.293909,0.104288,0.000000,0.000000,0.142634,-1.031069,0.888435,0.000000,0.000000,2.777861,-2.777861
-3.985570,3.985570,0.000000,0.000000,2.257105,-2.477094,0.219990,0.000000,0.000000,0.105783,-0.984088,0.878305,0.000000,0.000000,2.698810,-2.698810
-3.899000,3.899000,0.000000,0.000000,2.262690,-2.381990,0.119300,0.000000,0.000000,0.086568,-0.910653,0.824085,0.000000,0.000000,2.723200,-2.723200
-3.957458,3.957458,0.000000,0.000000,2.275859,-2.541307,0.265448,0.000000,0.000000,0.155859,-0.897891,0.742032,0.000000,0.000000,2.779931,-2.779931
-3.980850,3.980850,0.000000,0.000000,2.252111,-2.307372,0.055261,0.000000,0.000000,0.027954,-0.796592,0.768638,0.000000,0.000000,2.718745,-2.718745
-3.925800,3.925800,0.000000,0.000000,2.162210,-2.619326,0.457117,0.000000,0.000000,0.032887,-0.830187,0.797299,0.000000,0.000000,2.676826,-2.676826
-3.885737,3.885737,0.000000,0.000000,2.201097,-2.252570,0.051473,0.000000,0.000000,0.158526,-1.004347,0.845821,0.000000,0.000000,2.694338,-2.694339
-3.959217,3.959217,0.000000,0.000000,2.297534,-2.533958,0.236425,0.000000,0.000000,0.381728,-1.196885,0.815157,0.000000,0.000000,2.636208,-2.636207
-3.907880,3.907880,0.000000,0.000000,2.235006,-2.617764,0.382758,0.000000,0.000000,0.078038,-0.945234,0.867195,0.000000,0.000000,2.706990,-2.706990
-3.932916,3.932916,0.000000,0.000000,2.289721,-2.478249,0.188528,0.000000,0.000000,0.255662,-1.071244,0.815582,0.000000,0.000000,2.688693,-2.688693
-3.870163,3.870163,0.000000,0.000000,2.174104,-2.377069,0.202966,0.000000,0.000000,0.174237,-0.991778,0.817541,0.000000,0.000000,2.626358,-2.626358
-4.097967,4.097967,0.000000,0.000000,2.269676,-2.672282,0.402606,0.000000,0.000000,0.047986,-0.710768,0.662782,0.000000,0.000000,2.654077,-2.654077
-3.960232,3.960231,0.000000,0.000000,2.266536,-2.408375,0.141839,0.000000,0.000000,0.050446,-0.879422,0.828976,0.000000,0.000000,2.722277,-2.722277
-3.880008,3.880008,0.000000,0.000000,2.235388,-2.292583,0.057195,0.000000,0.000000,0.095827,-0.932302,0.836475,0.000000,0.000000,2.675109,-2.675109
-3.892529,3.892529,0.000000,0.000000,2.240206,-2.330189,0.089983,0.000000,0.000000,0.149419,-0.984954,0.835536,0.000000,0.000000,2.668740,-2.668740
-3.888588,3.888588,0.000000,0.000000,2.288580,-2.369879,0.081299,0.000000,0.000000,0.122952,-0.823341,0.700389,0.000000,0.000000,2.710114,-2.710114
-4.104309,4.104309,0.000000,0.000000,2.228399,-2.343214,0.114816,0.000000,0.000000,0.495934,-1.316109,0.820175,0.000000,0.000000,2.800338,-2.800338
-4.002132,4.002132,0.000000,0.000000,2.275602,-2.501138,0.225537,0.000000,0.000000,0.051919,-0.931587,0.879667,0.000000,0.000000,2.671934,-2.671934
-4.020499,4.020499,0.000000,0.000000,2.218004,-2.284937,0.066933,0.000000,0.000000,0.098940,-0.920470,0.821530,0.000000,0.000000,2.760993,-2.760993
-3.943164,3.943165,0.000000,0.000000,2.271801,-2.305880,0.034079,0.000000,0.000000,0.026707,-0.875521,0.848813,0.000000,0.000000,2.721372,-2.721372
-3.904774,3.904774,0.000000,0.000000,2.238604,-2.307271,0.068666,0.000000,0.000000,0.032068,-0.937054,0.904986,0.000000,0.000000,2.744285,-2.744285
-3.981390,3.981390,0.000000,0.000000,2.311275,-2.513455,0.202180,0.000000,0.000000,0.067963,-0.860320,0.792357,0.000000,0.000000,2.627199,-2.627199
-3.936546,3.936546,0.000000,0.000000,2.276267,-2.409697,0.133429,0.000000,0.000000,0.293415,-1.161855,0.868440,0.000000,0.000000,2.686529,-2.686529
-3.986028,3.986029,0.000000,0.000000,2.334256,-2.354223,0.019967,0.000000,0.000000,0.050362,-0.870802,0.820440,0.000000,0.000000,2.700743,-2.700743
-4.019512,4.019512,0.000000,0.000000,2.314821,-2.458736,0.143915,0.000000,0.000000,0.205719,-1.053718,0.847999,0.000000,0.000000,2.731585,-2.731586
-4.038788,4.038788,0.000000,0.000000,2.250535,-2.468385,0.217850,0.000000,0.000000,0.035461,-0.813035,0.777574,0.000000,0.000000,2.750161,-2.750161
-3.875049,3.875049,0.000000,0.000000,2.317608,-2.345426,0.027818,0.000000,0.000000,0.074997,-0.917881,0.842884,0.000000,0.000000,2.658766,-2.658767
-3.999950,3.999950,0.000000,0.000000,2.318805,-2.407286,0.088480,0.000000,0.000000,0.032612,-0.807393,0.774781,0.000000,0.000000,2.690639,-2.690639
-4.016768,4.016768,0.000000,0.000000,2.215867,-2.492666,0.276799,0.000000,0.000000,0.003675,-0.758874,0.755200,0.000000,0.000000,2.784721,-2.784721
-3.928943,3.928943,0.000000,0.000000,2.196947,-2.339740,0.142792,0.000000,0.000000,0.114068,-0.917073,0.803005,0.000000,0.000000,2.716226,-2.716226
-3.956792,3.956792,0.000000,0.000000,2.202439,-2.519120,0.316681,0.000000,0.000000,0.380967,-1.194893,0.813926,0.000000,0.000000,2.683846,-2.683846
-3.916280,3.916280,0.000000,0.000000,2.270091,-2.297399,0.027308,0.000000,0.000000,0.117047,-0.985675,0.868628,0.000000,0.000000,2.713294,-2.713294
-3.923619,3.923619,0.000000,0.000000,2.221386,-2.448081,0.226694,0.000000,0.000000,0.283408,-1.144120,0.860712,0.000000,0.000000,2.645930,-2.645930
-4.021700,4.021700,0.000000,0.000000,2.250859,-2.279950,0.029092,0.000000,0.000000,0.192735,-1.089125,0.896390,0.000000,0.000000,2.709586,-2.709587
-4.069150,4.069151,0.000000,0.000000,2.207438,-2.371695,0.164257,0.000000,0.000000,0.053002,-0.816056,0.763054,0.000000,0.000000,2.780089,-2.780089
-3.996199,3.996200,0.000000,0.000000,2.295108,-2.667261,0.372153,0.000000,0.000000,0.318639,-1.115599,0.796960,0.000000,0.000000,2.709191,-2.709191
-3.935099,3.935099,0.000000,0.000000,2.256326,-2.322922,0.066596,0.000000,0.000000,0.226584,-1.089942,0.863358,0.000000,0.000000,2.672625,-2.672625
-3.966102,3.966102,0.000000,0.000000,2.209043,-2.352216,0.143173,0.000000,0.000000,0.033783,-0.768071,0.734289,0.000000,0.000000,2.684255,-2.684255
-3.919861,3.919861,0.000000,0.000000,2.211583,-2.407318,0.195736,0.000000,0.000000,0.010373,-0.713642,0.703268,0.000000,0.000000,2.636982,-2.636982
-3.961297,3.961297,0.000000,0.000000,2.262108,-2.470300,0.208192,0.000000,0.000000,0.165493,-1.029732,0.864239,0.000000,0.000000,2.734939,-2.734939
-3.961317,3.961317,0.000000,0.000000,2.282514,-2.326591,0.044077,0.000000,0.000000,0.293946,-1.141546,0.847600,0.000000,0.000000,2.686170,-2.686170
-3.986309,3.986308,0.000000,0.000000,2.250479,-2.530684,0.280205,0.000000,0.000000,0.013947,-0.791577,0.777630,0.000000,0.000000,2.685058,-2.685058
-3.952829,3.952829,0.000000,0.000000,2.290621,-2.684048,0.393428,0.000000,0.000000,0.114707,-1.022995,0.908288,0.000000,0.000000,2.635424,-2.635424
-4.063005,4.063005,0.000000,0.000000,2.296577,-2.370107,0.073530,0.000000,0.000000,0.072184,-0.862128,0.789944,0.000000,0.000000,2.674889,-2.674888
-3.845006,3.845006,0.000000,0.000000,2.226819,-2.498281,0.271463,0.000000,0.000000,0.152110,-0.991077,0.838968,0.000000,0.000000,2.584388,-2.584388
-4.001612,4.001612,0.000000,0.000000,2.308444,-2.397776,0.089331,0.000000,0.000000,0.087598,-0.947641,0.860042,0.000000,0.000000,2.685484,-2.685484
-3.917005,3.917005,0.000000,0.000000,2.317735,-2.457213,0.139478,0.000000,0.000000,0.031036,-0.844886,0.813850,0.000000,0.000000,2.613496,-2.613496
-3.962334,3.962334,0.000000,0.000000,2.265829,-2.679182,0.413353,0.000000,0.000000,0.285674,-1.084432,0.798758,0.000000,0.000000,2.657135,-2.657135
-3.969383,3.969383,0.000000,0.000000,2.184628,-2.301521,0.116893,0.000000,0.000000,0.083286,-0.801569,0.718282,0.000000,0.000000,2.779250,-2.779250
-3.933438,3.933438,0.000000,0.000000,2.169472,-2.358832,0.189360,0.000000,0.000000,0.113488,-0.843668,0.730180,0.000000,0.000000,2.598591,-2.598591
-3.959252,3.959252,0.000000,0.000000,2.327826,-2.659367,0.331541,0.000000,0.000000,0.249288,-1.116846,0.867558,0.000000,0.000000,2.650790,-2.650790
-3.932086,3.932086,0.000000,0.000000,2.224866,-2.237070,0.012204,0.000000,0.000000,0.115800,-0.862218,0.746418,0.000000,0.000000,2.661875,-2.661875
-3.976315,3.976315,0.000000,0.000000,2.310287,-2.378334,0.068048,0.000000,0.000000,0.072830,-0.869775,0.796945,0.000000,0.000000,2.665149,-2.665149
-3.950192,3.950192,0.000000,0.000000,2.223849,-2.273241,0.049393,0.000000,0.000000,0.038633,-0.808461,0.769827,0.000000,0.000000,2.663091,-2.663091
-3.878851,3.878851,0.000000,0.000000,2.309812,-2.814315,0.504503,0.000000,0.000000,0.110185,-0.792521,0.682336,0.000000,0.000000,2.724367,-2.724367
-3.984432,3.984432,0.000000,0.000000,2.254196,-2.287174,0.032978,0.000000,0.000000,0.202971,-0.981765,0.778794,0.000000,0.000000,2.725106,-2.725105
-3.958027,3.958027,0.000000,0.000000,2.273166,-2.428477,0.155311,0.000000,0.000000,0.086971,-0.902838,0.815867,0.000000,0.000000,2.675444,-2.675444
-3.932264,3.932264,0.000000,0.000000,2.220932,-2.524525,0.303593,0.000000,0.000000,0.114388,-0.946106,0.831719,0.000000,0.000000,2.689735,-2.689735
-3.973520,3.973520,0.000000,0.000000,2.240504,-2.514616,0.274112,0.000000,0.000000,0.098009,-0.849823,0.751814,0.000000,0.000000,2.695257,-2.695256
-3.923050,3.923050,0.000000,0.000000,2.274302,-2.523542,0.249240,0.000000,0.000000,0.238299,-1.029156,0.790857,0.000000,0.000000,2.677204,-2.677203
-3.902793,3.902793,0.000000,0.000000,2.292295,-2.559756,0.267460,0.000000,0.000000,0.265038,-1.005559,0.740521,0.000000,0.000000,2.666079,-2.666079
-3.937858,3.937858,0.000000,0.000000,2.190471,-2.258411,0.067940,0.000000,0.000000,0.015933,-0.780076,0.764143,0.000000,0.000000,2.737030,-2.737030
-3.973237,3.973237,0.000000,0.000000,2.244130,-2.357417,0.113287,0.000000,0.000000,0.092892,-0.868161,0.775269,0.000000,0.000000,2.688120,-2.688121
-3.968064,3.968064,0.000000,0.000000,2.341994,-2.405003,0.063010,0.000000,0.000000,0.021270,-0.781462,0.760192,0.000000,0.000000,2.654046,-2.654046
-3.927586,3.927586,0.000000,0.000000,2.372574,-2.593488,0.220914,0.000000,0.000000,0.027496,-0.948160,0.920664,0.000000,0.000000,2.671143,-2.671143
-3.961957,3.961957,0.000000,0.000000,2.242706,-2.295492,0.052787,0.000000,0.000000,0.000171,-0.776188,0.776017,0.000000,0.000000,2.657241,-2.657241
-3.943778,3.943779,0.000000,0.000000,2.192752,-2.310907,0.118155,0.000000,0.000000,0.129232,-0.903051,0.773820,0.000000,0.000000,2.731936,-2.731936
-4.032681,4.032681,0.000000,0.000000,2.268223,-2.532572,0.264349,0.000000,0.000000,0.304036,-1.123739,0.819703,0.000000,0.000000,2.727516,-2.727516
-4.035411,4.035410,0.000000,0.000000,2.200098,-2.462945,0.262846,0.000000,0.000000,0.066904,-0.838121,0.771216,0.000000,0.000000,2.698881,-2.698882
-4.009162,4.009162,0.000000,0.000000,2.213961,-2.473148,0.259187,0.000000,0.000000,0.004074,-0.802481,0.798407,0.000000,0.000000,2.659050,-2.659050
-3.933742,3.933742,0.000000,0.000000,2.246681,-2.278000,0.031318,0.000000,0.000000,0.044899,-0.920789,0.875890,0.000000,0.000000,2.669854,-2.669854
-3.967724,3.967724,0.000000,0.000000,2.260810,-2.408182,0.147372,0.000000,0.000000,0.081650,-0.826232,0.744582,0.000000,0.000000,2.650189,-2.650189
-3.926425,3.926425,0.000000,0.000000,2.237757,-2.429274,0.191517,0.000000,0.000000,0.042271,-0.851879,0.809608,0.000000,0.000000,2.662159,-2.662159
-3.987446,3.987446,0.000000,0.000000,2.269955,-2.313852,0.043897,0.000000,0.000000,0.026097,-0.906643,0.880546,0.000000,0.000000,2.735591,-2.735591
-3.918437,3.918437,0.000000,0.000000,2.234349,-2.340316,0.105967,0.000000,0.000000,0.103433,-0.908693,0.805260,0.000000,0.000000,2.690027,-2.690027
-3.971494,3.971494,0.000000,0.000000,2.290977,-2.636052,0.345075,0.000000,0.000000,0.160197,-0.970879,0.810682,0.000000,0.000000,2.690518,-2.690518
-3.963602,3.963602,0.000000,0.000000,2.236861,-2.387181,0.150320,0.000000,0.000000,0.048373,-0.856220,0.807846,0.000000,0.000000,2.659126,-2.659126
-3.976701,3.976702,0.000000,0.000000,2.361662,-2.562467,0.200806,0.000000,0.000000,0.184284,-1.061551,0.877267,0.000000,0.000000,2.737019,-2.737019
-3.975705,3.975705,0.000000,0.000000,2.332414,-2.493117,0.160703,0.000000,0.000000,0.313356,-1.127896,0.814541,0.000000,0.000000,2.692810,-2.692810
-3.898173,3.898173,0.000000,0.000000,2.210141,-2.390918,0.180777,0.000000,0.000000,0.031320,-0.838038,0.806719,0.000000,0.000000,2.695154,-2.695154
-3.953773,3.953773,0.000000,0.000000,2.255809,-2.293202,0.037393,0.000000,0.000000,0.034904,-0.848606,0.813702,0.000000,0.000000,2.719071,-2.719071
-3.855932,3.855932,0.000000,0.000000,2.194364,-2.515333,0.320970,0.000000,0.000000,0.093540,-0.812427,0.718887,0.000000,0.000000,2.618853,-2.618853
-3.883132,3.883132,0.000000,0.000000,2.215350,-2.355599,0.140249,0.000000,0.000000,0.024361,-0.810230,0.785869,0.000000,0.000000,2.672793,-2.672793
-4.009844,4.009844,0.000000,0.000000,2.289199,-2.701724,0.412524,0.000000,0.000000,0.238760,-1.017827,0.779067,0.000000,0.000000,2.708076,-2.708076
-4.004129,4.004129,0.000000,0.000000,2.241741,-2.415793,0.174053,0.000000,0.000000,0.014728,-0.766227,0.751499,0.000000,0.000000,2.710155,-2.710155
-4.092747,4.092747,0.000000,0.000000,2.351834,-2.415985,0.064151,0.000000,0.000000,0.053505,-0.878934,0.825429,0.000000,0.000000,2.724412,-2.724412
-3.937978,3.937978,0.000000,0.000000,2.263119,-2.293286,0.030167,0.000000,0.000000,0.103878,-0.847255,0.743377,0.000000,0.000000,2.629670,-2.629670
-3.981851,3.981852,0.000000,0.000000,2.220732,-2.807754,0.587021,0.000000,0.000000,0.031484,-0.861855,0.830370,0.000000,0.000000,2.717818,-2.717818
-3.955143,3.955143,0.000000,0.000000,2.176013,-2.461135,0.285122,0.000000,0.000000,0.094663,-0.907575,0.812912,0.000000,0.000000,2.750282,-2.750282
-3.989117,3.989117,0.000000,0.000000,2.255245,-2.350371,0.095126,0.000000,0.000000,0.270711,-1.073167,0.802456,0.000000,0.000000,2.720052,-2.720052
-3.999141,3.999142,0.000000,0.000000,2.269672,-2.368169,0.098497,0.000000,0.000000,0.204884,-1.062303,0.857419,0.000000,0.000000,2.739591,-2.739591
-3.944544,3.944544,0.000000,0.000000,2.240474,-2.524134,0.283660,0.000000,0.000000,0.029865,-0.849441,0.819575,0.000000,0.000000,2.682354,-2.682354
-3.974725,3.974725,0.000000,0.000000,2.275158,-2.593529,0.318370,0.000000,0.000000,0.049987,-0.827227,0.777240,0.000000,0.000000,2.697524,-2.697524
-4.011155,4.011155,0.000000,0.000000,2.306905,-2.415351,0.108446,0.000000,0.000000,0.035598,-0.856541,0.820942,0.000000,0.000000,2.736010,-2.736009
-4.004262,4.004262,0.000000,0.000000,2.288718,-2.535527,0.246810,0.000000,0.000000,0.148017,-0.969649,0.821632,0.000000,0.000000,2.698743,-2.698743
-3.947381,3.947381,0.000000,0.000000,2.282902,-2.352163,0.069261,0.000000,0.000000,0.108238,-0.951223,0.842984,0.000000,0.000000,2.690716,-2.690716
-3.984215,3.984215,0.000000,0.000000,2.227649,-2.544301,0.316651,0.000000,0.000000,0.009603,-0.823181,0.813578,0.000000,0.000000,2.663813,-2.663813
-3.882834,3.882834,0.000000,0.000000,2.230006,-2.374154,0.144148,0.000000,0.000000,0.137369,-0.882905,0.745536,0.000000,0.000000,2.626478,-2.626478
-3.915133,3.915133,0.000000,0.000000,2.236717,-2.498184,0.261467,0.000000,0.000000,0.110085,-0.914373,0.804289,0.000000,0.000000,2.695187,-2.695187
-3.989403,3.989403,0.000000,0.000000,2.182495,-2.355638,0.173143,0.000000,0.000000,0.110818,-0.884898,0.774080,0.000000,0.000000,2.722222,-2.722222
-3.986863,3.986863,0.000000,0.000000,2.232699,-2.350833,0.118134,0.000000,0.000000,0.149309,-0.851507,0.702199,0.000000,0.000000,2.739692,-2.739692
-3.994460,3.994460,0.000000,0.000000,2.239195,-2.407097,0.167902,0.000000,0.000000,0.031589,-0.882967,0.851377,0.000000,0.000000,2.751983,-2.751983
-3.991896,3.991896,0.000000,0.000000,2.352311,-2.450099,0.097789,0.000000,0.000000,0.058022,-0.913855,0.855833,0.000000,0.000000,2.648529,-2.648529
-3.975729,3.975729,0.000000,0.000000,2.233655,-2.353723,0.120068,0.000000,0.000000,0.035410,-0.842139,0.806728,0.000000,0.000000,2.699771,-2.699771
-3.958972,3.958971,0.000000,0.000000,2.274974,-2.502367,0.227394,0.000000,0.000000,0.134186,-0.966372,0.832186,0.000000,0.000000,2.661357,-2.661357
-3.935108,3.935108,0.000000,0.000000,2.285225,-2.367307,0.082082,0.000000,0.000000,0.366734,-1.183010,0.816276,0.000000,0.000000,2.704400,-2.704400
-3.972217,3.972217,0.000000,0.000000,2.249369,-2.330556,0.081187,0.000000,0.000000,0.105360,-0.934392,0.829032,0.000000,0.000000,2.722317,-2.722317
-3.974050,3.974051,0.000000,0.000000,2.284166,-2.452529,0.168363,0.000000,0.000000,0.044444,-0.843609,0.799165,0.000000,0.000000,2.652396,-2.652396
-3.943517,3.943517,0.000000,0.000000,2.262487,-2.289953,0.027466,0.000000,0.000000,0.249547,-1.071620,0.822072,0.000000,0.000000,2.626205,-2.626206
-3.962609,3.962609,0.000000,0.000000,2.305005,-2.535435,0.230430,0.000000,0.000000,0.133538,-0.949299,0.815761,0.000000,0.000000,2.655466,-2.655466
-3.991827,3.991827,0.000000,0.000000,2.252706,-2.558830,0.306124,0.000000,0.000000,0.070756,-0.855744,0.784988,0.000000,0.000000,2.728970,-2.728970
-3.929526,3.929526,0.000000,0.000000,2.242985,-2.429121,0.186136,0.000000,0.000000,0.182356,-1.005479,0.823123,0.000000,0.000000,2.643799,-2.643799
-3.970807,3.970807,0.000000,0.000000,2.247007,-2.378063,0.131057,0.000000,0.000000,0.154925,-0.975592,0.820667,0.000000,0.000000,2.718629,-2.718629
-3.963196,3.963197,0.000000,0.000000,2.285225,-2.339658,0.054432,0.000000,0.000000,0.282260,-1.108690,0.826430,0.000000,0.000000,2.725455,-2.725455
-3.967073,3.967073,0.000000,0.000000,2.283430,-2.501819,0.218389,0.000000,0.000000,0.014656,-0.812028,0.797372,0.000000,0.000000,2.663363,-2.663363
-3.953490,3.953490,0.000000,0.000000,2.290494,-2.374645,0.084151,0.000000,0.000000,0.018257,-0.855508,0.837251,0.000000,0.000000,2.646860,-2.646860
-4.014361,4.014360,0.000000,0.000000,2.243794,-2.517095,0.273301,0.000000,0.000000,0.006818,-0.799266,0.792448,0.000000,0.000000,2.752861,-2.752861
-3.984520,3.984520,0.000000,0.000000,2.192842,-2.215250,0.022407,0.000000,0.000000,0.153785,-0.860636,0.706851,0.000000,0.000000,2.600575,-2.600576
-3.939337,3.939337,0.000000,0.000000,2.217987,-2.277637,0.059650,0.000000,0.000000,0.108258,-0.919194,0.810936,0.000000,0.000000,2.781221,-2.781221
-3.992842,3.992842,0.000000,0.000000,2.255618,-2.710411,0.454792,0.000000,0.000000,0.055231,-0.857494,0.802263,0.000000,0.000000,2.761073,-2.761073
-3.983108,3.983108,0.000000,0.000000,2.230665,-2.457192,0.226527,0.000000,0.000000,0.087794,-0.935912,0.848117,0.000000,0.000000,2.687602,-2.687602
-4.040118,4.040118,0.000000,0.000000,2.245236,-2.426130,0.180894,0.000000,0.000000,0.075445,-0.842145,0.766700,0.000000,0.000000,2.736702,-2.736702
-3.951047,3.951047,0.000000,0.000000,2.267731,-2.381030,0.113299,0.000000,0.000000,0.175958,-0.988833,0.812876,0.000000,0.000000,2.654736,-2.654736
-3.997490,3.997490,0.000000,0.000000,2.286477,-2.348843,0.062365,0.000000,0.000000,0.089377,-0.928087,0.838710,0.000000,0.000000,2.710580,-2.710580
-3.993071,3.993071,0.000000,0.000000,2.260872,-2.658525,0.397653,0.000000,0.000000,0.084613,-0.929211,0.844598,0.000000,0.000000,2.725497,-2.725497
-3.918798,3.918798,0.000000,0.000000,2.247828,-2.281229,0.033401,0.000000,0.000000,0.051314,-0.847633,0.796318,0.000000,0.000000,2.625490,-2.625490
-4.040669,4.040669,0.000000,0.000000,2.275249,-2.575928,0.300680,0.000000,0.000000,0.043034,-0.791950,0.748916,0.000000,0.000000,2.765000,-2.765000
-3.957897,3.957897,0.000000,0.000000,2.291232,-2.452830,0.161599,0.000000,0.000000,0.004072,-0.853575,0.849502,0.000000,0.000000,2.682150,-2.682150
-3.920531,3.920531,0.000000,0.000000,2.266894,-2.344661,0.077766,0.000000,0.000000,0.119505,-0.909457,0.789952,0.000000,0.000000,2.698313,-2.698313
-3.991002,3.991002,0.000000,0.000000,2.284861,-2.299137,0.014276,0.000000,0.000000,0.060920,-0.875337,0.814417,0.000000,0.000000,2.676632,-2.676632
-3.958186,3.958186,0.000000,0.000000,2.258883,-2.479676,0.220794,0.000000,0.000000,0.014262,-0.828454,0.814193,0.000000,0.000000,2.716587,-2.716587
-4.013574,4.013574,0.000000,0.000000,2.288586,-2.593768,0.305182,0.000000,0.000000,0.211637,-1.053606,0.841969,0.000000,0.000000,2.696319,-2.696319
-3.950120,3.950120,0.000000,0.000000,2.224581,-2.320511,0.095930,0.000000,0.000000,0.016340,-0.795789,0.779449,0.000000,0.000000,2.702030,-2.702030
-3.973217,3.973217,0.000000,0.000000,2.256594,-2.362403,0.105808,0.000000,0.000000,0.211071,-1.009319,0.798248,0.000000,0.000000,2.715162,-2.715162
-3.987933,3.987933,0.000000,0.000000,2.267410,-2.286484,0.019073,0.000000,0.000000,0.136631,-0.963671,0.827040,0.000000,0.000000,2.697466,-2.697465
-3.968094,3.968094,0.000000,0.000000,2.290896,-2.414029,0.123133,0.000000,0.000000,0.003832,-0.811389,0.807557,0.000000,0.000000,2.668422,-2.668422
-3.972054,3.972054,0.000000,0.000000,2.251561,-2.415775,0.164214,0.000000,0.000000,0.105785,-0.923027,0.817241,0.000000,0.000000,2.690956,-2.690955
-3.915840,3.915840,0.000000,0.000000,2.265355,-2.494358,0.229003,0.000000,0.000000,0.063241,-0.888597,0.825356,0.000000,0.000000,2.664225,-2.664225
-3.905816,3.905816,0.000000,0.000000,2.303936,-2.474102,0.170165,0.000000,0.000000,0.031090,-0.862111,0.831021,0.000000,0.000000,2.627426,-2.627426
-3.941824,3.941824,0.000000,0.000000,2.275421,-2.584527,0.309106,0.000000,0.000000,0.107010,-0.943878,0.836868,0.000000,0.000000,2.693707,-2.693707
-4.007239,4.007239,0.000000,0.000000,2.249707,-2.309313,0.059606,0.000000,0.000000,0.046458,-0.904621,0.858163,0.000000,0.000000,2.734198,-2.734199
-3.999444,3.999444,0.000000,0.000000,2.267902,-2.306178,0.038275,0.000000,0.000000,0.026173,-0.822363,0.796190,0.000000,0.000000,2.749014,-2.749014
-3.919679,3.919679,0.000000,0.000000,2.252387,-2.274229,0.021842,0.000000,0.000000,0.038543,-0.862423,0.823879,0.000000,0.000000,2.667935,-2.667935
-4.006747,4.006747,0.000000,0.000000,2.280925,-2.514681,0.233756,0.000000,0.000000,0.181056,-0.993963,0.812907,0.000000,0.000000,2.687610,-2.687610
-3.980283,3.980283,0.000000,0.000000,2.251087,-2.317694,0.066607,0.000000,0.000000,0.038176,-0.821866,0.783690,0.000000,0.000000,2.704959,-2.704959
-4.006441,4.006440,0.000000,0.000000,2.257154,-2.364748,0.107594,0.000000,0.000000,0.020627,-0.881656,0.861029,0.000000,0.000000,2.733220,-2.733220
-3.963513,3.963513,0.000000,0.000000,2.251593,-2.317926,0.066332,0.000000,0.000000,0.099424,-0.916139,0.816715,0.000000,0.000000,2.645469,-2.645469
-3.945535,3.945535,0.000000,0.000000,2.241530,-2.597218,0.355688,0.000000,0.000000,0.177337,-0.928063,0.750726,0.000000,0.000000,2.644224,-2.644224
-3.958235,3.958235,0.000000,0.000000,2.275090,-2.445261,0.170171,0.000000,0.000000,0.093403,-0.917236,0.823833,0.000000,0.000000,2.695511,-2.695512
-3.890214,3.890214,0.000000,0.000000,2.280578,-2.377722,0.097145,0.000000,0.000000,0.220490,-1.017874,0.797385,0.000000,0.000000,2.675347,-2.675347
-3.941401,3.941401,0.000000,0.000000,2.277668,-2.329307,0.051638,0.000000,0.000000,0.203384,-1.014066,0.810682,0.000000,0.000000,2.702110,-2.702110
-3.989323,3.989323,0.000000,0.000000,2.286206,-2.510728,0.224521,0.000000,0.000000,0.073361,-0.929759,0.856398,0.000000,0.000000,2.634973,-2.634973
-3.965262,3.965262,0.000000,0.000000,2.316538,-2.396263,0.079726,0.000000,0.000000,0.060687,-0.888057,0.827370,0.000000,0.000000,2.658599,-2.658600
-3.960456,3.960456,0.000000,0.000000,2.270334,-2.474329,0.203995,0.000000,0.000000,0.021701,-0.796847,0.775146,0.000000,0.000000,2.651182,-2.651182
-3.931650,3.931650,0.000000,0.000000,2.286964,-2.309921,0.022957,0.000000,0.000000,0.180591,-1.031269,0.850679,0.000000,0.000000,2.697527,-2.697527
-3.944678,3.944678,0.000000,0.000000,2.287425,-2.344889,0.057464,0.000000,0.000000,0.128833,-0.960290,0.831457,0.000000,0.000000,2.685045,-2.685045
-3.980882,3.980882,0.000000,0.000000,2.324850,-2.608290,0.283440,0.000000,0.000000,0.086490,-0.942566,0.856076,0.000000,0.000000,2.648089,-2.648089
-3.975440,3.975440,0.000000,0.000000,2.198587,-2.301657,0.103070,0.000000,0.000000,0.083249,-0.828416,0.745166,0.000000,0.000000,2.699212,-2.699212
-3.953173,3.953173,0.000000,0.000000,2.286473,-2.503781,0.217309,0.000000,0.000000,0.186615,-0.989228,0.802613,0.000000,0.000000,2.682713,-2.682713
-4.007080,4.007080,0.000000,0.000000,2.320686,-2.460877,0.140191,0.000000,0.000000,0.337599,-1.173685,0.836085,0.000000,0.000000,2.681796,-2.681797
-3.957521,3.957521,0.000000,0.000000,2.286978,-2.644694,0.357716,0.000000,0.000000,0.003408,-0.874242,0.870834,0.000000,0.000000,2.684500,-2.684500
-3.970961,3.970961,0.000000,0.000000,2.278702,-2.311211,0.032509,0.000000,0.000000,0.212039,-1.112474,0.900435,0.000000,0.000000,2.695714,-2.695714
-3.961455,3.961455,0.000000,0.000000,2.283577,-2.508162,0.224584,0.000000,0.000000,0.188879,-0.945038,0.756160,0.000000,0.000000,2.674191,-2.674191
-3.936228,3.936228,0.000000,0.000000,2.204811,-2.381922,0.177111,0.000000,0.000000,0.039505,-0.808724,0.769220,0.000000,0.000000,2.710482,-2.710482
-4.007390,4.007390,0.000000,0.000000,2.258274,-2.458113,0.199839,0.000000,0.000000,0.145737,-0.955653,0.809916,0.000000,0.000000,2.705350,-2.705350
-3.925639,3.925639,0.000000,0.000000,2.283067,-2.322680,0.039613,0.000000,0.000000,0.087474,-0.902612,0.815139,0.000000,0.000000,2.683656,-2.683656
-3.953422,3.953422,0.000000,0.000000,2.255106,-2.271792,0.016685,0.000000,0.000000,0.107968,-0.921137,0.813169,0.000000,0.000000,2.671123,-2.671123
-3.950197,3.950197,0.000000,0.000000,2.280958,-2.295783,0.014824,0.000000,0.000000,0.039761,-0.847142,0.807382,0.000000,0.000000,2.697561,-2.697561
-4.025367,4.025368,0.000000,0.000000,2.226192,-2.715286,0.489094,0.000000,0.000000,0.182777,-0.997229,0.814452,0.000000,0.000000,2.710009,-2.710009
-3.985422,3.985422,0.000000,0.000000,2.266440,-2.297686,0.031246,0.000000,0.000000,0.148610,-0.995119,0.846509,0.000000,0.000000,2.706068,-2.706068
-3.968594,3.968594,0.000000,0.000000,2.228887,-2.287274,0.058387,0.000000,0.000000,0.129342,-0.931650,0.802308,0.000000,0.000000,2.709315,-2.709315
-3.907559,3.907559,0.000000,0.000000,2.241014,-2.430063,0.189049,0.000000,0.000000,0.054484,-0.844921,0.790438,0.000000,0.000000,2.622946,-2.622946
-3.987079,3.987079,0.000000,0.000000,2.231867,-2.657021,0.425155,0.000000,0.000000,0.131260,-0.961524,0.830264,0.000000,0.000000,2.708947,-2.708947
-3.974995,3.974995,0.000000,0.000000,2.261843,-2.366815,0.104971,0.000000,0.000000,0.109751,-0.926241,0.816491,0.000000,0.000000,2.707693,-2.707694
-3.989568,3.989568,0.000000,0.000000,2.261824,-2.372736,0.110913,0.000000,0.000000,0.166718,-1.027208,0.860490,0.000000,0.000000,2.693072,-2.693073
-3.970736,3.970737,0.000000,0.000000,2.235182,-2.289863,0.054681,0.000000,0.000000,0.054363,-0.891834,0.837472,0.000000,0.000000,2.690014,-2.690014
-3.930630,3.930630,0.000000,0.000000,2.235123,-2.331463,0.096340,0.000000,0.000000,0.109888,-0.873711,0.763823,0.000000,0.000000,2.669914,-2.669914
-3.965877,3.965878,0.000000,0.000000,2.284382,-2.345923,0.061541,0.000000,0.000000,0.117180,-0.940971,0.823791,0.000000,0.000000,2.690660,-2.690660
-3.992231,3.992231,0.000000,0.000000,2.291205,-2.381328,0.090123,0.000000,0.000000,0.032875,-0.828165,0.795290,0.000000,0.000000,2.703381,-2.703381
-3.969596,3.969596,0.000000,0.000000,2.262740,-2.293801,0.031061,0.000000,0.000000,0.001831,-0.808452,0.806621,0.000000,0.000000,2.665627,-2.665627
-4.003226,4.003226,0.000000,0.000000,2.237263,-2.549211,0.311948,0.000000,0.000000,0.067019,-0.911079,0.844060,0.000000,0.000000,2.728412,-2.728412
-3.942095,3.942095,0.000000,0.000000,2.309580,-2.341012,0.031432,0.000000,0.000000,0.236941,-1.098343,0.861402,0.000000,0.000000,2.652808,-2.652808
-3.971658,3.971658,0.000000,0.000000,2.252167,-2.323991,0.071823,0.000000,0.000000,0.035531,-0.812781,0.777250,0.000000,0.000000,2.663357,-2.663357
-3.946492,3.946492,0.000000,0.000000,2.244756,-2.364353,0.119597,0.000000,0.000000,0.046796,-0.848432,0.801636,0.000000,0.000000,2.666303,-2.666303
-3.997034,3.997034,0.000000,0.000000,2.281565,-2.505931,0.224366,0.000000,0.000000,0.029775,-0.875032,0.845258,0.000000,0.000000,2.719009,-2.719009
-3.994536,3.994536,0.000000,0.000000,2.223235,-2.337052,0.113816,0.000000,0.000000,0.078270,-0.889450,0.811180,0.000000,0.000000,2.692145,-2.692145
-3.941171,3.941171,0.000000,0.000000,2.287073,-2.318230,0.031157,0.000000,0.000000,0.083911,-0.926709,0.842797,0.000000,0.000000,2.694979,-2.694979
-3.962917,3.962917,0.000000,0.000000,2.252226,-2.500889,0.248664,0.000000,0.000000,0.039325,-0.846199,0.806874,0.000000,0.000000,2.674127,-2.674127
-3.988381,3.988381,0.000000,0.000000,2.279225,-2.415388,0.136164,0.000000,0.000000,0.008526,-0.826964,0.818437,0.000000,0.000000,2.680791,-2.680791
-4.019611,4.019611,0.000000,0.000000,2.238283,-2.281765,0.043482,0.000000,0.000000,0.068541,-0.913646,0.845106,0.000000,0.000000,2.709814,-2.709814
-4.003764,4.003764,0.000000,0.000000,2.275938,-2.318168,0.042229,0.000000,0.000000,0.113535,-0.976960,0.863425,0.000000,0.000000,2.705028,-2.705028
-3.988543,3.988542,0.000000,0.000000,2.281277,-2.581958,0.300680,0.000000,0.000000,0.154350,-0.948485,0.794135,0.000000,0.000000,2.700185,-2.700185
-3.953570,3.953570,0.000000,0.000000,2.222137,-2.483114,0.260977,0.000000,0.000000,0.078955,-0.906999,0.828044,0.000000,0.000000,2.680823,-2.680823
-3.908215,3.908215,0.000000,0.000000,2.244150,-2.359347,0.115197,0.000000,0.000000,0.125194,-0.903099,0.777905,0.000000,0.000000,2.684567,-2.684567
-3.917278,3.917278,0.000000,0.000000,2.252666,-2.371010,0.118343,0.000000,0.000000,0.061634,-0.879148,0.817514,0.000000,0.000000,2.700672,-2.700672
-3.989462,3.989461,0.000000,0.000000,2.280455,-2.331392,0.050936,0.000000,0.000000,0.148418,-0.961884,0.813466,0.000000,0.000000,2.722952,-2.722952
-3.965571,3.965571,0.000000,0.000000,2.281384,-2.343897,0.062513,0.000000,0.000000,0.091498,-0.921407,0.829909,0.000000,0.000000,2.701276,-2.701275
-3.929235,3.929235,0.000000,0.000000,2.251311,-2.278423,0.027112,0.000000,0.000000,0.034686,-0.887814,0.853128,0.000000,0.000000,2.752882,-2.752882
-3.995932,3.995932,0.000000,0.000000,2.224910,-2.243187,0.018277,0.000000,0.000000,0.040567,-0.818221,0.777653,0.000000,0.000000,2.722438,-2.722438
-3.963835,3.963835,0.000000,0.000000,2.296711,-2.424669,0.127958,0.000000,0.000000,0.131801,-0.982745,0.850944,0.000000,0.000000,2.672769,-2.672769
-3.959891,3.959891,0.000000,0.000000,2.259396,-2.412449,0.153054,0.000000,0.000000,0.020098,-0.851465,0.831367,0.000000,0.000000,2.675530,-2.675530
-3.959072,3.959072,0.000000,0.000000,2.273253,-2.386976,0.113724,0.000000,0.000000,0.027976,-0.844020,0.816045,0.000000,0.000000,2.701345,-2.701346
-3.942922,3.942923,0.000000,0.000000,2.262046,-2.460654,0.198608,0.000000,0.000000,0.078204,-0.924547,0.846343,0.000000,0.000000,2.708456,-2.708457
-3.920841,3.920841,0.000000,0.000000,2.301424,-2.585308,0.283884,0.000000,0.000000,0.218954,-1.024581,0.805627,0.000000,0.000000,2.631175,-2.631175
-3.977757,3.977757,0.000000,0.000000,2.259249,-2.355435,0.096187,0.000000,0.000000,0.145574,-0.958580,0.813006,0.000000,0.000000,2.687148,-2.687148
-3.978150,3.978150,0.000000,0.000000,2.292850,-2.439102,0.146252,0.000000,0.000000,0.010884,-0.822401,0.811517,0.000000,0.000000,2.695160,-2.695160
-3.975540,3.975540,0.000000,0.000000,2.235516,-2.302701,0.067184,0.000000,0.000000,0.004381,-0.792413,0.788032,0.000000,0.000000,2.679563,-2.679563
-3.943145,3.943146,0.000000,0.000000,2.268771,-2.398503,0.129732,0.000000,0.000000,0.034854,-0.861194,0.826340,0.000000,0.000000,2.690820,-2.690821
-3.981445,3.981445,0.000000,0.000000,2.257690,-2.333583,0.075893,0.000000,0.000000,0.039671,-0.845845,0.806174,0.000000,0.000000,2.726741,-2.726741
-3.966829,3.966829,0.000000,0.000000,2.256762,-2.422253,0.165491,0.000000,0.000000,0.010761,-0.839623,0.828862,0.000000,0.000000,2.703415,-2.703415
-3.937978,3.937978,0.000000,0.000000,2.270022,-2.306092,0.036070,0.000000,0.000000,0.084362,-0.934379,0.850017,0.000000,0.000000,2.673900,-2.673900
-3.903262,3.903262,0.000000,0.000000,2.276317,-2.359312,0.082995,0.000000,0.000000,0.211279,-1.030576,0.819296,0.000000,0.000000,2.672050,-2.672050
-3.974299,3.974299,0.000000,0.000000,2.255105,-2.338163,0.083058,0.000000,0.000000,0.108040,-0.948575,0.840535,0.000000,0.000000,2.678720,-2.678720
-3.971913,3.971913,0.000000,0.000000,2.257707,-2.307729,0.050022,0.000000,0.000000,0.036205,-0.826555,0.790351,0.000000,0.000000,2.714287,-2.714287
-3.945520,3.945520,0.000000,0.000000,2.263756,-2.414421,0.150665,0.000000,0.000000,0.041721,-0.851582,0.809862,0.000000,0.000000,2.690896,-2.690896
-4.025760,4.025760,0.000000,0.000000,2.283581,-2.316481,0.032900,0.000000,0.000000,0.080166,-0.894494,0.814328,0.000000,0.000000,2.694263,-2.694263
-3.964059,3.964060,0.000000,0.000000,2.259344,-2.341998,0.082654,0.000000,0.000000,0.048728,-0.824227,0.775498,0.000000,0.000000,2.700852,-2.700852
-3.893275,3.893275,0.000000,0.000000,2.254026,-2.341207,0.087182,0.000000,0.000000,0.082245,-0.855058,0.772812,0.000000,0.000000,2.629241,-2.629241
-3.967380,3.967380,0.000000,0.000000,2.248281,-2.359754,0.111474,0.000000,0.000000,0.139996,-0.950663,0.810667,0.000000,0.000000,2.737204,-2.737204
-3.953562,3.953562,0.000000,0.000000,2.234433,-2.435345,0.200912,0.000000,0.000000,0.110912,-0.928803,0.817891,0.000000,0.000000,2.660949,-2.660949
-4.018951,4.018951,0.000000,0.000000,2.286555,-2.452021,0.165466,0.000000,0.000000,0.042128,-0.876923,0.834795,0.000000,0.000000,2.687518,-2.687519
-3.986604,3.986604,0.000000,0.000000,2.265576,-2.550493,0.284916,0.000000,0.000000,0.061444,-0.870529,0.809085,0.000000,0.000000,2.691685,-2.691685
-3.962353,3.962353,0.000000,0.000000,2.255233,-2.334199,0.078967,0.000000,0.000000,0.185333,-0.979503,0.794170,0.000000,0.000000,2.713482,-2.713482
-3.973898,3.973898,0.000000,0.000000,2.265124,-2.315791,0.050666,0.000000,0.000000,0.031737,-0.844447,0.812711,0.000000,0.000000,2.680439,-2.680439
-3.969762,3.969762,0.000000,0.000000,2.272573,-2.478716,0.206143,0.000000,0.000000,0.154592,-0.982596,0.828004,0.000000,0.000000,2.702418,-2.702417
-3.989723,3.989723,0.000000,0.000000,2.268476,-2.358230,0.089753,0.000000,0.000000,0.106158,-0.946093,0.839935,0.000000,0.000000,2.634456,-2.634456
-3.950344,3.950344,0.000000,0.000000,2.253989,-2.544353,0.290364,0.000000,0.000000,0.023990,-0.819696,0.795706,0.000000,0.000000,2.679110,-2.679110
-3.953714,3.953715,0.000000,0.000000,2.288187,-2.407783,0.119596,0.000000,0.000000,0.117851,-0.991442,0.873590,0.000000,0.000000,2.678604,-2.678604
-3.942149,3.942149,0.000000,0.000000,2.281656,-2.438011,0.156355,0.000000,0.000000,0.178823,-1.056063,0.877240,0.000000,0.000000,2.698943,-2.698944
-3.968457,3.968457,0.000000,0.000000,2.257123,-2.281563,0.024439,0.000000,0.000000,0.308607,-1.120982,0.812374,0.000000,0.000000,2.671245,-2.671245
-3.940085,3.940085,0.000000,0.000000,2.289886,-2.336689,0.046803,0.000000,0.000000,0.259181,-1.073257,0.814076,0.000000,0.000000,2.697697,-2.697697
-3.945373,3.945374,0.000000,0.000000,2.262359,-2.424391,0.162032,0.000000,0.000000,0.112781,-0.924785,0.812004,0.000000,0.000000,2.640015,-2.640015
-3.936226,3.936226,0.000000,0.000000,2.292303,-2.689525,0.397221,0.000000,0.000000,0.248675,-1.107367,0.858691,0.000000,0.000000,2.687388,-2.687388
-4.019522,4.019522,0.000000,0.000000,2.269882,-2.289216,0.019334,0.000000,0.000000,0.031787,-0.826867,0.795080,0.000000,0.000000,2.696870,-2.696869
-3.948963,3.948963,0.000000,0.000000,2.238917,-2.312024,0.073107,0.000000,0.000000,0.035977,-0.839444,0.803467,0.000000,0.000000,2.711895,-2.711895
-3.907921,3.907921,0.000000,0.000000,2.220771,-2.345847,0.125076,0.000000,0.000000,0.067107,-0.917240,0.850133,0.000000,0.000000,2.658491,-2.658491
-3.967768,3.967768,0.000000,0.000000,2.296802,-2.361178,0.064377,0.000000,0.000000,0.190370,-1.035423,0.845053,0.000000,0.000000,2.673378,-2.673378
-3.965614,3.965614,0.000000,0.000000,2.280745,-2.363691,0.082947,0.000000,0.000000,0.175545,-0.968716,0.793171,0.000000,0.000000,2.675669,-2.675669
-3.923137,3.923137,0.000000,0.000000,2.275144,-2.290771,0.015628,0.000000,0.000000,0.165753,-0.975146,0.809393,0.000000,0.000000,2.670266,-2.670265
-3.966607,3.966607,0.000000,0.000000,2.257430,-2.385942,0.128512,0.000000,0.000000,0.159843,-0.968614,0.808770,0.000000,0.000000,2.683006,-2.683005
-3.974766,3.974766,0.000000,0.000000,2.258653,-2.446356,0.187704,0.000000,0.000000,0.001440,-0.816339,0.814899,0.000000,0.000000,2.687213,-2.687213
-3.953155,3.953155,0.000000,0.000000,2.231126,-2.336258,0.105132,0.000000,0.000000,0.131187,-0.916447,0.785260,0.000000,0.000000,2.705318,-2.705318
-3.950427,3.950427,0.000000,0.000000,2.259715,-2.325795,0.066079,0.000000,0.000000,0.102899,-0.923413,0.820514,0.000000,0.000000,2.671989,-2.671989
-3.942783,3.942783,0.000000,0.000000,2.255229,-2.446317,0.191088,0.000000,0.000000,0.003851,-0.816714,0.812863,0.000000,0.000000,2.688951,-2.688951
-3.944515,3.944515,0.000000,0.000000,2.251397,-2.470011,0.218614,0.000000,0.000000,0.018993,-0.847095,0.828102,0.000000,0.000000,2.694502,-2.694502
-3.971707,3.971707,0.000000,0.000000,2.273035,-2.359450,0.086415,0.000000,0.000000,0.098405,-0.927363,0.828958,0.000000,0.000000,2.676342,-2.676342
-3.968661,3.968661,0.000000,0.000000,2.257977,-2.299651,0.041673,0.000000,0.000000,0.161953,-0.954203,0.792250,0.000000,0.000000,2.686483,-2.686483
-3.955764,3.955764,0.000000,0.000000,2.267967,-2.294565,0.026597,0.000000,0.000000,0.116328,-0.939552,0.823224,0.000000,0.000000,2.681863,-2.681863
-3.942508,3.942508,0.000000,0.000000,2.289968,-2.438238,0.148271,0.000000,0.000000,0.057961,-0.839739,0.781778,0.000000,0.000000,2.679027,-2.679027
-3.983431,3.983431,0.000000,0.000000,2.264221,-2.362731,0.098509,0.000000,0.000000,0.100783,-0.916229,0.815447,0.000000,0.000000,2.699205,-2.699205
-3.965989,3.965989,0.000000,0.000000,2.292675,-2.563453,0.270778,0.000000,0.000000,0.200159,-1.037593,0.837434,0.000000,0.000000,2.703643,-2.703643
-4.010168,4.010168,0.000000,0.000000,2.259556,-2.350870,0.091314,0.000000,0.000000,0.220531,-1.043850,0.823319,0.000000,0.000000,2.699873,-2.699873
-3.949687,3.949687,0.000000,0.000000,2.231411,-2.241758,0.010347,0.000000,0.000000,0.147428,-0.962681,0.815253,0.000000,0.000000,2.682332,-2.682332
-3.933848,3.933848,0.000000,0.000000,2.227732,-2.367298,0.139565,0.000000,0.000000,0.114527,-0.937902,0.823375,0.000000,0.000000,2.677468,-2.677468
-3.935782,3.935782,0.000000,0.000000,2.262712,-2.304839,0.042128,0.000000,0.000000,0.015280,-0.865846,0.850565,0.000000,0.000000,2.682914,-2.682914
-3.950583,3.950583,0.000000,0.000000,2.255319,-2.323190,0.067871,0.000000,0.000000,0.008430,-0.789185,0.780755,0.000000,0.000000,2.681794,-2.681794
-3.961783,3.961783,0.000000,0.000000,2.256499,-2.271674,0.015175,0.000000,0.000000,0.155314,-0.959440,0.804127,0.000000,0.000000,2.715508,-2.715508
-3.890201,3.890201,0.000000,0.000000,2.260084,-2.406025,0.145942,0.000000,0.000000,0.176552,-0.991853,0.815301,0.000000,0.000000,2.679118,-2.679118
-3.958783,3.958783,0.000000,0.000000,2.244290,-2.300359,0.056070,0.000000,0.000000,0.245225,-1.051576,0.806350,0.000000,0.000000,2.705496,-2.705495
-3.982208,3.982208,0.000000,0.000000,2.244379,-2.333047,0.088668,0.000000,0.000000,0.142725,-0.943837,0.801112,0.000000,0.000000,2.706640,-2.706640
-3.941741,3.941741,0.000000,0.000000,2.266896,-2.505229,0.238332,0.000000,0.000000,0.092836,-0.874258,0.781422,0.000000,0.000000,2.710363,-2.710363
-3.990334,3.990335,0.000000,0.000000,2.254488,-2.584437,0.329948,0.000000,0.000000,0.008454,-0.821195,0.812741,0.000000,0.000000,2.709048,-2.709048
-3.910927,3.910927,0.000000,0.000000,2.240872,-2.433032,0.192160,0.000000,0.000000,0.101859,-0.903162,0.801302,0.000000,0.000000,2.665498,-2.665498
-3.924000,3.924000,0.000000,0.000000,2.261901,-2.479406,0.217505,0.000000,0.000000,0.085856,-0.866657,0.780801,0.000000,0.000000,2.675132,-2.675132
-3.961136,3.961136,0.000000,0.000000,2.290481,-2.480133,0.189652,0.000000,0.000000,0.076459,-0.948073,0.871614,0.000000,0.000000,2.696307,-2.696307
-3.952210,3.952210,0.000000,0.000000,2.260019,-2.441198,0.181179,0.000000,0.000000,0.067214,-0.893838,0.826624,0.000000,0.000000,2.671666,-2.671666
-3.944288,3.944288,0.000000,0.000000,2.257189,-2.274927,0.017738,0.000000,0.000000,0.032936,-0.875217,0.842281,0.000000,0.000000,2.707817,-2.707818
-3.947817,3.947817,0.000000,0.000000,2.251002,-2.362814,0.111813,0.000000,0.000000,0.036872,-0.824211,0.787339,0.000000,0.000000,2.674886,-2.674886
-3.977116,3.977116,0.000000,0.000000,2.244851,-2.309182,0.064331,0.000000,0.000000,0.009402,-0.842579,0.833177,0.000000,0.000000,2.711910,-2.711910
-3.948919,3.948919,0.000000,0.000000,2.262025,-2.493840,0.231815,0.000000,0.000000,0.000442,-0.824432,0.823991,0.000000,0.000000,2.679227,-2.679228
-3.942533,3.942533,0.000000,0.000000,2.256428,-2.373586,0.117158,0.000000,0.000000,0.243747,-1.024763,0.781016,0.000000,0.000000,2.668064,-2.668064
-3.946764,3.946765,0.000000,0.000000,2.255841,-2.336901,0.081060,0.000000,0.000000,0.038146,-0.868708,0.830562,0.000000,0.000000,2.671295,-2.671295
-3.960913,3.960914,0.000000,0.000000,2.294843,-2.617545,0.322702,0.000000,0.000000,0.070025,-0.873735,0.803710,0.000000,0.000000,2.690522,-2.690523
-3.941632,3.941632,0.000000,0.000000,2.261262,-2.306382,0.045120,0.000000,0.000000,0.151572,-0.988973,0.837401,0.000000,0.000000,2.682246,-2.682246
-3.973780,3.973780,0.000000,0.000000,2.246536,-2.278737,0.032201,0.000000,0.000000,0.015084,-0.811497,0.796413,0.000000,0.000000,2.676755,-2.676755
-3.978966,3.978966,0.000000,0.000000,2.242721,-2.340049,0.097327,0.000000,0.000000,0.017529,-0.851059,0.833530,0.000000,0.000000,2.697504,-2.697504
-3.997994,3.997994,0.000000,0.000000,2.259924,-2.624539,0.364616,0.000000,0.000000,0.028200,-0.841087,0.812887,0.000000,0.000000,2.711210,-2.711210
-3.958006,3.958006,0.000000,0.000000,2.276798,-2.416935,0.140137,0.000000,0.000000,0.010907,-0.847321,0.836414,0.000000,0.000000,2.694873,-2.694873
-3.967925,3.967926,0.000000,0.000000,2.277203,-2.482214,0.205010,0.000000,0.000000,0.180194,-1.023467,0.843273,0.000000,0.000000,2.685187,-2.685187
-4.022867,4.022867,0.000000,0.000000,2.276789,-2.426986,0.150196,0.000000,0.000000,0.063141,-0.905979,0.842838,0.000000,0.000000,2.717841,-2.717841
-3.957266,3.957266,0.000000,0.000000,2.232672,-2.265826,0.033154,0.000000,0.000000,0.200020,-1.009451,0.809431,0.000000,0.000000,2.694865,-2.694865
-3.949529,3.949529,0.000000,0.000000,2.250706,-2.460455,0.209750,0.000000,0.000000,0.007793,-0.831590,0.823797,0.000000,0.000000,2.673668,-2.673668
-3.962854,3.962854,0.000000,0.000000,2.238201,-2.383728,0.145527,0.000000,0.000000,0.037572,-0.865863,0.828291,0.000000,0.000000,2.676025,-2.676025
-3.976084,3.976084,0.000000,0.000000,2.279387,-2.456359,0.176973,0.000000,0.000000,0.016230,-0.856683,0.840452,0.000000,0.000000,2.713118,-2.713118
-3.962178,3.962178,0.000000,0.000000,2.277166,-2.297474,0.020308,0.000000,0.000000,0.002973,-0.845481,0.842507,0.000000,0.000000,2.656795,-2.656795
-3.959302,3.959301,0.000000,0.000000,2.258963,-2.379819,0.120856,0.000000,0.000000,0.014834,-0.838739,0.823905,0.000000,0.000000,2.678790,-2.678790
-3.901882,3.901882,0.000000,0.000000,2.271502,-2.330115,0.058613,0.000000,0.000000,0.106293,-0.930212,0.823919,0.000000,0.000000,2.674983,-2.674983
-3.948460,3.948459,0.000000,0.000000,2.240237,-2.299068,0.058830,0.000000,0.000000,0.181634,-0.974420,0.792787,0.000000,0.000000,2.689816,-2.689816
-4.001556,4.001556,0.000000,0.000000,2.260005,-2.430971,0.170966,0.000000,0.000000,0.309982,-1.129698,0.819716,0.000000,0.000000,2.698595,-2.698594
-3.962885,3.962885,0.000000,0.000000,2.275864,-2.607247,0.331383,0.000000,0.000000,0.164127,-0.970698,0.806571,0.000000,0.000000,2.691815,-2.691815
-3.933950,3.933950,0.000000,0.000000,2.243198,-2.351460,0.108262,0.000000,0.000000,0.013865,-0.838068,0.824203,0.000000,0.000000,2.681948,-2.681948
-3.941032,3.941031,0.000000,0.000000,2.258453,-2.311506,0.053053,0.000000,0.000000,0.082849,-0.906702,0.823853,0.000000,0.000000,2.692790,-2.692790
-3.942974,3.942974,0.000000,0.000000,2.254333,-2.316154,0.061820,0.000000,0.000000,0.153627,-0.976164,0.822538,0.000000,0.000000,2.698109,-2.698109
-3.948923,3.948923,0.000000,0.000000,2.242567,-2.400955,0.158389,0.000000,0.000000,0.149229,-0.958369,0.809139,0.000000,0.000000,2.679155,-2.679155
-3.926924,3.926924,0.000000,0.000000,2.268239,-2.535116,0.266877,0.000000,0.000000,0.108868,-0.933045,0.824177,0.000000,0.000000,2.679575,-2.679575
-3.961639,3.961639,0.000000,0.000000,2.278564,-2.293684,0.015120,0.000000,0.000000,0.087640,-0.901749,0.814109,0.000000,0.000000,2.671626,-2.671626
-3.963993,3.963993,0.000000,0.000000,2.265846,-2.503911,0.238064,0.000000,0.000000,0.104041,-0.926838,0.822797,0.000000,0.000000,2.688976,-2.688975
-3.933370,3.933370,0.000000,0.000000,2.254399,-2.362661,0.108263,0.000000,0.000000,0.006665,-0.834149,0.827483,0.000000,0.000000,2.691469,-2.691469
-3.986210,3.986210,0.000000,0.000000,2.255493,-2.320655,0.065161,0.000000,0.000000,0.108388,-0.926075,0.817687,0.000000,0.000000,2.700570,-2.700570
-3.955801,3.955801,0.000000,0.000000,2.252762,-2.461805,0.209042,0.000000,0.000000,0.041080,-0.868730,0.827650,0.000000,0.000000,2.701943,-2.701943
-3.896506,3.896506,0.000000,0.000000,2.230002,-2.359199,0.129196,0.000000,0.000000,0.083144,-0.862833,0.779689,0.000000,0.000000,2.663960,-2.663960
-3.966899,3.966899,0.000000,0.000000,2.267254,-2.435689,0.168435,0.000000,0.000000,0.107141,-0.945090,0.837949,0.000000,0.000000,2.719385,-2.719386
-3.967860,3.967860,0.000000,0.000000,2.277228,-2.294732,0.017505,0.000000,0.000000,0.040923,-0.851648,0.810725,0.000000,0.000000,2.685211,-2.685211
-3.951949,3.951949,0.000000,0.000000,2.247461,-2.449744,0.202283,0.000000,0.000000,0.042432,-0.879209,0.836777,0.000000,0.000000,2.692015,-2.692015
-3.915981,3.915981,0.000000,0.000000,2.236540,-2.294778,0.058239,0.000000,0.000000,0.010070,-0.797910,0.787841,0.000000,0.000000,2.664137,-2.664137
-3.934559,3.934559,0.000000,0.000000,2.291981,-2.679191,0.387210,0.000000,0.000000,0.063185,-0.888765,0.825581,0.000000,0.000000,2.647086,-2.647086
-3.969440,3.969440,0.000000,0.000000,2.240285,-2.301487,0.061203,0.000000,0.000000,0.220557,-1.033103,0.812545,0.000000,0.000000,2.681391,-2.681391
-3.991048,3.991048,0.000000,0.000000,2.271577,-2.373540,0.101964,0.000000,0.000000,0.008586,-0.834224,0.825638,0.000000,0.000000,2.707286,-2.707286
-3.945522,3.945523,0.000000,0.000000,2.247356,-2.382896,0.135541,0.000000,0.000000,0.114778,-0.932736,0.817958,0.000000,0.000000,2.686156,-2.686156
-3.948894,3.948894,0.000000,0.000000,2.258316,-2.378051,0.119735,0.000000,0.000000,0.033198,-0.855157,0.821960,0.000000,0.000000,2.673450,-2.673450
-3.949515,3.949515,0.000000,0.000000,2.263290,-2.288383,0.025093,0.000000,0.000000,0.084405,-0.879449,0.795045,0.000000,0.000000,2.678398,-2.678398
-3.959330,3.959330,0.000000,0.000000,2.274844,-2.299459,0.024615,0.000000,0.000000,0.078085,-0.916348,0.838263,0.000000,0.000000,2.673844,-2.673844
-3.994340,3.994340,0.000000,0.000000,2.304939,-2.458489,0.153550,0.000000,0.000000,0.209181,-1.025167,0.815986,0.000000,0.000000,2.655095,-2.655095
-3.955964,3.955964,0.000000,0.000000,2.238925,-2.338725,0.099800,0.000000,0.000000,0.045185,-0.832922,0.787737,0.000000,0.000000,2.672977,-2.672977
-3.978339,3.978339,0.000000,0.000000,2.270146,-2.519423,0.249278,0.000000,0.000000,0.077351,-0.907745,0.830394,0.000000,0.000000,2.697092,-2.697092
-3.976178,3.976178,0.000000,0.000000,2.244782,-2.469852,0.225070,0.000000,0.000000,0.064036,-0.864013,0.799977,0.000000,0.000000,2.701921,-2.701921
-3.948932,3.948932,0.000000,0.000000,2.267440,-2.419420,0.151980,0.000000,0.000000,0.379993,-1.216640,0.836646,0.000000,0.000000,2.709764,-2.709764
-3.986024,3.986024,0.000000,0.000000,2.277596,-2.456365,0.178769,0.000000,0.000000,0.010158,-0.816374,0.806216,0.000000,0.000000,2.697122,-2.697122
-3.933201,3.933201,0.000000,0.000000,2.236231,-2.313763,0.077532,0.000000,0.000000,0.108442,-0.933978,0.825536,0.000000,0.000000,2.683162,-2.683163
-3.944819,3.944819,0.000000,0.000000,2.249042,-2.462981,0.213939,0.000000,0.000000,0.104100,-0.906285,0.802185,0.000000,0.000000,2.681298,-2.681298
-3.976666,3.976666,0.000000,0.000000,2.276085,-2.402581,0.126496,0.000000,0.000000,0.156036,-0.959177,0.803141,0.000000,0.000000,2.685797,-2.685797
-3.964224,3.964224,0.000000,0.000000,2.269334,-2.339024,0.069690,0.000000,0.000000,0.100991,-0.917801,0.816810,0.000000,0.000000,2.688594,-2.688594
-3.971299,3.971299,0.000000,0.000000,2.231008,-2.254807,0.023800,0.000000,0.000000,0.152741,-0.987566,0.834825,0.000000,0.000000,2.694092,-2.694092
-3.965117,3.965117,0.000000,0.000000,2.260121,-2.277916,0.017794,0.000000,0.000000,0.019725,-0.850732,0.831007,0.000000,0.000000,2.689465,-2.689465
-3.923813,3.923813,0.000000,0.000000,2.237525,-2.318153,0.080629,0.000000,0.000000,0.035697,-0.857702,0.822006,0.000000,0.000000,2.670366,-2.670366
-3.957536,3.957536,0.000000,0.000000,2.270418,-2.382628,0.112210,0.000000,0.000000,0.010388,-0.835614,0.825225,0.000000,0.000000,2.701778,-2.701778
-3.942073,3.942073,0.000000,0.000000,2.251110,-2.274332,0.023222,0.000000,0.000000,0.014486,-0.813341,0.798855,0.000000,0.000000,2.676148,-2.676148
-3.961816,3.961816,0.000000,0.000000,2.254461,-2.317981,0.063519,0.000000,0.000000,0.006851,-0.812233,0.805382,0.000000,0.000000,2.698665,-2.698665
-3.951868,3.951868,0.000000,0.000000,2.259138,-2.281659,0.022520,0.000000,0.000000,0.096527,-0.915996,0.819469,0.000000,0.000000,2.699789,-2.699789
-3.946753,3.946753,0.000000,0.000000,2.272440,-2.333080,0.060640,0.000000,0.000000,0.001371,-0.828396,0.827025,0.000000,0.000000,2.667781,-2.667781
-3.959945,3.959945,0.000000,0.000000,2.254484,-2.360469,0.105985,0.000000,0.000000,0.038557,-0.870886,0.832329,0.000000,0.000000,2.678299,-2.678299
-3.957416,3.957416,0.000000,0.000000,2.280456,-2.371111,0.090655,0.000000,0.000000,0.189880,-1.005430,0.815550,0.000000,0.000000,2.686871,-2.686871
-3.988757,3.988757,0.000000,0.000000,2.268016,-2.307687,0.039672,0.000000,0.000000,0.013256,-0.832533,0.819276,0.000000,0.000000,2.700004,-2.700005
-3.946153,3.946153,0.000000,0.000000,2.282548,-2.423294,0.140745,0.000000,0.000000,0.000108,-0.827488,0.827380,0.000000,0.000000,2.686718,-2.686718
-3.969783,3.969783,0.000000,0.000000,2.241410,-2.515591,0.274180,0.000000,0.000000,0.013549,-0.829542,0.815993,0.000000,0.000000,2.707047,-2.707047
-3.975329,3.975329,0.000000,0.000000,2.259907,-2.289993,0.030087,0.000000,0.000000,0.092811,-0.898536,0.805725,0.000000,0.000000,2.683265,-2.683265
-3.952166,3.952166,0.000000,0.000000,2.259593,-2.298276,0.038683,0.000000,0.000000,0.050103,-0.867113,0.817010,0.000000,0.000000,2.673918,-2.673918
-3.994979,3.994979,0.000000,0.000000,2.285394,-2.349602,0.064208,0.000000,0.000000,0.061973,-0.898176,0.836203,0.000000,0.000000,2.715767,-2.715766
-3.938551,3.938551,0.000000,0.000000,2.232380,-2.329053,0.096673,0.000000,0.000000,0.021922,-0.839128,0.817207,0.000000,0.000000,2.676983,-2.676983
-3.982351,3.982351,0.000000,0.000000,2.270846,-2.355658,0.084812,0.000000,0.000000,0.066427,-0.902954,0.836527,0.000000,0.000000,2.686575,-2.686574
-3.966268,3.966268,0.000000,0.000000,2.237673,-2.463163,0.225490,0.000000,0.000000,0.090744,-0.911590,0.820846,0.000000,0.000000,2.708004,-2.708004
-3.956266,3.956266,0.000000,0.000000,2.272054,-2.358886,0.086832,0.000000,0.000000,0.059887,-0.889981,0.830095,0.000000,0.000000,2.683554,-2.683554
-3.976802,3.976801,0.000000,0.000000,2.256953,-2.362986,0.106032,0.000000,0.000000,0.083852,-0.896986,0.813133,0.000000,0.000000,2.698361,-2.698361
-3.973399,3.973399,0.000000,0.000000,2.273282,-2.440810,0.167528,0.000000,0.000000,0.132016,-0.954136,0.822120,0.000000,0.000000,2.696990,-2.696990
-3.942009,3.942009,0.000000,0.000000,2.258931,-2.384510,0.125578,0.000000,0.000000,0.029624,-0.870255,0.840631,0.000000,0.000000,2.668122,-2.668122
-3.966532,3.966532,0.000000,0.000000,2.233181,-2.379765,0.146584,0.000000,0.000000,0.032725,-0.847542,0.814818,0.000000,0.000000,2.674921,-2.674921
-3.947319,3.947319,0.000000,0.000000,2.242587,-2.376268,0.133681,0.000000,0.000000,0.162171,-0.988604,0.826433,0.000000,0.000000,2.703395,-2.703395
-3.949963,3.949963,0.000000,0.000000,2.253983,-2.366513,0.112529,0.000000,0.000000,0.081216,-0.897897,0.816681,0.000000,0.000000,2.678386,-2.678386
-3.939983,3.939982,0.000000,0.000000,2.249073,-2.320515,0.071443,0.000000,0.000000,0.007545,-0.828410,0.820865,0.000000,0.000000,2.680318,-2.680318
-3.985298,3.985298,0.000000,0.000000,2.259358,-2.473317,0.213959,0.000000,0.000000,0.013287,-0.838678,0.825391,0.000000,0.000000,2.682315,-2.682315
-3.970978,3.970978,0.000000,0.000000,2.269316,-2.307422,0.038106,0.000000,0.000000,0.023592,-0.831655,0.808063,0.000000,0.000000,2.704466,-2.704467
-3.959788,3.959788,0.000000,0.000000,2.234257,-2.385443,0.151186,0.000000,0.000000,0.081838,-0.881699,0.799861,0.000000,0.000000,2.694256,-2.694256
-3.938982,3.938983,0.000000,0.000000,2.254871,-2.439535,0.184663,0.000000,0.000000,0.081956,-0.895491,0.813535,0.000000,0.000000,2.670399,-2.670399
-3.988581,3.988581,0.000000,0.000000,2.256032,-2.385813,0.129781,0.000000,0.000000,0.066072,-0.872107,0.806036,0.000000,0.000000,2.717502,-2.717502
-3.992455,3.992455,0.000000,0.000000,2.266270,-2.390464,0.124194,0.000000,0.000000,0.067638,-0.889794,0.822156,0.000000,0.000000,2.699034,-2.699034
-3.952515,3.952515,0.000000,0.000000,2.243740,-2.352618,0.108878,0.000000,0.000000,0.041770,-0.866166,0.824396,0.000000,0.000000,2.681499,-2.681499
-3.973362,3.973363,0.000000,0.000000,2.265864,-2.346712,0.080848,0.000000,0.000000,0.094435,-0.911153,0.816718,0.000000,0.000000,2.696925,-2.696925
-3.943953,3.943953,0.000000,0.000000,2.248253,-2.368805,0.120552,0.000000,0.000000,0.032185,-0.858477,0.826292,0.000000,0.000000,2.676917,-2.676917
-3.954555,3.954555,0.000000,0.000000,2.236656,-2.272791,0.036135,0.000000,0.000000,0.022859,-0.831594,0.808735,0.000000,0.000000,2.684440,-2.684441
-3.989530,3.989530,0.000000,0.000000,2.263234,-2.426924,0.163690,0.000000,0.000000,0.051048,-0.888568,0.837520,0.000000,0.000000,2.710259,-2.710259
-3.962056,3.962056,0.000000,0.000000,2.252912,-2.405071,0.152158,0.000000,0.000000,0.062231,-0.886016,0.823786,0.000000,0.000000,2.705161,-2.705160
-3.952028,3.952028,0.000000,0.000000,2.256406,-2.355719,0.099313,0.000000,0.000000,0.109569,-0.934034,0.824465,0.000000,0.000000,2.676968,-2.676968
-3.953352,3.953352,0.000000,0.000000,2.252643,-2.378570,0.125927,0.000000,0.000000,0.067810,-0.878224,0.810414,0.000000,0.000000,2.685580,-2.685580
-3.957775,3.957775,0.000000,0.000000,2.264674,-2.400645,0.135971,0.000000,0.000000,0.011161,-0.845230,0.834069,0.000000,0.000000,2.677351,-2.677351
-3.990953,3.990953,0.000000,0.000000,2.272787,-2.399513,0.126726,0.000000,0.000000,0.075897,-0.907964,0.832066,0.000000,0.000000,2.707453,-2.707453
-3.940918,3.940918,0.000000,0.000000,2.269500,-2.441775,0.172275,0.000000,0.000000,0.318255,-1.147699,0.829444,0.000000,0.000000,2.695905,-2.695905
-3.966981,3.966981,0.000000,0.000000,2.235467,-2.373857,0.138391,0.000000,0.000000,0.058388,-0.895582,0.837194,0.000000,0.000000,2.678066,-2.678065
-3.946314,3.946314,0.000000,0.000000,2.268735,-2.439123,0.170388,0.000000,0.000000,0.106254,-0.924959,0.818705,0.000000,0.000000,2.690829,-2.690829
-3.959062,3.959062,0.000000,0.000000,2.234330,-2.294056,0.059726,0.000000,0.000000,0.075650,-0.905265,0.829615,0.000000,0.000000,2.685426,-2.685426
-3.958510,3.958510,0.000000,0.000000,2.248607,-2.479929,0.231323,0.000000,0.000000,0.115794,-0.939904,0.824111,0.000000,0.000000,2.678815,-2.678815
-3.956283,3.956283,0.000000,0.000000,2.239420,-2.342992,0.103572,0.000000,0.000000,0.079268,-0.913662,0.834395,0.000000,0.000000,2.675269,-2.675269
-3.971909,3.971909,0.000000,0.000000,2.253829,-2.320423,0.066594,0.000000,0.000000,0.060864,-0.873136,0.812272,0.000000,0.000000,2.696251,-2.696251
-3.942677,3.942677,0.000000,0.000000,2.265756,-2.398424,0.132668,0.000000,0.000000,0.125944,-0.955308,0.829364,0.000000,0.000000,2.681118,-2.681118
-3.937098,3.937098,0.000000,0.000000,2.256798,-2.267344,0.010547,0.000000,0.000000,0.038979,-0.868246,0.829267,0.000000,0.000000,2.670635,-2.670635
-3.970076,3.970076,0.000000,0.000000,2.253551,-2.419323,0.165772,0.000000,0.000000,0.096439,-0.949268,0.852829,0.000000,0.000000,2.681207,-2.681208
-3.943342,3.943342,0.000000,0.000000,2.236118,-2.324922,0.088804,0.000000,0.000000,0.003927,-0.811001,0.807074,0.000000,0.000000,2.686579,-2.686579
-3.992032,3.992032,0.000000,0.000000,2.247993,-2.271202,0.023209,0.000000,0.000000,0.112251,-0.934620,0.822369,0.000000,0.000000,2.701351,-2.701351
-3.943035,3.943035,0.000000,0.000000,2.239084,-2.290408,0.051324,0.000000,0.000000,0.109334,-0.916317,0.806983,0.000000,0.000000,2.678121,-2.678121
-3.948654,3.948654,0.000000,0.000000,2.260619,-2.447606,0.186987,0.000000,0.000000,0.109956,-0.928720,0.818764,0.000000,0.000000,2.682000,-2.682000
-3.973336,3.973336,0.000000,0.000000,2.265348,-2.344945,0.079597,0.000000,0.000000,0.068369,-0.869663,0.801294,0.000000,0.000000,2.704563,-2.704563
-3.953682,3.953682,0.000000,0.000000,2.259571,-2.360191,0.100620,0.000000,0.000000,0.002131,-0.823647,0.821516,0.000000,0.000000,2.696579,-2.696579
-3.981698,3.981698,0.000000,0.000000,2.250097,-2.383326,0.133229,0.000000,0.000000,0.009763,-0.838683,0.828920,0.000000,0.000000,2.687801,-2.687801
-3.969150,3.969150,0.000000,0.000000,2.250742,-2.390829,0.140087,0.000000,0.000000,0.065388,-0.889927,0.824539,0.000000,0.000000,2.685323,-2.685323
-3.931118,3.931118,0.000000,0.000000,2.251200,-2.356356,0.105156,0.000000,0.000000,0.022328,-0.834063,0.811736,0.000000,0.000000,2.671915,-2.671915
-3.975688,3.975688,0.000000,0.000000,2.255083,-2.475020,0.219936,0.000000,0.000000,0.017715,-0.842477,0.824761,0.000000,0.000000,2.690956,-2.690957
-3.967355,3.967355,0.000000,0.000000,2.260414,-2.342453,0.082039,0.000000,0.000000,0.159014,-0.987235,0.828221,0.000000,0.000000,2.681020,-2.681019
-3.955057,3.955057,0.000000,0.000000,2.259189,-2.337459,0.078270,0.000000,0.000000,0.103106,-0.928981,0.825875,0.000000,0.000000,2.671125,-2.671125
-3.926977,3.926977,0.000000,0.000000,2.256465,-2.341519,0.085054,0.000000,0.000000,0.097751,-0.914311,0.816561,0.000000,0.000000,2.661706,-2.661706
-3.972930,3.972930,0.000000,0.000000,2.265220,-2.322467,0.057247,0.000000,0.000000,0.075632,-0.899114,0.823482,0.000000,0.000000,2.689149,-2.689149
-3.958952,3.958952,0.000000,0.000000,2.273396,-2.297571,0.024174,0.000000,0.000000,0.007565,-0.843058,0.835492,0.000000,0.000000,2.672764,-2.672764
-3.962797,3.962797,0.000000,0.000000,2.256949,-2.278686,0.021736,0.000000,0.000000,0.120142,-0.927524,0.807382,0.000000,0.000000,2.678697,-2.678697
-3.965000,3.965000,0.000000,0.000000,2.280175,-2.352290,0.072115,0.000000,0.000000,0.062054,-0.886314,0.824260,0.000000,0.000000,2.696045,-2.696046
-3.949635,3.949635,0.000000,0.000000,2.245080,-2.256498,0.011418,0.000000,0.000000,0.040906,-0.852205,0.811299,0.000000,0.000000,2.675376,-2.675376
-3.936342,3.936342,0.000000,0.000000,2.242444,-2.348385,0.105941,0.000000,0.000000,0.045863,-0.858477,0.812614,0.000000,0.000000,2.671254,-2.671254
-3.951314,3.951314,0.000000,0.000000,2.278748,-2.348950,0.070202,0.000000,0.000000,0.017681,-0.829264,0.811583,0.000000,0.000000,2.685370,-2.685370
-3.989538,3.989538,0.000000,0.000000,2.267686,-2.417078,0.149393,0.000000,0.000000,0.118988,-0.933659,0.814671,0.000000,0.000000,2.689789,-2.689789
-3.988965,3.988964,0.000000,0.000000,2.272726,-2.325719,0.052994,0.000000,0.000000,0.144070,-0.946754,0.802683,0.000000,0.000000,2.703477,-2.703477
-3.963337,3.963337,0.000000,0.000000,2.262126,-2.357561,0.095435,0.000000,0.000000,0.172840,-0.981416,0.808575,0.000000,0.000000,2.682671,-2.682670
-3.964511,3.964511,0.000000,0.000000,2.257615,-2.367765,0.110151,0.000000,0.000000,0.061985,-0.867536,0.805551,0.000000,0.000000,2.686529,-2.686529
-3.960335,3.960335,0.000000,0.000000,2.265373,-2.316658,0.051285,0.000000,0.000000,0.104681,-0.921727,0.817046,0.000000,0.000000,2.681574,-2.681574
-3.954188,3.954188,0.000000,0.000000,2.268813,-2.293177,0.024364,0.000000,0.000000,0.027668,-0.840082,0.812414,0.000000,0.000000,2.675689,-2.675689
-3.954798,3.954798,0.000000,0.000000,2.248164,-2.270164,0.022000,0.000000,0.000000,0.060094,-0.862624,0.802531,0.000000,0.000000,2.677855,-2.677854
-3.986440,3.986439,0.000000,0.000000,2.250447,-2.345072,0.094624,0.000000,0.000000,0.010364,-0.836309,0.825945,0.000000,0.000000,2.696243,-2.696244
-3.994324,3.994324,0.000000,0.000000,2.272649,-2.336762,0.064113,0.000000,0.000000,0.323798,-1.145400,0.821603,0.000000,0.000000,2.706172,-2.706172
-3.966102,3.966102,0.000000,0.000000,2.252971,-2.355706,0.102734,0.000000,0.000000,0.219994,-1.031369,0.811376,0.000000,0.000000,2.690836,-2.690836
-3.960633,3.960633,0.000000,0.000000,2.262659,-2.306865,0.044207,0.000000,0.000000,0.098029,-0.919829,0.821801,0.000000,0.000000,2.680465,-2.680465
-3.968410,3.968410,0.000000,0.000000,2.259785,-2.327078,0.067293,0.000000,0.000000,0.051259,-0.879619,0.828360,0.000000,0.000000,2.693312,-2.693312
-3.957256,3.957256,0.000000,0.000000,2.268111,-2.333087,0.064977,0.000000,0.000000,0.129292,-0.979276,0.849985,0.000000,0.000000,2.691280,-2.691280
-3.974501,3.974501,0.000000,0.000000,2.264853,-2.281979,0.017126,0.000000,0.000000,0.021054,-0.842606,0.821552,0.000000,0.000000,2.705325,-2.705325
-3.924337,3.924337,0.000000,0.000000,2.228040,-2.255141,0.027102,0.000000,0.000000,0.029811,-0.843241,0.813429,0.000000,0.000000,2.662529,-2.662529
-3.952518,3.952518,0.000000,0.000000,2.256184,-2.283369,0.027185,0.000000,0.000000,0.067148,-0.882024,0.814876,0.000000,0.000000,2.688447,-2.688447
-3.957339,3.957339,0.000000,0.000000,2.256121,-2.374181,0.118060,0.000000,0.000000,0.039596,-0.877412,0.837816,0.000000,0.000000,2.688186,-2.688186
-3.965854,3.965854,0.000000,0.000000,2.265773,-2.393431,0.127658,0.000000,0.000000,0.140727,-0.966489,0.825761,0.000000,0.000000,2.696553,-2.696553
-3.944986,3.944986,0.000000,0.000000,2.248684,-2.275723,0.027039,0.000000,0.000000,0.105757,-0.920097,0.814340,0.000000,0.000000,2.673323,-2.673323
-3.903491,3.903491,0.000000,0.000000,2.255635,-2.320523,0.064888,0.000000,0.000000,0.101496,-0.925806,0.824310,0.000000,0.000000,2.666596,-2.666596
-3.962765,3.962765,0.000000,0.000000,2.239264,-2.312673,0.073408,0.000000,0.000000,0.138559,-0.959437,0.820879,0.000000,0.000000,2.680547,-2.680547
-3.964716,3.964716,0.000000,0.000000,2.250724,-2.460864,0.210140,0.000000,0.000000,0.004794,-0.822053,0.817259,0.000000,0.000000,2.681596,-2.681596
-3.952791,3.952791,0.000000,0.000000,2.272525,-2.304411,0.031886,0.000000,0.000000,0.115154,-0.933932,0.818779,0.000000,0.000000,2.677585,-2.677585
-3.971105,3.971104,0.000000,0.000000,2.257403,-2.302706,0.045303,0.000000,0.000000,0.000646,-0.816208,0.815562,0.000000,0.000000,2.686934,-2.686934
-3.968728,3.968728,0.000000,0.000000,2.257784,-2.327299,0.069515,0.000000,0.000000,0.119987,-0.948334,0.828348,0.000000,0.000000,2.682708,-2.682709
-3.955402,3.955402,0.000000,0.000000,2.287705,-2.456503,0.168798,0.000000,0.000000,0.001420,-0.804151,0.802730,0.000000,0.000000,2.694486,-2.694486
-3.951222,3.951221,0.000000,0.000000,2.244292,-2.275434,0.031141,0.000000,0.000000,0.137585,-0.953183,0.815597,0.000000,0.000000,2.685218,-2.685218
-3.955182,3.955182,0.000000,0.000000,2.255200,-2.276329,0.021129,0.000000,0.000000,0.049860,-0.855448,0.805588,0.000000,0.000000,2.686423,-2.686423
-3.960228,3.960228,0.000000,0.000000,2.250057,-2.330187,0.080130,0.000000,0.000000,0.007075,-0.838295,0.831220,0.000000,0.000000,2.682886,-2.682886
-3.955584,3.955584,0.000000,0.000000,2.267705,-2.393784,0.126079,0.000000,0.000000,0.147027,-0.949392,0.802365,0.000000,0.000000,2.693611,-2.693611
-3.970733,3.970733,0.000000,0.000000,2.268662,-2.378576,0.109914,0.000000,0.000000,0.045658,-0.876071,0.830413,0.000000,0.000000,2.699828,-2.699828
-3.971331,3.971331,0.000000,0.000000,2.256496,-2.302988,0.046491,0.000000,0.000000,0.037606,-0.858132,0.820526,0.000000,0.000000,2.686147,-2.686147
-4.001341,4.001340,0.000000,0.000000,2.258838,-2.268873,0.010036,0.000000,0.000000,0.042100,-0.869420,0.827321,0.000000,0.000000,2.703763,-2.703763
-3.974547,3.974548,0.000000,0.000000,2.272830,-2.288028,0.015198,0.000000,0.000000,0.032586,-0.849944,0.817358,0.000000,0.000000,2.689248,-2.689248
-3.966968,3.966968,0.000000,0.000000,2.247830,-2.288815,0.040984,0.000000,0.000000,0.195848,-1.022573,0.826724,0.000000,0.000000,2.692143,-2.692143
-3.943553,3.943553,0.000000,0.000000,2.275557,-2.287966,0.012409,0.000000,0.000000,0.000356,-0.819169,0.818813,0.000000,0.000000,2.676232,-2.676232
-3.965074,3.965074,0.000000,0.000000,2.248904,-2.279636,0.030732,0.000000,0.000000,0.052222,-0.875823,0.823601,0.000000,0.000000,2.685740,-2.685740
-3.961495,3.961495,0.000000,0.000000,2.257535,-2.285755,0.028220,0.000000,0.000000,0.072676,-0.894224,0.821548,0.000000,0.000000,2.684303,-2.684303
-3.982971,3.982971,0.000000,0.000000,2.247839,-2.394872,0.147032,0.000000,0.000000,0.009704,-0.830533,0.820829,0.000000,0.000000,2.690677,-2.690678
-3.941455,3.941455,0.000000,0.000000,2.249815,-2.286991,0.037176,0.000000,0.000000,0.090225,-0.910001,0.819776,0.000000,0.000000,2.671612,-2.671612
-3.956508,3.956508,0.000000,0.000000,2.268548,-2.306945,0.038397,0.000000,0.000000,0.149987,-0.977036,0.827049,0.000000,0.000000,2.692169,-2.692169
-3.964839,3.964839,0.000000,0.000000,2.255640,-2.369527,0.113887,0.000000,0.000000,0.077398,-0.890114,0.812715,0.000000,0.000000,2.689581,-2.689581
-3.970246,3.970246,0.000000,0.000000,2.244613,-2.295308,0.050695,0.000000,0.000000,0.018158,-0.832397,0.814239,0.000000,0.000000,2.685529,-2.685529
-3.975947,3.975947,0.000000,0.000000,2.251253,-2.297506,0.046252,0.000000,0.000000,0.002353,-0.817711,0.815358,0.000000,0.000000,2.690937,-2.690936
-3.958638,3.958638,0.000000,0.000000,2.255755,-2.309341,0.053585,0.000000,0.000000,0.030959,-0.852616,0.821658,0.000000,0.000000,2.687119,-2.687119
-3.967570,3.967570,0.000000,0.000000,2.269288,-2.325042,0.055754,0.000000,0.000000,0.088116,-0.901811,0.813695,0.000000,0.000000,2.701862,-2.701862
-3.966086,3.966086,0.000000,0.000000,2.264702,-2.365841,0.101139,0.000000,0.000000,0.027412,-0.853943,0.826531,0.000000,0.000000,2.702433,-2.702433
-3.941758,3.941758,0.000000,0.000000,2.263350,-2.308211,0.044861,0.000000,0.000000,0.031842,-0.845676,0.813834,0.000000,0.000000,2.661515,-2.661515
-3.981309,3.981309,0.000000,0.000000,2.257232,-2.280844,0.023612,0.000000,0.000000,0.027257,-0.842255,0.814997,0.000000,0.000000,2.697469,-2.697469
-3.955462,3.955462,0.000000,0.000000,2.268469,-2.320006,0.051537,0.000000,0.000000,0.009172,-0.822949,0.813777,0.000000,0.000000,2.670197,-2.670197
-3.967631,3.967631,0.000000,0.000000,2.249974,-2.394079,0.144105,0.000000,0.000000,0.020525,-0.846673,0.826148,0.000000,0.000000,2.683490,-2.683489
-3.971288,3.971288,0.000000,0.000000,2.257577,-2.382835,0.125258,0.000000,0.000000,0.014474,-0.838347,0.823873,0.000000,0.000000,2.692306,-2.692306
-3.951416,3.951416,0.000000,0.000000,2.258413,-2.315661,0.057247,0.000000,0.000000,0.116294,-0.926411,0.810117,0.000000,0.000000,2.677954,-2.677954
-3.962777,3.962776,0.000000,0.000000,2.264300,-2.323025,0.058725,0.000000,0.000000,0.041772,-0.871530,0.829758,0.000000,0.000000,2.687585,-2.687585
-3.972183,3.972183,0.000000,0.000000,2.252523,-2.268652,0.016129,0.000000,0.000000,0.037561,-0.845693,0.808133,0.000000,0.000000,2.702976,-2.702976
-3.962519,3.962519,0.000000,0.000000,2.266446,-2.293726,0.027280,0.000000,0.000000,0.069433,-0.881591,0.812158,0.000000,0.000000,2.687944,-2.687944
-3.967745,3.967745,0.000000,0.000000,2.256577,-2.308438,0.051861,0.000000,0.000000,0.041486,-0.865144,0.823658,0.000000,0.000000,2.692187,-2.692187
-3.969774,3.969774,0.000000,0.000000,2.257167,-2.353283,0.096116,0.000000,0.000000,0.032342,-0.849084,0.816742,0.000000,0.000000,2.686714,-2.686714
-3.995644,3.995644,0.000000,0.000000,2.286440,-2.338622,0.052182,0.000000,0.000000,0.028187,-0.857652,0.829465,0.000000,0.000000,2.702772,-2.702771
-3.956470,3.956470,0.000000,0.000000,2.266805,-2.345604,0.078799,0.000000,0.000000,0.035505,-0.857919,0.822414,0.000000,0.000000,2.690947,-2.690947
-4.002177,4.002177,0.000000,0.000000,2.268241,-2.304128,0.035887,0.000000,0.000000,0.109265,-0.937548,0.828283,0.000000,0.000000,2.701160,-2.701160
-3.968748,3.968748,0.000000,0.000000,2.271136,-2.318044,0.046909,0.000000,0.000000,0.057128,-0.874175,0.817047,0.000000,0.000000,2.690209,-2.690209
-3.951945,3.951945,0.000000,0.000000,2.273800,-2.441366,0.167566,0.000000,0.000000,0.061778,-0.881805,0.820027,0.000000,0.000000,2.684647,-2.684647
-3.959289,3.959289,0.000000,0.000000,2.254783,-2.295076,0.040293,0.000000,0.000000,0.129532,-0.942020,0.812488,0.000000,0.000000,2.699975,-2.699975
-3.956771,3.956771,0.000000,0.000000,2.258547,-2.294832,0.036286,0.000000,0.000000,0.058879,-0.877972,0.819093,0.000000,0.000000,2.686832,-2.686832
-3.956470,3.956470,0.000000,0.000000,2.261569,-2.310379,0.048810,0.000000,0.000000,0.044053,-0.862945,0.818892,0.000000,0.000000,2.676950,-2.676950
-3.954479,3.954479,0.000000,0.000000,2.245976,-2.338294,0.092318,0.000000,0.000000,0.021692,-0.819075,0.797382,0.000000,0.000000,2.683614,-2.683614
-3.964818,3.964817,0.000000,0.000000,2.267352,-2.369431,0.102079,0.000000,0.000000,0.007557,-0.824730,0.817173,0.000000,0.000000,2.697988,-2.697988
-3.956678,3.956678,0.000000,0.000000,2.255511,-2.273960,0.018449,0.000000,0.000000,0.019478,-0.827302,0.807823,0.000000,0.000000,2.681248,-2.681248
-3.963310,3.963310,0.000000,0.000000,2.262492,-2.294153,0.031661,0.000000,0.000000,0.028720,-0.852697,0.823977,0.000000,0.000000,2.690325,-2.690325
-3.980750,3.980750,0.000000,0.000000,2.259923,-2.381706,0.121783,0.000000,0.000000,0.142152,-0.978643,0.836492,0.000000,0.000000,2.699472,-2.699472
-3.969944,3.969944,0.000000,0.000000,2.259967,-2.368700,0.108733,0.000000,0.000000,0.061737,-0.889885,0.828148,0.000000,0.000000,2.686793,-2.686793
-3.959738,3.959738,0.000000,0.000000,2.272100,-2.385427,0.113327,0.000000,0.000000,0.022971,-0.837218,0.814246,0.000000,0.000000,2.698166,-2.698166
-3.964349,3.964349,0.000000,0.000000,2.246532,-2.344087,0.097555,0.000000,0.000000,0.094126,-0.907023,0.812897,0.000000,0.000000,2.692832,-2.692832
-3.967940,3.967940,0.000000,0.000000,2.282259,-2.396693,0.114433,0.000000,0.000000,0.123927,-0.964381,0.840454,0.000000,0.000000,2.697199,-2.697198
-3.949697,3.949697,0.000000,0.000000,2.245806,-2.299066,0.053259,0.000000,0.000000,0.115857,-0.920826,0.804968,0.000000,0.000000,2.662014,-2.662014
-3.954657,3.954657,0.000000,0.000000,2.266201,-2.323961,0.057760,0.000000,0.000000,0.040309,-0.853192,0.812883,0.000000,0.000000,2.680731,-2.680731
-3.982782,3.982782,0.000000,0.000000,2.263118,-2.427924,0.164806,0.000000,0.000000,0.067402,-0.900792,0.833390,0.000000,0.000000,2.689718,-2.689718
-3.967620,3.967620,0.000000,0.000000,2.263419,-2.290083,0.026664,0.000000,0.000000,0.069271,-0.870518,0.801247,0.000000,0.000000,2.698852,-2.698852
-3.963090,3.963090,0.000000,0.000000,2.257986,-2.351198,0.093212,0.000000,0.000000,0.047196,-0.865498,0.818303,0.000000,0.000000,2.682224,-2.682224
-3.979818,3.979818,0.000000,0.000000,2.264468,-2.373460,0.108992,0.000000,0.000000,0.034589,-0.849421,0.814832,0.000000,0.000000,2.693975,-2.693975
-3.984908,3.984908,0.000000,0.000000,2.275446,-2.392145,0.116699,0.000000,0.000000,0.115974,-0.939196,0.823222,0.000000,0.000000,2.687294,-2.687294
-3.979087,3.979087,0.000000,0.000000,2.257034,-2.388262,0.131227,0.000000,0.000000,0.193326,-1.012490,0.819165,0.000000,0.000000,2.701215,-2.701215
-3.950035,3.950035,0.000000,0.000000,2.254986,-2.274131,0.019145,0.000000,0.000000,0.024587,-0.829555,0.804968,0.000000,0.000000,2.684116,-2.684116
-3.957275,3.957275,0.000000,0.000000,2.256509,-2.283283,0.026774,0.000000,0.000000,0.004723,-0.818720,0.813997,0.000000,0.000000,2.681267,-2.681267
-3.974712,3.974712,0.000000,0.000000,2.265209,-2.335481,0.070272,0.000000,0.000000,0.062157,-0.874658,0.812501,0.000000,0.000000,2.694973,-2.694973
-3.969944,3.969944,0.000000,0.000000,2.262771,-2.331660,0.068889,0.000000,0.000000,0.000680,-0.829864,0.829184,0.000000,0.000000,2.688973,-2.688973
-3.958250,3.958250,0.000000,0.000000,2.268592,-2.352535,0.083943,0.000000,0.000000,0.041322,-0.861089,0.819766,0.000000,0.000000,2.682631,-2.682631
-3.956044,3.956044,0.000000,0.000000,2.260070,-2.385494,0.125424,0.000000,0.000000,0.036584,-0.870019,0.833434,0.000000,0.000000,2.682673,-2.682673
-3.948251,3.948251,0.000000,0.000000,2.264436,-2.330518,0.066082,0.000000,0.000000,0.076105,-0.902289,0.826184,0.000000,0.000000,2.690187,-2.690187
-3.985553,3.985553,0.000000,0.000000,2.269256,-2.425747,0.156491,0.000000,0.000000,0.000416,-0.813582,0.813166,0.000000,0.000000,2.696333,-2.696333
-4.007649,4.007649,0.000000,0.000000,2.290390,-2.368569,0.078179,0.000000,0.000000,0.056840,-0.893581,0.836741,0.000000,0.000000,2.721100,-2.721100
-3.953242,3.953242,0.000000,0.000000,2.265218,-2.312918,0.047700,0.000000,0.000000,0.065756,-0.879308,0.813553,0.000000,0.000000,2.685868,-2.685868
-3.995777,3.995777,0.000000,0.000000,2.268632,-2.297225,0.028593,0.000000,0.000000,0.068146,-0.891811,0.823665,0.000000,0.000000,2.694331,-2.694331
-3.973933,3.973933,0.000000,0.000000,2.262094,-2.351444,0.089350,0.000000,0.000000,0.137470,-0.956096,0.818626,0.000000,0.000000,2.694477,-2.694477
-3.950869,3.950869,0.000000,0.000000,2.267527,-2.325373,0.057845,0.000000,0.000000,0.063551,-0.880660,0.817109,0.000000,0.000000,2.689775,-2.689775
-4.008541,4.008541,0.000000,0.000000,2.261976,-2.309191,0.047215,0.000000,0.000000,0.042453,-0.870255,0.827801,0.000000,0.000000,2.720860,-2.720860
-3.967968,3.967968,0.000000,0.000000,2.259150,-2.384655,0.125505,0.000000,0.000000,0.045340,-0.872011,0.826670,0.000000,0.000000,2.687787,-2.687787
-3.965066,3.965066,0.000000,0.000000,2.255499,-2.334093,0.078594,0.000000,0.000000,0.030402,-0.846009,0.815607,0.000000,0.000000,2.688047,-2.688047
-3.983396,3.983396,0.000000,0.000000,2.278511,-2.392553,0.114043,0.000000,0.000000,0.046800,-0.871510,0.824710,0.000000,0.000000,2.688590,-2.688590
-3.941761,3.941761,0.000000,0.000000,2.240598,-2.431722,0.191124,0.000000,0.000000,0.033518,-0.842621,0.809103,0.000000,0.000000,2.667151,-2.667151
-3.962228,3.962228,0.000000,0.000000,2.268195,-2.418535,0.150341,0.000000,0.000000,0.034623,-0.864124,0.829501,0.000000,0.000000,2.686804,-2.686803
-3.947403,3.947403,0.000000,0.000000,2.254724,-2.359021,0.104297,0.000000,0.000000,0.001974,-0.813611,0.811636,0.000000,0.000000,2.674383,-2.674383
-3.955750,3.955750,0.000000,0.000000,2.252450,-2.411575,0.159125,0.000000,0.000000,0.021898,-0.837039,0.815140,0.000000,0.000000,2.680041,-2.680041
-3.978147,3.978147,0.000000,0.000000,2.259503,-2.343206,0.083702,0.000000,0.000000,0.068374,-0.882707,0.814333,0.000000,0.000000,2.697008,-2.697008
-3.944047,3.944047,0.000000,0.000000,2.237768,-2.278465,0.040697,0.000000,0.000000,0.048178,-0.859275,0.811096,0.000000,0.000000,2.690214,-2.690214
-3.959119,3.959119,0.000000,0.000000,2.264329,-2.297304,0.032974,0.000000,0.000000,0.005290,-0.823050,0.817760,0.000000,0.000000,2.691152,-2.691152
-3.963571,3.963570,0.000000,0.000000,2.262242,-2.277730,0.015488,0.000000,0.000000,0.008967,-0.833220,0.824253,0.000000,0.000000,2.693859,-2.693859
-3.964871,3.964871,0.000000,0.000000,2.275246,-2.302191,0.026945,0.000000,0.000000,0.078296,-0.887687,0.809390,0.000000,0.000000,2.689462,-2.689462
-3.961832,3.961832,0.000000,0.000000,2.252895,-2.342393,0.089498,0.000000,0.000000,0.031052,-0.856927,0.825875,0.000000,0.000000,2.692972,-2.692972
-3.937247,3.937247,0.000000,0.000000,2.240982,-2.324191,0.083208,0.000000,0.000000,0.108084,-0.915824,0.807740,0.000000,0.000000,2.683199,-2.683200
-3.970422,3.970422,0.000000,0.000000,2.263916,-2.368343,0.104428,0.000000,0.000000,0.048212,-0.869997,0.821786,0.000000,0.000000,2.695393,-2.695394
-3.969827,3.969827,0.000000,0.000000,2.261410,-2.290689,0.029279,0.000000,0.000000,0.042671,-0.867969,0.825298,0.000000,0.000000,2.692435,-2.692435
-3.965290,3.965289,0.000000,0.000000,2.251007,-2.323967,0.072960,0.000000,0.000000,0.028140,-0.850998,0.822857,0.000000,0.000000,2.684047,-2.684047
-3.974910,3.974910,0.000000,0.000000,2.250564,-2.331606,0.081042,0.000000,0.000000,0.107572,-0.921010,0.813438,0.000000,0.000000,2.691243,-2.691243
-3.959606,3.959606,0.000000,0.000000,2.254965,-2.370593,0.115628,0.000000,0.000000,0.019823,-0.842474,0.822651,0.000000,0.000000,2.690840,-2.690840
-3.945098,3.945098,0.000000,0.000000,2.244500,-2.265833,0.021333,0.000000,0.000000,0.063505,-0.872014,0.808509,0.000000,0.000000,2.669955,-2.669954
-3.985106,3.985106,0.000000,0.000000,2.256937,-2.304798,0.047860,0.000000,0.000000,0.016278,-0.843551,0.827273,0.000000,0.000000,2.699284,-2.699284
-3.968037,3.968037,0.000000,0.000000,2.241033,-2.259638,0.018605,0.000000,0.000000,0.202301,-1.029010,0.826708,0.000000,0.000000,2.695558,-2.695558
-3.974642,3.974641,0.000000,0.000000,2.274889,-2.316993,0.042104,0.000000,0.000000,0.025354,-0.850741,0.825388,0.000000,0.000000,2.695240,-2.695240
-3.977939,3.977939,0.000000,0.000000,2.265870,-2.404545,0.138675,0.000000,0.000000,0.074682,-0.897321,0.822639,0.000000,0.000000,2.694744,-2.694744
-3.962455,3.962455,0.000000,0.000000,2.255636,-2.298106,0.042470,0.000000,0.000000,0.031106,-0.842290,0.811184,0.000000,0.000000,2.682338,-2.682338
-3.967732,3.967732,0.000000,0.000000,2.254083,-2.366914,0.112830,0.000000,0.000000,0.059004,-0.879470,0.820466,0.000000,0.000000,2.694535,-2.694535
-3.967048,3.967048,0.000000,0.000000,2.257060,-2.372813,0.115753,0.000000,0.000000,0.082102,-0.899790,0.817688,0.000000,0.000000,2.689317,-2.689317
-3.949207,3.949207,0.000000,0.000000,2.255643,-2.283745,0.028101,0.000000,0.000000,0.047699,-0.864317,0.816619,0.000000,0.000000,2.682764,-2.682764
-3.978118,3.978118,0.000000,0.000000,2.259747,-2.271389,0.011642,0.000000,0.000000,0.138874,-0.958699,0.819825,0.000000,0.000000,2.697611,-2.697611
-3.955872,3.955872,0.000000,0.000000,2.279661,-2.531103,0.251441,0.000000,0.000000,0.007023,-0.831933,0.824910,0.000000,0.000000,2.699609,-2.699609
-3.963360,3.963360,0.000000,0.000000,2.259832,-2.272840,0.013007,0.000000,0.000000,0.025974,-0.846329,0.820355,0.000000,0.000000,2.682903,-2.682903
-3.969491,3.969491,0.000000,0.000000,2.257198,-2.309096,0.051898,0.000000,0.000000,0.060824,-0.886330,0.825506,0.000000,0.000000,2.692386,-2.692386
-3.974666,3.974666,0.000000,0.000000,2.263034,-2.401496,0.138463,0.000000,0.000000,0.055916,-0.870826,0.814911,0.000000,0.000000,2.691971,-2.691971
-3.961565,3.961565,0.000000,0.000000,2.250451,-2.467889,0.217438,0.000000,0.000000,0.009767,-0.833695,0.823928,0.000000,0.000000,2.687759,-2.687759
-3.977031,3.977031,0.000000,0.000000,2.263145,-2.315305,0.052160,0.000000,0.000000,0.162104,-0.989642,0.827538,0.000000,0.000000,2.704508,-2.704508
-3.968950,3.968950,0.000000,0.000000,2.264400,-2.355572,0.091172,0.000000,0.000000,0.043332,-0.861007,0.817676,0.000000,0.000000,2.692758,-2.692758
-3.972013,3.972013,0.000000,0.000000,2.260910,-2.318428,0.057519,0.000000,0.000000,0.001319,-0.830311,0.828992,0.000000,0.000000,2.688355,-2.688355
-3.966276,3.966276,0.000000,0.000000,2.255437,-2.278079,0.022641,0.000000,0.000000,0.001879,-0.813222,0.811343,0.000000,0.000000,2.688570,-2.688570
-3.963181,3.963181,0.000000,0.000000,2.259854,-2.355208,0.095355,0.000000,0.000000,0.024947,-0.852947,0.828000,0.000000,0.000000,2.696642,-2.696642
-3.971702,3.971702,0.000000,0.000000,2.261035,-2.346614,0.085579,0.000000,0.000000,0.018827,-0.818000,0.799173,0.000000,0.000000,2.693740,-2.693740
-3.955430,3.955430,0.000000,0.000000,2.258610,-2.269013,0.010404,0.000000,0.000000,0.152432,-0.975155,0.822723,0.000000,0.000000,2.683806,-2.683806
-3.952271,3.952271,0.000000,0.000000,2.261192,-2.358396,0.097204,0.000000,0.000000,0.024731,-0.849797,0.825066,0.000000,0.000000,2.685539,-2.685539
-3.952657,3.952657,0.000000,0.000000,2.259364,-2.349443,0.090079,0.000000,0.000000,0.040338,-0.848433,0.808095,0.000000,0.000000,2.693061,-2.693061
-3.968326,3.968326,0.000000,0.000000,2.256069,-2.319247,0.063178,0.000000,0.000000,0.114419,-0.941684,0.827265,0.000000,0.000000,2.691816,-2.691816
-3.964673,3.964673,0.000000,0.000000,2.261357,-2.429243,0.167886,0.000000,0.000000,0.015126,-0.844519,0.829394,0.000000,0.000000,2.691213,-2.691213
-3.982759,3.982758,0.000000,0.000000,2.285870,-2.391391,0.105520,0.000000,0.000000,0.139101,-0.974867,0.835766,0.000000,0.000000,2.702483,-2.702483
-3.964223,3.964223,0.000000,0.000000,2.248229,-2.339427,0.091198,0.000000,0.000000,0.005572,-0.825503,0.819931,0.000000,0.000000,2.687871,-2.687871
-3.968674,3.968674,0.000000,0.000000,2.265792,-2.421016,0.155223,0.000000,0.000000,0.055385,-0.878502,0.823117,0.000000,0.000000,2.687134,-2.687134
-3.960997,3.960997,0.000000,0.000000,2.262068,-2.335977,0.073909,0.000000,0.000000,0.120161,-0.943580,0.823419,0.000000,0.000000,2.681600,-2.681600
-3.962957,3.962957,0.000000,0.000000,2.267419,-2.353326,0.085907,0.000000,0.000000,0.033972,-0.858169,0.824197,0.000000,0.000000,2.689841,-2.689841
-3.963507,3.963507,0.000000,0.000000,2.270492,-2.304674,0.034182,0.000000,0.000000,0.084207,-0.901245,0.817038,0.000000,0.000000,2.696700,-2.696700
-3.975288,3.975288,0.000000,0.000000,2.256997,-2.322564,0.065567,0.000000,0.000000,0.023410,-0.838265,0.814855,0.000000,0.000000,2.697301,-2.697301
-3.951521,3.951521,0.000000,0.000000,2.257965,-2.332233,0.074268,0.000000,0.000000,0.056867,-0.874048,0.817182,0.000000,0.000000,2.683797,-2.683797
-3.983208,3.983208,0.000000,0.000000,2.253502,-2.329363,0.075861,0.000000,0.000000,0.060399,-0.873939,0.813539,0.000000,0.000000,2.690762,-2.690762
-3.952680,3.952680,0.000000,0.000000,2.252572,-2.325559,0.072987,0.000000,0.000000,0.005361,-0.814910,0.809549,0.000000,0.000000,2.683700,-2.683700
-3.954065,3.954065,0.000000,0.000000,2.249636,-2.278674,0.029038,0.000000,0.000000,0.019296,-0.831936,0.812640,0.000000,0.000000,2.691026,-2.691026
-3.980668,3.980667,0.000000,0.000000,2.258604,-2.290847,0.032243,0.000000,0.000000,0.014461,-0.838144,0.823683,0.000000,0.000000,2.697172,-2.697172
-3.948058,3.948058,0.000000,0.000000,2.259713,-2.279464,0.019752,0.000000,0.000000,0.050446,-0.859641,0.809195,0.000000,0.000000,2.679585,-2.679585
-3.966378,3.966378,0.000000,0.000000,2.259584,-2.333879,0.074294,0.000000,0.000000,0.017699,-0.836423,0.818723,0.000000,0.000000,2.693801,-2.693801
-3.973912,3.973912,0.000000,0.000000,2.263593,-2.367089,0.103496,0.000000,0.000000,0.020008,-0.841597,0.821589,0.000000,0.000000,2.690700,-2.690700
-3.963208,3.963208,0.000000,0.000000,2.265443,-2.279566,0.014123,0.000000,0.000000,0.031810,-0.852956,0.821146,0.000000,0.000000,2.691954,-2.691954
-3.957866,3.957866,0.000000,0.000000,2.265527,-2.300532,0.035005,0.000000,0.000000,0.038962,-0.851973,0.813010,0.000000,0.000000,2.684421,-2.684422
-3.991161,3.991161,0.000000,0.000000,2.256904,-2.343209,0.086306,0.000000,0.000000,0.052279,-0.869940,0.817661,0.000000,0.000000,2.699108,-2.699108
-3.974954,3.974954,0.000000,0.000000,2.262812,-2.294967,0.032155,0.000000,0.000000,0.124044,-0.948911,0.824867,0.000000,0.000000,2.688252,-2.688252
-3.962753,3.962753,0.000000,0.000000,2.254463,-2.301188,0.046724,0.000000,0.000000,0.113371,-0.931113,0.817742,0.000000,0.000000,2.685608,-2.685608
-3.962594,3.962594,0.000000,0.000000,2.249784,-2.354194,0.104410,0.000000,0.000000,0.048959,-0.873941,0.824982,0.000000,0.000000,2.690578,-2.690578
-3.971772,3.971772,0.000000,0.000000,2.261353,-2.359442,0.098088,0.000000,0.000000,0.059849,-0.880647,0.820798,0.000000,0.000000,2.694955,-2.694955
-3.956562,3.956563,0.000000,0.000000,2.255043,-2.322730,0.067687,0.000000,0.000000,0.013947,-0.837026,0.823080,0.000000,0.000000,2.684119,-2.684119
-3.954308,3.954308,0.000000,0.000000,2.249452,-2.325808,0.076356,0.000000,0.000000,0.041496,-0.869173,0.827677,0.000000,0.000000,2.685061,-2.685062
-3.957381,3.957381,0.000000,0.000000,2.249768,-2.288305,0.038537,0.000000,0.000000,0.059902,-0.875903,0.816001,0.000000,0.000000,2.685214,-2.685214
-3.963007,3.963007,0.000000,0.000000,2.261282,-2.376512,0.115230,0.000000,0.000000,0.018446,-0.830530,0.812084,0.000000,0.000000,2.692241,-2.692241
-3.974554,3.974554,0.000000,0.000000,2.265706,-2.404448,0.138741,0.000000,0.000000,0.033589,-0.852003,0.818414,0.000000,0.000000,2.699968,-2.699968
-3.955973,3.955973,0.000000,0.000000,2.256811,-2.369206,0.112395,0.000000,0.000000,0.043669,-0.865589,0.821920,0.000000,0.000000,2.692696,-2.692696
-3.961445,3.961445,0.000000,0.000000,2.247392,-2.354158,0.106766,0.000000,0.000000,0.038906,-0.853696,0.814790,0.000000,0.000000,2.692741,-2.692741
-3.947886,3.947886,0.000000,0.000000,2.247388,-2.300274,0.052886,0.000000,0.000000,0.017250,-0.834834,0.817584,0.000000,0.000000,2.682913,-2.682913
-3.956313,3.956313,0.000000,0.000000,2.258851,-2.307181,0.048330,0.000000,0.000000,0.019794,-0.838897,0.819103,0.000000,0.000000,2.680618,-2.680618
-3.943564,3.943564,0.000000,0.000000,2.243212,-2.259134,0.015922,0.000000,0.000000,0.098912,-0.909062,0.810150,0.000000,0.000000,2.682232,-2.682232
-3.956986,3.956986,0.000000,0.000000,2.245252,-2.296487,0.051235,0.000000,0.000000,0.084863,-0.894787,0.809923,0.000000,0.000000,2.686726,-2.686726
-3.958798,3.958798,0.000000,0.000000,2.254081,-2.322059,0.067978,0.000000,0.000000,0.012417,-0.831548,0.819131,0.000000,0.000000,2.679198,-2.679198
-3.972834,3.972835,0.000000,0.000000,2.248910,-2.286251,0.037341,0.000000,0.000000,0.132847,-0.943784,0.810937,0.000000,0.000000,2.691262,-2.691262
-3.959508,3.959508,0.000000,0.000000,2.249809,-2.342551,0.092743,0.000000,0.000000,0.126874,-0.952464,0.825590,0.000000,0.000000,2.682972,-2.682972
-3.959895,3.959895,0.000000,0.000000,2.264067,-2.299098,0.035031,0.000000,0.000000,0.087147,-0.906770,0.819623,0.000000,0.000000,2.693919,-2.693919
-3.954164,3.954164,0.000000,0.000000,2.253606,-2.326288,0.072681,0.000000,0.000000,0.070515,-0.883397,0.812883,0.000000,0.000000,2.687273,-2.687273
-3.959100,3.959100,0.000000,0.000000,2.255639,-2.296720,0.041080,0.000000,0.000000,0.059480,-0.884120,0.824640,0.000000,0.000000,2.686173,-2.686173
-3.954863,3.954863,0.000000,0.000000,2.250040,-2.266868,0.016828,0.000000,0.000000,0.039901,-0.844855,0.804953,0.000000,0.000000,2.681384,-2.681384
-3.976740,3.976739,0.000000,0.000000,2.261942,-2.378048,0.116107,0.000000,0.000000,0.017981,-0.835786,0.817806,0.000000,0.000000,2.697211,-2.697211
-3.961782,3.961782,0.000000,0.000000,2.254282,-2.385304,0.131022,0.000000,0.000000,0.080095,-0.897399,0.817304,0.000000,0.000000,2.697678,-2.697678
-3.970365,3.970365,0.000000,0.000000,2.265770,-2.292659,0.026888,0.000000,0.000000,0.009706,-0.832161,0.822455,0.000000,0.000000,2.696919,-2.696919
-3.952413,3.952413,0.000000,0.000000,2.252351,-2.409294,0.156943,0.000000,0.000000,0.027810,-0.842737,0.814927,0.000000,0.000000,2.678117,-2.678117
