phenotype,stage,file,step,epoch,steps_per_epoch,eps_mse
Phenotype_A,fine,Phenotype_A_DDPM.pt,25,0.17482517482517482,143.0,0.43345432698726655
Phenotype_A,fine,Phenotype_A_DDPM.pt,50,0.34965034965034963,143.0,0.18127818137407303
Phenotype_A,fine,Phenotype_A_DDPM.pt,75,0.5244755244755245,143.0,0.16543560564517976
Phenotype_A,fine,Phenotype_A_DDPM.pt,100,0.6993006993006993,143.0,0.1418895784020424
Phenotype_A,fine,Phenotype_A_DDPM.pt,125,0.8741258741258742,143.0,0.14689600020647048
Phenotype_A,fine,Phenotype_A_DDPM.pt,150,1.048951048951049,143.0,0.13688736110925676
Phenotype_A,fine,Phenotype_A_DDPM.pt,175,1.2237762237762237,143.0,0.15678508400917054
Phenotype_A,fine,Phenotype_A_DDPM.pt,200,1.3986013986013985,143.0,0.13594535261392593
Phenotype_A,fine,Phenotype_A_DDPM.pt,225,1.5734265734265733,143.0,0.13328182071447373
Phenotype_A,fine,Phenotype_A_DDPM.pt,250,1.7482517482517483,143.0,0.12612478524446488
Phenotype_A,fine,Phenotype_A_DDPM.pt,275,1.9230769230769231,143.0,0.1158980293571949
Phenotype_A,fine,Phenotype_A_DDPM.pt,300,2.097902097902098,143.0,0.12660985231399535
Phenotype_A,fine,Phenotype_A_DDPM.pt,325,2.272727272727273,143.0,0.11760362714529038
Phenotype_A,fine,Phenotype_A_DDPM.pt,350,2.4475524475524475,143.0,0.11998508512973785
Phenotype_A,fine,Phenotype_A_DDPM.pt,375,2.6223776223776225,143.0,0.12804524660110472
Phenotype_A,fine,Phenotype_A_DDPM.pt,400,2.797202797202797,143.0,0.12733692467212676
Phenotype_A,fine,Phenotype_A_DDPM.pt,425,2.972027972027972,143.0,0.10773018389940262
Phenotype_A,fine,Phenotype_A_DDPM.pt,450,3.1468531468531467,143.0,0.11575161427259445
Phenotype_A,fine,Phenotype_A_DDPM.pt,475,3.3216783216783217,143.0,0.12076674699783325
Phenotype_A,fine,Phenotype_A_DDPM.pt,500,3.4965034965034967,143.0,0.12633836030960083
Phenotype_A,fine,Phenotype_A_DDPM.pt,525,3.6713286713286712,143.0,0.12409157514572143
Phenotype_A,fine,Phenotype_A_DDPM.pt,550,3.8461538461538463,143.0,0.12518601149320602
Phenotype_A,fine,Phenotype_A_DDPM.pt,575,4.020979020979021,143.0,0.10735955998301507
Phenotype_A,fine,Phenotype_A_DDPM.pt,600,4.195804195804196,143.0,0.11684280693531036
Phenotype_A,fine,Phenotype_A_DDPM.pt,625,4.370629370629371,143.0,0.10361247524619102
Phenotype_A,fine,Phenotype_A_DDPM.pt,650,4.545454545454546,143.0,0.10772627085447312
Phenotype_A,fine,Phenotype_A_DDPM.pt,675,4.72027972027972,143.0,0.11177104353904724
Phenotype_A,fine,Phenotype_A_DDPM.pt,700,4.895104895104895,143.0,0.12337400734424592
Phenotype_A,fine,Phenotype_A_DDPM.pt,725,5.06993006993007,143.0,0.10722805038094521
Phenotype_A,fine,Phenotype_A_DDPM.pt,750,5.244755244755245,143.0,0.11393969997763634
Phenotype_A,fine,Phenotype_A_DDPM.pt,775,5.419580419580419,143.0,0.10795549646019936
Phenotype_A,fine,Phenotype_A_DDPM.pt,800,5.594405594405594,143.0,0.10939209759235383
Phenotype_A,fine,Phenotype_A_DDPM.pt,825,5.769230769230769,143.0,0.12294283658266067
Phenotype_A,fine,Phenotype_A_DDPM.pt,850,5.944055944055944,143.0,0.10549544304609298
Phenotype_A,fine,Phenotype_A_DDPM.pt,875,6.118881118881119,143.0,0.1061121466755867
Phenotype_A,fine,Phenotype_A_DDPM.pt,900,6.293706293706293,143.0,0.11462814629077911
Phenotype_A,fine,Phenotype_A_DDPM.pt,925,6.468531468531468,143.0,0.11273707389831543
Phenotype_A,fine,Phenotype_A_DDPM.pt,950,6.643356643356643,143.0,0.11368456766009331
Phenotype_A,fine,Phenotype_A_DDPM.pt,975,6.818181818181818,143.0,0.12406831353902817
Phenotype_A,fine,Phenotype_A_DDPM.pt,1000,6.993006993006993,143.0,0.1025420767068863
Phenotype_A,fine,Phenotype_A_DDPM.pt,1025,7.1678321678321675,143.0,0.12042598605155945
Phenotype_A,fine,Phenotype_A_DDPM.pt,1050,7.3426573426573425,143.0,0.1113694229722023
Phenotype_A,fine,Phenotype_A_DDPM.pt,1075,7.5174825174825175,143.0,0.09374670013785362
Phenotype_A,fine,Phenotype_A_DDPM.pt,1100,7.6923076923076925,143.0,0.10767953336238861
Phenotype_A,fine,Phenotype_A_DDPM.pt,1125,7.8671328671328675,143.0,0.1074486243724823
Phenotype_A,fine,Phenotype_A_DDPM.pt,1150,8.041958041958042,143.0,0.09842825248837471
Phenotype_A,fine,Phenotype_A_DDPM.pt,1175,8.216783216783217,143.0,0.10677748292684555
Phenotype_A,fine,Phenotype_A_DDPM.pt,1200,8.391608391608392,143.0,0.10932022333145142
Phenotype_A,fine,Phenotype_A_DDPM.pt,1225,8.566433566433567,143.0,0.09973134398460388
Phenotype_A,fine,Phenotype_A_DDPM.pt,1250,8.741258741258742,143.0,0.11251229971647263
Phenotype_A,fine,Phenotype_A_DDPM.pt,1275,8.916083916083917,143.0,0.10292522683739662
Phenotype_A,fine,Phenotype_A_DDPM.pt,1300,9.090909090909092,143.0,0.10598098933696747
Phenotype_A,fine,Phenotype_A_DDPM.pt,1325,9.265734265734265,143.0,0.10583245038986205
Phenotype_A,fine,Phenotype_A_DDPM.pt,1350,9.44055944055944,143.0,0.11733152091503143
Phenotype_A,fine,Phenotype_A_DDPM.pt,1375,9.615384615384615,143.0,0.0976280127465725
Phenotype_A,fine,Phenotype_A_DDPM.pt,1400,9.79020979020979,143.0,0.10196414619684219
Phenotype_A,fine,Phenotype_A_DDPM.pt,1425,9.965034965034965,143.0,0.11030805140733718
Phenotype_A,fine,Phenotype_A_DDPM.pt,1450,10.13986013986014,143.0,0.10186715915799141
Phenotype_A,fine,Phenotype_A_DDPM.pt,1475,10.314685314685315,143.0,0.10621310025453568
Phenotype_A,fine,Phenotype_A_DDPM.pt,1500,10.48951048951049,143.0,0.10124286681413651
Phenotype_A,fine,Phenotype_A_DDPM.pt,1525,10.664335664335665,143.0,0.10803703516721726
Phenotype_A,fine,Phenotype_A_DDPM.pt,1550,10.839160839160838,143.0,0.09895564809441566
Phenotype_A,fine,Phenotype_A_DDPM.pt,1575,11.013986013986013,143.0,0.10379667788743972
Phenotype_A,fine,Phenotype_A_DDPM.pt,1600,11.188811188811188,143.0,0.10806249126791954
Phenotype_A,fine,Phenotype_A_DDPM.pt,1625,11.363636363636363,143.0,0.10491156160831451
Phenotype_A,fine,Phenotype_A_DDPM.pt,1650,11.538461538461538,143.0,0.10605933010578156
Phenotype_A,fine,Phenotype_A_DDPM.pt,1675,11.713286713286713,143.0,0.10832780197262765
Phenotype_A,fine,Phenotype_A_DDPM.pt,1700,11.888111888111888,143.0,0.1030395983159542
Phenotype_A,fine,Phenotype_A_DDPM.pt,1725,12.062937062937063,143.0,0.10655807584524155
Phenotype_A,fine,Phenotype_A_DDPM.pt,1750,12.237762237762238,143.0,0.10516833692789078
Phenotype_A,fine,Phenotype_A_DDPM.pt,1775,12.412587412587413,143.0,0.10891244933009148
Phenotype_A,fine,Phenotype_A_DDPM.pt,1800,12.587412587412587,143.0,0.11086905524134635
Phenotype_A,fine,Phenotype_A_DDPM.pt,1825,12.762237762237762,143.0,0.108723833411932
Phenotype_A,fine,Phenotype_A_DDPM.pt,1850,12.937062937062937,143.0,0.11371215254068374
Phenotype_A,fine,Phenotype_A_DDPM.pt,1875,13.111888111888112,143.0,0.1014968940615654
Phenotype_A,fine,Phenotype_A_DDPM.pt,1900,13.286713286713287,143.0,0.11335769593715668
Phenotype_A,fine,Phenotype_A_DDPM.pt,1925,13.461538461538462,143.0,0.10587152689695359
Phenotype_A,fine,Phenotype_A_DDPM.pt,1950,13.636363636363637,143.0,0.09399740427732467
Phenotype_A,fine,Phenotype_A_DDPM.pt,1975,13.811188811188812,143.0,0.09864514365792275
Phenotype_A,fine,Phenotype_A_DDPM.pt,2000,13.986013986013987,143.0,0.10991119921207428
Phenotype_A,fine,Phenotype_A_DDPM.pt,2025,14.160839160839162,143.0,0.10086555659770965
Phenotype_A,fine,Phenotype_A_DDPM.pt,2050,14.335664335664335,143.0,0.10003732576966286
Phenotype_A,fine,Phenotype_A_DDPM.pt,2075,14.51048951048951,143.0,0.11475116893649101
Phenotype_A,fine,Phenotype_A_DDPM.pt,2100,14.685314685314685,143.0,0.11048332929611206
Phenotype_A,fine,Phenotype_A_DDPM.pt,2125,14.86013986013986,143.0,0.09906231164932251
Phenotype_A,fine,Phenotype_A_DDPM.pt,2150,15.034965034965035,143.0,0.10211676865816116
Phenotype_A,fine,Phenotype_A_DDPM.pt,2175,15.20979020979021,143.0,0.10896238029003143
Phenotype_A,fine,Phenotype_A_DDPM.pt,2200,15.384615384615385,143.0,0.1176285320520401
Phenotype_A,fine,Phenotype_A_DDPM.pt,2225,15.55944055944056,143.0,0.10866162106394768
Phenotype_A,fine,Phenotype_A_DDPM.pt,2250,15.734265734265735,143.0,0.10788669988512993
Phenotype_A,fine,Phenotype_A_DDPM.pt,2275,15.909090909090908,143.0,0.11162137880921363
Phenotype_A,fine,Phenotype_A_DDPM.pt,2300,16.083916083916083,143.0,0.1155837506055832
Phenotype_A,fine,Phenotype_A_DDPM.pt,2325,16.25874125874126,143.0,0.11010966271162033
Phenotype_A,fine,Phenotype_A_DDPM.pt,2350,16.433566433566433,143.0,0.10812165111303329
Phenotype_A,fine,Phenotype_A_DDPM.pt,2375,16.60839160839161,143.0,0.09768183171749115
Phenotype_A,fine,Phenotype_A_DDPM.pt,2400,16.783216783216783,143.0,0.10570093646645545
Phenotype_A,fine,Phenotype_A_DDPM.pt,2425,16.958041958041957,143.0,0.09521482184529305
Phenotype_A,fine,Phenotype_A_DDPM.pt,2450,17.132867132867133,143.0,0.1096248996257782
Phenotype_A,fine,Phenotype_A_DDPM.pt,2475,17.307692307692307,143.0,0.09946404606103897
Phenotype_A,fine,Phenotype_A_DDPM.pt,2500,17.482517482517483,143.0,0.10365978524088859
Phenotype_A,fine,Phenotype_A_DDPM.pt,2525,17.657342657342657,143.0,0.10713822469115257
Phenotype_A,fine,Phenotype_A_DDPM.pt,2550,17.832167832167833,143.0,0.1077697765827179
Phenotype_A,fine,Phenotype_A_DDPM.pt,2575,18.006993006993007,143.0,0.09564170449972152
Phenotype_A,fine,Phenotype_A_DDPM.pt,2600,18.181818181818183,143.0,0.10372134491801262
Phenotype_A,fine,Phenotype_A_DDPM.pt,2625,18.356643356643357,143.0,0.11428671255707741
Phenotype_A,fine,Phenotype_A_DDPM.pt,2650,18.53146853146853,143.0,0.09795189172029495
Phenotype_A,fine,Phenotype_A_DDPM.pt,2675,18.706293706293707,143.0,0.1112045955657959
Phenotype_A,fine,Phenotype_A_DDPM.pt,2700,18.88111888111888,143.0,0.092367372661829
Phenotype_A,fine,Phenotype_A_DDPM.pt,2725,19.055944055944057,143.0,0.10050584211945533
Phenotype_A,fine,Phenotype_A_DDPM.pt,2750,19.23076923076923,143.0,0.10136596083641053
Phenotype_A,fine,Phenotype_A_DDPM.pt,2775,19.405594405594407,143.0,0.10058036029338836
Phenotype_A,fine,Phenotype_A_DDPM.pt,2800,19.58041958041958,143.0,0.09755082845687867
Phenotype_A,fine,Phenotype_A_DDPM.pt,2825,19.755244755244757,143.0,0.10352443024516106
Phenotype_A,fine,Phenotype_A_DDPM.pt,2850,19.93006993006993,143.0,0.10336467683315277
Phenotype_A,fine,Phenotype_A_DDPM.pt,2860,20.0,143.0,0.1027500182390213
Phenotype_A,coarse,Phenotype_A_DDPM.pt,25,0.78125,32.0,0.4075583219528198
Phenotype_A,coarse,Phenotype_A_DDPM.pt,50,1.5625,32.0,0.23001199960708618
Phenotype_A,coarse,Phenotype_A_DDPM.pt,75,2.34375,32.0,0.2527165412902832
Phenotype_A,coarse,Phenotype_A_DDPM.pt,100,3.125,32.0,0.25298136472702026
Phenotype_A,coarse,Phenotype_A_DDPM.pt,125,3.90625,32.0,0.08422061800956726
Phenotype_A,coarse,Phenotype_A_DDPM.pt,150,4.6875,32.0,0.17615410685539246
Phenotype_A,coarse,Phenotype_A_DDPM.pt,175,5.46875,32.0,0.14566698670387268
Phenotype_A,coarse,Phenotype_A_DDPM.pt,200,6.25,32.0,0.07296880334615707
Phenotype_A,coarse,Phenotype_A_DDPM.pt,225,7.03125,32.0,0.1458815038204193
Phenotype_A,coarse,Phenotype_A_DDPM.pt,250,7.8125,32.0,0.11718998849391937
Phenotype_A,coarse,Phenotype_A_DDPM.pt,275,8.59375,32.0,0.14341571927070618
Phenotype_A,coarse,Phenotype_A_DDPM.pt,300,9.375,32.0,0.08340173959732056
Phenotype_A,coarse,Phenotype_A_DDPM.pt,325,10.15625,32.0,0.11533106118440628
Phenotype_A,coarse,Phenotype_A_DDPM.pt,350,10.9375,32.0,0.08483443409204483
Phenotype_A,coarse,Phenotype_A_DDPM.pt,375,11.71875,32.0,0.08502675592899323
Phenotype_A,coarse,Phenotype_A_DDPM.pt,400,12.5,32.0,0.08202992379665375
Phenotype_A,coarse,Phenotype_A_DDPM.pt,425,13.28125,32.0,0.07693671435117722
Phenotype_A,coarse,Phenotype_A_DDPM.pt,450,14.0625,32.0,0.048800528049468994
Phenotype_A,coarse,Phenotype_A_DDPM.pt,475,14.84375,32.0,0.06355489790439606
Phenotype_A,coarse,Phenotype_A_DDPM.pt,500,15.625,32.0,0.06102978065609932
Phenotype_A,coarse,Phenotype_A_DDPM.pt,525,16.40625,32.0,0.06200186163187027
Phenotype_A,coarse,Phenotype_A_DDPM.pt,550,17.1875,32.0,0.06366392970085144
Phenotype_A,coarse,Phenotype_A_DDPM.pt,575,17.96875,32.0,0.09410369396209717
Phenotype_A,coarse,Phenotype_A_DDPM.pt,600,18.75,32.0,0.059607088565826416
Phenotype_A,coarse,Phenotype_A_DDPM.pt,625,19.53125,32.0,0.05971359834074974
Phenotype_A,coarse,Phenotype_A_DDPM.pt,650,20.3125,32.0,0.06570915877819061
Phenotype_A,coarse,Phenotype_A_DDPM.pt,675,21.09375,32.0,0.054750412702560425
Phenotype_A,coarse,Phenotype_A_DDPM.pt,700,21.875,32.0,0.037043966352939606
Phenotype_A,coarse,Phenotype_A_DDPM.pt,725,22.65625,32.0,0.054578378796577454
Phenotype_A,coarse,Phenotype_A_DDPM.pt,750,23.4375,32.0,0.034904368221759796
Phenotype_A,coarse,Phenotype_A_DDPM.pt,775,24.21875,32.0,0.04908891022205353
Phenotype_A,coarse,Phenotype_A_DDPM.pt,800,25.0,32.0,0.09923679381608963
Phenotype_A,coarse,Phenotype_A_DDPM.pt,825,25.78125,32.0,0.09021983295679092
Phenotype_A,coarse,Phenotype_A_DDPM.pt,850,26.5625,32.0,0.07501885294914246
Phenotype_A,coarse,Phenotype_A_DDPM.pt,875,27.34375,32.0,0.05484689772129059
Phenotype_A,coarse,Phenotype_A_DDPM.pt,900,28.125,32.0,0.05093471705913544
Phenotype_A,coarse,Phenotype_A_DDPM.pt,925,28.90625,32.0,0.05228881165385246
Phenotype_A,coarse,Phenotype_A_DDPM.pt,950,29.6875,32.0,0.05415938049554825
Phenotype_A,coarse,Phenotype_A_DDPM.pt,975,30.46875,32.0,0.03374128043651581
Phenotype_A,coarse,Phenotype_A_DDPM.pt,1000,31.25,32.0,0.033154670149087906
Phenotype_A,coarse,Phenotype_A_DDPM.pt,1025,32.03125,32.0,0.030939234420657158
Phenotype_A,coarse,Phenotype_A_DDPM.pt,1050,32.8125,32.0,0.026556462049484253
Phenotype_A,coarse,Phenotype_A_DDPM.pt,1075,33.59375,32.0,0.04208412766456604
Phenotype_A,coarse,Phenotype_A_DDPM.pt,1100,34.375,32.0,0.04707171022891998
Phenotype_A,coarse,Phenotype_A_DDPM.pt,1125,35.15625,32.0,0.044798895716667175
Phenotype_A,coarse,Phenotype_A_DDPM.pt,1150,35.9375,32.0,0.014752024784684181
Phenotype_A,coarse,Phenotype_A_DDPM.pt,1175,36.71875,32.0,0.027439134195446968
Phenotype_A,coarse,Phenotype_A_DDPM.pt,1200,37.5,32.0,0.030483897775411606
Phenotype_A,coarse,Phenotype_A_DDPM.pt,1225,38.28125,32.0,0.041864410042762756
Phenotype_A,coarse,Phenotype_A_DDPM.pt,1250,39.0625,32.0,0.0193644929677248
Phenotype_A,coarse,Phenotype_A_DDPM.pt,1275,39.84375,32.0,0.026357263326644897
Phenotype_A,coarse,Phenotype_A_DDPM.pt,1300,40.625,32.0,0.05390745401382446
Phenotype_A,coarse,Phenotype_A_DDPM.pt,1325,41.40625,32.0,0.019389085471630096
Phenotype_A,coarse,Phenotype_A_DDPM.pt,1350,42.1875,32.0,0.06217777729034424
Phenotype_A,coarse,Phenotype_A_DDPM.pt,1375,42.96875,32.0,0.03637363016605377
Phenotype_A,coarse,Phenotype_A_DDPM.pt,1400,43.75,32.0,0.019710449501872063
Phenotype_A,coarse,Phenotype_A_DDPM.pt,1425,44.53125,32.0,0.038105979561805725
Phenotype_A,coarse,Phenotype_A_DDPM.pt,1450,45.3125,32.0,0.03248661383986473
Phenotype_A,coarse,Phenotype_A_DDPM.pt,1475,46.09375,32.0,0.04721727594733238
Phenotype_A,coarse,Phenotype_A_DDPM.pt,1500,46.875,32.0,0.018619034439325333
Phenotype_A,coarse,Phenotype_A_DDPM.pt,1525,47.65625,32.0,0.03553679585456848
Phenotype_A,coarse,Phenotype_A_DDPM.pt,1550,48.4375,32.0,0.016884494572877884
Phenotype_A,coarse,Phenotype_A_DDPM.pt,1575,49.21875,32.0,0.01314600557088852
Phenotype_A,coarse,Phenotype_A_DDPM.pt,1600,50.0,32.0,0.05120120942592621
Phenotype_A,coarse,Phenotype_A_DDPM.pt,1625,50.78125,32.0,0.04352077841758728
Phenotype_A,coarse,Phenotype_A_DDPM.pt,1650,51.5625,32.0,0.016860777512192726
Phenotype_A,coarse,Phenotype_A_DDPM.pt,1675,52.34375,32.0,0.014738807454705238
Phenotype_A,coarse,Phenotype_A_DDPM.pt,1700,53.125,32.0,0.04712304472923279
Phenotype_A,coarse,Phenotype_A_DDPM.pt,1725,53.90625,32.0,0.018984299153089523
Phenotype_A,coarse,Phenotype_A_DDPM.pt,1750,54.6875,32.0,0.08723540604114532
Phenotype_A,coarse,Phenotype_A_DDPM.pt,1775,55.46875,32.0,0.05979423224925995
Phenotype_A,coarse,Phenotype_A_DDPM.pt,1800,56.25,32.0,0.04048145189881325
Phenotype_A,coarse,Phenotype_A_DDPM.pt,1825,57.03125,32.0,0.021610992029309273
Phenotype_A,coarse,Phenotype_A_DDPM.pt,1850,57.8125,32.0,0.0457804873585701
Phenotype_A,coarse,Phenotype_A_DDPM.pt,1875,58.59375,32.0,0.0274171344935894
Phenotype_A,coarse,Phenotype_A_DDPM.pt,1900,59.375,32.0,0.054317303001880646
Phenotype_A,coarse,Phenotype_A_DDPM.pt,1925,60.15625,32.0,0.01865094155073166
Phenotype_A,coarse,Phenotype_A_DDPM.pt,1950,60.9375,32.0,0.05426906421780586
Phenotype_A,coarse,Phenotype_A_DDPM.pt,1975,61.71875,32.0,0.0652819275856018
Phenotype_A,coarse,Phenotype_A_DDPM.pt,2000,62.5,32.0,0.05330466479063034
Phenotype_A,coarse,Phenotype_A_DDPM.pt,2025,63.28125,32.0,0.03552086651325226
Phenotype_A,coarse,Phenotype_A_DDPM.pt,2050,64.0625,32.0,0.018836569041013718
Phenotype_A,coarse,Phenotype_A_DDPM.pt,2075,64.84375,32.0,0.030328908935189247
Phenotype_A,coarse,Phenotype_A_DDPM.pt,2100,65.625,32.0,0.02774164453148842
Phenotype_A,coarse,Phenotype_A_DDPM.pt,2125,66.40625,32.0,0.010431645438075066
Phenotype_A,coarse,Phenotype_A_DDPM.pt,2150,67.1875,32.0,0.008073445409536362
Phenotype_A,coarse,Phenotype_A_DDPM.pt,2175,67.96875,32.0,0.027332976460456848
Phenotype_A,coarse,Phenotype_A_DDPM.pt,2200,68.75,32.0,0.021985787898302078
Phenotype_A,coarse,Phenotype_A_DDPM.pt,2225,69.53125,32.0,0.02248966693878174
Phenotype_A,coarse,Phenotype_A_DDPM.pt,2250,70.3125,32.0,0.011582196690142155
Phenotype_A,coarse,Phenotype_A_DDPM.pt,2275,71.09375,32.0,0.0228093471378088
Phenotype_A,coarse,Phenotype_A_DDPM.pt,2300,71.875,32.0,0.01027823518961668
Phenotype_A,coarse,Phenotype_A_DDPM.pt,2325,72.65625,32.0,0.018347159028053284
Phenotype_A,coarse,Phenotype_A_DDPM.pt,2350,73.4375,32.0,0.03948110342025757
Phenotype_A,coarse,Phenotype_A_DDPM.pt,2375,74.21875,32.0,0.023864898830652237
Phenotype_A,coarse,Phenotype_A_DDPM.pt,2400,75.0,32.0,0.007184487301856279
Phenotype_A,coarse,Phenotype_A_DDPM.pt,2425,75.78125,32.0,0.013806445524096489
Phenotype_A,coarse,Phenotype_A_DDPM.pt,2450,76.5625,32.0,0.051494285464286804
Phenotype_A,coarse,Phenotype_A_DDPM.pt,2475,77.34375,32.0,0.05231330543756485
Phenotype_A,coarse,Phenotype_A_DDPM.pt,2500,78.125,32.0,0.008570953272283077
Phenotype_A,coarse,Phenotype_A_DDPM.pt,2525,78.90625,32.0,0.04057173430919647
Phenotype_A,coarse,Phenotype_A_DDPM.pt,2550,79.6875,32.0,0.01387316919863224
Phenotype_B,fine,Phenotype_B_DDPM.pt,25,0.0127942681678608,1954.0,0.4875191235542297
Phenotype_B,fine,Phenotype_B_DDPM.pt,50,0.0255885363357216,1954.0,0.31784048974514006
Phenotype_B,fine,Phenotype_B_DDPM.pt,75,0.0383828045035824,1954.0,0.325209299325943
Phenotype_B,fine,Phenotype_B_DDPM.pt,100,0.0511770726714432,1954.0,0.3130012661218643
Phenotype_B,fine,Phenotype_B_DDPM.pt,125,0.06397134083930399,1954.0,0.31531788885593415
Phenotype_B,fine,Phenotype_B_DDPM.pt,150,0.0767656090071648,1954.0,0.30272249937057494
Phenotype_B,fine,Phenotype_B_DDPM.pt,175,0.08955987717502559,1954.0,0.2919277101755142
Phenotype_B,fine,Phenotype_B_DDPM.pt,200,0.1023541453428864,1954.0,0.30733576774597166
Phenotype_B,fine,Phenotype_B_DDPM.pt,225,0.11514841351074719,1954.0,0.2895692294836044
Phenotype_B,fine,Phenotype_B_DDPM.pt,250,0.12794268167860798,1954.0,0.2829794949293137
Phenotype_B,fine,Phenotype_B_DDPM.pt,275,0.14073694984646878,1954.0,0.2888092291355133
Phenotype_B,fine,Phenotype_B_DDPM.pt,300,0.1535312180143296,1954.0,0.29617914855480193
Phenotype_B,fine,Phenotype_B_DDPM.pt,325,0.16632548618219037,1954.0,0.30493678331375124
Phenotype_B,fine,Phenotype_B_DDPM.pt,350,0.17911975435005117,1954.0,0.2795229732990265
Phenotype_B,fine,Phenotype_B_DDPM.pt,375,0.19191402251791198,1954.0,0.3011593496799469
Phenotype_B,fine,Phenotype_B_DDPM.pt,400,0.2047082906857728,1954.0,0.29062148749828337
Phenotype_B,fine,Phenotype_B_DDPM.pt,425,0.21750255885363357,1954.0,0.2887689316272736
Phenotype_B,fine,Phenotype_B_DDPM.pt,450,0.23029682702149437,1954.0,0.2867461878061295
Phenotype_B,fine,Phenotype_B_DDPM.pt,475,0.24309109518935518,1954.0,0.2826245641708374
Phenotype_B,fine,Phenotype_B_DDPM.pt,500,0.25588536335721596,1954.0,0.28312571346759796
Phenotype_B,fine,Phenotype_B_DDPM.pt,525,0.2686796315250768,1954.0,0.2876847845315933
Phenotype_B,fine,Phenotype_B_DDPM.pt,550,0.28147389969293757,1954.0,0.28672458350658414
Phenotype_B,fine,Phenotype_B_DDPM.pt,575,0.29426816786079835,1954.0,0.2966748142242432
Phenotype_B,fine,Phenotype_B_DDPM.pt,600,0.3070624360286592,1954.0,0.28185339391231534
Phenotype_B,fine,Phenotype_B_DDPM.pt,625,0.31985670419651996,1954.0,0.2873122006654739
Phenotype_B,fine,Phenotype_B_DDPM.pt,650,0.33265097236438074,1954.0,0.2846755868196487
Phenotype_B,fine,Phenotype_B_DDPM.pt,675,0.34544524053224157,1954.0,0.2949030637741089
Phenotype_B,fine,Phenotype_B_DDPM.pt,700,0.35823950870010235,1954.0,0.28697408199310304
Phenotype_B,fine,Phenotype_B_DDPM.pt,725,0.3710337768679631,1954.0,0.2911649024486542
Phenotype_B,fine,Phenotype_B_DDPM.pt,750,0.38382804503582396,1954.0,0.2881866443157196
Phenotype_B,fine,Phenotype_B_DDPM.pt,775,0.39662231320368474,1954.0,0.2827321892976761
Phenotype_B,fine,Phenotype_B_DDPM.pt,800,0.4094165813715456,1954.0,0.3125838941335678
Phenotype_B,fine,Phenotype_B_DDPM.pt,825,0.42221084953940635,1954.0,0.29053583920001985
Phenotype_B,fine,Phenotype_B_DDPM.pt,850,0.43500511770726713,1954.0,0.29606534719467165
Phenotype_B,fine,Phenotype_B_DDPM.pt,875,0.44779938587512796,1954.0,0.2838789457082748
Phenotype_B,fine,Phenotype_B_DDPM.pt,900,0.46059365404298874,1954.0,0.26808105647563935
Phenotype_B,fine,Phenotype_B_DDPM.pt,925,0.4733879222108495,1954.0,0.2905364340543747
Phenotype_B,fine,Phenotype_B_DDPM.pt,950,0.48618219037871035,1954.0,0.2926132643222809
Phenotype_B,fine,Phenotype_B_DDPM.pt,975,0.49897645854657113,1954.0,0.3017824411392212
Phenotype_B,fine,Phenotype_B_DDPM.pt,1000,0.5117707267144319,1954.0,0.27782803535461426
Phenotype_B,fine,Phenotype_B_DDPM.pt,1025,0.5245649948822927,1954.0,0.2871868509054184
Phenotype_B,fine,Phenotype_B_DDPM.pt,1050,0.5373592630501536,1954.0,0.2674167662858963
Phenotype_B,fine,Phenotype_B_DDPM.pt,1075,0.5501535312180144,1954.0,0.2756465673446655
Phenotype_B,fine,Phenotype_B_DDPM.pt,1100,0.5629477993858751,1954.0,0.2840875047445297
Phenotype_B,fine,Phenotype_B_DDPM.pt,1125,0.5757420675537359,1954.0,0.2811256086826324
Phenotype_B,fine,Phenotype_B_DDPM.pt,1150,0.5885363357215967,1954.0,0.2886501580476761
Phenotype_B,fine,Phenotype_B_DDPM.pt,1175,0.6013306038894575,1954.0,0.2916455841064453
Phenotype_B,fine,Phenotype_B_DDPM.pt,1200,0.6141248720573184,1954.0,0.2786898910999298
Phenotype_B,fine,Phenotype_B_DDPM.pt,1225,0.6269191402251791,1954.0,0.31392972826957705
Phenotype_B,fine,Phenotype_B_DDPM.pt,1250,0.6397134083930399,1954.0,0.29419267654418946
Phenotype_B,fine,Phenotype_B_DDPM.pt,1275,0.6525076765609007,1954.0,0.29889957726001737
Phenotype_B,fine,Phenotype_B_DDPM.pt,1300,0.6653019447287615,1954.0,0.2934781849384308
Phenotype_B,fine,Phenotype_B_DDPM.pt,1325,0.6780962128966224,1954.0,0.28978134751319884
Phenotype_B,fine,Phenotype_B_DDPM.pt,1350,0.6908904810644831,1954.0,0.29055235028266907
Phenotype_B,fine,Phenotype_B_DDPM.pt,1375,0.7036847492323439,1954.0,0.2670709437131882
Phenotype_B,fine,Phenotype_B_DDPM.pt,1400,0.7164790174002047,1954.0,0.2892425638437271
Phenotype_B,fine,Phenotype_B_DDPM.pt,1425,0.7292732855680655,1954.0,0.2801740783452988
Phenotype_B,fine,Phenotype_B_DDPM.pt,1450,0.7420675537359263,1954.0,0.2807707518339157
Phenotype_B,fine,Phenotype_B_DDPM.pt,1475,0.7548618219037871,1954.0,0.286527915596962
Phenotype_B,fine,Phenotype_B_DDPM.pt,1500,0.7676560900716479,1954.0,0.3092042952775955
Phenotype_B,fine,Phenotype_B_DDPM.pt,1525,0.7804503582395087,1954.0,0.28427686214447023
Phenotype_B,fine,Phenotype_B_DDPM.pt,1550,0.7932446264073695,1954.0,0.29518924832344057
Phenotype_B,fine,Phenotype_B_DDPM.pt,1575,0.8060388945752303,1954.0,0.2681317573785782
Phenotype_B,fine,Phenotype_B_DDPM.pt,1600,0.8188331627430911,1954.0,0.2698360991477966
Phenotype_B,fine,Phenotype_B_DDPM.pt,1625,0.8316274309109519,1954.0,0.28513541758060457
Phenotype_B,fine,Phenotype_B_DDPM.pt,1650,0.8444216990788127,1954.0,0.29734982073307037
Phenotype_B,fine,Phenotype_B_DDPM.pt,1675,0.8572159672466735,1954.0,0.30054856300354005
Phenotype_B,fine,Phenotype_B_DDPM.pt,1700,0.8700102354145343,1954.0,0.293093444108963
Phenotype_B,fine,Phenotype_B_DDPM.pt,1725,0.882804503582395,1954.0,0.29094368517398833
Phenotype_B,fine,Phenotype_B_DDPM.pt,1750,0.8955987717502559,1954.0,0.29405537486076355
Phenotype_B,fine,Phenotype_B_DDPM.pt,1775,0.9083930399181167,1954.0,0.2716288876533508
Phenotype_B,fine,Phenotype_B_DDPM.pt,1800,0.9211873080859775,1954.0,0.2667833399772644
Phenotype_B,fine,Phenotype_B_DDPM.pt,1825,0.9339815762538383,1954.0,0.29886768758296967
Phenotype_B,fine,Phenotype_B_DDPM.pt,1850,0.946775844421699,1954.0,0.2897240680456161
Phenotype_B,fine,Phenotype_B_DDPM.pt,1875,0.9595701125895599,1954.0,0.30033496260643006
Phenotype_B,fine,Phenotype_B_DDPM.pt,1900,0.9723643807574207,1954.0,0.27075100541114805
Phenotype_B,fine,Phenotype_B_DDPM.pt,1925,0.9851586489252815,1954.0,0.29043680548667905
Phenotype_B,fine,Phenotype_B_DDPM.pt,1950,0.9979529170931423,1954.0,0.2914438647031784
Phenotype_B,fine,Phenotype_B_DDPM.pt,1975,1.010747185261003,1954.0,0.26723388373851775
Phenotype_B,fine,Phenotype_B_DDPM.pt,2000,1.0235414534288638,1954.0,0.29977522909641263
Phenotype_B,fine,Phenotype_B_DDPM.pt,2025,1.0363357215967246,1954.0,0.2983045792579651
Phenotype_B,fine,Phenotype_B_DDPM.pt,2050,1.0491299897645854,1954.0,0.29362416386604306
Phenotype_B,fine,Phenotype_B_DDPM.pt,2075,1.0619242579324462,1954.0,0.2878295862674713
Phenotype_B,fine,Phenotype_B_DDPM.pt,2100,1.0747185261003072,1954.0,0.2851150918006897
Phenotype_B,fine,Phenotype_B_DDPM.pt,2125,1.087512794268168,1954.0,0.2954371213912964
Phenotype_B,fine,Phenotype_B_DDPM.pt,2150,1.1003070624360287,1954.0,0.28148381173610687
Phenotype_B,fine,Phenotype_B_DDPM.pt,2175,1.1131013306038895,1954.0,0.279885556101799
Phenotype_B,fine,Phenotype_B_DDPM.pt,2200,1.1258955987717503,1954.0,0.30052862167358396
Phenotype_B,fine,Phenotype_B_DDPM.pt,2225,1.138689866939611,1954.0,0.2823414945602417
Phenotype_B,fine,Phenotype_B_DDPM.pt,2250,1.1514841351074718,1954.0,0.2776888960599899
Phenotype_B,fine,Phenotype_B_DDPM.pt,2275,1.1642784032753326,1954.0,0.26810197591781615
Phenotype_B,fine,Phenotype_B_DDPM.pt,2300,1.1770726714431934,1954.0,0.26514818727970124
Phenotype_B,fine,Phenotype_B_DDPM.pt,2325,1.1898669396110542,1954.0,0.28105403780937194
Phenotype_B,fine,Phenotype_B_DDPM.pt,2350,1.202661207778915,1954.0,0.26708610117435455
Phenotype_B,fine,Phenotype_B_DDPM.pt,2375,1.215455475946776,1954.0,0.28251817941665647
Phenotype_B,fine,Phenotype_B_DDPM.pt,2400,1.2282497441146367,1954.0,0.2799854528903961
Phenotype_B,fine,Phenotype_B_DDPM.pt,2425,1.2410440122824975,1954.0,0.3059903818368912
Phenotype_B,fine,Phenotype_B_DDPM.pt,2450,1.2538382804503583,1954.0,0.2919808429479599
Phenotype_B,fine,Phenotype_B_DDPM.pt,2475,1.266632548618219,1954.0,0.2815305382013321
Phenotype_B,fine,Phenotype_B_DDPM.pt,2500,1.2794268167860798,1954.0,0.2861773133277893
Phenotype_B,fine,Phenotype_B_DDPM.pt,2525,1.2922210849539406,1954.0,0.27844324469566345
Phenotype_B,fine,Phenotype_B_DDPM.pt,2550,1.3050153531218014,1954.0,0.27962787210941314
Phenotype_B,fine,Phenotype_B_DDPM.pt,2575,1.3178096212896622,1954.0,0.2912641900777817
Phenotype_B,fine,Phenotype_B_DDPM.pt,2600,1.330603889457523,1954.0,0.30559698939323426
Phenotype_B,fine,Phenotype_B_DDPM.pt,2625,1.3433981576253837,1954.0,0.28009803235530856
Phenotype_B,fine,Phenotype_B_DDPM.pt,2650,1.3561924257932447,1954.0,0.28584818065166473
Phenotype_B,fine,Phenotype_B_DDPM.pt,2675,1.3689866939611055,1954.0,0.28565182626247404
Phenotype_B,fine,Phenotype_B_DDPM.pt,2700,1.3817809621289663,1954.0,0.28135397493839265
Phenotype_B,fine,Phenotype_B_DDPM.pt,2725,1.394575230296827,1954.0,0.28303241848945615
Phenotype_B,fine,Phenotype_B_DDPM.pt,2750,1.4073694984646878,1954.0,0.27487378478050234
Phenotype_B,fine,Phenotype_B_DDPM.pt,2775,1.4201637666325486,1954.0,0.2644364720582962
Phenotype_B,fine,Phenotype_B_DDPM.pt,2800,1.4329580348004094,1954.0,0.2879409474134445
Phenotype_B,fine,Phenotype_B_DDPM.pt,2825,1.4457523029682702,1954.0,0.2851162564754486
Phenotype_B,fine,Phenotype_B_DDPM.pt,2850,1.458546571136131,1954.0,0.28220185816287996
Phenotype_B,fine,Phenotype_B_DDPM.pt,2875,1.4713408393039917,1954.0,0.2795428931713104
Phenotype_B,fine,Phenotype_B_DDPM.pt,2900,1.4841351074718525,1954.0,0.2858785623311996
Phenotype_B,fine,Phenotype_B_DDPM.pt,2925,1.4969293756397135,1954.0,0.2759187388420105
Phenotype_B,fine,Phenotype_B_DDPM.pt,2950,1.5097236438075743,1954.0,0.2662754744291306
Phenotype_B,fine,Phenotype_B_DDPM.pt,2975,1.522517911975435,1954.0,0.2909777057170868
Phenotype_B,fine,Phenotype_B_DDPM.pt,3000,1.5353121801432958,1954.0,0.2864600670337677
Phenotype_B,fine,Phenotype_B_DDPM.pt,3025,1.5481064483111566,1954.0,0.2784742695093155
Phenotype_B,fine,Phenotype_B_DDPM.pt,3050,1.5609007164790174,1954.0,0.28853967249393464
Phenotype_B,fine,Phenotype_B_DDPM.pt,3075,1.5736949846468782,1954.0,0.28239653646945956
Phenotype_B,fine,Phenotype_B_DDPM.pt,3100,1.586489252814739,1954.0,0.2818709886074066
Phenotype_B,fine,Phenotype_B_DDPM.pt,3125,1.5992835209825997,1954.0,0.2824599808454514
Phenotype_B,fine,Phenotype_B_DDPM.pt,3150,1.6120777891504605,1954.0,0.28187361180782317
Phenotype_B,fine,Phenotype_B_DDPM.pt,3175,1.6248720573183213,1954.0,0.2901723039150238
Phenotype_B,fine,Phenotype_B_DDPM.pt,3200,1.6376663254861823,1954.0,0.28523934781551363
Phenotype_B,fine,Phenotype_B_DDPM.pt,3225,1.650460593654043,1954.0,0.28426806449890135
Phenotype_B,fine,Phenotype_B_DDPM.pt,3250,1.6632548618219039,1954.0,0.27589685916900636
Phenotype_B,fine,Phenotype_B_DDPM.pt,3275,1.6760491299897646,1954.0,0.28161540269851687
Phenotype_B,fine,Phenotype_B_DDPM.pt,3300,1.6888433981576254,1954.0,0.29105700194835665
Phenotype_B,fine,Phenotype_B_DDPM.pt,3325,1.7016376663254862,1954.0,0.28008093416690827
Phenotype_B,fine,Phenotype_B_DDPM.pt,3350,1.714431934493347,1954.0,0.28341520369052886
Phenotype_B,fine,Phenotype_B_DDPM.pt,3375,1.7272262026612077,1954.0,0.2706605339050293
Phenotype_B,fine,Phenotype_B_DDPM.pt,3400,1.7400204708290685,1954.0,0.2791946816444397
Phenotype_B,fine,Phenotype_B_DDPM.pt,3425,1.7528147389969293,1954.0,0.2798909264802933
Phenotype_B,fine,Phenotype_B_DDPM.pt,3450,1.76560900716479,1954.0,0.27717939734458924
Phenotype_B,fine,Phenotype_B_DDPM.pt,3475,1.778403275332651,1954.0,0.29019457995891573
Phenotype_B,fine,Phenotype_B_DDPM.pt,3500,1.7911975435005119,1954.0,0.276116441488266
Phenotype_B,fine,Phenotype_B_DDPM.pt,3525,1.8039918116683726,1954.0,0.2960855448246002
Phenotype_B,fine,Phenotype_B_DDPM.pt,3550,1.8167860798362334,1954.0,0.30505544543266294
Phenotype_B,fine,Phenotype_B_DDPM.pt,3575,1.8295803480040942,1954.0,0.31526474535465243
Phenotype_B,fine,Phenotype_B_DDPM.pt,3600,1.842374616171955,1954.0,0.2785774028301239
Phenotype_B,fine,Phenotype_B_DDPM.pt,3625,1.8551688843398157,1954.0,0.2970809090137482
Phenotype_B,fine,Phenotype_B_DDPM.pt,3650,1.8679631525076765,1954.0,0.29428504288196566
Phenotype_B,fine,Phenotype_B_DDPM.pt,3675,1.8807574206755373,1954.0,0.2978819888830185
Phenotype_B,fine,Phenotype_B_DDPM.pt,3700,1.893551688843398,1954.0,0.2732723653316498
Phenotype_B,fine,Phenotype_B_DDPM.pt,3725,1.9063459570112589,1954.0,0.275956848859787
Phenotype_B,fine,Phenotype_B_DDPM.pt,3750,1.9191402251791199,1954.0,0.29352860391139984
Phenotype_B,fine,Phenotype_B_DDPM.pt,3775,1.9319344933469806,1954.0,0.2905557554960251
Phenotype_B,fine,Phenotype_B_DDPM.pt,3800,1.9447287615148414,1954.0,0.2664325612783432
Phenotype_B,fine,Phenotype_B_DDPM.pt,3825,1.9575230296827022,1954.0,0.27669131994247437
Phenotype_B,fine,Phenotype_B_DDPM.pt,3850,1.970317297850563,1954.0,0.29143172562122344
Phenotype_B,fine,Phenotype_B_DDPM.pt,3875,1.9831115660184238,1954.0,0.2771176117658615
Phenotype_B,fine,Phenotype_B_DDPM.pt,3900,1.9959058341862845,1954.0,0.27999927222728727
Phenotype_B,fine,Phenotype_B_DDPM.pt,3925,2.0087001023541453,1954.0,0.27124661147594453
Phenotype_B,fine,Phenotype_B_DDPM.pt,3950,2.021494370522006,1954.0,0.27698022544384004
Phenotype_B,fine,Phenotype_B_DDPM.pt,3975,2.034288638689867,1954.0,0.28340841829776764
Phenotype_B,fine,Phenotype_B_DDPM.pt,4000,2.0470829068577276,1954.0,0.28153071224689485
Phenotype_B,fine,Phenotype_B_DDPM.pt,4025,2.0598771750255884,1954.0,0.27584389328956604
Phenotype_B,fine,Phenotype_B_DDPM.pt,4050,2.072671443193449,1954.0,0.27834279656410216
Phenotype_B,fine,Phenotype_B_DDPM.pt,4075,2.08546571136131,1954.0,0.3081180280447006
Phenotype_B,fine,Phenotype_B_DDPM.pt,4100,2.0982599795291708,1954.0,0.2871815341711044
Phenotype_B,fine,Phenotype_B_DDPM.pt,4125,2.1110542476970315,1954.0,0.29356220841407776
Phenotype_B,fine,Phenotype_B_DDPM.pt,4150,2.1238485158648923,1954.0,0.27815160632133484
Phenotype_B,fine,Phenotype_B_DDPM.pt,4175,2.1366427840327535,1954.0,0.26458204388618467
Phenotype_B,fine,Phenotype_B_DDPM.pt,4200,2.1494370522006143,1954.0,0.2733781158924103
Phenotype_B,fine,Phenotype_B_DDPM.pt,4225,2.162231320368475,1954.0,0.28872834861278535
Phenotype_B,fine,Phenotype_B_DDPM.pt,4250,2.175025588536336,1954.0,0.29771834671497344
Phenotype_B,fine,Phenotype_B_DDPM.pt,4275,2.1878198567041967,1954.0,0.31032044589519503
Phenotype_B,fine,Phenotype_B_DDPM.pt,4300,2.2006141248720574,1954.0,0.28279105842113494
Phenotype_B,fine,Phenotype_B_DDPM.pt,4325,2.213408393039918,1954.0,0.2864405459165573
Phenotype_B,fine,Phenotype_B_DDPM.pt,4350,2.226202661207779,1954.0,0.27219692051410677
Phenotype_B,fine,Phenotype_B_DDPM.pt,4375,2.2389969293756398,1954.0,0.2794114172458649
Phenotype_B,fine,Phenotype_B_DDPM.pt,4400,2.2517911975435005,1954.0,0.2828351253271103
Phenotype_B,fine,Phenotype_B_DDPM.pt,4425,2.2645854657113613,1954.0,0.2682339113950729
Phenotype_B,fine,Phenotype_B_DDPM.pt,4450,2.277379733879222,1954.0,0.28217395961284636
Phenotype_B,fine,Phenotype_B_DDPM.pt,4475,2.290174002047083,1954.0,0.2770588213205338
Phenotype_B,fine,Phenotype_B_DDPM.pt,4500,2.3029682702149437,1954.0,0.27249120473861693
Phenotype_B,fine,Phenotype_B_DDPM.pt,4525,2.3157625383828044,1954.0,0.2980610877275467
Phenotype_B,fine,Phenotype_B_DDPM.pt,4550,2.328556806550665,1954.0,0.2792895704507828
Phenotype_B,fine,Phenotype_B_DDPM.pt,4575,2.341351074718526,1954.0,0.27741975903511046
Phenotype_B,fine,Phenotype_B_DDPM.pt,4600,2.3541453428863868,1954.0,0.28839673221111295
Phenotype_B,fine,Phenotype_B_DDPM.pt,4625,2.3669396110542475,1954.0,0.27247138261795045
Phenotype_B,fine,Phenotype_B_DDPM.pt,4650,2.3797338792221083,1954.0,0.29377360701560973
Phenotype_B,fine,Phenotype_B_DDPM.pt,4675,2.392528147389969,1954.0,0.30527363777160643
Phenotype_B,fine,Phenotype_B_DDPM.pt,4700,2.40532241555783,1954.0,0.2980210882425308
Phenotype_B,fine,Phenotype_B_DDPM.pt,4725,2.418116683725691,1954.0,0.27690093755722045
Phenotype_B,fine,Phenotype_B_DDPM.pt,4750,2.430910951893552,1954.0,0.2867150527238846
Phenotype_B,fine,Phenotype_B_DDPM.pt,4775,2.4437052200614127,1954.0,0.2875642329454422
Phenotype_B,fine,Phenotype_B_DDPM.pt,4800,2.4564994882292734,1954.0,0.2731431716680527
Phenotype_B,fine,Phenotype_B_DDPM.pt,4825,2.469293756397134,1954.0,0.29003563106060026
Phenotype_B,fine,Phenotype_B_DDPM.pt,4850,2.482088024564995,1954.0,0.27889697849750517
Phenotype_B,fine,Phenotype_B_DDPM.pt,4875,2.4948822927328558,1954.0,0.28244765996932986
Phenotype_B,fine,Phenotype_B_DDPM.pt,4900,2.5076765609007166,1954.0,0.27692545115947725
Phenotype_B,fine,Phenotype_B_DDPM.pt,4925,2.5204708290685773,1954.0,0.29005690455436706
Phenotype_B,fine,Phenotype_B_DDPM.pt,4950,2.533265097236438,1954.0,0.2919774842262268
Phenotype_B,fine,Phenotype_B_DDPM.pt,4975,2.546059365404299,1954.0,0.29202880442142487
Phenotype_B,fine,Phenotype_B_DDPM.pt,5000,2.5588536335721597,1954.0,0.2705687916278839
Phenotype_B,fine,Phenotype_B_DDPM.pt,5025,2.5716479017400204,1954.0,0.2908367031812668
Phenotype_B,fine,Phenotype_B_DDPM.pt,5050,2.5844421699078812,1954.0,0.28866821706295015
Phenotype_B,fine,Phenotype_B_DDPM.pt,5075,2.597236438075742,1954.0,0.28871253788471224
Phenotype_B,fine,Phenotype_B_DDPM.pt,5100,2.610030706243603,1954.0,0.26545687675476076
Phenotype_B,fine,Phenotype_B_DDPM.pt,5125,2.6228249744114636,1954.0,0.28003750562667845
Phenotype_B,fine,Phenotype_B_DDPM.pt,5150,2.6356192425793243,1954.0,0.27579893469810485
Phenotype_B,fine,Phenotype_B_DDPM.pt,5175,2.648413510747185,1954.0,0.2672273099422455
Phenotype_B,fine,Phenotype_B_DDPM.pt,5200,2.661207778915046,1954.0,0.26984696567058564
Phenotype_B,fine,Phenotype_B_DDPM.pt,5225,2.6740020470829067,1954.0,0.2702123498916626
Phenotype_B,fine,Phenotype_B_DDPM.pt,5250,2.6867963152507675,1954.0,0.2963468325138092
Phenotype_B,fine,Phenotype_B_DDPM.pt,5275,2.6995905834186287,1954.0,0.2756743597984314
Phenotype_B,fine,Phenotype_B_DDPM.pt,5300,2.7123848515864895,1954.0,0.2729191392660141
Phenotype_B,fine,Phenotype_B_DDPM.pt,5325,2.7251791197543502,1954.0,0.2909132325649261
Phenotype_B,fine,Phenotype_B_DDPM.pt,5350,2.737973387922211,1954.0,0.2842168003320694
Phenotype_B,fine,Phenotype_B_DDPM.pt,5375,2.750767656090072,1954.0,0.26540395736694333
Phenotype_B,fine,Phenotype_B_DDPM.pt,5400,2.7635619242579326,1954.0,0.29751873791217803
Phenotype_B,fine,Phenotype_B_DDPM.pt,5425,2.7763561924257933,1954.0,0.2811373591423035
Phenotype_B,fine,Phenotype_B_DDPM.pt,5450,2.789150460593654,1954.0,0.27750249922275544
Phenotype_B,fine,Phenotype_B_DDPM.pt,5475,2.801944728761515,1954.0,0.29171191036701205
Phenotype_B,fine,Phenotype_B_DDPM.pt,5500,2.8147389969293757,1954.0,0.29840824127197263
Phenotype_B,fine,Phenotype_B_DDPM.pt,5525,2.8275332650972365,1954.0,0.2904780036211014
Phenotype_B,fine,Phenotype_B_DDPM.pt,5550,2.8403275332650972,1954.0,0.26897579431533813
Phenotype_B,fine,Phenotype_B_DDPM.pt,5575,2.853121801432958,1954.0,0.2787375396490097
Phenotype_B,fine,Phenotype_B_DDPM.pt,5600,2.865916069600819,1954.0,0.2786201137304306
Phenotype_B,fine,Phenotype_B_DDPM.pt,5625,2.8787103377686796,1954.0,0.28819541990756986
Phenotype_B,fine,Phenotype_B_DDPM.pt,5650,2.8915046059365404,1954.0,0.29075102031230926
Phenotype_B,fine,Phenotype_B_DDPM.pt,5675,2.904298874104401,1954.0,0.26823224663734435
Phenotype_B,fine,Phenotype_B_DDPM.pt,5700,2.917093142272262,1954.0,0.2757295000553131
Phenotype_B,fine,Phenotype_B_DDPM.pt,5725,2.9298874104401227,1954.0,0.28574471712112426
Phenotype_B,fine,Phenotype_B_DDPM.pt,5750,2.9426816786079835,1954.0,0.30607308506965636
Phenotype_B,fine,Phenotype_B_DDPM.pt,5775,2.9554759467758442,1954.0,0.2691279536485672
Phenotype_B,fine,Phenotype_B_DDPM.pt,5800,2.968270214943705,1954.0,0.28121688961982727
Phenotype_B,fine,Phenotype_B_DDPM.pt,5825,2.981064483111566,1954.0,0.29942953288555146
Phenotype_B,fine,Phenotype_B_DDPM.pt,5850,2.993858751279427,1954.0,0.28818095266819
Phenotype_B,fine,Phenotype_B_DDPM.pt,5875,3.006653019447288,1954.0,0.2916902637481689
Phenotype_B,fine,Phenotype_B_DDPM.pt,5900,3.0194472876151486,1954.0,0.28459429025650024
Phenotype_B,fine,Phenotype_B_DDPM.pt,5925,3.0322415557830094,1954.0,0.28950078070163726
Phenotype_B,fine,Phenotype_B_DDPM.pt,5950,3.04503582395087,1954.0,0.26224485397338865
Phenotype_B,fine,Phenotype_B_DDPM.pt,5975,3.057830092118731,1954.0,0.2768119305372238
Phenotype_B,fine,Phenotype_B_DDPM.pt,6000,3.0706243602865917,1954.0,0.2592328643798828
Phenotype_B,fine,Phenotype_B_DDPM.pt,6025,3.0834186284544525,1954.0,0.2800204259157181
Phenotype_B,fine,Phenotype_B_DDPM.pt,6050,3.0962128966223132,1954.0,0.2879587060213089
Phenotype_B,fine,Phenotype_B_DDPM.pt,6075,3.109007164790174,1954.0,0.278078156709671
Phenotype_B,fine,Phenotype_B_DDPM.pt,6100,3.121801432958035,1954.0,0.27437042593955996
Phenotype_B,fine,Phenotype_B_DDPM.pt,6125,3.1345957011258956,1954.0,0.2865080666542053
Phenotype_B,fine,Phenotype_B_DDPM.pt,6150,3.1473899692937564,1954.0,0.29950588881969453
Phenotype_B,fine,Phenotype_B_DDPM.pt,6175,3.160184237461617,1954.0,0.2796646863222122
Phenotype_B,fine,Phenotype_B_DDPM.pt,6200,3.172978505629478,1954.0,0.27907211482524874
Phenotype_B,fine,Phenotype_B_DDPM.pt,6225,3.1857727737973387,1954.0,0.2822844409942627
Phenotype_B,fine,Phenotype_B_DDPM.pt,6250,3.1985670419651995,1954.0,0.2830417239665985
Phenotype_B,fine,Phenotype_B_DDPM.pt,6275,3.2113613101330603,1954.0,0.27719824373722074
Phenotype_B,fine,Phenotype_B_DDPM.pt,6300,3.224155578300921,1954.0,0.2860385191440582
Phenotype_B,fine,Phenotype_B_DDPM.pt,6325,3.236949846468782,1954.0,0.2775972804427147
Phenotype_B,fine,Phenotype_B_DDPM.pt,6350,3.2497441146366426,1954.0,0.2855613511800766
Phenotype_B,fine,Phenotype_B_DDPM.pt,6375,3.2625383828045034,1954.0,0.2786962902545929
Phenotype_B,fine,Phenotype_B_DDPM.pt,6400,3.2753326509723646,1954.0,0.3032398647069931
Phenotype_B,fine,Phenotype_B_DDPM.pt,6425,3.2881269191402254,1954.0,0.2957876062393188
Phenotype_B,fine,Phenotype_B_DDPM.pt,6450,3.300921187308086,1954.0,0.26537918627262114
Phenotype_B,fine,Phenotype_B_DDPM.pt,6475,3.313715455475947,1954.0,0.26922397792339325
Phenotype_B,fine,Phenotype_B_DDPM.pt,6500,3.3265097236438077,1954.0,0.29490353286266324
Phenotype_B,fine,Phenotype_B_DDPM.pt,6525,3.3393039918116685,1954.0,0.27320425868034365
Phenotype_B,fine,Phenotype_B_DDPM.pt,6550,3.3520982599795293,1954.0,0.27334800124168396
Phenotype_B,fine,Phenotype_B_DDPM.pt,6575,3.36489252814739,1954.0,0.2807749718427658
Phenotype_B,fine,Phenotype_B_DDPM.pt,6600,3.377686796315251,1954.0,0.27961754143238066
Phenotype_B,fine,Phenotype_B_DDPM.pt,6625,3.3904810644831116,1954.0,0.29201730370521545
Phenotype_B,fine,Phenotype_B_DDPM.pt,6650,3.4032753326509724,1954.0,0.2784687530994415
Phenotype_B,fine,Phenotype_B_DDPM.pt,6675,3.416069600818833,1954.0,0.270937625169754
Phenotype_B,fine,Phenotype_B_DDPM.pt,6700,3.428863868986694,1954.0,0.2743250715732575
Phenotype_B,fine,Phenotype_B_DDPM.pt,6725,3.4416581371545547,1954.0,0.3001447772979736
Phenotype_B,fine,Phenotype_B_DDPM.pt,6750,3.4544524053224155,1954.0,0.2923628270626068
Phenotype_B,fine,Phenotype_B_DDPM.pt,6775,3.4672466734902763,1954.0,0.31912405908107755
Phenotype_B,fine,Phenotype_B_DDPM.pt,6800,3.480040941658137,1954.0,0.30153964579105375
Phenotype_B,fine,Phenotype_B_DDPM.pt,6825,3.492835209825998,1954.0,0.2826313430070877
Phenotype_B,fine,Phenotype_B_DDPM.pt,6850,3.5056294779938586,1954.0,0.28901873707771303
Phenotype_B,fine,Phenotype_B_DDPM.pt,6875,3.5184237461617194,1954.0,0.29232974231243136
Phenotype_B,fine,Phenotype_B_DDPM.pt,6900,3.53121801432958,1954.0,0.2776379770040512
Phenotype_B,fine,Phenotype_B_DDPM.pt,6925,3.544012282497441,1954.0,0.27068298041820527
Phenotype_B,fine,Phenotype_B_DDPM.pt,6950,3.556806550665302,1954.0,0.2861869215965271
Phenotype_B,fine,Phenotype_B_DDPM.pt,6975,3.569600818833163,1954.0,0.2864828771352768
Phenotype_B,fine,Phenotype_B_DDPM.pt,7000,3.5823950870010237,1954.0,0.2923534905910492
Phenotype_B,fine,Phenotype_B_DDPM.pt,7025,3.5951893551688845,1954.0,0.29362991511821745
Phenotype_B,fine,Phenotype_B_DDPM.pt,7050,3.6079836233367453,1954.0,0.28950408458709714
Phenotype_B,fine,Phenotype_B_DDPM.pt,7075,3.620777891504606,1954.0,0.2815606766939163
Phenotype_B,fine,Phenotype_B_DDPM.pt,7100,3.633572159672467,1954.0,0.2907833993434906
Phenotype_B,fine,Phenotype_B_DDPM.pt,7125,3.6463664278403276,1954.0,0.30718962609767914
Phenotype_B,fine,Phenotype_B_DDPM.pt,7150,3.6591606960081884,1954.0,0.28389507591724394
Phenotype_B,fine,Phenotype_B_DDPM.pt,7175,3.671954964176049,1954.0,0.2705738937854767
Phenotype_B,fine,Phenotype_B_DDPM.pt,7200,3.68474923234391,1954.0,0.28436912059783936
Phenotype_B,fine,Phenotype_B_DDPM.pt,7225,3.6975435005117707,1954.0,0.2769241273403168
Phenotype_B,fine,Phenotype_B_DDPM.pt,7250,3.7103377686796315,1954.0,0.2832580626010895
Phenotype_B,fine,Phenotype_B_DDPM.pt,7275,3.7231320368474923,1954.0,0.2724338096380234
Phenotype_B,fine,Phenotype_B_DDPM.pt,7300,3.735926305015353,1954.0,0.2621469122171402
Phenotype_B,fine,Phenotype_B_DDPM.pt,7325,3.748720573183214,1954.0,0.26134592294692993
Phenotype_B,fine,Phenotype_B_DDPM.pt,7350,3.7615148413510746,1954.0,0.282245654463768
Phenotype_B,fine,Phenotype_B_DDPM.pt,7375,3.7743091095189354,1954.0,0.27309618771076205
Phenotype_B,fine,Phenotype_B_DDPM.pt,7400,3.787103377686796,1954.0,0.3026954770088196
Phenotype_B,fine,Phenotype_B_DDPM.pt,7425,3.799897645854657,1954.0,0.26396217942237854
Phenotype_B,fine,Phenotype_B_DDPM.pt,7450,3.8126919140225177,1954.0,0.2692980450391769
Phenotype_B,fine,Phenotype_B_DDPM.pt,7475,3.8254861821903785,1954.0,0.28701462149620055
Phenotype_B,fine,Phenotype_B_DDPM.pt,7500,3.8382804503582397,1954.0,0.2844397163391113
Phenotype_B,fine,Phenotype_B_DDPM.pt,7525,3.8510747185261005,1954.0,0.280387721657753
Phenotype_B,fine,Phenotype_B_DDPM.pt,7550,3.8638689866939613,1954.0,0.31717114269733426
Phenotype_B,fine,Phenotype_B_DDPM.pt,7575,3.876663254861822,1954.0,0.30038290143013
Phenotype_B,fine,Phenotype_B_DDPM.pt,7600,3.889457523029683,1954.0,0.28585697293281553
Phenotype_B,fine,Phenotype_B_DDPM.pt,7625,3.9022517911975436,1954.0,0.2903848284482956
Phenotype_B,fine,Phenotype_B_DDPM.pt,7650,3.9150460593654044,1954.0,0.26168923676013944
Phenotype_B,fine,Phenotype_B_DDPM.pt,7675,3.927840327533265,1954.0,0.279913609623909
Phenotype_B,fine,Phenotype_B_DDPM.pt,7700,3.940634595701126,1954.0,0.2842919164896011
Phenotype_B,fine,Phenotype_B_DDPM.pt,7725,3.9534288638689867,1954.0,0.2760386556386948
Phenotype_B,fine,Phenotype_B_DDPM.pt,7750,3.9662231320368475,1954.0,0.2955201840400696
Phenotype_B,fine,Phenotype_B_DDPM.pt,7775,3.9790174002047083,1954.0,0.27771184504032137
Phenotype_B,fine,Phenotype_B_DDPM.pt,7800,3.991811668372569,1954.0,0.2775519061088562
Phenotype_B,fine,Phenotype_B_DDPM.pt,7825,4.00460593654043,1954.0,0.2940465098619461
Phenotype_B,fine,Phenotype_B_DDPM.pt,7850,4.017400204708291,1954.0,0.26910242915153504
Phenotype_B,fine,Phenotype_B_DDPM.pt,7875,4.030194472876151,1954.0,0.280868889093399
Phenotype_B,fine,Phenotype_B_DDPM.pt,7900,4.042988741044012,1954.0,0.26783816516399384
Phenotype_B,fine,Phenotype_B_DDPM.pt,7925,4.055783009211873,1954.0,0.26025460302829745
Phenotype_B,fine,Phenotype_B_DDPM.pt,7950,4.068577277379734,1954.0,0.2880404222011566
Phenotype_B,fine,Phenotype_B_DDPM.pt,7975,4.0813715455475945,1954.0,0.28294411063194275
Phenotype_B,fine,Phenotype_B_DDPM.pt,8000,4.094165813715455,1954.0,0.2811059480905533
Phenotype_B,fine,Phenotype_B_DDPM.pt,8025,4.106960081883316,1954.0,0.27851697683334353
Phenotype_B,fine,Phenotype_B_DDPM.pt,8050,4.119754350051177,1954.0,0.286671923995018
Phenotype_B,fine,Phenotype_B_DDPM.pt,8075,4.132548618219038,1954.0,0.26761401355266573
Phenotype_B,fine,Phenotype_B_DDPM.pt,8100,4.145342886386898,1954.0,0.2886867618560791
Phenotype_B,fine,Phenotype_B_DDPM.pt,8125,4.158137154554759,1954.0,0.3061747312545776
Phenotype_B,fine,Phenotype_B_DDPM.pt,8150,4.17093142272262,1954.0,0.28743914008140564
Phenotype_B,fine,Phenotype_B_DDPM.pt,8175,4.183725690890481,1954.0,0.2735367375612259
Phenotype_B,fine,Phenotype_B_DDPM.pt,8200,4.1965199590583415,1954.0,0.28031294643878935
Phenotype_B,fine,Phenotype_B_DDPM.pt,8225,4.209314227226202,1954.0,0.27608533203601837
Phenotype_B,fine,Phenotype_B_DDPM.pt,8250,4.222108495394063,1954.0,0.29084716200828553
Phenotype_B,fine,Phenotype_B_DDPM.pt,8275,4.234902763561924,1954.0,0.2950304180383682
Phenotype_B,fine,Phenotype_B_DDPM.pt,8300,4.247697031729785,1954.0,0.3076269781589508
Phenotype_B,fine,Phenotype_B_DDPM.pt,8325,4.260491299897645,1954.0,0.2730569386482239
Phenotype_B,fine,Phenotype_B_DDPM.pt,8350,4.273285568065507,1954.0,0.28605147123336794
Phenotype_B,fine,Phenotype_B_DDPM.pt,8375,4.286079836233368,1954.0,0.28879302442073823
Phenotype_B,fine,Phenotype_B_DDPM.pt,8400,4.298874104401229,1954.0,0.2804775404930115
Phenotype_B,fine,Phenotype_B_DDPM.pt,8425,4.311668372569089,1954.0,0.27224009931087495
Phenotype_B,fine,Phenotype_B_DDPM.pt,8450,4.32446264073695,1954.0,0.26478843986988065
Phenotype_B,fine,Phenotype_B_DDPM.pt,8475,4.337256908904811,1954.0,0.2835696369409561
Phenotype_B,fine,Phenotype_B_DDPM.pt,8500,4.350051177072672,1954.0,0.2745651775598526
Phenotype_B,fine,Phenotype_B_DDPM.pt,8525,4.3628454452405325,1954.0,0.2734804344177246
Phenotype_B,fine,Phenotype_B_DDPM.pt,8550,4.375639713408393,1954.0,0.277744967341423
Phenotype_B,fine,Phenotype_B_DDPM.pt,8575,4.388433981576254,1954.0,0.28652149260044096
Phenotype_B,fine,Phenotype_B_DDPM.pt,8600,4.401228249744115,1954.0,0.2988032537698746
Phenotype_B,fine,Phenotype_B_DDPM.pt,8625,4.414022517911976,1954.0,0.3022923946380615
Phenotype_B,fine,Phenotype_B_DDPM.pt,8650,4.426816786079836,1954.0,0.2901264226436615
Phenotype_B,fine,Phenotype_B_DDPM.pt,8675,4.439611054247697,1954.0,0.29162145912647247
Phenotype_B,fine,Phenotype_B_DDPM.pt,8700,4.452405322415558,1954.0,0.27299153089523315
Phenotype_B,fine,Phenotype_B_DDPM.pt,8725,4.465199590583419,1954.0,0.263434471487999
Phenotype_B,fine,Phenotype_B_DDPM.pt,8750,4.4779938587512795,1954.0,0.27925619065761564
Phenotype_B,fine,Phenotype_B_DDPM.pt,8775,4.49078812691914,1954.0,0.26053844928741454
Phenotype_B,fine,Phenotype_B_DDPM.pt,8800,4.503582395087001,1954.0,0.2792217803001404
Phenotype_B,fine,Phenotype_B_DDPM.pt,8825,4.516376663254862,1954.0,0.26966867566108704
Phenotype_B,fine,Phenotype_B_DDPM.pt,8850,4.529170931422723,1954.0,0.2644411331415176
Phenotype_B,fine,Phenotype_B_DDPM.pt,8875,4.541965199590583,1954.0,0.28782178401947023
Phenotype_B,fine,Phenotype_B_DDPM.pt,8900,4.554759467758444,1954.0,0.27176065266132354
Phenotype_B,fine,Phenotype_B_DDPM.pt,8925,4.567553735926305,1954.0,0.28346392095088957
Phenotype_B,fine,Phenotype_B_DDPM.pt,8950,4.580348004094166,1954.0,0.2755154204368591
Phenotype_B,fine,Phenotype_B_DDPM.pt,8975,4.5931422722620265,1954.0,0.27475316166877745
Phenotype_B,fine,Phenotype_B_DDPM.pt,9000,4.605936540429887,1954.0,0.2656831008195877
Phenotype_B,fine,Phenotype_B_DDPM.pt,9025,4.618730808597748,1954.0,0.2809043896198273
Phenotype_B,fine,Phenotype_B_DDPM.pt,9050,4.631525076765609,1954.0,0.2879610401391983
Phenotype_B,fine,Phenotype_B_DDPM.pt,9075,4.64431934493347,1954.0,0.28269590020179747
Phenotype_B,fine,Phenotype_B_DDPM.pt,9100,4.65711361310133,1954.0,0.2908965015411377
Phenotype_B,fine,Phenotype_B_DDPM.pt,9125,4.669907881269191,1954.0,0.28167842745780947
Phenotype_B,fine,Phenotype_B_DDPM.pt,9150,4.682702149437052,1954.0,0.27276468098163603
Phenotype_B,fine,Phenotype_B_DDPM.pt,9175,4.695496417604913,1954.0,0.2932262593507767
Phenotype_B,fine,Phenotype_B_DDPM.pt,9200,4.7082906857727735,1954.0,0.2929079329967499
Phenotype_B,fine,Phenotype_B_DDPM.pt,9225,4.721084953940634,1954.0,0.2728811275959015
Phenotype_B,fine,Phenotype_B_DDPM.pt,9250,4.733879222108495,1954.0,0.2738302457332611
Phenotype_B,fine,Phenotype_B_DDPM.pt,9275,4.746673490276356,1954.0,0.26850507020950315
Phenotype_B,fine,Phenotype_B_DDPM.pt,9300,4.759467758444217,1954.0,0.28588753402233125
Phenotype_B,fine,Phenotype_B_DDPM.pt,9325,4.772262026612077,1954.0,0.25890618801116944
Phenotype_B,fine,Phenotype_B_DDPM.pt,9350,4.785056294779938,1954.0,0.2976639324426651
Phenotype_B,fine,Phenotype_B_DDPM.pt,9375,4.797850562947799,1954.0,0.28692560315132143
Phenotype_B,fine,Phenotype_B_DDPM.pt,9400,4.81064483111566,1954.0,0.2761337399482727
Phenotype_B,fine,Phenotype_B_DDPM.pt,9425,4.8234390992835205,1954.0,0.276277990937233
Phenotype_B,fine,Phenotype_B_DDPM.pt,9450,4.836233367451382,1954.0,0.2854314678907394
Phenotype_B,fine,Phenotype_B_DDPM.pt,9475,4.849027635619243,1954.0,0.28933559834957123
Phenotype_B,fine,Phenotype_B_DDPM.pt,9500,4.861821903787104,1954.0,0.27695690631866454
Phenotype_B,fine,Phenotype_B_DDPM.pt,9525,4.8746161719549645,1954.0,0.27576413691043855
Phenotype_B,fine,Phenotype_B_DDPM.pt,9550,4.887410440122825,1954.0,0.2824468076229095
Phenotype_B,fine,Phenotype_B_DDPM.pt,9575,4.900204708290686,1954.0,0.27345606446266174
Phenotype_B,fine,Phenotype_B_DDPM.pt,9600,4.912998976458547,1954.0,0.2805343782901764
Phenotype_B,fine,Phenotype_B_DDPM.pt,9625,4.925793244626408,1954.0,0.28987697303295135
Phenotype_B,fine,Phenotype_B_DDPM.pt,9650,4.938587512794268,1954.0,0.26819504499435426
Phenotype_B,fine,Phenotype_B_DDPM.pt,9675,4.951381780962129,1954.0,0.2786168736219406
Phenotype_B,fine,Phenotype_B_DDPM.pt,9700,4.96417604912999,1954.0,0.2754920607805252
Phenotype_B,fine,Phenotype_B_DDPM.pt,9725,4.976970317297851,1954.0,0.2637160813808441
Phenotype_B,fine,Phenotype_B_DDPM.pt,9750,4.9897645854657116,1954.0,0.286663191318512
Phenotype_B,fine,Phenotype_B_DDPM.pt,9775,5.002558853633572,1954.0,0.27539741814136504
Phenotype_B,fine,Phenotype_B_DDPM.pt,9800,5.015353121801433,1954.0,0.28406008243560793
Phenotype_B,fine,Phenotype_B_DDPM.pt,9825,5.028147389969294,1954.0,0.26631945312023164
Phenotype_B,fine,Phenotype_B_DDPM.pt,9850,5.040941658137155,1954.0,0.28099586963653567
Phenotype_B,fine,Phenotype_B_DDPM.pt,9875,5.0537359263050154,1954.0,0.28671542763710023
Phenotype_B,fine,Phenotype_B_DDPM.pt,9900,5.066530194472876,1954.0,0.29207458436489103
Phenotype_B,fine,Phenotype_B_DDPM.pt,9925,5.079324462640737,1954.0,0.28908763349056243
Phenotype_B,fine,Phenotype_B_DDPM.pt,9950,5.092118730808598,1954.0,0.28718085527420045
Phenotype_B,fine,Phenotype_B_DDPM.pt,9975,5.104912998976459,1954.0,0.29503789961338045
Phenotype_B,fine,Phenotype_B_DDPM.pt,10000,5.117707267144319,1954.0,0.2748509621620178
Phenotype_B,fine,Phenotype_B_DDPM.pt,10025,5.13050153531218,1954.0,0.28302769243717196
Phenotype_B,fine,Phenotype_B_DDPM.pt,10050,5.143295803480041,1954.0,0.27133766531944276
Phenotype_B,fine,Phenotype_B_DDPM.pt,10075,5.156090071647902,1954.0,0.26439878582954407
Phenotype_B,fine,Phenotype_B_DDPM.pt,10100,5.1688843398157625,1954.0,0.26593846499919893
Phenotype_B,fine,Phenotype_B_DDPM.pt,10125,5.181678607983623,1954.0,0.29572071552276613
Phenotype_B,fine,Phenotype_B_DDPM.pt,10150,5.194472876151484,1954.0,0.27488223016262053
Phenotype_B,fine,Phenotype_B_DDPM.pt,10175,5.207267144319345,1954.0,0.28428302764892577
Phenotype_B,fine,Phenotype_B_DDPM.pt,10200,5.220061412487206,1954.0,0.2766261279582977
Phenotype_B,fine,Phenotype_B_DDPM.pt,10225,5.232855680655066,1954.0,0.2710998493432999
Phenotype_B,fine,Phenotype_B_DDPM.pt,10250,5.245649948822927,1954.0,0.27253727316856385
Phenotype_B,fine,Phenotype_B_DDPM.pt,10275,5.258444216990788,1954.0,0.2882787674665451
Phenotype_B,fine,Phenotype_B_DDPM.pt,10300,5.271238485158649,1954.0,0.2765400528907776
Phenotype_B,fine,Phenotype_B_DDPM.pt,10325,5.2840327533265095,1954.0,0.29097159564495084
Phenotype_B,fine,Phenotype_B_DDPM.pt,10350,5.29682702149437,1954.0,0.2723460966348648
Phenotype_B,fine,Phenotype_B_DDPM.pt,10375,5.309621289662231,1954.0,0.2740871512889862
Phenotype_B,fine,Phenotype_B_DDPM.pt,10400,5.322415557830092,1954.0,0.2717988449335098
Phenotype_B,fine,Phenotype_B_DDPM.pt,10425,5.335209825997953,1954.0,0.2807834643125534
Phenotype_B,fine,Phenotype_B_DDPM.pt,10450,5.348004094165813,1954.0,0.2857469481229782
Phenotype_B,fine,Phenotype_B_DDPM.pt,10475,5.360798362333674,1954.0,0.2580601352453232
Phenotype_B,fine,Phenotype_B_DDPM.pt,10500,5.373592630501535,1954.0,0.2772138160467148
Phenotype_B,fine,Phenotype_B_DDPM.pt,10525,5.386386898669396,1954.0,0.28178364276885987
Phenotype_B,fine,Phenotype_B_DDPM.pt,10550,5.399181166837257,1954.0,0.28702914476394653
Phenotype_B,fine,Phenotype_B_DDPM.pt,10575,5.411975435005118,1954.0,0.2869737195968628
Phenotype_B,fine,Phenotype_B_DDPM.pt,10600,5.424769703172979,1954.0,0.27487595498561856
Phenotype_B,fine,Phenotype_B_DDPM.pt,10625,5.43756397134084,1954.0,0.2735929840803146
Phenotype_B,fine,Phenotype_B_DDPM.pt,10650,5.4503582395087005,1954.0,0.2848213165998459
Phenotype_B,fine,Phenotype_B_DDPM.pt,10675,5.463152507676561,1954.0,0.2773295956850052
Phenotype_B,fine,Phenotype_B_DDPM.pt,10700,5.475946775844422,1954.0,0.2884910440444946
Phenotype_B,fine,Phenotype_B_DDPM.pt,10725,5.488741044012283,1954.0,0.2846161079406738
Phenotype_B,fine,Phenotype_B_DDPM.pt,10750,5.501535312180144,1954.0,0.2981517243385315
Phenotype_B,fine,Phenotype_B_DDPM.pt,10775,5.514329580348004,1954.0,0.2777761352062225
Phenotype_B,fine,Phenotype_B_DDPM.pt,10800,5.527123848515865,1954.0,0.29138581216335296
Phenotype_B,fine,Phenotype_B_DDPM.pt,10825,5.539918116683726,1954.0,0.27127632081508635
Phenotype_B,fine,Phenotype_B_DDPM.pt,10850,5.552712384851587,1954.0,0.2857323557138443
Phenotype_B,fine,Phenotype_B_DDPM.pt,10875,5.5655066530194475,1954.0,0.26856531739234923
Phenotype_B,fine,Phenotype_B_DDPM.pt,10900,5.578300921187308,1954.0,0.28395856976509093
Phenotype_B,fine,Phenotype_B_DDPM.pt,10925,5.591095189355169,1954.0,0.28380044460296633
Phenotype_B,fine,Phenotype_B_DDPM.pt,10950,5.60388945752303,1954.0,0.2805575776100159
Phenotype_B,fine,Phenotype_B_DDPM.pt,10975,5.616683725690891,1954.0,0.2950065851211548
Phenotype_B,fine,Phenotype_B_DDPM.pt,11000,5.629477993858751,1954.0,0.2726883035898209
Phenotype_B,fine,Phenotype_B_DDPM.pt,11025,5.642272262026612,1954.0,0.28195486903190614
Phenotype_B,fine,Phenotype_B_DDPM.pt,11050,5.655066530194473,1954.0,0.2665453726053238
Phenotype_B,fine,Phenotype_B_DDPM.pt,11075,5.667860798362334,1954.0,0.2782296460866928
Phenotype_B,fine,Phenotype_B_DDPM.pt,11100,5.6806550665301945,1954.0,0.27696782648563384
Phenotype_B,fine,Phenotype_B_DDPM.pt,11125,5.693449334698055,1954.0,0.2742418575286865
Phenotype_B,fine,Phenotype_B_DDPM.pt,11150,5.706243602865916,1954.0,0.2862171280384064
Phenotype_B,fine,Phenotype_B_DDPM.pt,11175,5.719037871033777,1954.0,0.2863008016347885
Phenotype_B,fine,Phenotype_B_DDPM.pt,11200,5.731832139201638,1954.0,0.2777037698030472
Phenotype_B,fine,Phenotype_B_DDPM.pt,11225,5.744626407369498,1954.0,0.2755867350101471
Phenotype_B,fine,Phenotype_B_DDPM.pt,11250,5.757420675537359,1954.0,0.2767359524965286
Phenotype_B,fine,Phenotype_B_DDPM.pt,11275,5.77021494370522,1954.0,0.27486355006694796
Phenotype_B,fine,Phenotype_B_DDPM.pt,11300,5.783009211873081,1954.0,0.2748759162425995
Phenotype_B,fine,Phenotype_B_DDPM.pt,11325,5.7958034800409415,1954.0,0.28119935393333434
Phenotype_B,fine,Phenotype_B_DDPM.pt,11350,5.808597748208802,1954.0,0.29651278257369995
Phenotype_B,fine,Phenotype_B_DDPM.pt,11375,5.821392016376663,1954.0,0.2752732545137405
Phenotype_B,fine,Phenotype_B_DDPM.pt,11400,5.834186284544524,1954.0,0.3025073355436325
Phenotype_B,fine,Phenotype_B_DDPM.pt,11425,5.846980552712385,1954.0,0.2647950917482376
Phenotype_B,fine,Phenotype_B_DDPM.pt,11450,5.859774820880245,1954.0,0.26881140053272246
Phenotype_B,fine,Phenotype_B_DDPM.pt,11475,5.872569089048106,1954.0,0.2933636862039566
Phenotype_B,fine,Phenotype_B_DDPM.pt,11500,5.885363357215967,1954.0,0.2808795535564423
Phenotype_B,fine,Phenotype_B_DDPM.pt,11525,5.898157625383828,1954.0,0.2816224518418312
Phenotype_B,fine,Phenotype_B_DDPM.pt,11550,5.9109518935516885,1954.0,0.2941035985946655
Phenotype_B,fine,Phenotype_B_DDPM.pt,11575,5.923746161719549,1954.0,0.2726748788356781
Phenotype_B,fine,Phenotype_B_DDPM.pt,11600,5.93654042988741,1954.0,0.28314163148403165
Phenotype_B,fine,Phenotype_B_DDPM.pt,11625,5.949334698055271,1954.0,0.2870806866884232
Phenotype_B,fine,Phenotype_B_DDPM.pt,11650,5.962128966223132,1954.0,0.2758455342054367
Phenotype_B,fine,Phenotype_B_DDPM.pt,11675,5.974923234390993,1954.0,0.284387349486351
Phenotype_B,fine,Phenotype_B_DDPM.pt,11700,5.987717502558854,1954.0,0.25551643610000613
Phenotype_B,fine,Phenotype_B_DDPM.pt,11725,6.000511770726715,1954.0,0.271528354883194
Phenotype_B,fine,Phenotype_B_DDPM.pt,11750,6.013306038894576,1954.0,0.2902544695138931
Phenotype_B,fine,Phenotype_B_DDPM.pt,11775,6.026100307062436,1954.0,0.2936664289236069
Phenotype_B,fine,Phenotype_B_DDPM.pt,11800,6.038894575230297,1954.0,0.27635551035404204
Phenotype_B,fine,Phenotype_B_DDPM.pt,11825,6.051688843398158,1954.0,0.30301705896854403
Phenotype_B,fine,Phenotype_B_DDPM.pt,11850,6.064483111566019,1954.0,0.27855306446552275
Phenotype_B,fine,Phenotype_B_DDPM.pt,11875,6.0772773797338795,1954.0,0.26440616965293884
Phenotype_B,fine,Phenotype_B_DDPM.pt,11900,6.09007164790174,1954.0,0.29084925770759584
Phenotype_B,fine,Phenotype_B_DDPM.pt,11925,6.102865916069601,1954.0,0.26865006506443023
Phenotype_B,fine,Phenotype_B_DDPM.pt,11950,6.115660184237462,1954.0,0.30945132434368133
Phenotype_B,fine,Phenotype_B_DDPM.pt,11975,6.128454452405323,1954.0,0.2803605383634567
Phenotype_B,fine,Phenotype_B_DDPM.pt,12000,6.141248720573183,1954.0,0.2623940062522888
Phenotype_B,fine,Phenotype_B_DDPM.pt,12025,6.154042988741044,1954.0,0.2976354879140854
Phenotype_B,fine,Phenotype_B_DDPM.pt,12050,6.166837256908905,1954.0,0.2808866143226624
Phenotype_B,fine,Phenotype_B_DDPM.pt,12075,6.179631525076766,1954.0,0.29306470572948456
Phenotype_B,fine,Phenotype_B_DDPM.pt,12100,6.1924257932446265,1954.0,0.27317149758338927
Phenotype_B,fine,Phenotype_B_DDPM.pt,12125,6.205220061412487,1954.0,0.2796336305141449
Phenotype_B,fine,Phenotype_B_DDPM.pt,12150,6.218014329580348,1954.0,0.26786154687404634
Phenotype_B,fine,Phenotype_B_DDPM.pt,12175,6.230808597748209,1954.0,0.2823650699853897
Phenotype_B,fine,Phenotype_B_DDPM.pt,12200,6.24360286591607,1954.0,0.28164414823055267
Phenotype_B,fine,Phenotype_B_DDPM.pt,12225,6.25639713408393,1954.0,0.2647862958908081
Phenotype_B,fine,Phenotype_B_DDPM.pt,12250,6.269191402251791,1954.0,0.27257170259952546
Phenotype_B,fine,Phenotype_B_DDPM.pt,12275,6.281985670419652,1954.0,0.29218440294265746
Phenotype_B,fine,Phenotype_B_DDPM.pt,12300,6.294779938587513,1954.0,0.2833516806364059
Phenotype_B,fine,Phenotype_B_DDPM.pt,12325,6.3075742067553735,1954.0,0.28059364318847657
Phenotype_B,fine,Phenotype_B_DDPM.pt,12350,6.320368474923234,1954.0,0.2573100709915161
Phenotype_B,fine,Phenotype_B_DDPM.pt,12375,6.333162743091095,1954.0,0.28645269095897674
Phenotype_B,fine,Phenotype_B_DDPM.pt,12400,6.345957011258956,1954.0,0.2868573659658432
Phenotype_B,fine,Phenotype_B_DDPM.pt,12425,6.358751279426817,1954.0,0.2981181085109711
Phenotype_B,fine,Phenotype_B_DDPM.pt,12450,6.371545547594677,1954.0,0.2780116695165634
Phenotype_B,fine,Phenotype_B_DDPM.pt,12475,6.384339815762538,1954.0,0.2819721096754074
Phenotype_B,fine,Phenotype_B_DDPM.pt,12500,6.397134083930399,1954.0,0.2895801591873169
Phenotype_B,fine,Phenotype_B_DDPM.pt,12525,6.40992835209826,1954.0,0.28952538073062895
Phenotype_B,fine,Phenotype_B_DDPM.pt,12550,6.4227226202661205,1954.0,0.2858317041397095
Phenotype_B,fine,Phenotype_B_DDPM.pt,12575,6.435516888433981,1954.0,0.2848677253723145
Phenotype_B,fine,Phenotype_B_DDPM.pt,12600,6.448311156601842,1954.0,0.27760360717773436
Phenotype_B,fine,Phenotype_B_DDPM.pt,12625,6.461105424769703,1954.0,0.2824617177248001
Phenotype_B,fine,Phenotype_B_DDPM.pt,12650,6.473899692937564,1954.0,0.2711957383155823
Phenotype_B,fine,Phenotype_B_DDPM.pt,12675,6.486693961105424,1954.0,0.2775827956199646
Phenotype_B,fine,Phenotype_B_DDPM.pt,12700,6.499488229273285,1954.0,0.2815850919485092
Phenotype_B,fine,Phenotype_B_DDPM.pt,12725,6.512282497441146,1954.0,0.2777013111114502
Phenotype_B,fine,Phenotype_B_DDPM.pt,12750,6.525076765609007,1954.0,0.27626479387283326
Phenotype_B,fine,Phenotype_B_DDPM.pt,12775,6.537871033776868,1954.0,0.2998886489868164
Phenotype_B,fine,Phenotype_B_DDPM.pt,12800,6.550665301944729,1954.0,0.26968093633651735
Phenotype_B,fine,Phenotype_B_DDPM.pt,12825,6.56345957011259,1954.0,0.28528403997421264
Phenotype_B,fine,Phenotype_B_DDPM.pt,12850,6.576253838280451,1954.0,0.27936207175254824
Phenotype_B,fine,Phenotype_B_DDPM.pt,12875,6.5890481064483115,1954.0,0.29054185032844543
Phenotype_B,fine,Phenotype_B_DDPM.pt,12900,6.601842374616172,1954.0,0.2727211755514145
Phenotype_B,fine,Phenotype_B_DDPM.pt,12925,6.614636642784033,1954.0,0.2705841714143753
Phenotype_B,fine,Phenotype_B_DDPM.pt,12950,6.627430910951894,1954.0,0.2610038471221924
Phenotype_B,fine,Phenotype_B_DDPM.pt,12975,6.640225179119755,1954.0,0.2797920823097229
Phenotype_B,fine,Phenotype_B_DDPM.pt,13000,6.653019447287615,1954.0,0.2951273077726364
Phenotype_B,fine,Phenotype_B_DDPM.pt,13025,6.665813715455476,1954.0,0.27477636992931365
Phenotype_B,fine,Phenotype_B_DDPM.pt,13050,6.678607983623337,1954.0,0.2796504235267639
Phenotype_B,fine,Phenotype_B_DDPM.pt,13075,6.691402251791198,1954.0,0.28751068413257597
Phenotype_B,fine,Phenotype_B_DDPM.pt,13100,6.7041965199590585,1954.0,0.26650203168392184
Phenotype_B,fine,Phenotype_B_DDPM.pt,13125,6.716990788126919,1954.0,0.2839623433351517
Phenotype_B,fine,Phenotype_B_DDPM.pt,13150,6.72978505629478,1954.0,0.28463594675064086
Phenotype_B,fine,Phenotype_B_DDPM.pt,13175,6.742579324462641,1954.0,0.27130527794361115
Phenotype_B,fine,Phenotype_B_DDPM.pt,13200,6.755373592630502,1954.0,0.27675368309021
Phenotype_B,fine,Phenotype_B_DDPM.pt,13225,6.768167860798362,1954.0,0.27671716213226316
Phenotype_B,fine,Phenotype_B_DDPM.pt,13250,6.780962128966223,1954.0,0.26959972977638247
Phenotype_B,fine,Phenotype_B_DDPM.pt,13275,6.793756397134084,1954.0,0.2726722776889801
Phenotype_B,fine,Phenotype_B_DDPM.pt,13300,6.806550665301945,1954.0,0.28551546096801755
Phenotype_B,fine,Phenotype_B_DDPM.pt,13325,6.8193449334698055,1954.0,0.2802190148830414
Phenotype_B,fine,Phenotype_B_DDPM.pt,13350,6.832139201637666,1954.0,0.2928846871852875
Phenotype_B,fine,Phenotype_B_DDPM.pt,13375,6.844933469805527,1954.0,0.26963439464569094
Phenotype_B,fine,Phenotype_B_DDPM.pt,13400,6.857727737973388,1954.0,0.2890723818540573
Phenotype_B,fine,Phenotype_B_DDPM.pt,13425,6.870522006141249,1954.0,0.27975383281707766
Phenotype_B,fine,Phenotype_B_DDPM.pt,13450,6.883316274309109,1954.0,0.2846045821905136
Phenotype_B,fine,Phenotype_B_DDPM.pt,13475,6.89611054247697,1954.0,0.26712119817733765
Phenotype_B,fine,Phenotype_B_DDPM.pt,13500,6.908904810644831,1954.0,0.27900166034698487
Phenotype_B,fine,Phenotype_B_DDPM.pt,13525,6.921699078812692,1954.0,0.2990756857395172
Phenotype_B,fine,Phenotype_B_DDPM.pt,13550,6.9344933469805525,1954.0,0.2849563950300217
Phenotype_B,fine,Phenotype_B_DDPM.pt,13575,6.947287615148413,1954.0,0.26495390355587006
Phenotype_B,fine,Phenotype_B_DDPM.pt,13600,6.960081883316274,1954.0,0.2868925899267197
Phenotype_B,fine,Phenotype_B_DDPM.pt,13625,6.972876151484135,1954.0,0.27648095428943636
Phenotype_B,fine,Phenotype_B_DDPM.pt,13650,6.985670419651996,1954.0,0.2743086576461792
Phenotype_B,fine,Phenotype_B_DDPM.pt,13675,6.998464687819856,1954.0,0.27382000982761384
Phenotype_B,fine,Phenotype_B_DDPM.pt,13700,7.011258955987717,1954.0,0.28192676842212677
Phenotype_B,fine,Phenotype_B_DDPM.pt,13725,7.024053224155578,1954.0,0.27739175260066984
Phenotype_B,fine,Phenotype_B_DDPM.pt,13750,7.036847492323439,1954.0,0.26955029606819153
Phenotype_B,fine,Phenotype_B_DDPM.pt,13775,7.0496417604912995,1954.0,0.27840198040008546
Phenotype_B,fine,Phenotype_B_DDPM.pt,13800,7.06243602865916,1954.0,0.28489208579063413
Phenotype_B,fine,Phenotype_B_DDPM.pt,13825,7.075230296827021,1954.0,0.2829961413145065
Phenotype_B,fine,Phenotype_B_DDPM.pt,13850,7.088024564994882,1954.0,0.29539294958114626
Phenotype_B,fine,Phenotype_B_DDPM.pt,13875,7.100818833162743,1954.0,0.26606700360774993
Phenotype_B,fine,Phenotype_B_DDPM.pt,13900,7.113613101330604,1954.0,0.28080295503139496
Phenotype_B,fine,Phenotype_B_DDPM.pt,13925,7.126407369498465,1954.0,0.28822704195976256
Phenotype_B,fine,Phenotype_B_DDPM.pt,13950,7.139201637666326,1954.0,0.2838769209384918
Phenotype_B,fine,Phenotype_B_DDPM.pt,13975,7.151995905834187,1954.0,0.28149052858352663
Phenotype_B,fine,Phenotype_B_DDPM.pt,14000,7.164790174002047,1954.0,0.2683166551589966
Phenotype_B,fine,Phenotype_B_DDPM.pt,14025,7.177584442169908,1954.0,0.3039770990610123
Phenotype_B,fine,Phenotype_B_DDPM.pt,14050,7.190378710337769,1954.0,0.30031992733478546
Phenotype_B,fine,Phenotype_B_DDPM.pt,14075,7.20317297850563,1954.0,0.28160238862037656
Phenotype_B,fine,Phenotype_B_DDPM.pt,14100,7.2159672466734905,1954.0,0.27861476480960845
Phenotype_B,fine,Phenotype_B_DDPM.pt,14125,7.228761514841351,1954.0,0.3051183974742889
Phenotype_B,fine,Phenotype_B_DDPM.pt,14150,7.241555783009212,1954.0,0.2921161514520645
Phenotype_B,fine,Phenotype_B_DDPM.pt,14175,7.254350051177073,1954.0,0.28608293235301974
Phenotype_B,fine,Phenotype_B_DDPM.pt,14200,7.267144319344934,1954.0,0.2846291828155518
Phenotype_B,fine,Phenotype_B_DDPM.pt,14225,7.279938587512794,1954.0,0.27195622146129605
Phenotype_B,fine,Phenotype_B_DDPM.pt,14250,7.292732855680655,1954.0,0.2882373529672623
Phenotype_B,fine,Phenotype_B_DDPM.pt,14275,7.305527123848516,1954.0,0.2779840219020844
Phenotype_B,fine,Phenotype_B_DDPM.pt,14300,7.318321392016377,1954.0,0.28454713106155394
Phenotype_B,fine,Phenotype_B_DDPM.pt,14325,7.3311156601842375,1954.0,0.2835189551115036
Phenotype_B,fine,Phenotype_B_DDPM.pt,14350,7.343909928352098,1954.0,0.27422428846359254
Phenotype_B,fine,Phenotype_B_DDPM.pt,14375,7.356704196519959,1954.0,0.2823089039325714
Phenotype_B,fine,Phenotype_B_DDPM.pt,14400,7.36949846468782,1954.0,0.275345259308815
Phenotype_B,fine,Phenotype_B_DDPM.pt,14425,7.382292732855681,1954.0,0.28216609835624695
Phenotype_B,fine,Phenotype_B_DDPM.pt,14450,7.395087001023541,1954.0,0.27951973140239716
Phenotype_B,fine,Phenotype_B_DDPM.pt,14475,7.407881269191402,1954.0,0.28695436477661135
Phenotype_B,fine,Phenotype_B_DDPM.pt,14500,7.420675537359263,1954.0,0.27097192823886873
Phenotype_B,fine,Phenotype_B_DDPM.pt,14525,7.433469805527124,1954.0,0.28781804084777834
Phenotype_B,fine,Phenotype_B_DDPM.pt,14550,7.4462640736949846,1954.0,0.28035388588905336
Phenotype_B,fine,Phenotype_B_DDPM.pt,14575,7.459058341862845,1954.0,0.28862106800079346
Phenotype_B,fine,Phenotype_B_DDPM.pt,14600,7.471852610030706,1954.0,0.263599716424942
Phenotype_B,fine,Phenotype_B_DDPM.pt,14625,7.484646878198567,1954.0,0.28429561376571655
Phenotype_B,fine,Phenotype_B_DDPM.pt,14650,7.497441146366428,1954.0,0.2746539056301117
Phenotype_B,fine,Phenotype_B_DDPM.pt,14675,7.5102354145342884,1954.0,0.27503181219100953
Phenotype_B,fine,Phenotype_B_DDPM.pt,14700,7.523029682702149,1954.0,0.26403583586215973
Phenotype_B,fine,Phenotype_B_DDPM.pt,14725,7.53582395087001,1954.0,0.2634709596633911
Phenotype_B,fine,Phenotype_B_DDPM.pt,14750,7.548618219037871,1954.0,0.2650925135612488
Phenotype_B,fine,Phenotype_B_DDPM.pt,14775,7.561412487205732,1954.0,0.2661773306131363
Phenotype_B,fine,Phenotype_B_DDPM.pt,14800,7.574206755373592,1954.0,0.29295445084571836
Phenotype_B,fine,Phenotype_B_DDPM.pt,14825,7.587001023541453,1954.0,0.27316944897174833
Phenotype_B,fine,Phenotype_B_DDPM.pt,14850,7.599795291709314,1954.0,0.29909476459026335
Phenotype_B,fine,Phenotype_B_DDPM.pt,14875,7.612589559877175,1954.0,0.2682788985967636
Phenotype_B,fine,Phenotype_B_DDPM.pt,14900,7.6253838280450355,1954.0,0.2772440642118454
Phenotype_B,fine,Phenotype_B_DDPM.pt,14925,7.638178096212896,1954.0,0.2685226672887802
Phenotype_B,fine,Phenotype_B_DDPM.pt,14950,7.650972364380757,1954.0,0.2734193831682205
Phenotype_B,fine,Phenotype_B_DDPM.pt,14975,7.663766632548618,1954.0,0.26597519874572756
Phenotype_B,fine,Phenotype_B_DDPM.pt,15000,7.6765609007164795,1954.0,0.2881289893388748
Phenotype_B,fine,Phenotype_B_DDPM.pt,15025,7.68935516888434,1954.0,0.2815017664432526
Phenotype_B,fine,Phenotype_B_DDPM.pt,15050,7.702149437052201,1954.0,0.2927706211805344
Phenotype_B,fine,Phenotype_B_DDPM.pt,15075,7.714943705220062,1954.0,0.29539546608924866
Phenotype_B,fine,Phenotype_B_DDPM.pt,15100,7.727737973387923,1954.0,0.2811779010295868
Phenotype_B,fine,Phenotype_B_DDPM.pt,15125,7.740532241555783,1954.0,0.28892998993396757
Phenotype_B,fine,Phenotype_B_DDPM.pt,15150,7.753326509723644,1954.0,0.29556308150291444
Phenotype_B,fine,Phenotype_B_DDPM.pt,15175,7.766120777891505,1954.0,0.28243800878524783
Phenotype_B,fine,Phenotype_B_DDPM.pt,15200,7.778915046059366,1954.0,0.2748906397819519
Phenotype_B,fine,Phenotype_B_DDPM.pt,15225,7.7917093142272265,1954.0,0.2726481145620346
Phenotype_B,fine,Phenotype_B_DDPM.pt,15250,7.804503582395087,1954.0,0.28156045377254485
Phenotype_B,fine,Phenotype_B_DDPM.pt,15275,7.817297850562948,1954.0,0.2958082753419876
Phenotype_B,fine,Phenotype_B_DDPM.pt,15300,7.830092118730809,1954.0,0.29221145749092103
Phenotype_B,fine,Phenotype_B_DDPM.pt,15325,7.84288638689867,1954.0,0.2727825289964676
Phenotype_B,fine,Phenotype_B_DDPM.pt,15350,7.85568065506653,1954.0,0.2677479183673859
Phenotype_B,fine,Phenotype_B_DDPM.pt,15375,7.868474923234391,1954.0,0.29126801788806916
Phenotype_B,fine,Phenotype_B_DDPM.pt,15400,7.881269191402252,1954.0,0.298454709649086
Phenotype_B,fine,Phenotype_B_DDPM.pt,15425,7.894063459570113,1954.0,0.26612558245658874
Phenotype_B,fine,Phenotype_B_DDPM.pt,15450,7.9068577277379735,1954.0,0.2987822586297989
Phenotype_B,fine,Phenotype_B_DDPM.pt,15475,7.919651995905834,1954.0,0.3039557433128357
Phenotype_B,fine,Phenotype_B_DDPM.pt,15500,7.932446264073695,1954.0,0.2985131329298019
Phenotype_B,fine,Phenotype_B_DDPM.pt,15525,7.945240532241556,1954.0,0.26144721031188967
Phenotype_B,fine,Phenotype_B_DDPM.pt,15550,7.958034800409417,1954.0,0.2773024445772171
Phenotype_B,fine,Phenotype_B_DDPM.pt,15575,7.970829068577277,1954.0,0.28676809430122374
Phenotype_B,fine,Phenotype_B_DDPM.pt,15600,7.983623336745138,1954.0,0.3016193866729736
Phenotype_B,fine,Phenotype_B_DDPM.pt,15625,7.996417604912999,1954.0,0.2801097464561462
Phenotype_B,fine,Phenotype_B_DDPM.pt,15650,8.00921187308086,1954.0,0.27939067900180814
Phenotype_B,fine,Phenotype_B_DDPM.pt,15675,8.02200614124872,1954.0,0.2842296463251114
Phenotype_B,fine,Phenotype_B_DDPM.pt,15700,8.034800409416581,1954.0,0.27111891508102415
Phenotype_B,fine,Phenotype_B_DDPM.pt,15725,8.047594677584442,1954.0,0.28183818340301514
Phenotype_B,fine,Phenotype_B_DDPM.pt,15750,8.060388945752303,1954.0,0.27691101491451264
Phenotype_B,fine,Phenotype_B_DDPM.pt,15775,8.073183213920164,1954.0,0.28106133222579954
Phenotype_B,fine,Phenotype_B_DDPM.pt,15800,8.085977482088024,1954.0,0.29023661255836486
Phenotype_B,fine,Phenotype_B_DDPM.pt,15825,8.098771750255885,1954.0,0.28161399722099306
Phenotype_B,fine,Phenotype_B_DDPM.pt,15850,8.111566018423746,1954.0,0.27919978082180025
Phenotype_B,fine,Phenotype_B_DDPM.pt,15875,8.124360286591607,1954.0,0.27796948194503784
Phenotype_B,fine,Phenotype_B_DDPM.pt,15900,8.137154554759467,1954.0,0.288428943157196
Phenotype_B,fine,Phenotype_B_DDPM.pt,15925,8.149948822927328,1954.0,0.2726274934411049
Phenotype_B,fine,Phenotype_B_DDPM.pt,15950,8.162743091095189,1954.0,0.26748623430728913
Phenotype_B,fine,Phenotype_B_DDPM.pt,15975,8.17553735926305,1954.0,0.28280780255794524
Phenotype_B,fine,Phenotype_B_DDPM.pt,16000,8.18833162743091,1954.0,0.2782509648799896
Phenotype_B,fine,Phenotype_B_DDPM.pt,16025,8.201125895598771,1954.0,0.2940540140867233
Phenotype_B,fine,Phenotype_B_DDPM.pt,16050,8.213920163766632,1954.0,0.2785794061422348
Phenotype_B,fine,Phenotype_B_DDPM.pt,16075,8.226714431934493,1954.0,0.2755717986822128
Phenotype_B,fine,Phenotype_B_DDPM.pt,16100,8.239508700102354,1954.0,0.28233040153980254
Phenotype_B,fine,Phenotype_B_DDPM.pt,16125,8.252302968270214,1954.0,0.2880084592103958
Phenotype_B,fine,Phenotype_B_DDPM.pt,16150,8.265097236438075,1954.0,0.2880947095155716
Phenotype_B,fine,Phenotype_B_DDPM.pt,16175,8.277891504605936,1954.0,0.2774376356601715
Phenotype_B,fine,Phenotype_B_DDPM.pt,16200,8.290685772773797,1954.0,0.2670110297203064
Phenotype_B,fine,Phenotype_B_DDPM.pt,16225,8.303480040941658,1954.0,0.2882582831382752
Phenotype_B,fine,Phenotype_B_DDPM.pt,16250,8.316274309109518,1954.0,0.2924424034357071
Phenotype_B,fine,Phenotype_B_DDPM.pt,16275,8.32906857727738,1954.0,0.28479481041431426
Phenotype_B,fine,Phenotype_B_DDPM.pt,16300,8.34186284544524,1954.0,0.2950514876842499
Phenotype_B,fine,Phenotype_B_DDPM.pt,16325,8.3546571136131,1954.0,0.27515281856060025
Phenotype_B,fine,Phenotype_B_DDPM.pt,16350,8.367451381780961,1954.0,0.2852107137441635
Phenotype_B,fine,Phenotype_B_DDPM.pt,16375,8.380245649948822,1954.0,0.2848973119258881
Phenotype_B,fine,Phenotype_B_DDPM.pt,16400,8.393039918116683,1954.0,0.28226093292236326
Phenotype_B,fine,Phenotype_B_DDPM.pt,16425,8.405834186284544,1954.0,0.2673729878664017
Phenotype_B,fine,Phenotype_B_DDPM.pt,16450,8.418628454452405,1954.0,0.2798470038175583
Phenotype_B,fine,Phenotype_B_DDPM.pt,16475,8.431422722620265,1954.0,0.28039490938186645
Phenotype_B,fine,Phenotype_B_DDPM.pt,16500,8.444216990788126,1954.0,0.2717948257923126
Phenotype_B,fine,Phenotype_B_DDPM.pt,16525,8.457011258955987,1954.0,0.29351304411888124
Phenotype_B,fine,Phenotype_B_DDPM.pt,16550,8.469805527123848,1954.0,0.28328715860843656
Phenotype_B,fine,Phenotype_B_DDPM.pt,16575,8.482599795291708,1954.0,0.27512449502944947
Phenotype_B,fine,Phenotype_B_DDPM.pt,16600,8.49539406345957,1954.0,0.2715965765714645
Phenotype_B,fine,Phenotype_B_DDPM.pt,16625,8.50818833162743,1954.0,0.26119459748268126
Phenotype_B,fine,Phenotype_B_DDPM.pt,16650,8.52098259979529,1954.0,0.2672602999210358
Phenotype_B,fine,Phenotype_B_DDPM.pt,16675,8.533776867963153,1954.0,0.2845270490646362
Phenotype_B,fine,Phenotype_B_DDPM.pt,16700,8.546571136131014,1954.0,0.2814245563745499
Phenotype_B,fine,Phenotype_B_DDPM.pt,16725,8.559365404298875,1954.0,0.2869400656223297
Phenotype_B,fine,Phenotype_B_DDPM.pt,16750,8.572159672466736,1954.0,0.2833935070037842
Phenotype_B,fine,Phenotype_B_DDPM.pt,16775,8.584953940634596,1954.0,0.2723543006181717
Phenotype_B,fine,Phenotype_B_DDPM.pt,16800,8.597748208802457,1954.0,0.2921047556400299
Phenotype_B,fine,Phenotype_B_DDPM.pt,16825,8.610542476970318,1954.0,0.2796547329425812
Phenotype_B,fine,Phenotype_B_DDPM.pt,16850,8.623336745138179,1954.0,0.2989148545265198
Phenotype_B,fine,Phenotype_B_DDPM.pt,16875,8.63613101330604,1954.0,0.28042965292930605
Phenotype_B,fine,Phenotype_B_DDPM.pt,16900,8.6489252814739,1954.0,0.2653837472200394
Phenotype_B,fine,Phenotype_B_DDPM.pt,16925,8.661719549641761,1954.0,0.2678441721200943
Phenotype_B,fine,Phenotype_B_DDPM.pt,16950,8.674513817809622,1954.0,0.3035940605401993
Phenotype_B,fine,Phenotype_B_DDPM.pt,16975,8.687308085977483,1954.0,0.27600186109542846
Phenotype_B,fine,Phenotype_B_DDPM.pt,17000,8.700102354145343,1954.0,0.28424856305122376
Phenotype_B,fine,Phenotype_B_DDPM.pt,17025,8.712896622313204,1954.0,0.2795069921016693
Phenotype_B,fine,Phenotype_B_DDPM.pt,17050,8.725690890481065,1954.0,0.2769537079334259
Phenotype_B,fine,Phenotype_B_DDPM.pt,17075,8.738485158648926,1954.0,0.2873039448261261
Phenotype_B,fine,Phenotype_B_DDPM.pt,17100,8.751279426816787,1954.0,0.28137738645076754
Phenotype_B,fine,Phenotype_B_DDPM.pt,17125,8.764073694984647,1954.0,0.28669988811016084
Phenotype_B,fine,Phenotype_B_DDPM.pt,17150,8.776867963152508,1954.0,0.28525393664836884
Phenotype_B,fine,Phenotype_B_DDPM.pt,17175,8.789662231320369,1954.0,0.2913207072019577
Phenotype_B,fine,Phenotype_B_DDPM.pt,17200,8.80245649948823,1954.0,0.2637427794933319
Phenotype_B,fine,Phenotype_B_DDPM.pt,17225,8.81525076765609,1954.0,0.282112300992012
Phenotype_B,fine,Phenotype_B_DDPM.pt,17250,8.828045035823951,1954.0,0.28639845192432406
Phenotype_B,fine,Phenotype_B_DDPM.pt,17275,8.840839303991812,1954.0,0.27279931664466855
Phenotype_B,fine,Phenotype_B_DDPM.pt,17300,8.853633572159673,1954.0,0.29756692945957186
Phenotype_B,fine,Phenotype_B_DDPM.pt,17325,8.866427840327534,1954.0,0.27677162528038024
Phenotype_B,fine,Phenotype_B_DDPM.pt,17350,8.879222108495394,1954.0,0.2763520359992981
Phenotype_B,fine,Phenotype_B_DDPM.pt,17375,8.892016376663255,1954.0,0.2783524966239929
Phenotype_B,fine,Phenotype_B_DDPM.pt,17400,8.904810644831116,1954.0,0.28569799065589907
Phenotype_B,fine,Phenotype_B_DDPM.pt,17425,8.917604912998977,1954.0,0.2681254416704178
Phenotype_B,fine,Phenotype_B_DDPM.pt,17450,8.930399181166838,1954.0,0.28735179007053374
Phenotype_B,fine,Phenotype_B_DDPM.pt,17475,8.943193449334698,1954.0,0.29820686221122744
Phenotype_B,fine,Phenotype_B_DDPM.pt,17500,8.955987717502559,1954.0,0.2835438174009323
Phenotype_B,fine,Phenotype_B_DDPM.pt,17525,8.96878198567042,1954.0,0.2745542824268341
Phenotype_B,fine,Phenotype_B_DDPM.pt,17550,8.98157625383828,1954.0,0.280378240942955
Phenotype_B,fine,Phenotype_B_DDPM.pt,17575,8.994370522006141,1954.0,0.28249087870121004
Phenotype_B,fine,Phenotype_B_DDPM.pt,17600,9.007164790174002,1954.0,0.2902848196029663
Phenotype_B,fine,Phenotype_B_DDPM.pt,17625,9.019959058341863,1954.0,0.29048576414585114
Phenotype_B,fine,Phenotype_B_DDPM.pt,17650,9.032753326509724,1954.0,0.273005114197731
Phenotype_B,fine,Phenotype_B_DDPM.pt,17675,9.045547594677585,1954.0,0.2959452277421951
Phenotype_B,fine,Phenotype_B_DDPM.pt,17700,9.058341862845445,1954.0,0.27185885310173036
Phenotype_B,fine,Phenotype_B_DDPM.pt,17725,9.071136131013306,1954.0,0.30552754759788514
Phenotype_B,fine,Phenotype_B_DDPM.pt,17750,9.083930399181167,1954.0,0.2804247784614563
Phenotype_B,fine,Phenotype_B_DDPM.pt,17775,9.096724667349028,1954.0,0.2792375087738037
Phenotype_B,fine,Phenotype_B_DDPM.pt,17800,9.109518935516888,1954.0,0.2622790515422821
Phenotype_B,fine,Phenotype_B_DDPM.pt,17825,9.12231320368475,1954.0,0.28227285504341126
Phenotype_B,fine,Phenotype_B_DDPM.pt,17850,9.13510747185261,1954.0,0.2822785633802414
Phenotype_B,fine,Phenotype_B_DDPM.pt,17875,9.14790174002047,1954.0,0.2914728116989136
Phenotype_B,fine,Phenotype_B_DDPM.pt,17900,9.160696008188332,1954.0,0.2797520500421524
Phenotype_B,fine,Phenotype_B_DDPM.pt,17925,9.173490276356192,1954.0,0.28128762781620026
Phenotype_B,fine,Phenotype_B_DDPM.pt,17950,9.186284544524053,1954.0,0.28554321706295016
Phenotype_B,fine,Phenotype_B_DDPM.pt,17975,9.199078812691914,1954.0,0.2763087642192841
Phenotype_B,fine,Phenotype_B_DDPM.pt,18000,9.211873080859775,1954.0,0.27767474472522735
Phenotype_B,fine,Phenotype_B_DDPM.pt,18025,9.224667349027635,1954.0,0.2719760340452194
Phenotype_B,fine,Phenotype_B_DDPM.pt,18050,9.237461617195496,1954.0,0.27981009423732756
Phenotype_B,fine,Phenotype_B_DDPM.pt,18075,9.250255885363357,1954.0,0.26295433163642884
Phenotype_B,fine,Phenotype_B_DDPM.pt,18100,9.263050153531218,1954.0,0.3057345902919769
Phenotype_B,fine,Phenotype_B_DDPM.pt,18125,9.275844421699079,1954.0,0.2754749912023544
Phenotype_B,fine,Phenotype_B_DDPM.pt,18150,9.28863868986694,1954.0,0.2728514182567596
Phenotype_B,fine,Phenotype_B_DDPM.pt,18175,9.3014329580348,1954.0,0.2861578631401062
Phenotype_B,fine,Phenotype_B_DDPM.pt,18200,9.31422722620266,1954.0,0.2818903052806854
Phenotype_B,fine,Phenotype_B_DDPM.pt,18225,9.327021494370522,1954.0,0.27370665669441224
Phenotype_B,fine,Phenotype_B_DDPM.pt,18250,9.339815762538382,1954.0,0.2788622134923935
Phenotype_B,fine,Phenotype_B_DDPM.pt,18275,9.352610030706243,1954.0,0.2888036298751831
Phenotype_B,fine,Phenotype_B_DDPM.pt,18300,9.365404298874104,1954.0,0.28248520612716677
Phenotype_B,fine,Phenotype_B_DDPM.pt,18325,9.378198567041965,1954.0,0.29078896820545197
Phenotype_B,fine,Phenotype_B_DDPM.pt,18350,9.390992835209826,1954.0,0.27845774590969086
Phenotype_B,fine,Phenotype_B_DDPM.pt,18375,9.403787103377686,1954.0,0.2751349902153015
Phenotype_B,fine,Phenotype_B_DDPM.pt,18400,9.416581371545547,1954.0,0.27459115445613863
Phenotype_B,fine,Phenotype_B_DDPM.pt,18425,9.429375639713408,1954.0,0.2820454478263855
Phenotype_B,fine,Phenotype_B_DDPM.pt,18450,9.442169907881269,1954.0,0.28357395708560945
Phenotype_B,fine,Phenotype_B_DDPM.pt,18475,9.45496417604913,1954.0,0.28577881813049316
Phenotype_B,fine,Phenotype_B_DDPM.pt,18500,9.46775844421699,1954.0,0.27813445806503295
Phenotype_B,fine,Phenotype_B_DDPM.pt,18525,9.480552712384851,1954.0,0.2813878655433655
Phenotype_B,fine,Phenotype_B_DDPM.pt,18550,9.493346980552712,1954.0,0.27527604877948764
Phenotype_B,fine,Phenotype_B_DDPM.pt,18575,9.506141248720573,1954.0,0.30397560477256774
Phenotype_B,fine,Phenotype_B_DDPM.pt,18600,9.518935516888433,1954.0,0.27148209512233734
Phenotype_B,fine,Phenotype_B_DDPM.pt,18625,9.531729785056294,1954.0,0.26475822031497953
Phenotype_B,fine,Phenotype_B_DDPM.pt,18650,9.544524053224155,1954.0,0.2825117617845535
Phenotype_B,fine,Phenotype_B_DDPM.pt,18675,9.557318321392016,1954.0,0.2869207489490509
Phenotype_B,fine,Phenotype_B_DDPM.pt,18700,9.570112589559876,1954.0,0.2699383419752121
Phenotype_B,fine,Phenotype_B_DDPM.pt,18725,9.582906857727737,1954.0,0.27188447713851926
Phenotype_B,fine,Phenotype_B_DDPM.pt,18750,9.595701125895598,1954.0,0.2961368894577026
Phenotype_B,fine,Phenotype_B_DDPM.pt,18775,9.608495394063459,1954.0,0.2970049512386322
Phenotype_B,fine,Phenotype_B_DDPM.pt,18800,9.62128966223132,1954.0,0.28479793906211853
Phenotype_B,fine,Phenotype_B_DDPM.pt,18825,9.63408393039918,1954.0,0.28029466807842257
Phenotype_B,fine,Phenotype_B_DDPM.pt,18850,9.646878198567041,1954.0,0.2815583097934723
Phenotype_B,fine,Phenotype_B_DDPM.pt,18875,9.659672466734904,1954.0,0.28416368961334226
Phenotype_B,fine,Phenotype_B_DDPM.pt,18900,9.672466734902764,1954.0,0.2787863576412201
Phenotype_B,fine,Phenotype_B_DDPM.pt,18925,9.685261003070625,1954.0,0.28990213096141815
Phenotype_B,fine,Phenotype_B_DDPM.pt,18950,9.698055271238486,1954.0,0.2645309793949127
Phenotype_B,fine,Phenotype_B_DDPM.pt,18975,9.710849539406347,1954.0,0.29289063334465026
Phenotype_B,fine,Phenotype_B_DDPM.pt,19000,9.723643807574208,1954.0,0.27798233449459075
Phenotype_B,fine,Phenotype_B_DDPM.pt,19025,9.736438075742068,1954.0,0.2816239458322525
Phenotype_B,fine,Phenotype_B_DDPM.pt,19050,9.749232343909929,1954.0,0.30253633975982663
Phenotype_B,fine,Phenotype_B_DDPM.pt,19075,9.76202661207779,1954.0,0.28251708567142486
Phenotype_B,fine,Phenotype_B_DDPM.pt,19100,9.77482088024565,1954.0,0.286861851811409
Phenotype_B,fine,Phenotype_B_DDPM.pt,19125,9.787615148413511,1954.0,0.2728767436742783
Phenotype_B,fine,Phenotype_B_DDPM.pt,19150,9.800409416581372,1954.0,0.2852515119314194
Phenotype_B,fine,Phenotype_B_DDPM.pt,19175,9.813203684749233,1954.0,0.31228296637535097
Phenotype_B,fine,Phenotype_B_DDPM.pt,19200,9.825997952917094,1954.0,0.2718856525421143
Phenotype_B,fine,Phenotype_B_DDPM.pt,19225,9.838792221084955,1954.0,0.2592354243993759
Phenotype_B,fine,Phenotype_B_DDPM.pt,19250,9.851586489252815,1954.0,0.25080595672130584
Phenotype_B,fine,Phenotype_B_DDPM.pt,19275,9.864380757420676,1954.0,0.2747241246700287
Phenotype_B,fine,Phenotype_B_DDPM.pt,19300,9.877175025588537,1954.0,0.27743353724479675
Phenotype_B,fine,Phenotype_B_DDPM.pt,19325,9.889969293756398,1954.0,0.2859798526763916
Phenotype_B,fine,Phenotype_B_DDPM.pt,19350,9.902763561924258,1954.0,0.27889833629131316
Phenotype_B,fine,Phenotype_B_DDPM.pt,19375,9.91555783009212,1954.0,0.28965122520923614
Phenotype_B,fine,Phenotype_B_DDPM.pt,19400,9.92835209825998,1954.0,0.29038712084293367
Phenotype_B,fine,Phenotype_B_DDPM.pt,19425,9.94114636642784,1954.0,0.2809437227249145
Phenotype_B,fine,Phenotype_B_DDPM.pt,19450,9.953940634595702,1954.0,0.2786905813217163
Phenotype_B,fine,Phenotype_B_DDPM.pt,19475,9.966734902763562,1954.0,0.28331415593624115
Phenotype_B,fine,Phenotype_B_DDPM.pt,19500,9.979529170931423,1954.0,0.2725974935293198
Phenotype_B,fine,Phenotype_B_DDPM.pt,19525,9.992323439099284,1954.0,0.2799742430448532
Phenotype_B,fine,Phenotype_B_DDPM.pt,19550,10.005117707267145,1954.0,0.280294429063797
Phenotype_B,fine,Phenotype_B_DDPM.pt,19575,10.017911975435005,1954.0,0.2892697268724442
Phenotype_B,fine,Phenotype_B_DDPM.pt,19600,10.030706243602866,1954.0,0.26590861320495607
Phenotype_B,fine,Phenotype_B_DDPM.pt,19625,10.043500511770727,1954.0,0.29621126055717467
Phenotype_B,fine,Phenotype_B_DDPM.pt,19650,10.056294779938588,1954.0,0.2666256332397461
Phenotype_B,fine,Phenotype_B_DDPM.pt,19675,10.069089048106449,1954.0,0.26611074328422546
Phenotype_B,fine,Phenotype_B_DDPM.pt,19700,10.08188331627431,1954.0,0.28458369612693785
Phenotype_B,fine,Phenotype_B_DDPM.pt,19725,10.09467758444217,1954.0,0.2729297411441803
Phenotype_B,fine,Phenotype_B_DDPM.pt,19750,10.107471852610031,1954.0,0.27487235128879545
Phenotype_B,fine,Phenotype_B_DDPM.pt,19775,10.120266120777892,1954.0,0.27304842591285705
Phenotype_B,fine,Phenotype_B_DDPM.pt,19800,10.133060388945752,1954.0,0.2674659103155136
Phenotype_B,fine,Phenotype_B_DDPM.pt,19825,10.145854657113613,1954.0,0.26060532391071317
Phenotype_B,fine,Phenotype_B_DDPM.pt,19850,10.158648925281474,1954.0,0.2715300554037094
Phenotype_B,fine,Phenotype_B_DDPM.pt,19875,10.171443193449335,1954.0,0.2808503460884094
Phenotype_B,fine,Phenotype_B_DDPM.pt,19900,10.184237461617196,1954.0,0.2733322334289551
Phenotype_B,fine,Phenotype_B_DDPM.pt,19925,10.197031729785056,1954.0,0.2958773577213287
Phenotype_B,fine,Phenotype_B_DDPM.pt,19950,10.209825997952917,1954.0,0.29246281445026395
Phenotype_B,fine,Phenotype_B_DDPM.pt,19975,10.222620266120778,1954.0,0.282210003733635
Phenotype_B,fine,Phenotype_B_DDPM.pt,20000,10.235414534288639,1954.0,0.2825508087873459
Phenotype_B,fine,Phenotype_B_DDPM.pt,20025,10.2482088024565,1954.0,0.29541256844997404
Phenotype_B,fine,Phenotype_B_DDPM.pt,20050,10.26100307062436,1954.0,0.29633353412151336
Phenotype_B,fine,Phenotype_B_DDPM.pt,20075,10.273797338792221,1954.0,0.27280117154121397
Phenotype_B,fine,Phenotype_B_DDPM.pt,20100,10.286591606960082,1954.0,0.2821434098482132
Phenotype_B,fine,Phenotype_B_DDPM.pt,20125,10.299385875127943,1954.0,0.28364167988300326
Phenotype_B,fine,Phenotype_B_DDPM.pt,20150,10.312180143295803,1954.0,0.27704633355140684
Phenotype_B,fine,Phenotype_B_DDPM.pt,20175,10.324974411463664,1954.0,0.2903500235080719
Phenotype_B,fine,Phenotype_B_DDPM.pt,20200,10.337768679631525,1954.0,0.29058094680309293
Phenotype_B,fine,Phenotype_B_DDPM.pt,20225,10.350562947799386,1954.0,0.2777469664812088
Phenotype_B,fine,Phenotype_B_DDPM.pt,20250,10.363357215967246,1954.0,0.295541844367981
Phenotype_B,fine,Phenotype_B_DDPM.pt,20275,10.376151484135107,1954.0,0.25953656136989595
Phenotype_B,fine,Phenotype_B_DDPM.pt,20300,10.388945752302968,1954.0,0.2818832212686539
Phenotype_B,fine,Phenotype_B_DDPM.pt,20325,10.401740020470829,1954.0,0.2841288298368454
Phenotype_B,fine,Phenotype_B_DDPM.pt,20350,10.41453428863869,1954.0,0.2686171156167984
Phenotype_B,fine,Phenotype_B_DDPM.pt,20375,10.42732855680655,1954.0,0.27682991862297057
Phenotype_B,fine,Phenotype_B_DDPM.pt,20400,10.440122824974411,1954.0,0.27059165716171263
Phenotype_B,fine,Phenotype_B_DDPM.pt,20425,10.452917093142272,1954.0,0.2862341088056564
Phenotype_B,fine,Phenotype_B_DDPM.pt,20450,10.465711361310133,1954.0,0.277282834649086
Phenotype_B,fine,Phenotype_B_DDPM.pt,20475,10.478505629477993,1954.0,0.2840523982048035
Phenotype_B,fine,Phenotype_B_DDPM.pt,20500,10.491299897645854,1954.0,0.2879239493608475
Phenotype_B,fine,Phenotype_B_DDPM.pt,20525,10.504094165813715,1954.0,0.2859226447343826
Phenotype_B,fine,Phenotype_B_DDPM.pt,20550,10.516888433981576,1954.0,0.28801916897296903
Phenotype_B,fine,Phenotype_B_DDPM.pt,20575,10.529682702149437,1954.0,0.2857710999250412
Phenotype_B,fine,Phenotype_B_DDPM.pt,20600,10.542476970317297,1954.0,0.27275721192359925
Phenotype_B,fine,Phenotype_B_DDPM.pt,20625,10.555271238485158,1954.0,0.27745761632919314
Phenotype_B,fine,Phenotype_B_DDPM.pt,20650,10.568065506653019,1954.0,0.26707627296447756
Phenotype_B,fine,Phenotype_B_DDPM.pt,20675,10.58085977482088,1954.0,0.29119593858718873
Phenotype_B,fine,Phenotype_B_DDPM.pt,20700,10.59365404298874,1954.0,0.27186260998249057
Phenotype_B,fine,Phenotype_B_DDPM.pt,20725,10.606448311156601,1954.0,0.2992110925912857
Phenotype_B,fine,Phenotype_B_DDPM.pt,20750,10.619242579324462,1954.0,0.2979698383808136
Phenotype_B,fine,Phenotype_B_DDPM.pt,20775,10.632036847492323,1954.0,0.2658011341094971
Phenotype_B,fine,Phenotype_B_DDPM.pt,20800,10.644831115660184,1954.0,0.2702972185611725
Phenotype_B,fine,Phenotype_B_DDPM.pt,20825,10.657625383828044,1954.0,0.27838808834552764
Phenotype_B,fine,Phenotype_B_DDPM.pt,20850,10.670419651995905,1954.0,0.2887417060136795
Phenotype_B,fine,Phenotype_B_DDPM.pt,20875,10.683213920163766,1954.0,0.2897344464063644
Phenotype_B,fine,Phenotype_B_DDPM.pt,20900,10.696008188331627,1954.0,0.26096382200717927
Phenotype_B,fine,Phenotype_B_DDPM.pt,20925,10.708802456499487,1954.0,0.28322979748249055
Phenotype_B,fine,Phenotype_B_DDPM.pt,20950,10.721596724667348,1954.0,0.274050298333168
Phenotype_B,fine,Phenotype_B_DDPM.pt,20975,10.734390992835209,1954.0,0.2790191012620926
Phenotype_B,fine,Phenotype_B_DDPM.pt,21000,10.74718526100307,1954.0,0.279555447101593
Phenotype_B,fine,Phenotype_B_DDPM.pt,21025,10.75997952917093,1954.0,0.2766136366128922
Phenotype_B,fine,Phenotype_B_DDPM.pt,21050,10.772773797338791,1954.0,0.28048174917697904
Phenotype_B,fine,Phenotype_B_DDPM.pt,21075,10.785568065506652,1954.0,0.2713946110010147
Phenotype_B,fine,Phenotype_B_DDPM.pt,21100,10.798362333674515,1954.0,0.28489355742931366
Phenotype_B,fine,Phenotype_B_DDPM.pt,21125,10.811156601842375,1954.0,0.28752846240997315
Phenotype_B,fine,Phenotype_B_DDPM.pt,21150,10.823950870010236,1954.0,0.2856599462032318
Phenotype_B,fine,Phenotype_B_DDPM.pt,21175,10.836745138178097,1954.0,0.2825005465745926
Phenotype_B,fine,Phenotype_B_DDPM.pt,21200,10.849539406345958,1954.0,0.27092982590198517
Phenotype_B,fine,Phenotype_B_DDPM.pt,21225,10.862333674513819,1954.0,0.2910786801576614
Phenotype_B,fine,Phenotype_B_DDPM.pt,21250,10.87512794268168,1954.0,0.2866037380695343
Phenotype_B,fine,Phenotype_B_DDPM.pt,21275,10.88792221084954,1954.0,0.28339875996112823
Phenotype_B,fine,Phenotype_B_DDPM.pt,21300,10.900716479017401,1954.0,0.260288890004158
Phenotype_B,fine,Phenotype_B_DDPM.pt,21325,10.913510747185262,1954.0,0.2903749841451645
Phenotype_B,fine,Phenotype_B_DDPM.pt,21350,10.926305015353122,1954.0,0.28626727283000947
Phenotype_B,fine,Phenotype_B_DDPM.pt,21375,10.939099283520983,1954.0,0.26771887302398684
Phenotype_B,fine,Phenotype_B_DDPM.pt,21400,10.951893551688844,1954.0,0.28211785972118375
Phenotype_B,fine,Phenotype_B_DDPM.pt,21425,10.964687819856705,1954.0,0.2658949953317642
Phenotype_B,fine,Phenotype_B_DDPM.pt,21450,10.977482088024566,1954.0,0.27601385593414307
Phenotype_B,fine,Phenotype_B_DDPM.pt,21475,10.990276356192426,1954.0,0.2956655842065811
Phenotype_B,fine,Phenotype_B_DDPM.pt,21500,11.003070624360287,1954.0,0.2906394076347351
Phenotype_B,fine,Phenotype_B_DDPM.pt,21525,11.015864892528148,1954.0,0.2697552335262299
Phenotype_B,fine,Phenotype_B_DDPM.pt,21550,11.028659160696009,1954.0,0.2699532467126846
Phenotype_B,fine,Phenotype_B_DDPM.pt,21575,11.04145342886387,1954.0,0.26910165667533875
Phenotype_B,fine,Phenotype_B_DDPM.pt,21600,11.05424769703173,1954.0,0.2621294325590134
Phenotype_B,fine,Phenotype_B_DDPM.pt,21625,11.067041965199591,1954.0,0.2649243813753128
Phenotype_B,fine,Phenotype_B_DDPM.pt,21650,11.079836233367452,1954.0,0.28540598928928373
Phenotype_B,fine,Phenotype_B_DDPM.pt,21675,11.092630501535313,1954.0,0.29000970363616946
Phenotype_B,fine,Phenotype_B_DDPM.pt,21700,11.105424769703173,1954.0,0.2671480911970139
Phenotype_B,fine,Phenotype_B_DDPM.pt,21725,11.118219037871034,1954.0,0.27489962756633757
Phenotype_B,fine,Phenotype_B_DDPM.pt,21750,11.131013306038895,1954.0,0.28922161817550657
Phenotype_B,fine,Phenotype_B_DDPM.pt,21775,11.143807574206756,1954.0,0.29842050015926364
Phenotype_B,fine,Phenotype_B_DDPM.pt,21800,11.156601842374616,1954.0,0.29936633706092836
Phenotype_B,fine,Phenotype_B_DDPM.pt,21825,11.169396110542477,1954.0,0.2796518689393997
Phenotype_B,fine,Phenotype_B_DDPM.pt,21850,11.182190378710338,1954.0,0.305848154425621
Phenotype_B,fine,Phenotype_B_DDPM.pt,21875,11.194984646878199,1954.0,0.2943712586164475
Phenotype_B,fine,Phenotype_B_DDPM.pt,21900,11.20777891504606,1954.0,0.2548808217048645
Phenotype_B,fine,Phenotype_B_DDPM.pt,21925,11.22057318321392,1954.0,0.26668077528476714
Phenotype_B,fine,Phenotype_B_DDPM.pt,21950,11.233367451381781,1954.0,0.2744513404369354
Phenotype_B,fine,Phenotype_B_DDPM.pt,21975,11.246161719549642,1954.0,0.2756513392925262
Phenotype_B,fine,Phenotype_B_DDPM.pt,22000,11.258955987717503,1954.0,0.28872973918914796
Phenotype_B,fine,Phenotype_B_DDPM.pt,22025,11.271750255885364,1954.0,0.282486258149147
Phenotype_B,fine,Phenotype_B_DDPM.pt,22050,11.284544524053224,1954.0,0.2971292269229889
Phenotype_B,fine,Phenotype_B_DDPM.pt,22075,11.297338792221085,1954.0,0.2734042525291443
Phenotype_B,fine,Phenotype_B_DDPM.pt,22100,11.310133060388946,1954.0,0.2749215203523636
Phenotype_B,fine,Phenotype_B_DDPM.pt,22125,11.322927328556807,1954.0,0.25501156330108643
Phenotype_B,fine,Phenotype_B_DDPM.pt,22150,11.335721596724667,1954.0,0.2735828846693039
Phenotype_B,fine,Phenotype_B_DDPM.pt,22175,11.348515864892528,1954.0,0.284584766626358
Phenotype_B,fine,Phenotype_B_DDPM.pt,22200,11.361310133060389,1954.0,0.27055101573467255
Phenotype_B,fine,Phenotype_B_DDPM.pt,22225,11.37410440122825,1954.0,0.27506711781024934
Phenotype_B,fine,Phenotype_B_DDPM.pt,22250,11.38689866939611,1954.0,0.2857410401105881
Phenotype_B,fine,Phenotype_B_DDPM.pt,22275,11.399692937563971,1954.0,0.2724361515045166
Phenotype_B,fine,Phenotype_B_DDPM.pt,22300,11.412487205731832,1954.0,0.28585359036922453
Phenotype_B,fine,Phenotype_B_DDPM.pt,22325,11.425281473899693,1954.0,0.2958016383647919
Phenotype_B,fine,Phenotype_B_DDPM.pt,22350,11.438075742067554,1954.0,0.2801090854406357
Phenotype_B,fine,Phenotype_B_DDPM.pt,22375,11.450870010235414,1954.0,0.3071970748901367
Phenotype_B,fine,Phenotype_B_DDPM.pt,22400,11.463664278403275,1954.0,0.28697719156742096
Phenotype_B,fine,Phenotype_B_DDPM.pt,22425,11.476458546571136,1954.0,0.27914204001426696
Phenotype_B,fine,Phenotype_B_DDPM.pt,22450,11.489252814738997,1954.0,0.27859299421310424
Phenotype_B,fine,Phenotype_B_DDPM.pt,22475,11.502047082906858,1954.0,0.2897170668840408
Phenotype_B,fine,Phenotype_B_DDPM.pt,22500,11.514841351074718,1954.0,0.2814578694105148
Phenotype_B,fine,Phenotype_B_DDPM.pt,22525,11.527635619242579,1954.0,0.29430920600891114
Phenotype_B,fine,Phenotype_B_DDPM.pt,22550,11.54042988741044,1954.0,0.2805115985870361
Phenotype_B,fine,Phenotype_B_DDPM.pt,22575,11.5532241555783,1954.0,0.2639610719680786
Phenotype_B,fine,Phenotype_B_DDPM.pt,22600,11.566018423746161,1954.0,0.27778647184371946
Phenotype_B,fine,Phenotype_B_DDPM.pt,22625,11.578812691914022,1954.0,0.2792771100997925
Phenotype_B,fine,Phenotype_B_DDPM.pt,22650,11.591606960081883,1954.0,0.2763774001598358
Phenotype_B,fine,Phenotype_B_DDPM.pt,22675,11.604401228249744,1954.0,0.2804746162891388
Phenotype_B,fine,Phenotype_B_DDPM.pt,22700,11.617195496417605,1954.0,0.28110471725463865
Phenotype_B,fine,Phenotype_B_DDPM.pt,22725,11.629989764585465,1954.0,0.29443524658679965
Phenotype_B,fine,Phenotype_B_DDPM.pt,22750,11.642784032753326,1954.0,0.2796837294101715
Phenotype_B,fine,Phenotype_B_DDPM.pt,22775,11.655578300921187,1954.0,0.28729990899562835
Phenotype_B,fine,Phenotype_B_DDPM.pt,22800,11.668372569089048,1954.0,0.2787055230140686
Phenotype_B,fine,Phenotype_B_DDPM.pt,22825,11.681166837256908,1954.0,0.27369304835796354
Phenotype_B,fine,Phenotype_B_DDPM.pt,22850,11.69396110542477,1954.0,0.28058670222759247
Phenotype_B,fine,Phenotype_B_DDPM.pt,22875,11.70675537359263,1954.0,0.2653768938779831
Phenotype_B,fine,Phenotype_B_DDPM.pt,22900,11.71954964176049,1954.0,0.3008236736059189
Phenotype_B,fine,Phenotype_B_DDPM.pt,22925,11.732343909928352,1954.0,0.2836918252706528
Phenotype_B,fine,Phenotype_B_DDPM.pt,22950,11.745138178096212,1954.0,0.2717500197887421
Phenotype_B,fine,Phenotype_B_DDPM.pt,22975,11.757932446264073,1954.0,0.28355329811573027
Phenotype_B,fine,Phenotype_B_DDPM.pt,23000,11.770726714431934,1954.0,0.2791310334205627
Phenotype_B,fine,Phenotype_B_DDPM.pt,23025,11.783520982599795,1954.0,0.26540534138679506
Phenotype_B,fine,Phenotype_B_DDPM.pt,23050,11.796315250767655,1954.0,0.2805607706308365
Phenotype_B,fine,Phenotype_B_DDPM.pt,23075,11.809109518935516,1954.0,0.2837174528837204
Phenotype_B,fine,Phenotype_B_DDPM.pt,23100,11.821903787103377,1954.0,0.25459760189056396
Phenotype_B,fine,Phenotype_B_DDPM.pt,23125,11.834698055271238,1954.0,0.2911810576915741
Phenotype_B,fine,Phenotype_B_DDPM.pt,23150,11.847492323439099,1954.0,0.2854064959287643
Phenotype_B,fine,Phenotype_B_DDPM.pt,23175,11.86028659160696,1954.0,0.30467359721660614
Phenotype_B,fine,Phenotype_B_DDPM.pt,23200,11.87308085977482,1954.0,0.26383294582366945
Phenotype_B,fine,Phenotype_B_DDPM.pt,23225,11.88587512794268,1954.0,0.2768166953325272
Phenotype_B,fine,Phenotype_B_DDPM.pt,23250,11.898669396110542,1954.0,0.27591083765029906
Phenotype_B,fine,Phenotype_B_DDPM.pt,23275,11.911463664278402,1954.0,0.286429785490036
Phenotype_B,fine,Phenotype_B_DDPM.pt,23300,11.924257932446263,1954.0,0.26452512919902804
Phenotype_B,fine,Phenotype_B_DDPM.pt,23325,11.937052200614126,1954.0,0.29139153838157655
Phenotype_B,fine,Phenotype_B_DDPM.pt,23350,11.949846468781987,1954.0,0.2703860884904861
Phenotype_B,fine,Phenotype_B_DDPM.pt,23375,11.962640736949847,1954.0,0.2796261990070343
Phenotype_B,fine,Phenotype_B_DDPM.pt,23400,11.975435005117708,1954.0,0.2919394063949585
Phenotype_B,fine,Phenotype_B_DDPM.pt,23425,11.988229273285569,1954.0,0.27928547620773314
Phenotype_B,fine,Phenotype_B_DDPM.pt,23450,12.00102354145343,1954.0,0.26740787625312806
Phenotype_B,fine,Phenotype_B_DDPM.pt,23475,12.01381780962129,1954.0,0.2831232535839081
Phenotype_B,fine,Phenotype_B_DDPM.pt,23500,12.026612077789151,1954.0,0.27173098862171174
Phenotype_B,fine,Phenotype_B_DDPM.pt,23525,12.039406345957012,1954.0,0.30452786028385165
Phenotype_B,fine,Phenotype_B_DDPM.pt,23550,12.052200614124873,1954.0,0.2948527431488037
Phenotype_B,fine,Phenotype_B_DDPM.pt,23575,12.064994882292734,1954.0,0.2705424576997757
Phenotype_B,fine,Phenotype_B_DDPM.pt,23600,12.077789150460594,1954.0,0.2919807082414627
Phenotype_B,fine,Phenotype_B_DDPM.pt,23625,12.090583418628455,1954.0,0.28986836910247804
Phenotype_B,fine,Phenotype_B_DDPM.pt,23650,12.103377686796316,1954.0,0.2973888385295868
Phenotype_B,fine,Phenotype_B_DDPM.pt,23675,12.116171954964177,1954.0,0.26606053948402403
Phenotype_B,fine,Phenotype_B_DDPM.pt,23700,12.128966223132037,1954.0,0.2876905089616775
Phenotype_B,fine,Phenotype_B_DDPM.pt,23725,12.141760491299898,1954.0,0.2756365871429443
Phenotype_B,fine,Phenotype_B_DDPM.pt,23750,12.154554759467759,1954.0,0.25862826108932496
Phenotype_B,fine,Phenotype_B_DDPM.pt,23775,12.16734902763562,1954.0,0.25451033532619477
Phenotype_B,fine,Phenotype_B_DDPM.pt,23800,12.18014329580348,1954.0,0.29161949634552004
Phenotype_B,fine,Phenotype_B_DDPM.pt,23825,12.192937563971341,1954.0,0.28805686116218565
Phenotype_B,fine,Phenotype_B_DDPM.pt,23850,12.205731832139202,1954.0,0.2690921247005463
Phenotype_B,fine,Phenotype_B_DDPM.pt,23875,12.218526100307063,1954.0,0.26874116718769075
Phenotype_B,fine,Phenotype_B_DDPM.pt,23900,12.231320368474924,1954.0,0.2808497017621994
Phenotype_B,fine,Phenotype_B_DDPM.pt,23925,12.244114636642784,1954.0,0.2952753645181656
Phenotype_B,fine,Phenotype_B_DDPM.pt,23950,12.256908904810645,1954.0,0.2909203135967255
Phenotype_B,fine,Phenotype_B_DDPM.pt,23975,12.269703172978506,1954.0,0.2949492388963699
Phenotype_B,fine,Phenotype_B_DDPM.pt,24000,12.282497441146367,1954.0,0.2921083635091782
Phenotype_B,fine,Phenotype_B_DDPM.pt,24025,12.295291709314228,1954.0,0.2587751412391663
Phenotype_B,fine,Phenotype_B_DDPM.pt,24050,12.308085977482088,1954.0,0.2888610619306564
Phenotype_B,fine,Phenotype_B_DDPM.pt,24075,12.320880245649949,1954.0,0.2929799818992615
Phenotype_B,fine,Phenotype_B_DDPM.pt,24100,12.33367451381781,1954.0,0.2637066733837128
Phenotype_B,fine,Phenotype_B_DDPM.pt,24125,12.34646878198567,1954.0,0.2835820227861404
Phenotype_B,fine,Phenotype_B_DDPM.pt,24150,12.359263050153531,1954.0,0.28081360399723054
Phenotype_B,fine,Phenotype_B_DDPM.pt,24175,12.372057318321392,1954.0,0.2773415648937225
Phenotype_B,fine,Phenotype_B_DDPM.pt,24200,12.384851586489253,1954.0,0.2517781776189804
Phenotype_B,fine,Phenotype_B_DDPM.pt,24225,12.397645854657114,1954.0,0.2800071328878403
Phenotype_B,fine,Phenotype_B_DDPM.pt,24250,12.410440122824975,1954.0,0.291944215297699
Phenotype_B,fine,Phenotype_B_DDPM.pt,24275,12.423234390992835,1954.0,0.29330153465270997
Phenotype_B,fine,Phenotype_B_DDPM.pt,24300,12.436028659160696,1954.0,0.2727750551700592
Phenotype_B,fine,Phenotype_B_DDPM.pt,24325,12.448822927328557,1954.0,0.27395669639110565
Phenotype_B,fine,Phenotype_B_DDPM.pt,24350,12.461617195496418,1954.0,0.3062177324295044
Phenotype_B,fine,Phenotype_B_DDPM.pt,24375,12.474411463664278,1954.0,0.28615978360176086
Phenotype_B,fine,Phenotype_B_DDPM.pt,24400,12.48720573183214,1954.0,0.27954949140548707
Phenotype_B,fine,Phenotype_B_DDPM.pt,24425,12.5,1954.0,0.2791613578796387
Phenotype_B,fine,Phenotype_B_DDPM.pt,24450,12.51279426816786,1954.0,0.275873863697052
Phenotype_B,fine,Phenotype_B_DDPM.pt,24475,12.525588536335722,1954.0,0.2860146468877792
Phenotype_B,fine,Phenotype_B_DDPM.pt,24500,12.538382804503582,1954.0,0.28579813838005064
Phenotype_B,fine,Phenotype_B_DDPM.pt,24525,12.551177072671443,1954.0,0.2728068470954895
Phenotype_B,fine,Phenotype_B_DDPM.pt,24550,12.563971340839304,1954.0,0.2829152351617813
Phenotype_B,fine,Phenotype_B_DDPM.pt,24575,12.576765609007165,1954.0,0.280894336104393
Phenotype_B,fine,Phenotype_B_DDPM.pt,24600,12.589559877175025,1954.0,0.2842885559797287
Phenotype_B,fine,Phenotype_B_DDPM.pt,24625,12.602354145342886,1954.0,0.2914523309469223
Phenotype_B,fine,Phenotype_B_DDPM.pt,24650,12.615148413510747,1954.0,0.2777727270126343
Phenotype_B,fine,Phenotype_B_DDPM.pt,24675,12.627942681678608,1954.0,0.2876642423868179
Phenotype_B,fine,Phenotype_B_DDPM.pt,24700,12.640736949846469,1954.0,0.2876642107963562
Phenotype_B,fine,Phenotype_B_DDPM.pt,24725,12.65353121801433,1954.0,0.2982534909248352
Phenotype_B,fine,Phenotype_B_DDPM.pt,24750,12.66632548618219,1954.0,0.2797813040018082
Phenotype_B,fine,Phenotype_B_DDPM.pt,24775,12.679119754350051,1954.0,0.2857457172870636
Phenotype_B,fine,Phenotype_B_DDPM.pt,24800,12.691914022517912,1954.0,0.2855940192937851
Phenotype_B,fine,Phenotype_B_DDPM.pt,24825,12.704708290685772,1954.0,0.29791375815868376
Phenotype_B,fine,Phenotype_B_DDPM.pt,24850,12.717502558853633,1954.0,0.27507241547107697
Phenotype_B,fine,Phenotype_B_DDPM.pt,24875,12.730296827021494,1954.0,0.2846211379766464
Phenotype_B,fine,Phenotype_B_DDPM.pt,24900,12.743091095189355,1954.0,0.25557065844535826
Phenotype_B,fine,Phenotype_B_DDPM.pt,24925,12.755885363357216,1954.0,0.2756859070062637
Phenotype_B,fine,Phenotype_B_DDPM.pt,24950,12.768679631525076,1954.0,0.30010065853595735
Phenotype_B,fine,Phenotype_B_DDPM.pt,24975,12.781473899692937,1954.0,0.26278682947158816
Phenotype_B,fine,Phenotype_B_DDPM.pt,25000,12.794268167860798,1954.0,0.28887478590011595
Phenotype_B,fine,Phenotype_B_DDPM.pt,25025,12.807062436028659,1954.0,0.29315362334251405
Phenotype_B,fine,Phenotype_B_DDPM.pt,25050,12.81985670419652,1954.0,0.2742786026000977
Phenotype_B,fine,Phenotype_B_DDPM.pt,25075,12.83265097236438,1954.0,0.29333575248718263
Phenotype_B,fine,Phenotype_B_DDPM.pt,25100,12.845445240532241,1954.0,0.280968160033226
Phenotype_B,fine,Phenotype_B_DDPM.pt,25125,12.858239508700102,1954.0,0.271886972784996
Phenotype_B,fine,Phenotype_B_DDPM.pt,25150,12.871033776867963,1954.0,0.28963578045368193
Phenotype_B,fine,Phenotype_B_DDPM.pt,25175,12.883828045035823,1954.0,0.27216695189476015
Phenotype_B,fine,Phenotype_B_DDPM.pt,25200,12.896622313203684,1954.0,0.2898177206516266
Phenotype_B,fine,Phenotype_B_DDPM.pt,25225,12.909416581371545,1954.0,0.28282743096351626
Phenotype_B,fine,Phenotype_B_DDPM.pt,25250,12.922210849539406,1954.0,0.2694573503732681
Phenotype_B,fine,Phenotype_B_DDPM.pt,25275,12.935005117707266,1954.0,0.2786556339263916
Phenotype_B,fine,Phenotype_B_DDPM.pt,25300,12.947799385875127,1954.0,0.25200541973114016
Phenotype_B,fine,Phenotype_B_DDPM.pt,25325,12.960593654042988,1954.0,0.2641140639781952
Phenotype_B,fine,Phenotype_B_DDPM.pt,25350,12.973387922210849,1954.0,0.2701062971353531
Phenotype_B,fine,Phenotype_B_DDPM.pt,25375,12.98618219037871,1954.0,0.27612092435359953
Phenotype_B,fine,Phenotype_B_DDPM.pt,25400,12.99897645854657,1954.0,0.2707174015045166
Phenotype_B,fine,Phenotype_B_DDPM.pt,25425,13.011770726714431,1954.0,0.2943708997964859
Phenotype_B,fine,Phenotype_B_DDPM.pt,25450,13.024564994882292,1954.0,0.28053860008716586
Phenotype_B,fine,Phenotype_B_DDPM.pt,25475,13.037359263050153,1954.0,0.28174852073192597
Phenotype_B,fine,Phenotype_B_DDPM.pt,25500,13.050153531218013,1954.0,0.2705544990301132
Phenotype_B,fine,Phenotype_B_DDPM.pt,25525,13.062947799385874,1954.0,0.27422755062580106
Phenotype_B,fine,Phenotype_B_DDPM.pt,25550,13.075742067553737,1954.0,0.28272236526012423
Phenotype_B,fine,Phenotype_B_DDPM.pt,25575,13.088536335721598,1954.0,0.2710817837715149
Phenotype_B,fine,Phenotype_B_DDPM.pt,25600,13.101330603889458,1954.0,0.292501944899559
Phenotype_B,fine,Phenotype_B_DDPM.pt,25625,13.11412487205732,1954.0,0.27665582060813904
Phenotype_B,fine,Phenotype_B_DDPM.pt,25650,13.12691914022518,1954.0,0.27879212379455565
Phenotype_B,fine,Phenotype_B_DDPM.pt,25675,13.13971340839304,1954.0,0.28697669208049775
Phenotype_B,fine,Phenotype_B_DDPM.pt,25700,13.152507676560901,1954.0,0.2777673327922821
Phenotype_B,fine,Phenotype_B_DDPM.pt,25725,13.165301944728762,1954.0,0.2929076945781708
Phenotype_B,fine,Phenotype_B_DDPM.pt,25750,13.178096212896623,1954.0,0.28777445495128634
Phenotype_B,fine,Phenotype_B_DDPM.pt,25775,13.190890481064484,1954.0,0.2915033823251724
Phenotype_B,fine,Phenotype_B_DDPM.pt,25800,13.203684749232345,1954.0,0.2997316402196884
Phenotype_B,fine,Phenotype_B_DDPM.pt,25825,13.216479017400205,1954.0,0.27241078555583953
Phenotype_B,fine,Phenotype_B_DDPM.pt,25850,13.229273285568066,1954.0,0.276888290643692
Phenotype_B,fine,Phenotype_B_DDPM.pt,25875,13.242067553735927,1954.0,0.2586215478181839
Phenotype_B,fine,Phenotype_B_DDPM.pt,25900,13.254861821903788,1954.0,0.29589928150177003
Phenotype_B,fine,Phenotype_B_DDPM.pt,25925,13.267656090071648,1954.0,0.28475057721138003
Phenotype_B,fine,Phenotype_B_DDPM.pt,25950,13.28045035823951,1954.0,0.2824053621292114
Phenotype_B,fine,Phenotype_B_DDPM.pt,25975,13.29324462640737,1954.0,0.26538305640220644
Phenotype_B,fine,Phenotype_B_DDPM.pt,26000,13.30603889457523,1954.0,0.28601795077323916
Phenotype_B,fine,Phenotype_B_DDPM.pt,26025,13.318833162743092,1954.0,0.2848860764503479
Phenotype_B,fine,Phenotype_B_DDPM.pt,26050,13.331627430910952,1954.0,0.27742682337760927
Phenotype_B,fine,Phenotype_B_DDPM.pt,26075,13.344421699078813,1954.0,0.28817263901233675
Phenotype_B,fine,Phenotype_B_DDPM.pt,26100,13.357215967246674,1954.0,0.28034681022167207
Phenotype_B,fine,Phenotype_B_DDPM.pt,26125,13.370010235414535,1954.0,0.2769100469350815
Phenotype_B,fine,Phenotype_B_DDPM.pt,26150,13.382804503582395,1954.0,0.26625040590763094
Phenotype_B,fine,Phenotype_B_DDPM.pt,26175,13.395598771750256,1954.0,0.2837969779968262
Phenotype_B,fine,Phenotype_B_DDPM.pt,26200,13.408393039918117,1954.0,0.29148606896400453
Phenotype_B,fine,Phenotype_B_DDPM.pt,26225,13.421187308085978,1954.0,0.2977976453304291
Phenotype_B,fine,Phenotype_B_DDPM.pt,26250,13.433981576253839,1954.0,0.2844406574964523
Phenotype_B,fine,Phenotype_B_DDPM.pt,26275,13.4467758444217,1954.0,0.2765869814157486
Phenotype_B,fine,Phenotype_B_DDPM.pt,26300,13.45957011258956,1954.0,0.3127286207675934
Phenotype_B,fine,Phenotype_B_DDPM.pt,26325,13.472364380757421,1954.0,0.26360428512096407
Phenotype_B,fine,Phenotype_B_DDPM.pt,26350,13.485158648925282,1954.0,0.26447980165481566
Phenotype_B,fine,Phenotype_B_DDPM.pt,26375,13.497952917093142,1954.0,0.2826760286092758
Phenotype_B,fine,Phenotype_B_DDPM.pt,26400,13.510747185261003,1954.0,0.2682865631580353
Phenotype_B,fine,Phenotype_B_DDPM.pt,26425,13.523541453428864,1954.0,0.27668909549713133
Phenotype_B,fine,Phenotype_B_DDPM.pt,26450,13.536335721596725,1954.0,0.28761864006519317
Phenotype_B,fine,Phenotype_B_DDPM.pt,26475,13.549129989764586,1954.0,0.2679790210723877
Phenotype_B,fine,Phenotype_B_DDPM.pt,26500,13.561924257932446,1954.0,0.2853954792022705
Phenotype_B,fine,Phenotype_B_DDPM.pt,26525,13.574718526100307,1954.0,0.28064059615135195
Phenotype_B,fine,Phenotype_B_DDPM.pt,26550,13.587512794268168,1954.0,0.2815054816007614
Phenotype_B,fine,Phenotype_B_DDPM.pt,26575,13.600307062436029,1954.0,0.3049945104122162
Phenotype_B,fine,Phenotype_B_DDPM.pt,26600,13.61310133060389,1954.0,0.27533404767513275
Phenotype_B,fine,Phenotype_B_DDPM.pt,26625,13.62589559877175,1954.0,0.28071325600147246
Phenotype_B,fine,Phenotype_B_DDPM.pt,26650,13.638689866939611,1954.0,0.27856343030929565
Phenotype_B,fine,Phenotype_B_DDPM.pt,26675,13.651484135107472,1954.0,0.27758209228515623
Phenotype_B,fine,Phenotype_B_DDPM.pt,26700,13.664278403275333,1954.0,0.2985110783576965
Phenotype_B,fine,Phenotype_B_DDPM.pt,26725,13.677072671443193,1954.0,0.27954090893268585
Phenotype_B,fine,Phenotype_B_DDPM.pt,26750,13.689866939611054,1954.0,0.29073567152023316
Phenotype_B,fine,Phenotype_B_DDPM.pt,26775,13.702661207778915,1954.0,0.2778018146753311
Phenotype_B,fine,Phenotype_B_DDPM.pt,26800,13.715455475946776,1954.0,0.28693832755088805
Phenotype_B,fine,Phenotype_B_DDPM.pt,26825,13.728249744114636,1954.0,0.2804129892587662
Phenotype_B,fine,Phenotype_B_DDPM.pt,26850,13.741044012282497,1954.0,0.28875234246253967
Phenotype_B,fine,Phenotype_B_DDPM.pt,26875,13.753838280450358,1954.0,0.27901118755340576
Phenotype_B,fine,Phenotype_B_DDPM.pt,26900,13.766632548618219,1954.0,0.26272251904010774
Phenotype_B,fine,Phenotype_B_DDPM.pt,26925,13.77942681678608,1954.0,0.29357396125793456
Phenotype_B,fine,Phenotype_B_DDPM.pt,26950,13.79222108495394,1954.0,0.2676060479879379
Phenotype_B,fine,Phenotype_B_DDPM.pt,26975,13.805015353121801,1954.0,0.28477681875228883
Phenotype_B,fine,Phenotype_B_DDPM.pt,27000,13.817809621289662,1954.0,0.27257128834724426
Phenotype_B,fine,Phenotype_B_DDPM.pt,27025,13.830603889457523,1954.0,0.27340691089630126
Phenotype_B,fine,Phenotype_B_DDPM.pt,27050,13.843398157625384,1954.0,0.27866619646549223
Phenotype_B,fine,Phenotype_B_DDPM.pt,27075,13.856192425793244,1954.0,0.2770420897006989
Phenotype_B,fine,Phenotype_B_DDPM.pt,27100,13.868986693961105,1954.0,0.2911977642774582
Phenotype_B,fine,Phenotype_B_DDPM.pt,27125,13.881780962128966,1954.0,0.2977223414182663
Phenotype_B,fine,Phenotype_B_DDPM.pt,27150,13.894575230296827,1954.0,0.29550225019454956
Phenotype_B,fine,Phenotype_B_DDPM.pt,27175,13.907369498464687,1954.0,0.2790109401941299
Phenotype_B,fine,Phenotype_B_DDPM.pt,27200,13.920163766632548,1954.0,0.26644577383995055
Phenotype_B,fine,Phenotype_B_DDPM.pt,27225,13.932958034800409,1954.0,0.28963555216789244
Phenotype_B,fine,Phenotype_B_DDPM.pt,27250,13.94575230296827,1954.0,0.2670040196180344
Phenotype_B,fine,Phenotype_B_DDPM.pt,27275,13.95854657113613,1954.0,0.27450123310089114
Phenotype_B,fine,Phenotype_B_DDPM.pt,27300,13.971340839303991,1954.0,0.26497736513614656
Phenotype_B,fine,Phenotype_B_DDPM.pt,27325,13.984135107471852,1954.0,0.2769929361343384
Phenotype_B,fine,Phenotype_B_DDPM.pt,27350,13.996929375639713,1954.0,0.27486655712127683
Phenotype_B,fine,Phenotype_B_DDPM.pt,27375,14.009723643807574,1954.0,0.30764000535011293
Phenotype_B,fine,Phenotype_B_DDPM.pt,27400,14.022517911975434,1954.0,0.2759560602903366
Phenotype_B,fine,Phenotype_B_DDPM.pt,27425,14.035312180143295,1954.0,0.2741538816690445
Phenotype_B,fine,Phenotype_B_DDPM.pt,27450,14.048106448311156,1954.0,0.2919908750057221
Phenotype_B,fine,Phenotype_B_DDPM.pt,27475,14.060900716479017,1954.0,0.27974533081054687
Phenotype_B,fine,Phenotype_B_DDPM.pt,27500,14.073694984646878,1954.0,0.2692850917577744
Phenotype_B,fine,Phenotype_B_DDPM.pt,27525,14.086489252814738,1954.0,0.26485175669193267
Phenotype_B,fine,Phenotype_B_DDPM.pt,27550,14.099283520982599,1954.0,0.30678942918777463
Phenotype_B,fine,Phenotype_B_DDPM.pt,27575,14.11207778915046,1954.0,0.2839495766162872
Phenotype_B,fine,Phenotype_B_DDPM.pt,27600,14.12487205731832,1954.0,0.2841130518913269
Phenotype_B,fine,Phenotype_B_DDPM.pt,27625,14.137666325486181,1954.0,0.2848180574178696
Phenotype_B,fine,Phenotype_B_DDPM.pt,27650,14.150460593654042,1954.0,0.29643297374248506
Phenotype_B,fine,Phenotype_B_DDPM.pt,27675,14.163254861821903,1954.0,0.2814450830221176
Phenotype_B,fine,Phenotype_B_DDPM.pt,27700,14.176049129989764,1954.0,0.2790264022350311
Phenotype_B,fine,Phenotype_B_DDPM.pt,27725,14.188843398157625,1954.0,0.2693856942653656
Phenotype_B,fine,Phenotype_B_DDPM.pt,27750,14.201637666325485,1954.0,0.27822532057762145
Phenotype_B,fine,Phenotype_B_DDPM.pt,27775,14.214431934493348,1954.0,0.2758010959625244
Phenotype_B,fine,Phenotype_B_DDPM.pt,27800,14.227226202661209,1954.0,0.26400527894496917
Phenotype_B,fine,Phenotype_B_DDPM.pt,27825,14.24002047082907,1954.0,0.28029918372631074
Phenotype_B,fine,Phenotype_B_DDPM.pt,27850,14.25281473899693,1954.0,0.2890489953756332
Phenotype_B,fine,Phenotype_B_DDPM.pt,27875,14.265609007164791,1954.0,0.28758060693740845
Phenotype_B,fine,Phenotype_B_DDPM.pt,27900,14.278403275332652,1954.0,0.2799622297286987
Phenotype_B,fine,Phenotype_B_DDPM.pt,27925,14.291197543500513,1954.0,0.2759205448627472
Phenotype_B,fine,Phenotype_B_DDPM.pt,27950,14.303991811668373,1954.0,0.2914332127571106
Phenotype_B,fine,Phenotype_B_DDPM.pt,27975,14.316786079836234,1954.0,0.26847327888011935
Phenotype_B,fine,Phenotype_B_DDPM.pt,28000,14.329580348004095,1954.0,0.2847911888360977
Phenotype_B,fine,Phenotype_B_DDPM.pt,28025,14.342374616171956,1954.0,0.2793193072080612
Phenotype_B,fine,Phenotype_B_DDPM.pt,28050,14.355168884339816,1954.0,0.2826524215936661
Phenotype_B,fine,Phenotype_B_DDPM.pt,28075,14.367963152507677,1954.0,0.27043762028217316
Phenotype_B,fine,Phenotype_B_DDPM.pt,28100,14.380757420675538,1954.0,0.27209223449230197
Phenotype_B,fine,Phenotype_B_DDPM.pt,28125,14.393551688843399,1954.0,0.2754918223619461
Phenotype_B,fine,Phenotype_B_DDPM.pt,28150,14.40634595701126,1954.0,0.28128750264644625
Phenotype_B,fine,Phenotype_B_DDPM.pt,28175,14.41914022517912,1954.0,0.2921390771865845
Phenotype_B,fine,Phenotype_B_DDPM.pt,28200,14.431934493346981,1954.0,0.2956595987081528
Phenotype_B,fine,Phenotype_B_DDPM.pt,28225,14.444728761514842,1954.0,0.29236909449100495
Phenotype_B,fine,Phenotype_B_DDPM.pt,28250,14.457523029682703,1954.0,0.28304165303707124
Phenotype_B,fine,Phenotype_B_DDPM.pt,28275,14.470317297850563,1954.0,0.29046444296836854
Phenotype_B,fine,Phenotype_B_DDPM.pt,28300,14.483111566018424,1954.0,0.28467446446418765
Phenotype_B,fine,Phenotype_B_DDPM.pt,28325,14.495905834186285,1954.0,0.28941198825836184
Phenotype_B,fine,Phenotype_B_DDPM.pt,28350,14.508700102354146,1954.0,0.28713840663433077
Phenotype_B,fine,Phenotype_B_DDPM.pt,28375,14.521494370522007,1954.0,0.2903737169504166
Phenotype_B,fine,Phenotype_B_DDPM.pt,28400,14.534288638689867,1954.0,0.26901994943618773
Phenotype_B,fine,Phenotype_B_DDPM.pt,28425,14.547082906857728,1954.0,0.28796783804893494
Phenotype_B,fine,Phenotype_B_DDPM.pt,28450,14.559877175025589,1954.0,0.276633163690567
Phenotype_B,fine,Phenotype_B_DDPM.pt,28475,14.57267144319345,1954.0,0.2847887569665909
Phenotype_B,fine,Phenotype_B_DDPM.pt,28500,14.58546571136131,1954.0,0.28944368481636046
Phenotype_B,fine,Phenotype_B_DDPM.pt,28525,14.598259979529171,1954.0,0.3025446546077728
Phenotype_B,fine,Phenotype_B_DDPM.pt,28550,14.611054247697032,1954.0,0.27533418595790865
Phenotype_B,fine,Phenotype_B_DDPM.pt,28575,14.623848515864893,1954.0,0.2760287541151047
Phenotype_B,fine,Phenotype_B_DDPM.pt,28600,14.636642784032754,1954.0,0.26438770711421966
Phenotype_B,fine,Phenotype_B_DDPM.pt,28625,14.649437052200614,1954.0,0.27941211700439456
Phenotype_B,fine,Phenotype_B_DDPM.pt,28650,14.662231320368475,1954.0,0.28362231850624087
Phenotype_B,fine,Phenotype_B_DDPM.pt,28675,14.675025588536336,1954.0,0.2768502795696259
Phenotype_B,fine,Phenotype_B_DDPM.pt,28700,14.687819856704197,1954.0,0.2941838449239731
Phenotype_B,fine,Phenotype_B_DDPM.pt,28725,14.700614124872057,1954.0,0.2696330565214157
Phenotype_B,fine,Phenotype_B_DDPM.pt,28750,14.713408393039918,1954.0,0.26831120073795317
Phenotype_B,fine,Phenotype_B_DDPM.pt,28775,14.726202661207779,1954.0,0.2722805190086365
Phenotype_B,fine,Phenotype_B_DDPM.pt,28800,14.73899692937564,1954.0,0.2658333784341812
Phenotype_B,fine,Phenotype_B_DDPM.pt,28825,14.7517911975435,1954.0,0.26481465220451356
Phenotype_B,fine,Phenotype_B_DDPM.pt,28850,14.764585465711361,1954.0,0.2941726928949356
Phenotype_B,fine,Phenotype_B_DDPM.pt,28875,14.777379733879222,1954.0,0.3029187881946564
Phenotype_B,fine,Phenotype_B_DDPM.pt,28900,14.790174002047083,1954.0,0.30129382491111756
Phenotype_B,fine,Phenotype_B_DDPM.pt,28925,14.802968270214944,1954.0,0.2977307802438736
Phenotype_B,fine,Phenotype_B_DDPM.pt,28950,14.815762538382804,1954.0,0.28044886589050294
Phenotype_B,fine,Phenotype_B_DDPM.pt,28975,14.828556806550665,1954.0,0.27211903154850003
Phenotype_B,fine,Phenotype_B_DDPM.pt,29000,14.841351074718526,1954.0,0.2789973509311676
Phenotype_B,fine,Phenotype_B_DDPM.pt,29025,14.854145342886387,1954.0,0.270296568274498
Phenotype_B,fine,Phenotype_B_DDPM.pt,29050,14.866939611054248,1954.0,0.2814223939180374
Phenotype_B,fine,Phenotype_B_DDPM.pt,29075,14.879733879222108,1954.0,0.2703250133991241
Phenotype_B,fine,Phenotype_B_DDPM.pt,29100,14.892528147389969,1954.0,0.2763691520690918
Phenotype_B,fine,Phenotype_B_DDPM.pt,29125,14.90532241555783,1954.0,0.2725852662324905
Phenotype_B,fine,Phenotype_B_DDPM.pt,29150,14.91811668372569,1954.0,0.27067202985286715
Phenotype_B,fine,Phenotype_B_DDPM.pt,29175,14.930910951893551,1954.0,0.27745671808719635
Phenotype_B,fine,Phenotype_B_DDPM.pt,29200,14.943705220061412,1954.0,0.27594527482986453
Phenotype_B,fine,Phenotype_B_DDPM.pt,29225,14.956499488229273,1954.0,0.28669186353683473
Phenotype_B,fine,Phenotype_B_DDPM.pt,29250,14.969293756397134,1954.0,0.2724198704957962
Phenotype_B,fine,Phenotype_B_DDPM.pt,29275,14.982088024564995,1954.0,0.28100338399410246
Phenotype_B,fine,Phenotype_B_DDPM.pt,29300,14.994882292732855,1954.0,0.28226378560066223
Phenotype_B,fine,Phenotype_B_DDPM.pt,29325,15.007676560900716,1954.0,0.2803794455528259
Phenotype_B,fine,Phenotype_B_DDPM.pt,29350,15.020470829068577,1954.0,0.2795562797784805
Phenotype_B,fine,Phenotype_B_DDPM.pt,29375,15.033265097236438,1954.0,0.28552315950393675
Phenotype_B,fine,Phenotype_B_DDPM.pt,29400,15.046059365404298,1954.0,0.27411122143268585
Phenotype_B,fine,Phenotype_B_DDPM.pt,29425,15.05885363357216,1954.0,0.2805349498987198
Phenotype_B,fine,Phenotype_B_DDPM.pt,29450,15.07164790174002,1954.0,0.2821587651968002
Phenotype_B,fine,Phenotype_B_DDPM.pt,29475,15.08444216990788,1954.0,0.2840011602640152
Phenotype_B,fine,Phenotype_B_DDPM.pt,29500,15.097236438075742,1954.0,0.2829824161529541
Phenotype_B,fine,Phenotype_B_DDPM.pt,29525,15.110030706243602,1954.0,0.2881681329011917
Phenotype_B,fine,Phenotype_B_DDPM.pt,29550,15.122824974411463,1954.0,0.28158479869365693
Phenotype_B,fine,Phenotype_B_DDPM.pt,29575,15.135619242579324,1954.0,0.29096465051174164
Phenotype_B,fine,Phenotype_B_DDPM.pt,29600,15.148413510747185,1954.0,0.28523523271083834
Phenotype_B,fine,Phenotype_B_DDPM.pt,29625,15.161207778915045,1954.0,0.2630713939666748
Phenotype_B,fine,Phenotype_B_DDPM.pt,29650,15.174002047082906,1954.0,0.28820126116275785
Phenotype_B,fine,Phenotype_B_DDPM.pt,29675,15.186796315250767,1954.0,0.2969568568468094
Phenotype_B,fine,Phenotype_B_DDPM.pt,29700,15.199590583418628,1954.0,0.26966087639331815
Phenotype_B,fine,Phenotype_B_DDPM.pt,29725,15.212384851586489,1954.0,0.28218913555145264
Phenotype_B,fine,Phenotype_B_DDPM.pt,29750,15.22517911975435,1954.0,0.27566667199134826
Phenotype_B,fine,Phenotype_B_DDPM.pt,29775,15.23797338792221,1954.0,0.2721841585636139
Phenotype_B,fine,Phenotype_B_DDPM.pt,29800,15.250767656090071,1954.0,0.27508309841156003
Phenotype_B,fine,Phenotype_B_DDPM.pt,29825,15.263561924257932,1954.0,0.2812174028158188
Phenotype_B,fine,Phenotype_B_DDPM.pt,29850,15.276356192425792,1954.0,0.301537401676178
Phenotype_B,fine,Phenotype_B_DDPM.pt,29875,15.289150460593653,1954.0,0.27167677104473115
Phenotype_B,fine,Phenotype_B_DDPM.pt,29900,15.301944728761514,1954.0,0.2657648652791977
Phenotype_B,fine,Phenotype_B_DDPM.pt,29925,15.314738996929375,1954.0,0.2763537925481796
Phenotype_B,fine,Phenotype_B_DDPM.pt,29950,15.327533265097236,1954.0,0.2814831072092056
Phenotype_B,fine,Phenotype_B_DDPM.pt,29975,15.340327533265096,1954.0,0.2757856923341751
Phenotype_B,fine,Phenotype_B_DDPM.pt,30000,15.353121801432959,1954.0,0.2793564599752426
Phenotype_B,fine,Phenotype_B_DDPM.pt,30025,15.36591606960082,1954.0,0.26329723477363587
Phenotype_B,fine,Phenotype_B_DDPM.pt,30050,15.37871033776868,1954.0,0.2820294350385666
Phenotype_B,fine,Phenotype_B_DDPM.pt,30075,15.391504605936541,1954.0,0.26975506722927095
Phenotype_B,fine,Phenotype_B_DDPM.pt,30100,15.404298874104402,1954.0,0.2931027269363403
Phenotype_B,fine,Phenotype_B_DDPM.pt,30125,15.417093142272263,1954.0,0.2843122798204422
Phenotype_B,fine,Phenotype_B_DDPM.pt,30150,15.429887410440124,1954.0,0.27019768714904785
Phenotype_B,fine,Phenotype_B_DDPM.pt,30175,15.442681678607984,1954.0,0.2821174317598343
Phenotype_B,fine,Phenotype_B_DDPM.pt,30200,15.455475946775845,1954.0,0.28562248051166533
Phenotype_B,fine,Phenotype_B_DDPM.pt,30225,15.468270214943706,1954.0,0.2616168636083603
Phenotype_B,fine,Phenotype_B_DDPM.pt,30250,15.481064483111567,1954.0,0.28449584543704987
Phenotype_B,fine,Phenotype_B_DDPM.pt,30275,15.493858751279427,1954.0,0.2823520624637604
Phenotype_B,fine,Phenotype_B_DDPM.pt,30300,15.506653019447288,1954.0,0.2954357182979584
Phenotype_B,fine,Phenotype_B_DDPM.pt,30325,15.519447287615149,1954.0,0.2766373217105865
Phenotype_B,fine,Phenotype_B_DDPM.pt,30350,15.53224155578301,1954.0,0.295112389922142
Phenotype_B,fine,Phenotype_B_DDPM.pt,30375,15.54503582395087,1954.0,0.27753747344017027
Phenotype_B,fine,Phenotype_B_DDPM.pt,30400,15.557830092118731,1954.0,0.2910174036026001
Phenotype_B,fine,Phenotype_B_DDPM.pt,30425,15.570624360286592,1954.0,0.28671969413757326
Phenotype_B,fine,Phenotype_B_DDPM.pt,30450,15.583418628454453,1954.0,0.2714171439409256
Phenotype_B,fine,Phenotype_B_DDPM.pt,30475,15.596212896622314,1954.0,0.2932893550395966
Phenotype_B,fine,Phenotype_B_DDPM.pt,30500,15.609007164790174,1954.0,0.27229409575462343
Phenotype_B,fine,Phenotype_B_DDPM.pt,30525,15.621801432958035,1954.0,0.2824689310789108
Phenotype_B,fine,Phenotype_B_DDPM.pt,30550,15.634595701125896,1954.0,0.2828766280412674
Phenotype_B,fine,Phenotype_B_DDPM.pt,30575,15.647389969293757,1954.0,0.2721480232477188
Phenotype_B,fine,Phenotype_B_DDPM.pt,30600,15.660184237461618,1954.0,0.2834883666038513
Phenotype_B,fine,Phenotype_B_DDPM.pt,30625,15.672978505629478,1954.0,0.2652383643388748
Phenotype_B,fine,Phenotype_B_DDPM.pt,30650,15.68577277379734,1954.0,0.27434874773025514
Phenotype_B,fine,Phenotype_B_DDPM.pt,30675,15.6985670419652,1954.0,0.27860858201980593
Phenotype_B,fine,Phenotype_B_DDPM.pt,30700,15.71136131013306,1954.0,0.2814793032407761
Phenotype_B,fine,Phenotype_B_DDPM.pt,30725,15.724155578300921,1954.0,0.29551722526550295
Phenotype_B,fine,Phenotype_B_DDPM.pt,30750,15.736949846468782,1954.0,0.27518572270870206
Phenotype_B,fine,Phenotype_B_DDPM.pt,30775,15.749744114636643,1954.0,0.29627745449542997
Phenotype_B,fine,Phenotype_B_DDPM.pt,30800,15.762538382804504,1954.0,0.2759717780351639
Phenotype_B,fine,Phenotype_B_DDPM.pt,30825,15.775332650972365,1954.0,0.26975085139274596
Phenotype_B,fine,Phenotype_B_DDPM.pt,30850,15.788126919140225,1954.0,0.27973455607891085
Phenotype_B,fine,Phenotype_B_DDPM.pt,30875,15.800921187308086,1954.0,0.2990108382701874
Phenotype_B,fine,Phenotype_B_DDPM.pt,30900,15.813715455475947,1954.0,0.2783662021160126
Phenotype_B,fine,Phenotype_B_DDPM.pt,30925,15.826509723643808,1954.0,0.25996139109134675
Phenotype_B,fine,Phenotype_B_DDPM.pt,30950,15.839303991811668,1954.0,0.27987368166446686
Phenotype_B,fine,Phenotype_B_DDPM.pt,30975,15.85209825997953,1954.0,0.2804613333940506
Phenotype_B,fine,Phenotype_B_DDPM.pt,31000,15.86489252814739,1954.0,0.2946197032928467
Phenotype_B,fine,Phenotype_B_DDPM.pt,31025,15.87768679631525,1954.0,0.27470959186553956
Phenotype_B,fine,Phenotype_B_DDPM.pt,31050,15.890481064483112,1954.0,0.28062448382377625
Phenotype_B,fine,Phenotype_B_DDPM.pt,31075,15.903275332650972,1954.0,0.2786568146944046
Phenotype_B,fine,Phenotype_B_DDPM.pt,31100,15.916069600818833,1954.0,0.26893248796463015
Phenotype_B,fine,Phenotype_B_DDPM.pt,31125,15.928863868986694,1954.0,0.2643971312046051
Phenotype_B,fine,Phenotype_B_DDPM.pt,31150,15.941658137154555,1954.0,0.28032669842243196
Phenotype_B,fine,Phenotype_B_DDPM.pt,31175,15.954452405322415,1954.0,0.2626699793338776
Phenotype_B,fine,Phenotype_B_DDPM.pt,31200,15.967246673490276,1954.0,0.26969843804836274
Phenotype_B,fine,Phenotype_B_DDPM.pt,31225,15.980040941658137,1954.0,0.29367053508758545
Phenotype_B,fine,Phenotype_B_DDPM.pt,31250,15.992835209825998,1954.0,0.28807258486747744
Phenotype_B,fine,Phenotype_B_DDPM.pt,31275,16.00562947799386,1954.0,0.2929180026054382
Phenotype_B,fine,Phenotype_B_DDPM.pt,31300,16.01842374616172,1954.0,0.2899319070577622
Phenotype_B,fine,Phenotype_B_DDPM.pt,31325,16.031218014329582,1954.0,0.26698740720748904
Phenotype_B,fine,Phenotype_B_DDPM.pt,31350,16.04401228249744,1954.0,0.27912920534610747
Phenotype_B,fine,Phenotype_B_DDPM.pt,31375,16.056806550665303,1954.0,0.2790398991107941
Phenotype_B,fine,Phenotype_B_DDPM.pt,31400,16.069600818833162,1954.0,0.2676289230585098
Phenotype_B,fine,Phenotype_B_DDPM.pt,31425,16.082395087001025,1954.0,0.2717231297492981
Phenotype_B,fine,Phenotype_B_DDPM.pt,31450,16.095189355168884,1954.0,0.2849865937232971
Phenotype_B,fine,Phenotype_B_DDPM.pt,31475,16.107983623336747,1954.0,0.2957987016439438
Phenotype_B,fine,Phenotype_B_DDPM.pt,31500,16.120777891504606,1954.0,0.2700971734523773
Phenotype_B,fine,Phenotype_B_DDPM.pt,31525,16.133572159672468,1954.0,0.2897507005929947
Phenotype_B,fine,Phenotype_B_DDPM.pt,31550,16.146366427840327,1954.0,0.2737652575969696
Phenotype_B,fine,Phenotype_B_DDPM.pt,31575,16.15916069600819,1954.0,0.2914673066139221
Phenotype_B,fine,Phenotype_B_DDPM.pt,31600,16.17195496417605,1954.0,0.26584624707698823
Phenotype_B,fine,Phenotype_B_DDPM.pt,31625,16.18474923234391,1954.0,0.2875676017999649
Phenotype_B,fine,Phenotype_B_DDPM.pt,31650,16.19754350051177,1954.0,0.2805448913574219
Phenotype_B,fine,Phenotype_B_DDPM.pt,31675,16.210337768679633,1954.0,0.27693084299564363
Phenotype_B,fine,Phenotype_B_DDPM.pt,31700,16.223132036847492,1954.0,0.2840534240007401
Phenotype_B,fine,Phenotype_B_DDPM.pt,31725,16.235926305015354,1954.0,0.2663001412153244
Phenotype_B,fine,Phenotype_B_DDPM.pt,31750,16.248720573183213,1954.0,0.27713126957416534
Phenotype_B,fine,Phenotype_B_DDPM.pt,31775,16.261514841351076,1954.0,0.2918597447872162
Phenotype_B,fine,Phenotype_B_DDPM.pt,31800,16.274309109518935,1954.0,0.27238466441631315
Phenotype_B,fine,Phenotype_B_DDPM.pt,31825,16.287103377686798,1954.0,0.274025097489357
Phenotype_B,fine,Phenotype_B_DDPM.pt,31850,16.299897645854657,1954.0,0.2797595518827438
Phenotype_B,fine,Phenotype_B_DDPM.pt,31875,16.31269191402252,1954.0,0.2925685828924179
Phenotype_B,fine,Phenotype_B_DDPM.pt,31900,16.325486182190378,1954.0,0.27598497569561004
Phenotype_B,fine,Phenotype_B_DDPM.pt,31925,16.33828045035824,1954.0,0.2787080192565918
Phenotype_B,fine,Phenotype_B_DDPM.pt,31950,16.3510747185261,1954.0,0.2801115304231644
Phenotype_B,fine,Phenotype_B_DDPM.pt,31975,16.363868986693962,1954.0,0.2792321336269379
Phenotype_B,fine,Phenotype_B_DDPM.pt,32000,16.37666325486182,1954.0,0.29452255487442014
Phenotype_B,fine,Phenotype_B_DDPM.pt,32025,16.389457523029684,1954.0,0.28589855432510375
Phenotype_B,fine,Phenotype_B_DDPM.pt,32050,16.402251791197543,1954.0,0.27447787165641785
Phenotype_B,fine,Phenotype_B_DDPM.pt,32075,16.415046059365405,1954.0,0.2523406034708023
Phenotype_B,fine,Phenotype_B_DDPM.pt,32100,16.427840327533264,1954.0,0.2747191911935806
Phenotype_B,fine,Phenotype_B_DDPM.pt,32125,16.440634595701127,1954.0,0.283099382519722
Phenotype_B,fine,Phenotype_B_DDPM.pt,32150,16.453428863868986,1954.0,0.2861215829849243
Phenotype_B,fine,Phenotype_B_DDPM.pt,32175,16.46622313203685,1954.0,0.2874505132436752
Phenotype_B,fine,Phenotype_B_DDPM.pt,32200,16.479017400204707,1954.0,0.2845883929729462
Phenotype_B,fine,Phenotype_B_DDPM.pt,32225,16.49181166837257,1954.0,0.2897545129060745
Phenotype_B,fine,Phenotype_B_DDPM.pt,32250,16.50460593654043,1954.0,0.29244852483272554
Phenotype_B,fine,Phenotype_B_DDPM.pt,32275,16.51740020470829,1954.0,0.2885377472639084
Phenotype_B,fine,Phenotype_B_DDPM.pt,32300,16.53019447287615,1954.0,0.28113224148750304
Phenotype_B,fine,Phenotype_B_DDPM.pt,32325,16.542988741044013,1954.0,0.27640456318855283
Phenotype_B,fine,Phenotype_B_DDPM.pt,32350,16.555783009211872,1954.0,0.286929207444191
Phenotype_B,fine,Phenotype_B_DDPM.pt,32375,16.568577277379735,1954.0,0.2684557291865349
Phenotype_B,fine,Phenotype_B_DDPM.pt,32400,16.581371545547594,1954.0,0.30047172486782076
Phenotype_B,fine,Phenotype_B_DDPM.pt,32425,16.594165813715456,1954.0,0.2809641480445862
Phenotype_B,fine,Phenotype_B_DDPM.pt,32450,16.606960081883315,1954.0,0.2719752824306488
Phenotype_B,fine,Phenotype_B_DDPM.pt,32475,16.619754350051178,1954.0,0.29178725719451903
Phenotype_B,fine,Phenotype_B_DDPM.pt,32500,16.632548618219037,1954.0,0.25213320076465606
Phenotype_B,fine,Phenotype_B_DDPM.pt,32525,16.6453428863869,1954.0,0.2827548432350159
Phenotype_B,fine,Phenotype_B_DDPM.pt,32550,16.65813715455476,1954.0,0.28254168629646303
Phenotype_B,fine,Phenotype_B_DDPM.pt,32575,16.67093142272262,1954.0,0.27961495637893674
Phenotype_B,fine,Phenotype_B_DDPM.pt,32600,16.68372569089048,1954.0,0.2966361737251282
Phenotype_B,fine,Phenotype_B_DDPM.pt,32625,16.696519959058342,1954.0,0.3007968074083328
Phenotype_B,fine,Phenotype_B_DDPM.pt,32650,16.7093142272262,1954.0,0.26783082842826844
Phenotype_B,fine,Phenotype_B_DDPM.pt,32675,16.722108495394064,1954.0,0.27688885390758516
Phenotype_B,fine,Phenotype_B_DDPM.pt,32700,16.734902763561923,1954.0,0.27357213795185087
Phenotype_B,fine,Phenotype_B_DDPM.pt,32725,16.747697031729786,1954.0,0.2801802915334701
Phenotype_B,fine,Phenotype_B_DDPM.pt,32750,16.760491299897645,1954.0,0.27928163945674894
Phenotype_B,fine,Phenotype_B_DDPM.pt,32775,16.773285568065507,1954.0,0.27825190782547
Phenotype_B,fine,Phenotype_B_DDPM.pt,32800,16.786079836233366,1954.0,0.2741186946630478
Phenotype_B,fine,Phenotype_B_DDPM.pt,32825,16.79887410440123,1954.0,0.28207591474056243
Phenotype_B,fine,Phenotype_B_DDPM.pt,32850,16.811668372569088,1954.0,0.2822644478082657
Phenotype_B,fine,Phenotype_B_DDPM.pt,32875,16.82446264073695,1954.0,0.26596874475479126
Phenotype_B,fine,Phenotype_B_DDPM.pt,32900,16.83725690890481,1954.0,0.27613157153129575
Phenotype_B,fine,Phenotype_B_DDPM.pt,32925,16.85005117707267,1954.0,0.2975976765155792
Phenotype_B,fine,Phenotype_B_DDPM.pt,32950,16.86284544524053,1954.0,0.3139048993587494
Phenotype_B,fine,Phenotype_B_DDPM.pt,32975,16.875639713408393,1954.0,0.28664046645164487
Phenotype_B,fine,Phenotype_B_DDPM.pt,33000,16.888433981576252,1954.0,0.2739472705125809
Phenotype_B,fine,Phenotype_B_DDPM.pt,33025,16.901228249744115,1954.0,0.2651130187511444
Phenotype_B,fine,Phenotype_B_DDPM.pt,33050,16.914022517911974,1954.0,0.27994894087314603
Phenotype_B,fine,Phenotype_B_DDPM.pt,33075,16.926816786079836,1954.0,0.28367592513561246
Phenotype_B,fine,Phenotype_B_DDPM.pt,33100,16.939611054247695,1954.0,0.28607025265693664
Phenotype_B,fine,Phenotype_B_DDPM.pt,33125,16.952405322415558,1954.0,0.2963591992855072
Phenotype_B,fine,Phenotype_B_DDPM.pt,33150,16.965199590583417,1954.0,0.2933006066083908
Phenotype_B,fine,Phenotype_B_DDPM.pt,33175,16.97799385875128,1954.0,0.27004140853881836
Phenotype_B,fine,Phenotype_B_DDPM.pt,33200,16.99078812691914,1954.0,0.28075391948223116
Phenotype_B,fine,Phenotype_B_DDPM.pt,33225,17.003582395087,1954.0,0.28128166556358336
Phenotype_B,fine,Phenotype_B_DDPM.pt,33250,17.01637666325486,1954.0,0.28239380300045014
Phenotype_B,fine,Phenotype_B_DDPM.pt,33275,17.029170931422723,1954.0,0.28993091702461243
Phenotype_B,fine,Phenotype_B_DDPM.pt,33300,17.04196519959058,1954.0,0.2901006925106049
Phenotype_B,fine,Phenotype_B_DDPM.pt,33325,17.054759467758444,1954.0,0.27652165949344637
Phenotype_B,fine,Phenotype_B_DDPM.pt,33350,17.067553735926307,1954.0,0.2856461197137833
Phenotype_B,fine,Phenotype_B_DDPM.pt,33375,17.080348004094166,1954.0,0.286337257027626
Phenotype_B,fine,Phenotype_B_DDPM.pt,33400,17.09314227226203,1954.0,0.2773814833164215
Phenotype_B,fine,Phenotype_B_DDPM.pt,33425,17.105936540429887,1954.0,0.26490297794342044
Phenotype_B,fine,Phenotype_B_DDPM.pt,33450,17.11873080859775,1954.0,0.26726978421211245
Phenotype_B,fine,Phenotype_B_DDPM.pt,33475,17.13152507676561,1954.0,0.2689601582288742
Phenotype_B,fine,Phenotype_B_DDPM.pt,33500,17.14431934493347,1954.0,0.3035280019044876
Phenotype_B,fine,Phenotype_B_DDPM.pt,33525,17.15711361310133,1954.0,0.2626675552129745
Phenotype_B,fine,Phenotype_B_DDPM.pt,33550,17.169907881269193,1954.0,0.2698719573020935
Phenotype_B,fine,Phenotype_B_DDPM.pt,33575,17.182702149437052,1954.0,0.28551518976688384
Phenotype_B,fine,Phenotype_B_DDPM.pt,33600,17.195496417604915,1954.0,0.30784643471240997
Phenotype_B,fine,Phenotype_B_DDPM.pt,33625,17.208290685772774,1954.0,0.2780010175704956
Phenotype_B,fine,Phenotype_B_DDPM.pt,33650,17.221084953940636,1954.0,0.2606470715999603
Phenotype_B,fine,Phenotype_B_DDPM.pt,33675,17.233879222108495,1954.0,0.28328164875507356
Phenotype_B,fine,Phenotype_B_DDPM.pt,33700,17.246673490276358,1954.0,0.2688717097043991
Phenotype_B,fine,Phenotype_B_DDPM.pt,33725,17.259467758444217,1954.0,0.2859756225347519
Phenotype_B,fine,Phenotype_B_DDPM.pt,33750,17.27226202661208,1954.0,0.2660989356040955
Phenotype_B,fine,Phenotype_B_DDPM.pt,33775,17.285056294779938,1954.0,0.29395377695560454
Phenotype_B,fine,Phenotype_B_DDPM.pt,33800,17.2978505629478,1954.0,0.28856997907161713
Phenotype_B,fine,Phenotype_B_DDPM.pt,33825,17.31064483111566,1954.0,0.2732818084955215
Phenotype_B,fine,Phenotype_B_DDPM.pt,33850,17.323439099283522,1954.0,0.2842335492372513
Phenotype_B,fine,Phenotype_B_DDPM.pt,33875,17.33623336745138,1954.0,0.26499126613140106
Phenotype_B,fine,Phenotype_B_DDPM.pt,33900,17.349027635619244,1954.0,0.2616241836547852
Phenotype_B,fine,Phenotype_B_DDPM.pt,33925,17.361821903787103,1954.0,0.3011693209409714
Phenotype_B,fine,Phenotype_B_DDPM.pt,33950,17.374616171954965,1954.0,0.2771704661846161
Phenotype_B,fine,Phenotype_B_DDPM.pt,33975,17.387410440122824,1954.0,0.28205577611923216
Phenotype_B,fine,Phenotype_B_DDPM.pt,34000,17.400204708290687,1954.0,0.26708640933036804
Phenotype_B,fine,Phenotype_B_DDPM.pt,34025,17.412998976458546,1954.0,0.29191443264484407
Phenotype_B,fine,Phenotype_B_DDPM.pt,34050,17.42579324462641,1954.0,0.2861113935709
Phenotype_B,fine,Phenotype_B_DDPM.pt,34075,17.438587512794268,1954.0,0.2949585247039795
Phenotype_B,fine,Phenotype_B_DDPM.pt,34100,17.45138178096213,1954.0,0.27291177690029145
Phenotype_B,fine,Phenotype_B_DDPM.pt,34125,17.46417604912999,1954.0,0.2841656506061554
Phenotype_B,fine,Phenotype_B_DDPM.pt,34150,17.47697031729785,1954.0,0.29116746962070467
Phenotype_B,fine,Phenotype_B_DDPM.pt,34175,17.48976458546571,1954.0,0.28808763265609744
Phenotype_B,fine,Phenotype_B_DDPM.pt,34200,17.502558853633573,1954.0,0.29328551054000856
Phenotype_B,fine,Phenotype_B_DDPM.pt,34225,17.515353121801432,1954.0,0.2909490990638733
Phenotype_B,fine,Phenotype_B_DDPM.pt,34250,17.528147389969295,1954.0,0.267507843375206
Phenotype_B,fine,Phenotype_B_DDPM.pt,34275,17.540941658137154,1954.0,0.283376459479332
Phenotype_B,fine,Phenotype_B_DDPM.pt,34300,17.553735926305016,1954.0,0.28183824121952056
Phenotype_B,fine,Phenotype_B_DDPM.pt,34325,17.566530194472875,1954.0,0.2812158942222595
Phenotype_B,fine,Phenotype_B_DDPM.pt,34350,17.579324462640738,1954.0,0.2849555468559265
Phenotype_B,fine,Phenotype_B_DDPM.pt,34375,17.592118730808597,1954.0,0.2773613393306732
Phenotype_B,fine,Phenotype_B_DDPM.pt,34400,17.60491299897646,1954.0,0.2843492031097412
Phenotype_B,fine,Phenotype_B_DDPM.pt,34425,17.61770726714432,1954.0,0.3027767127752304
Phenotype_B,fine,Phenotype_B_DDPM.pt,34450,17.63050153531218,1954.0,0.2776022869348526
Phenotype_B,fine,Phenotype_B_DDPM.pt,34475,17.64329580348004,1954.0,0.2840618395805359
Phenotype_B,fine,Phenotype_B_DDPM.pt,34500,17.656090071647903,1954.0,0.2691118222475052
Phenotype_B,fine,Phenotype_B_DDPM.pt,34525,17.66888433981576,1954.0,0.2688880145549774
Phenotype_B,fine,Phenotype_B_DDPM.pt,34550,17.681678607983624,1954.0,0.2774326628446579
Phenotype_B,fine,Phenotype_B_DDPM.pt,34575,17.694472876151483,1954.0,0.27247091829776765
Phenotype_B,fine,Phenotype_B_DDPM.pt,34600,17.707267144319346,1954.0,0.26496624648571016
Phenotype_B,fine,Phenotype_B_DDPM.pt,34625,17.720061412487205,1954.0,0.3144180154800415
Phenotype_B,fine,Phenotype_B_DDPM.pt,34650,17.732855680655067,1954.0,0.2739295673370361
Phenotype_B,fine,Phenotype_B_DDPM.pt,34675,17.745649948822926,1954.0,0.2879702138900757
Phenotype_B,fine,Phenotype_B_DDPM.pt,34700,17.75844421699079,1954.0,0.2850389349460602
Phenotype_B,fine,Phenotype_B_DDPM.pt,34725,17.771238485158648,1954.0,0.28988978266716003
Phenotype_B,fine,Phenotype_B_DDPM.pt,34750,17.78403275332651,1954.0,0.2738370931148529
Phenotype_B,fine,Phenotype_B_DDPM.pt,34775,17.79682702149437,1954.0,0.2761464750766754
Phenotype_B,fine,Phenotype_B_DDPM.pt,34800,17.809621289662232,1954.0,0.29100446581840517
Phenotype_B,fine,Phenotype_B_DDPM.pt,34825,17.82241555783009,1954.0,0.2933791637420654
Phenotype_B,fine,Phenotype_B_DDPM.pt,34850,17.835209825997953,1954.0,0.273524267077446
Phenotype_B,fine,Phenotype_B_DDPM.pt,34875,17.848004094165812,1954.0,0.2838005095720291
Phenotype_B,fine,Phenotype_B_DDPM.pt,34900,17.860798362333675,1954.0,0.26918406009674073
Phenotype_B,fine,Phenotype_B_DDPM.pt,34925,17.873592630501534,1954.0,0.26885368645191193
Phenotype_B,fine,Phenotype_B_DDPM.pt,34950,17.886386898669397,1954.0,0.2713491278886795
Phenotype_B,fine,Phenotype_B_DDPM.pt,34975,17.899181166837256,1954.0,0.28399538695812226
Phenotype_B,fine,Phenotype_B_DDPM.pt,35000,17.911975435005118,1954.0,0.26530957221984863
Phenotype_B,fine,Phenotype_B_DDPM.pt,35025,17.924769703172977,1954.0,0.28168056666851043
Phenotype_B,fine,Phenotype_B_DDPM.pt,35050,17.93756397134084,1954.0,0.2773173171281815
Phenotype_B,fine,Phenotype_B_DDPM.pt,35075,17.9503582395087,1954.0,0.2637761425971985
Phenotype_B,fine,Phenotype_B_DDPM.pt,35100,17.96315250767656,1954.0,0.25697464138269427
Phenotype_B,fine,Phenotype_B_DDPM.pt,35125,17.97594677584442,1954.0,0.2631933391094208
Phenotype_B,fine,Phenotype_B_DDPM.pt,35150,17.988741044012283,1954.0,0.2768078106641769
Phenotype_B,fine,Phenotype_B_DDPM.pt,35175,18.001535312180142,1954.0,0.2822487264871597
Phenotype_B,fine,Phenotype_B_DDPM.pt,35200,18.014329580348004,1954.0,0.28282326698303223
Phenotype_B,fine,Phenotype_B_DDPM.pt,35225,18.027123848515863,1954.0,0.2728389471769333
Phenotype_B,fine,Phenotype_B_DDPM.pt,35250,18.039918116683726,1954.0,0.2740696269273758
Phenotype_B,fine,Phenotype_B_DDPM.pt,35275,18.052712384851585,1954.0,0.2919641774892807
Phenotype_B,fine,Phenotype_B_DDPM.pt,35300,18.065506653019447,1954.0,0.2881912451982498
Phenotype_B,fine,Phenotype_B_DDPM.pt,35325,18.078300921187306,1954.0,0.2998790544271469
Phenotype_B,fine,Phenotype_B_DDPM.pt,35350,18.09109518935517,1954.0,0.2843333274126053
Phenotype_B,fine,Phenotype_B_DDPM.pt,35375,18.103889457523028,1954.0,0.29354669511318204
Phenotype_B,fine,Phenotype_B_DDPM.pt,35400,18.11668372569089,1954.0,0.28750299751758573
Phenotype_B,fine,Phenotype_B_DDPM.pt,35425,18.12947799385875,1954.0,0.2687375521659851
Phenotype_B,fine,Phenotype_B_DDPM.pt,35450,18.142272262026612,1954.0,0.26671659767627715
Phenotype_B,fine,Phenotype_B_DDPM.pt,35475,18.15506653019447,1954.0,0.281198718547821
Phenotype_B,fine,Phenotype_B_DDPM.pt,35500,18.167860798362334,1954.0,0.27836797177791595
Phenotype_B,fine,Phenotype_B_DDPM.pt,35525,18.180655066530193,1954.0,0.27838429272174836
Phenotype_B,fine,Phenotype_B_DDPM.pt,35550,18.193449334698055,1954.0,0.2785234570503235
Phenotype_B,fine,Phenotype_B_DDPM.pt,35575,18.206243602865918,1954.0,0.2773714971542358
Phenotype_B,fine,Phenotype_B_DDPM.pt,35600,18.219037871033777,1954.0,0.2793017107248306
Phenotype_B,fine,Phenotype_B_DDPM.pt,35625,18.23183213920164,1954.0,0.2997043752670288
Phenotype_B,fine,Phenotype_B_DDPM.pt,35650,18.2446264073695,1954.0,0.301067396402359
Phenotype_B,fine,Phenotype_B_DDPM.pt,35675,18.25742067553736,1954.0,0.26984254986047745
Phenotype_B,fine,Phenotype_B_DDPM.pt,35700,18.27021494370522,1954.0,0.2596106868982315
Phenotype_B,fine,Phenotype_B_DDPM.pt,35725,18.283009211873082,1954.0,0.2763538712263107
Phenotype_B,fine,Phenotype_B_DDPM.pt,35750,18.29580348004094,1954.0,0.28361685693264005
Phenotype_B,fine,Phenotype_B_DDPM.pt,35775,18.308597748208804,1954.0,0.27838626861572263
Phenotype_B,fine,Phenotype_B_DDPM.pt,35800,18.321392016376663,1954.0,0.26793675899505615
Phenotype_B,fine,Phenotype_B_DDPM.pt,35825,18.334186284544526,1954.0,0.2952140337228775
Phenotype_B,fine,Phenotype_B_DDPM.pt,35850,18.346980552712385,1954.0,0.29677765250205995
Phenotype_B,fine,Phenotype_B_DDPM.pt,35875,18.359774820880247,1954.0,0.2855430817604065
Phenotype_B,fine,Phenotype_B_DDPM.pt,35900,18.372569089048106,1954.0,0.2766577768325806
Phenotype_B,fine,Phenotype_B_DDPM.pt,35925,18.38536335721597,1954.0,0.28062909603118896
Phenotype_B,fine,Phenotype_B_DDPM.pt,35950,18.398157625383828,1954.0,0.2797407251596451
Phenotype_B,fine,Phenotype_B_DDPM.pt,35975,18.41095189355169,1954.0,0.27921230733394625
Phenotype_B,fine,Phenotype_B_DDPM.pt,36000,18.42374616171955,1954.0,0.29092084169387816
Phenotype_B,fine,Phenotype_B_DDPM.pt,36025,18.436540429887412,1954.0,0.27713301956653597
Phenotype_B,fine,Phenotype_B_DDPM.pt,36050,18.44933469805527,1954.0,0.2735542941093445
Phenotype_B,fine,Phenotype_B_DDPM.pt,36075,18.462128966223133,1954.0,0.27514524638652804
Phenotype_B,fine,Phenotype_B_DDPM.pt,36100,18.474923234390992,1954.0,0.2720488822460175
Phenotype_B,fine,Phenotype_B_DDPM.pt,36125,18.487717502558855,1954.0,0.2767975324392319
Phenotype_B,fine,Phenotype_B_DDPM.pt,36150,18.500511770726714,1954.0,0.26738824903965
Phenotype_B,fine,Phenotype_B_DDPM.pt,36175,18.513306038894576,1954.0,0.2672311675548553
Phenotype_B,fine,Phenotype_B_DDPM.pt,36200,18.526100307062435,1954.0,0.2878613233566284
Phenotype_B,fine,Phenotype_B_DDPM.pt,36225,18.538894575230298,1954.0,0.2947546899318695
Phenotype_B,fine,Phenotype_B_DDPM.pt,36250,18.551688843398157,1954.0,0.29517753899097443
Phenotype_B,fine,Phenotype_B_DDPM.pt,36275,18.56448311156602,1954.0,0.29937931180000305
Phenotype_B,fine,Phenotype_B_DDPM.pt,36300,18.57727737973388,1954.0,0.2931358689069748
Phenotype_B,fine,Phenotype_B_DDPM.pt,36325,18.59007164790174,1954.0,0.28957151114940644
Phenotype_B,fine,Phenotype_B_DDPM.pt,36350,18.6028659160696,1954.0,0.28822030782699587
Phenotype_B,fine,Phenotype_B_DDPM.pt,36375,18.615660184237463,1954.0,0.2743284398317337
Phenotype_B,fine,Phenotype_B_DDPM.pt,36400,18.62845445240532,1954.0,0.28101414620876314
Phenotype_B,fine,Phenotype_B_DDPM.pt,36425,18.641248720573184,1954.0,0.2723363345861435
Phenotype_B,fine,Phenotype_B_DDPM.pt,36450,18.654042988741043,1954.0,0.2886902064085007
Phenotype_B,fine,Phenotype_B_DDPM.pt,36475,18.666837256908906,1954.0,0.27084028482437134
Phenotype_B,fine,Phenotype_B_DDPM.pt,36500,18.679631525076765,1954.0,0.2623074346780777
Phenotype_B,fine,Phenotype_B_DDPM.pt,36525,18.692425793244627,1954.0,0.2619923686981201
Phenotype_B,fine,Phenotype_B_DDPM.pt,36550,18.705220061412486,1954.0,0.27987951040267944
Phenotype_B,fine,Phenotype_B_DDPM.pt,36575,18.71801432958035,1954.0,0.2826106995344162
Phenotype_B,fine,Phenotype_B_DDPM.pt,36600,18.730808597748208,1954.0,0.2947585880756378
Phenotype_B,fine,Phenotype_B_DDPM.pt,36625,18.74360286591607,1954.0,0.2980789566040039
Phenotype_B,fine,Phenotype_B_DDPM.pt,36650,18.75639713408393,1954.0,0.27153010725975035
Phenotype_B,fine,Phenotype_B_DDPM.pt,36675,18.769191402251792,1954.0,0.28597375869750974
Phenotype_B,fine,Phenotype_B_DDPM.pt,36700,18.78198567041965,1954.0,0.271262983083725
Phenotype_B,fine,Phenotype_B_DDPM.pt,36725,18.794779938587514,1954.0,0.28096616685390474
Phenotype_B,fine,Phenotype_B_DDPM.pt,36750,18.807574206755373,1954.0,0.27331925570964816
Phenotype_B,fine,Phenotype_B_DDPM.pt,36775,18.820368474923235,1954.0,0.26809518337249755
Phenotype_B,fine,Phenotype_B_DDPM.pt,36800,18.833162743091094,1954.0,0.27510507225990294
Phenotype_B,fine,Phenotype_B_DDPM.pt,36825,18.845957011258957,1954.0,0.2816838788986206
Phenotype_B,fine,Phenotype_B_DDPM.pt,36850,18.858751279426816,1954.0,0.285481613278389
Phenotype_B,fine,Phenotype_B_DDPM.pt,36875,18.87154554759468,1954.0,0.2861220347881317
Phenotype_B,fine,Phenotype_B_DDPM.pt,36900,18.884339815762537,1954.0,0.2771483218669891
Phenotype_B,fine,Phenotype_B_DDPM.pt,36925,18.8971340839304,1954.0,0.29184934675693514
Phenotype_B,fine,Phenotype_B_DDPM.pt,36950,18.90992835209826,1954.0,0.279420707821846
Phenotype_B,fine,Phenotype_B_DDPM.pt,36975,18.92272262026612,1954.0,0.2748333168029785
Phenotype_B,fine,Phenotype_B_DDPM.pt,37000,18.93551688843398,1954.0,0.284046368598938
Phenotype_B,fine,Phenotype_B_DDPM.pt,37025,18.948311156601843,1954.0,0.2780667465925217
Phenotype_B,fine,Phenotype_B_DDPM.pt,37050,18.961105424769702,1954.0,0.28697838306427004
Phenotype_B,fine,Phenotype_B_DDPM.pt,37075,18.973899692937565,1954.0,0.26365022242069247
Phenotype_B,fine,Phenotype_B_DDPM.pt,37100,18.986693961105424,1954.0,0.27637800872325896
Phenotype_B,fine,Phenotype_B_DDPM.pt,37125,18.999488229273286,1954.0,0.28660439014434813
Phenotype_B,fine,Phenotype_B_DDPM.pt,37150,19.012282497441145,1954.0,0.2988251060247421
Phenotype_B,fine,Phenotype_B_DDPM.pt,37175,19.025076765609008,1954.0,0.2871852320432663
Phenotype_B,fine,Phenotype_B_DDPM.pt,37200,19.037871033776867,1954.0,0.2756680709123611
Phenotype_B,fine,Phenotype_B_DDPM.pt,37225,19.05066530194473,1954.0,0.27999436497688296
Phenotype_B,fine,Phenotype_B_DDPM.pt,37250,19.063459570112588,1954.0,0.280877543091774
Phenotype_B,fine,Phenotype_B_DDPM.pt,37275,19.07625383828045,1954.0,0.2688950073719025
Phenotype_B,fine,Phenotype_B_DDPM.pt,37300,19.08904810644831,1954.0,0.2709339076280594
Phenotype_B,fine,Phenotype_B_DDPM.pt,37325,19.101842374616172,1954.0,0.27427885234355925
Phenotype_B,fine,Phenotype_B_DDPM.pt,37350,19.11463664278403,1954.0,0.2854281103610992
Phenotype_B,fine,Phenotype_B_DDPM.pt,37375,19.127430910951894,1954.0,0.28438059747219085
Phenotype_B,fine,Phenotype_B_DDPM.pt,37400,19.140225179119753,1954.0,0.28600028455257415
Phenotype_B,fine,Phenotype_B_DDPM.pt,37425,19.153019447287615,1954.0,0.28819470465183256
Phenotype_B,fine,Phenotype_B_DDPM.pt,37450,19.165813715455474,1954.0,0.27184665977954864
Phenotype_B,fine,Phenotype_B_DDPM.pt,37475,19.178607983623337,1954.0,0.27028212070465085
Phenotype_B,fine,Phenotype_B_DDPM.pt,37500,19.191402251791196,1954.0,0.2717388218641281
Phenotype_B,fine,Phenotype_B_DDPM.pt,37525,19.20419651995906,1954.0,0.2879915797710419
Phenotype_B,fine,Phenotype_B_DDPM.pt,37550,19.216990788126918,1954.0,0.2680601984262466
Phenotype_B,fine,Phenotype_B_DDPM.pt,37575,19.22978505629478,1954.0,0.2831435090303421
Phenotype_B,fine,Phenotype_B_DDPM.pt,37600,19.24257932446264,1954.0,0.281818659901619
Phenotype_B,fine,Phenotype_B_DDPM.pt,37625,19.2553735926305,1954.0,0.2887377870082855
Phenotype_B,fine,Phenotype_B_DDPM.pt,37650,19.26816786079836,1954.0,0.28876584649086
Phenotype_B,fine,Phenotype_B_DDPM.pt,37675,19.280962128966223,1954.0,0.28993178248405455
Phenotype_B,fine,Phenotype_B_DDPM.pt,37700,19.293756397134082,1954.0,0.2942109024524689
Phenotype_B,fine,Phenotype_B_DDPM.pt,37725,19.306550665301945,1954.0,0.2878670448064804
Phenotype_B,fine,Phenotype_B_DDPM.pt,37750,19.319344933469807,1954.0,0.26380846261978147
Phenotype_B,fine,Phenotype_B_DDPM.pt,37775,19.332139201637666,1954.0,0.27764028251171113
Phenotype_B,fine,Phenotype_B_DDPM.pt,37800,19.34493346980553,1954.0,0.2755784946680069
Phenotype_B,fine,Phenotype_B_DDPM.pt,37825,19.357727737973388,1954.0,0.26533692121505736
Phenotype_B,fine,Phenotype_B_DDPM.pt,37850,19.37052200614125,1954.0,0.275304998755455
Phenotype_B,fine,Phenotype_B_DDPM.pt,37875,19.38331627430911,1954.0,0.28485398173332216
Phenotype_B,fine,Phenotype_B_DDPM.pt,37900,19.396110542476972,1954.0,0.28621922492980956
Phenotype_B,fine,Phenotype_B_DDPM.pt,37925,19.40890481064483,1954.0,0.2793458956480026
Phenotype_B,fine,Phenotype_B_DDPM.pt,37950,19.421699078812694,1954.0,0.2680296766757965
Phenotype_B,fine,Phenotype_B_DDPM.pt,37975,19.434493346980553,1954.0,0.282933646440506
Phenotype_B,fine,Phenotype_B_DDPM.pt,38000,19.447287615148415,1954.0,0.2735584312677383
Phenotype_B,fine,Phenotype_B_DDPM.pt,38025,19.460081883316274,1954.0,0.3038131034374237
Phenotype_B,fine,Phenotype_B_DDPM.pt,38050,19.472876151484137,1954.0,0.26812190234661104
Phenotype_B,fine,Phenotype_B_DDPM.pt,38075,19.485670419651996,1954.0,0.27062192976474764
Phenotype_B,fine,Phenotype_B_DDPM.pt,38100,19.498464687819858,1954.0,0.27977957129478453
Phenotype_B,fine,Phenotype_B_DDPM.pt,38125,19.511258955987717,1954.0,0.2888888645172119
Phenotype_B,fine,Phenotype_B_DDPM.pt,38150,19.52405322415558,1954.0,0.2778079575300217
Phenotype_B,fine,Phenotype_B_DDPM.pt,38175,19.53684749232344,1954.0,0.26921008825302123
Phenotype_B,fine,Phenotype_B_DDPM.pt,38200,19.5496417604913,1954.0,0.2839232897758484
Phenotype_B,fine,Phenotype_B_DDPM.pt,38225,19.56243602865916,1954.0,0.2784047281742096
Phenotype_B,fine,Phenotype_B_DDPM.pt,38250,19.575230296827023,1954.0,0.2978538417816162
Phenotype_B,fine,Phenotype_B_DDPM.pt,38275,19.588024564994882,1954.0,0.25312990188598633
Phenotype_B,fine,Phenotype_B_DDPM.pt,38300,19.600818833162744,1954.0,0.27328672230243684
Phenotype_B,fine,Phenotype_B_DDPM.pt,38325,19.613613101330603,1954.0,0.2889743393659592
Phenotype_B,fine,Phenotype_B_DDPM.pt,38350,19.626407369498466,1954.0,0.2628975796699524
Phenotype_B,fine,Phenotype_B_DDPM.pt,38375,19.639201637666325,1954.0,0.2671880304813385
Phenotype_B,fine,Phenotype_B_DDPM.pt,38400,19.651995905834188,1954.0,0.28368316769599916
Phenotype_B,fine,Phenotype_B_DDPM.pt,38425,19.664790174002047,1954.0,0.29002393007278443
Phenotype_B,fine,Phenotype_B_DDPM.pt,38450,19.67758444216991,1954.0,0.28647626042366026
Phenotype_B,fine,Phenotype_B_DDPM.pt,38475,19.690378710337768,1954.0,0.26777219891548154
Phenotype_B,fine,Phenotype_B_DDPM.pt,38500,19.70317297850563,1954.0,0.28840838611125946
Phenotype_B,fine,Phenotype_B_DDPM.pt,38525,19.71596724667349,1954.0,0.2882351231575012
Phenotype_B,fine,Phenotype_B_DDPM.pt,38550,19.728761514841352,1954.0,0.2758843320608139
Phenotype_B,fine,Phenotype_B_DDPM.pt,38575,19.74155578300921,1954.0,0.30823716819286345
Phenotype_B,fine,Phenotype_B_DDPM.pt,38600,19.754350051177074,1954.0,0.28783911824226377
Phenotype_B,fine,Phenotype_B_DDPM.pt,38625,19.767144319344933,1954.0,0.2914444547891617
Phenotype_B,fine,Phenotype_B_DDPM.pt,38650,19.779938587512795,1954.0,0.26996959567070006
Phenotype_B,fine,Phenotype_B_DDPM.pt,38675,19.792732855680654,1954.0,0.2930377167463303
Phenotype_B,fine,Phenotype_B_DDPM.pt,38700,19.805527123848517,1954.0,0.28919574797153474
Phenotype_B,fine,Phenotype_B_DDPM.pt,38725,19.818321392016376,1954.0,0.2935044592618942
Phenotype_B,fine,Phenotype_B_DDPM.pt,38750,19.83111566018424,1954.0,0.2947595077753067
Phenotype_B,fine,Phenotype_B_DDPM.pt,38775,19.843909928352097,1954.0,0.2748460668325424
Phenotype_B,fine,Phenotype_B_DDPM.pt,38800,19.85670419651996,1954.0,0.2856563329696655
Phenotype_B,fine,Phenotype_B_DDPM.pt,38825,19.86949846468782,1954.0,0.27649078965187074
Phenotype_B,fine,Phenotype_B_DDPM.pt,38850,19.88229273285568,1954.0,0.2871246540546417
Phenotype_B,fine,Phenotype_B_DDPM.pt,38875,19.89508700102354,1954.0,0.28962103426456454
Phenotype_B,fine,Phenotype_B_DDPM.pt,38900,19.907881269191403,1954.0,0.26698865592479704
Phenotype_B,fine,Phenotype_B_DDPM.pt,38925,19.920675537359262,1954.0,0.28309525847434996
Phenotype_B,fine,Phenotype_B_DDPM.pt,38950,19.933469805527125,1954.0,0.25548530340194703
Phenotype_B,fine,Phenotype_B_DDPM.pt,38975,19.946264073694984,1954.0,0.29462983906269075
Phenotype_B,fine,Phenotype_B_DDPM.pt,39000,19.959058341862846,1954.0,0.2706220364570618
Phenotype_B,fine,Phenotype_B_DDPM.pt,39025,19.971852610030705,1954.0,0.273233659863472
Phenotype_B,fine,Phenotype_B_DDPM.pt,39050,19.984646878198568,1954.0,0.28083534121513365
Phenotype_B,fine,Phenotype_B_DDPM.pt,39075,19.997441146366427,1954.0,0.2742072623968124
Phenotype_B,fine,Phenotype_B_DDPM.pt,39080,20.0,1954.0,0.2516113966703415
Phenotype_B,coarse,Phenotype_B_DDPM.pt,25,0.05154639175257732,485.0,0.4214898943901062
Phenotype_B,coarse,Phenotype_B_DDPM.pt,50,0.10309278350515463,485.0,0.1800464540719986
Phenotype_B,coarse,Phenotype_B_DDPM.pt,75,0.15463917525773196,485.0,0.18501587212085724
Phenotype_B,coarse,Phenotype_B_DDPM.pt,100,0.20618556701030927,485.0,0.21485821902751923
Phenotype_B,coarse,Phenotype_B_DDPM.pt,125,0.25773195876288657,485.0,0.07464562356472015
Phenotype_B,coarse,Phenotype_B_DDPM.pt,150,0.30927835051546393,485.0,0.1424475759267807
Phenotype_B,coarse,Phenotype_B_DDPM.pt,175,0.36082474226804123,485.0,0.12565645575523376
Phenotype_B,coarse,Phenotype_B_DDPM.pt,200,0.41237113402061853,485.0,0.05387059971690178
Phenotype_B,coarse,Phenotype_B_DDPM.pt,225,0.4639175257731959,485.0,0.11656541377305984
Phenotype_B,coarse,Phenotype_B_DDPM.pt,250,0.5154639175257731,485.0,0.09847620874643326
Phenotype_B,coarse,Phenotype_B_DDPM.pt,275,0.5670103092783505,485.0,0.12229979783296585
Phenotype_B,coarse,Phenotype_B_DDPM.pt,300,0.6185567010309279,485.0,0.0764051079750061
Phenotype_B,coarse,Phenotype_B_DDPM.pt,325,0.6701030927835051,485.0,0.10820484161376953
Phenotype_B,coarse,Phenotype_B_DDPM.pt,350,0.7216494845360825,485.0,0.073251873254776
Phenotype_B,coarse,Phenotype_B_DDPM.pt,375,0.7731958762886598,485.0,0.07392103970050812
Phenotype_B,coarse,Phenotype_B_DDPM.pt,400,0.8247422680412371,485.0,0.07313401252031326
Phenotype_B,coarse,Phenotype_B_DDPM.pt,425,0.8762886597938144,485.0,0.08395572751760483
Phenotype_B,coarse,Phenotype_B_DDPM.pt,450,0.9278350515463918,485.0,0.04271458089351654
Phenotype_B,coarse,Phenotype_B_DDPM.pt,475,0.979381443298969,485.0,0.06200744956731796
Phenotype_B,coarse,Phenotype_B_DDPM.pt,500,1.0309278350515463,485.0,0.06296639144420624
Phenotype_B,coarse,Phenotype_B_DDPM.pt,525,1.0824742268041236,485.0,0.07814697921276093
Phenotype_B,coarse,Phenotype_B_DDPM.pt,550,1.134020618556701,485.0,0.06505797803401947
Phenotype_B,coarse,Phenotype_B_DDPM.pt,575,1.1855670103092784,485.0,0.12204494327306747
Phenotype_B,coarse,Phenotype_B_DDPM.pt,600,1.2371134020618557,485.0,0.0578424297273159
Phenotype_B,coarse,Phenotype_B_DDPM.pt,625,1.288659793814433,485.0,0.05929197743535042
Phenotype_B,coarse,Phenotype_B_DDPM.pt,650,1.3402061855670102,485.0,0.06982629746198654
Phenotype_B,coarse,Phenotype_B_DDPM.pt,675,1.3917525773195876,485.0,0.06410489231348038
Phenotype_B,coarse,Phenotype_B_DDPM.pt,700,1.443298969072165,485.0,0.045454684644937515
Phenotype_B,coarse,Phenotype_B_DDPM.pt,725,1.4948453608247423,485.0,0.07139430195093155
Phenotype_B,coarse,Phenotype_B_DDPM.pt,750,1.5463917525773196,485.0,0.038682833313941956
Phenotype_B,coarse,Phenotype_B_DDPM.pt,775,1.597938144329897,485.0,0.06742209196090698
Phenotype_B,coarse,Phenotype_B_DDPM.pt,800,1.6494845360824741,485.0,0.10655509680509567
Phenotype_B,coarse,Phenotype_B_DDPM.pt,825,1.7010309278350515,485.0,0.10464143753051758
Phenotype_B,coarse,Phenotype_B_DDPM.pt,850,1.7525773195876289,485.0,0.09434600174427032
Phenotype_B,coarse,Phenotype_B_DDPM.pt,875,1.8041237113402062,485.0,0.08139079809188843
Phenotype_B,coarse,Phenotype_B_DDPM.pt,900,1.8556701030927836,485.0,0.06339173018932343
Phenotype_B,coarse,Phenotype_B_DDPM.pt,925,1.907216494845361,485.0,0.0700877457857132
Phenotype_B,coarse,Phenotype_B_DDPM.pt,950,1.958762886597938,485.0,0.06572188436985016
Phenotype_B,coarse,Phenotype_B_DDPM.pt,975,2.0103092783505154,485.0,0.0455169677734375
Phenotype_B,coarse,Phenotype_B_DDPM.pt,1000,2.0618556701030926,485.0,0.05386170372366905
Phenotype_B,coarse,Phenotype_B_DDPM.pt,1025,2.11340206185567,485.0,0.0390770360827446
Phenotype_B,coarse,Phenotype_B_DDPM.pt,1050,2.1649484536082473,485.0,0.03416317701339722
Phenotype_B,coarse,Phenotype_B_DDPM.pt,1075,2.216494845360825,485.0,0.05948927253484726
Phenotype_B,coarse,Phenotype_B_DDPM.pt,1100,2.268041237113402,485.0,0.06890280544757843
Phenotype_B,coarse,Phenotype_B_DDPM.pt,1125,2.3195876288659796,485.0,0.057289086282253265
Phenotype_B,coarse,Phenotype_B_DDPM.pt,1150,2.3711340206185567,485.0,0.017775725573301315
Phenotype_B,coarse,Phenotype_B_DDPM.pt,1175,2.422680412371134,485.0,0.0437932163476944
Phenotype_B,coarse,Phenotype_B_DDPM.pt,1200,2.4742268041237114,485.0,0.05023323372006416
Phenotype_B,coarse,Phenotype_B_DDPM.pt,1225,2.5257731958762886,485.0,0.061750318855047226
Phenotype_B,coarse,Phenotype_B_DDPM.pt,1250,2.577319587628866,485.0,0.03412432223558426
Phenotype_B,coarse,Phenotype_B_DDPM.pt,1275,2.6288659793814433,485.0,0.04852548986673355
Phenotype_B,coarse,Phenotype_B_DDPM.pt,1300,2.6804123711340204,485.0,0.05521800369024277
Phenotype_B,coarse,Phenotype_B_DDPM.pt,1325,2.731958762886598,485.0,0.030814800411462784
Phenotype_B,coarse,Phenotype_B_DDPM.pt,1350,2.783505154639175,485.0,0.0847831591963768
Phenotype_B,coarse,Phenotype_B_DDPM.pt,1375,2.8350515463917527,485.0,0.060898564755916595
Phenotype_B,coarse,Phenotype_B_DDPM.pt,1400,2.88659793814433,485.0,0.028913483023643494
Phenotype_B,coarse,Phenotype_B_DDPM.pt,1425,2.9381443298969074,485.0,0.06108194217085838
Phenotype_B,coarse,Phenotype_B_DDPM.pt,1450,2.9896907216494846,485.0,0.0615859255194664
Phenotype_B,coarse,Phenotype_B_DDPM.pt,1475,3.0412371134020617,485.0,0.05581085756421089
Phenotype_B,coarse,Phenotype_B_DDPM.pt,1500,3.0927835051546393,485.0,0.036169230937957764
Phenotype_B,coarse,Phenotype_B_DDPM.pt,1525,3.1443298969072164,485.0,0.05818059667944908
Phenotype_B,coarse,Phenotype_B_DDPM.pt,1550,3.195876288659794,485.0,0.032593779265880585
Phenotype_B,coarse,Phenotype_B_DDPM.pt,1575,3.247422680412371,485.0,0.01828750967979431
Phenotype_B,coarse,Phenotype_B_DDPM.pt,1600,3.2989690721649483,485.0,0.05566026270389557
Phenotype_B,coarse,Phenotype_B_DDPM.pt,1625,3.350515463917526,485.0,0.08224553614854813
Phenotype_B,coarse,Phenotype_B_DDPM.pt,1650,3.402061855670103,485.0,0.024416793137788773
Phenotype_B,coarse,Phenotype_B_DDPM.pt,1675,3.4536082474226806,485.0,0.02364121563732624
Phenotype_B,coarse,Phenotype_B_DDPM.pt,1700,3.5051546391752577,485.0,0.07002019137144089
Phenotype_B,coarse,Phenotype_B_DDPM.pt,1725,3.556701030927835,485.0,0.033711377531290054
Phenotype_B,coarse,Phenotype_B_DDPM.pt,1750,3.6082474226804124,485.0,0.15451711416244507
Phenotype_B,coarse,Phenotype_B_DDPM.pt,1775,3.6597938144329896,485.0,0.0770491436123848
Phenotype_B,coarse,Phenotype_B_DDPM.pt,1800,3.711340206185567,485.0,0.06966102123260498
Phenotype_B,coarse,Phenotype_B_DDPM.pt,1825,3.7628865979381443,485.0,0.04300478845834732
Phenotype_B,coarse,Phenotype_B_DDPM.pt,1850,3.814432989690722,485.0,0.07027236372232437
Phenotype_B,coarse,Phenotype_B_DDPM.pt,1875,3.865979381443299,485.0,0.03722883015871048
Phenotype_B,coarse,Phenotype_B_DDPM.pt,1900,3.917525773195876,485.0,0.0856810212135315
Phenotype_B,coarse,Phenotype_B_DDPM.pt,1925,3.9690721649484537,485.0,0.035272322595119476
Phenotype_B,coarse,Phenotype_B_DDPM.pt,1950,4.020618556701031,485.0,0.11403720080852509
Phenotype_B,coarse,Phenotype_B_DDPM.pt,1975,4.072164948453608,485.0,0.09647348523139954
Phenotype_B,coarse,Phenotype_B_DDPM.pt,2000,4.123711340206185,485.0,0.07422187924385071
Phenotype_B,coarse,Phenotype_B_DDPM.pt,2025,4.175257731958763,485.0,0.04655434936285019
Phenotype_B,coarse,Phenotype_B_DDPM.pt,2050,4.22680412371134,485.0,0.027140237390995026
Phenotype_B,coarse,Phenotype_B_DDPM.pt,2075,4.278350515463917,485.0,0.059005580842494965
Phenotype_B,coarse,Phenotype_B_DDPM.pt,2100,4.329896907216495,485.0,0.05544474720954895
Phenotype_B,coarse,Phenotype_B_DDPM.pt,2125,4.381443298969073,485.0,0.016284706071019173
Phenotype_B,coarse,Phenotype_B_DDPM.pt,2150,4.43298969072165,485.0,0.01185248326510191
Phenotype_B,coarse,Phenotype_B_DDPM.pt,2175,4.484536082474227,485.0,0.040880877524614334
Phenotype_B,coarse,Phenotype_B_DDPM.pt,2200,4.536082474226804,485.0,0.04280213266611099
Phenotype_B,coarse,Phenotype_B_DDPM.pt,2225,4.587628865979381,485.0,0.05789147689938545
Phenotype_B,coarse,Phenotype_B_DDPM.pt,2250,4.639175257731959,485.0,0.02317032963037491
Phenotype_B,coarse,Phenotype_B_DDPM.pt,2275,4.690721649484536,485.0,0.05405694991350174
Phenotype_B,coarse,Phenotype_B_DDPM.pt,2300,4.742268041237113,485.0,0.020296717062592506
Phenotype_B,coarse,Phenotype_B_DDPM.pt,2325,4.793814432989691,485.0,0.037732839584350586
Phenotype_B,coarse,Phenotype_B_DDPM.pt,2350,4.845360824742268,485.0,0.08445265144109726
Phenotype_B,coarse,Phenotype_B_DDPM.pt,2375,4.896907216494846,485.0,0.03960656747221947
Phenotype_B,coarse,Phenotype_B_DDPM.pt,2400,4.948453608247423,485.0,0.012342503294348717
Phenotype_B,coarse,Phenotype_B_DDPM.pt,2425,5.0,485.0,0.04187127947807312
Phenotype_B,coarse,Phenotype_B_DDPM.pt,2450,5.051546391752577,485.0,0.07267407327890396
Phenotype_B,coarse,Phenotype_B_DDPM.pt,2475,5.103092783505154,485.0,0.07891925424337387
Phenotype_B,coarse,Phenotype_B_DDPM.pt,2500,5.154639175257732,485.0,0.022157032042741776
Phenotype_B,coarse,Phenotype_B_DDPM.pt,2525,5.206185567010309,485.0,0.09070524573326111
Phenotype_B,coarse,Phenotype_B_DDPM.pt,2550,5.257731958762887,485.0,0.033063024282455444
Phenotype_B,coarse,Phenotype_B_DDPM.pt,2575,5.309278350515464,485.0,0.034038204699754715
Phenotype_B,coarse,Phenotype_B_DDPM.pt,2600,5.360824742268041,485.0,0.019172757863998413
Phenotype_B,coarse,Phenotype_B_DDPM.pt,2625,5.412371134020619,485.0,0.059533990919589996
Phenotype_B,coarse,Phenotype_B_DDPM.pt,2650,5.463917525773196,485.0,0.0760696530342102
Phenotype_B,coarse,Phenotype_B_DDPM.pt,2675,5.515463917525773,485.0,0.014998417347669601
Phenotype_B,coarse,Phenotype_B_DDPM.pt,2700,5.56701030927835,485.0,0.06231721490621567
Phenotype_B,coarse,Phenotype_B_DDPM.pt,2725,5.618556701030927,485.0,0.02755035273730755
Phenotype_B,coarse,Phenotype_B_DDPM.pt,2750,5.670103092783505,485.0,0.016641121357679367
Phenotype_B,coarse,Phenotype_B_DDPM.pt,2775,5.721649484536083,485.0,0.07101831585168839
Phenotype_B,coarse,Phenotype_B_DDPM.pt,2800,5.77319587628866,485.0,0.026771705597639084
Phenotype_B,coarse,Phenotype_B_DDPM.pt,2825,5.824742268041237,485.0,0.053430452942848206
Phenotype_B,coarse,Phenotype_B_DDPM.pt,2850,5.876288659793815,485.0,0.03414896875619888
Phenotype_B,coarse,Phenotype_B_DDPM.pt,2875,5.927835051546392,485.0,0.025875061750411987
Phenotype_B,coarse,Phenotype_B_DDPM.pt,2900,5.979381443298969,485.0,0.08412883430719376
Phenotype_B,coarse,Phenotype_B_DDPM.pt,2925,6.030927835051546,485.0,0.03565562516450882
Phenotype_B,coarse,Phenotype_B_DDPM.pt,2950,6.082474226804123,485.0,0.052065495401620865
Phenotype_B,coarse,Phenotype_B_DDPM.pt,2975,6.134020618556701,485.0,0.018920375034213066
Phenotype_B,coarse,Phenotype_B_DDPM.pt,3000,6.185567010309279,485.0,0.06881844997406006
Phenotype_B,coarse,Phenotype_B_DDPM.pt,3025,6.237113402061856,485.0,0.044316649436950684
Phenotype_B,coarse,Phenotype_B_DDPM.pt,3050,6.288659793814433,485.0,0.04413679987192154
Phenotype_B,coarse,Phenotype_B_DDPM.pt,3075,6.34020618556701,485.0,0.0673944428563118
Phenotype_B,coarse,Phenotype_B_DDPM.pt,3100,6.391752577319588,485.0,0.0803709626197815
Phenotype_B,coarse,Phenotype_B_DDPM.pt,3125,6.443298969072165,485.0,0.032221369445323944
Phenotype_B,coarse,Phenotype_B_DDPM.pt,3150,6.494845360824742,485.0,0.08811438083648682
Phenotype_B,coarse,Phenotype_B_DDPM.pt,3175,6.546391752577319,485.0,0.03516659885644913
Phenotype_B,coarse,Phenotype_B_DDPM.pt,3200,6.597938144329897,485.0,0.08413621038198471
Phenotype_B,coarse,Phenotype_B_DDPM.pt,3225,6.649484536082475,485.0,0.03715912252664566
Phenotype_B,coarse,Phenotype_B_DDPM.pt,3250,6.701030927835052,485.0,0.03671427443623543
Phenotype_B,coarse,Phenotype_B_DDPM.pt,3275,6.752577319587629,485.0,0.053605154156684875
Phenotype_B,coarse,Phenotype_B_DDPM.pt,3300,6.804123711340206,485.0,0.034526459872722626
Phenotype_B,coarse,Phenotype_B_DDPM.pt,3325,6.855670103092783,485.0,0.06125756353139877
Phenotype_B,coarse,Phenotype_B_DDPM.pt,3350,6.907216494845361,485.0,0.11191077530384064
Phenotype_B,coarse,Phenotype_B_DDPM.pt,3375,6.958762886597938,485.0,0.09475541859865189
Phenotype_B,coarse,Phenotype_B_DDPM.pt,3400,7.010309278350515,485.0,0.05244245380163193
Phenotype_B,coarse,Phenotype_B_DDPM.pt,3425,7.061855670103093,485.0,0.09161975979804993
Phenotype_B,coarse,Phenotype_B_DDPM.pt,3450,7.11340206185567,485.0,0.03143629431724548
Phenotype_B,coarse,Phenotype_B_DDPM.pt,3475,7.164948453608248,485.0,0.06054382771253586
Phenotype_B,coarse,Phenotype_B_DDPM.pt,3500,7.216494845360825,485.0,0.037194665521383286
Phenotype_B,coarse,Phenotype_B_DDPM.pt,3525,7.268041237113402,485.0,0.032559193670749664
Phenotype_B,coarse,Phenotype_B_DDPM.pt,3550,7.319587628865979,485.0,0.0843394547700882
Phenotype_B,coarse,Phenotype_B_DDPM.pt,3575,7.371134020618556,485.0,0.02787153422832489
Phenotype_B,coarse,Phenotype_B_DDPM.pt,3600,7.422680412371134,485.0,0.060826659202575684
Phenotype_B,coarse,Phenotype_B_DDPM.pt,3625,7.474226804123711,485.0,0.07034684717655182
Phenotype_B,coarse,Phenotype_B_DDPM.pt,3650,7.525773195876289,485.0,0.019560817629098892
Phenotype_B,coarse,Phenotype_B_DDPM.pt,3675,7.577319587628866,485.0,0.045645616948604584
Phenotype_B,coarse,Phenotype_B_DDPM.pt,3700,7.628865979381444,485.0,0.03346085920929909
Phenotype_B,coarse,Phenotype_B_DDPM.pt,3725,7.680412371134021,485.0,0.05465003103017807
Phenotype_B,coarse,Phenotype_B_DDPM.pt,3750,7.731958762886598,485.0,0.024015314877033234
Phenotype_B,coarse,Phenotype_B_DDPM.pt,3775,7.783505154639175,485.0,0.049212515354156494
Phenotype_B,coarse,Phenotype_B_DDPM.pt,3800,7.835051546391752,485.0,0.03187033161520958
Phenotype_B,coarse,Phenotype_B_DDPM.pt,3825,7.88659793814433,485.0,0.0375388041138649
Phenotype_B,coarse,Phenotype_B_DDPM.pt,3850,7.938144329896907,485.0,0.035184040665626526
Phenotype_B,coarse,Phenotype_B_DDPM.pt,3875,7.989690721649485,485.0,0.060287680476903915
Phenotype_B,coarse,Phenotype_B_DDPM.pt,3900,8.041237113402062,485.0,0.047880619764328
Phenotype_B,coarse,Phenotype_B_DDPM.pt,3925,8.092783505154639,485.0,0.035435013473033905
Phenotype_B,coarse,Phenotype_B_DDPM.pt,3950,8.144329896907216,485.0,0.07696095108985901
Phenotype_B,coarse,Phenotype_B_DDPM.pt,3975,8.195876288659793,485.0,0.04328127205371857
Phenotype_B,coarse,Phenotype_B_DDPM.pt,4000,8.24742268041237,485.0,0.05706656724214554
Phenotype_B,coarse,Phenotype_B_DDPM.pt,4025,8.29896907216495,485.0,0.036525409668684006
Phenotype_B,coarse,Phenotype_B_DDPM.pt,4050,8.350515463917526,485.0,0.07519067078828812
Phenotype_B,coarse,Phenotype_B_DDPM.pt,4075,8.402061855670103,485.0,0.012140421196818352
Phenotype_B,coarse,Phenotype_B_DDPM.pt,4100,8.45360824742268,485.0,0.024871814996004105
Phenotype_B,coarse,Phenotype_B_DDPM.pt,4125,8.505154639175258,485.0,0.02508203312754631
Phenotype_B,coarse,Phenotype_B_DDPM.pt,4150,8.556701030927835,485.0,0.05842046067118645
Phenotype_B,coarse,Phenotype_B_DDPM.pt,4175,8.608247422680412,485.0,0.06385190784931183
Phenotype_B,coarse,Phenotype_B_DDPM.pt,4200,8.65979381443299,485.0,0.0579959936439991
Phenotype_B,coarse,Phenotype_B_DDPM.pt,4225,8.711340206185566,485.0,0.037298113107681274
Phenotype_B,coarse,Phenotype_B_DDPM.pt,4250,8.762886597938145,485.0,0.037685174494981766
Phenotype_B,coarse,Phenotype_B_DDPM.pt,4275,8.814432989690722,485.0,0.08381925523281097
Phenotype_B,coarse,Phenotype_B_DDPM.pt,4300,8.8659793814433,485.0,0.0569070428609848
Phenotype_B,coarse,Phenotype_B_DDPM.pt,4325,8.917525773195877,485.0,0.022633574903011322
Phenotype_B,coarse,Phenotype_B_DDPM.pt,4350,8.969072164948454,485.0,0.04697222262620926
Phenotype_B,coarse,Phenotype_B_DDPM.pt,4375,9.02061855670103,485.0,0.039221473038196564
Phenotype_B,coarse,Phenotype_B_DDPM.pt,4400,9.072164948453608,485.0,0.03058742545545101
Phenotype_B,coarse,Phenotype_B_DDPM.pt,4425,9.123711340206185,485.0,0.07042300701141357
Phenotype_B,coarse,Phenotype_B_DDPM.pt,4450,9.175257731958762,485.0,0.03533254936337471
Phenotype_B,coarse,Phenotype_B_DDPM.pt,4475,9.22680412371134,485.0,0.031145945191383362
Phenotype_B,coarse,Phenotype_B_DDPM.pt,4500,9.278350515463918,485.0,0.03749395161867142
Phenotype_B,coarse,Phenotype_B_DDPM.pt,4525,9.329896907216495,485.0,0.059834301471710205
Phenotype_B,coarse,Phenotype_B_DDPM.pt,4550,9.381443298969073,485.0,0.047592151910066605
Phenotype_B,coarse,Phenotype_B_DDPM.pt,4575,9.43298969072165,485.0,0.011739925481379032
Phenotype_B,coarse,Phenotype_B_DDPM.pt,4600,9.484536082474227,485.0,0.09962683916091919
Phenotype_B,coarse,Phenotype_B_DDPM.pt,4625,9.536082474226804,485.0,0.03870948404073715
Phenotype_B,coarse,Phenotype_B_DDPM.pt,4650,9.587628865979381,485.0,0.05000223591923714
Phenotype_B,coarse,Phenotype_B_DDPM.pt,4675,9.639175257731958,485.0,0.058005817234516144
Phenotype_B,coarse,Phenotype_B_DDPM.pt,4700,9.690721649484535,485.0,0.05991453677415848
Phenotype_B,coarse,Phenotype_B_DDPM.pt,4725,9.742268041237113,485.0,0.035743825137615204
Phenotype_B,coarse,Phenotype_B_DDPM.pt,4750,9.793814432989691,485.0,0.04968441277742386
Phenotype_B,coarse,Phenotype_B_DDPM.pt,4775,9.845360824742269,485.0,0.014829670079052448
Phenotype_B,coarse,Phenotype_B_DDPM.pt,4800,9.896907216494846,485.0,0.05138992518186569
Phenotype_B,coarse,Phenotype_B_DDPM.pt,4825,9.948453608247423,485.0,0.03214745968580246
Phenotype_B,coarse,Phenotype_B_DDPM.pt,4850,10.0,485.0,0.014731312170624733
Phenotype_B,coarse,Phenotype_B_DDPM.pt,4875,10.051546391752577,485.0,0.06703665107488632
Phenotype_B,coarse,Phenotype_B_DDPM.pt,4900,10.103092783505154,485.0,0.02462729811668396
Phenotype_B,coarse,Phenotype_B_DDPM.pt,4925,10.154639175257731,485.0,0.01991981267929077
Phenotype_B,coarse,Phenotype_B_DDPM.pt,4950,10.206185567010309,485.0,0.067755326628685
Phenotype_B,coarse,Phenotype_B_DDPM.pt,4975,10.257731958762887,485.0,0.07259690761566162
Phenotype_B,coarse,Phenotype_B_DDPM.pt,5000,10.309278350515465,485.0,0.06662903726100922
Phenotype_B,coarse,Phenotype_B_DDPM.pt,5025,10.360824742268042,485.0,0.056327350437641144
Phenotype_B,coarse,Phenotype_B_DDPM.pt,5050,10.412371134020619,485.0,0.061589352786540985
Phenotype_B,coarse,Phenotype_B_DDPM.pt,5075,10.463917525773196,485.0,0.03600212186574936
Phenotype_B,coarse,Phenotype_B_DDPM.pt,5100,10.515463917525773,485.0,0.06340782344341278
Phenotype_B,coarse,Phenotype_B_DDPM.pt,5125,10.56701030927835,485.0,0.08811143785715103
Phenotype_B,coarse,Phenotype_B_DDPM.pt,5150,10.618556701030927,485.0,0.04627034068107605
Phenotype_B,coarse,Phenotype_B_DDPM.pt,5175,10.670103092783505,485.0,0.03299884498119354
Phenotype_B,coarse,Phenotype_B_DDPM.pt,5200,10.721649484536082,485.0,0.054057054221630096
Phenotype_B,coarse,Phenotype_B_DDPM.pt,5225,10.77319587628866,485.0,0.012526355683803558
Phenotype_B,coarse,Phenotype_B_DDPM.pt,5250,10.824742268041238,485.0,0.032195065170526505
Phenotype_B,coarse,Phenotype_B_DDPM.pt,5275,10.876288659793815,485.0,0.056803829967975616
Phenotype_B,coarse,Phenotype_B_DDPM.pt,5300,10.927835051546392,485.0,0.0672394409775734
Phenotype_B,coarse,Phenotype_B_DDPM.pt,5325,10.97938144329897,485.0,0.03865271061658859
Phenotype_B,coarse,Phenotype_B_DDPM.pt,5350,11.030927835051546,485.0,0.08326096832752228
Phenotype_B,coarse,Phenotype_B_DDPM.pt,5375,11.082474226804123,485.0,0.04590100795030594
Phenotype_B,coarse,Phenotype_B_DDPM.pt,5400,11.1340206185567,485.0,0.08503323793411255
Phenotype_B,coarse,Phenotype_B_DDPM.pt,5425,11.185567010309278,485.0,0.08843101561069489
Phenotype_B,coarse,Phenotype_B_DDPM.pt,5450,11.237113402061855,485.0,0.051910050213336945
Phenotype_B,coarse,Phenotype_B_DDPM.pt,5475,11.288659793814434,485.0,0.02764936536550522
Phenotype_B,coarse,Phenotype_B_DDPM.pt,5500,11.34020618556701,485.0,0.05917607992887497
Phenotype_B,coarse,Phenotype_B_DDPM.pt,5525,11.391752577319588,485.0,0.03460100293159485
Phenotype_B,coarse,Phenotype_B_DDPM.pt,5550,11.443298969072165,485.0,0.03435572236776352
Phenotype_B,coarse,Phenotype_B_DDPM.pt,5575,11.494845360824742,485.0,0.051588475704193115
Phenotype_B,coarse,Phenotype_B_DDPM.pt,5600,11.54639175257732,485.0,0.0261410940438509
Phenotype_B,coarse,Phenotype_B_DDPM.pt,5625,11.597938144329897,485.0,0.07870184630155563
Phenotype_B,coarse,Phenotype_B_DDPM.pt,5650,11.649484536082474,485.0,0.07979798316955566
Phenotype_B,coarse,Phenotype_B_DDPM.pt,5675,11.70103092783505,485.0,0.007003955543041229
Phenotype_B,coarse,Phenotype_B_DDPM.pt,5700,11.75257731958763,485.0,0.04722527414560318
Phenotype_B,coarse,Phenotype_B_DDPM.pt,5725,11.804123711340207,485.0,0.027861889451742172
Phenotype_B,coarse,Phenotype_B_DDPM.pt,5750,11.855670103092784,485.0,0.06344848871231079
Phenotype_B,coarse,Phenotype_B_DDPM.pt,5775,11.907216494845361,485.0,0.03636326268315315
Phenotype_B,coarse,Phenotype_B_DDPM.pt,5800,11.958762886597938,485.0,0.07334486395120621
Phenotype_B,coarse,Phenotype_B_DDPM.pt,5825,12.010309278350515,485.0,0.05379529297351837
Phenotype_B,coarse,Phenotype_B_DDPM.pt,5850,12.061855670103093,485.0,0.0348631851375103
Phenotype_B,coarse,Phenotype_B_DDPM.pt,5875,12.11340206185567,485.0,0.032715097069740295
Phenotype_B,coarse,Phenotype_B_DDPM.pt,5900,12.164948453608247,485.0,0.07547882199287415
Phenotype_B,coarse,Phenotype_B_DDPM.pt,5925,12.216494845360824,485.0,0.06574257463216782
Phenotype_B,coarse,Phenotype_B_DDPM.pt,5950,12.268041237113403,485.0,0.06555425375699997
Phenotype_B,coarse,Phenotype_B_DDPM.pt,5975,12.31958762886598,485.0,0.019605102017521858
Phenotype_B,coarse,Phenotype_B_DDPM.pt,6000,12.371134020618557,485.0,0.07724703848361969
Phenotype_B,coarse,Phenotype_B_DDPM.pt,6025,12.422680412371134,485.0,0.050162311643362045
Phenotype_B,coarse,Phenotype_B_DDPM.pt,6050,12.474226804123711,485.0,0.12530040740966797
Phenotype_B,coarse,Phenotype_B_DDPM.pt,6075,12.525773195876289,485.0,0.04012461006641388
Phenotype_B,coarse,Phenotype_B_DDPM.pt,6100,12.577319587628866,485.0,0.05098654702305794
Phenotype_B,coarse,Phenotype_B_DDPM.pt,6125,12.628865979381443,485.0,0.045219533145427704
Phenotype_B,coarse,Phenotype_B_DDPM.pt,6150,12.68041237113402,485.0,0.060989342629909515
Phenotype_B,coarse,Phenotype_B_DDPM.pt,6175,12.731958762886597,485.0,0.008508866652846336
Phenotype_B,coarse,Phenotype_B_DDPM.pt,6200,12.783505154639176,485.0,0.07157699763774872
Phenotype_B,coarse,Phenotype_B_DDPM.pt,6225,12.835051546391753,485.0,0.03986083343625069
Phenotype_B,coarse,Phenotype_B_DDPM.pt,6250,12.88659793814433,485.0,0.028886660933494568
Phenotype_B,coarse,Phenotype_B_DDPM.pt,6275,12.938144329896907,485.0,0.07954338937997818
Phenotype_B,coarse,Phenotype_B_DDPM.pt,6300,12.989690721649485,485.0,0.04998631402850151
Phenotype_B,coarse,Phenotype_B_DDPM.pt,6325,13.041237113402062,485.0,0.015697410330176353
Phenotype_B,coarse,Phenotype_B_DDPM.pt,6350,13.092783505154639,485.0,0.06311251223087311
Phenotype_B,coarse,Phenotype_B_DDPM.pt,6375,13.144329896907216,485.0,0.03278736397624016
Phenotype_B,coarse,Phenotype_B_DDPM.pt,6400,13.195876288659793,485.0,0.09057961404323578
Phenotype_B,coarse,Phenotype_B_DDPM.pt,6425,13.24742268041237,485.0,0.027086405083537102
Phenotype_B,coarse,Phenotype_B_DDPM.pt,6450,13.29896907216495,485.0,0.040042757987976074
Phenotype_B,coarse,Phenotype_B_DDPM.pt,6475,13.350515463917526,485.0,0.052586883306503296
Phenotype_B,coarse,Phenotype_B_DDPM.pt,6500,13.402061855670103,485.0,0.037192247807979584
Phenotype_B,coarse,Phenotype_B_DDPM.pt,6525,13.45360824742268,485.0,0.02858125790953636
Phenotype_B,coarse,Phenotype_B_DDPM.pt,6550,13.505154639175258,485.0,0.04804317653179169
Phenotype_B,coarse,Phenotype_B_DDPM.pt,6575,13.556701030927835,485.0,0.10010506212711334
Phenotype_B,coarse,Phenotype_B_DDPM.pt,6600,13.608247422680412,485.0,0.03719852864742279
Phenotype_B,coarse,Phenotype_B_DDPM.pt,6625,13.65979381443299,485.0,0.043462760746479034
Phenotype_B,coarse,Phenotype_B_DDPM.pt,6650,13.711340206185566,485.0,0.05959117040038109
Phenotype_B,coarse,Phenotype_B_DDPM.pt,6675,13.762886597938145,485.0,0.06967295706272125
Phenotype_B,coarse,Phenotype_B_DDPM.pt,6700,13.814432989690722,485.0,0.008210442028939724
Phenotype_B,coarse,Phenotype_B_DDPM.pt,6725,13.8659793814433,485.0,0.09587366878986359
Phenotype_B,coarse,Phenotype_B_DDPM.pt,6750,13.917525773195877,485.0,0.1023470014333725
Phenotype_B,coarse,Phenotype_B_DDPM.pt,6775,13.969072164948454,485.0,0.08678005635738373
Phenotype_B,coarse,Phenotype_B_DDPM.pt,6800,14.02061855670103,485.0,0.03359591215848923
Phenotype_B,coarse,Phenotype_B_DDPM.pt,6825,14.072164948453608,485.0,0.014850347302854061
Phenotype_B,coarse,Phenotype_B_DDPM.pt,6850,14.123711340206185,485.0,0.0984700545668602
Phenotype_B,coarse,Phenotype_B_DDPM.pt,6875,14.175257731958762,485.0,0.07283341139554977
Phenotype_B,coarse,Phenotype_B_DDPM.pt,6900,14.22680412371134,485.0,0.044034071266651154
Phenotype_B,coarse,Phenotype_B_DDPM.pt,6925,14.278350515463918,485.0,0.016711879521608353
Phenotype_B,coarse,Phenotype_B_DDPM.pt,6950,14.329896907216495,485.0,0.036675963550806046
Phenotype_B,coarse,Phenotype_B_DDPM.pt,6975,14.381443298969073,485.0,0.031345658004283905
Phenotype_B,coarse,Phenotype_B_DDPM.pt,7000,14.43298969072165,485.0,0.059536270797252655
Phenotype_B,coarse,Phenotype_B_DDPM.pt,7025,14.484536082474227,485.0,0.0417000837624073
Phenotype_B,coarse,Phenotype_B_DDPM.pt,7050,14.536082474226804,485.0,0.07023157179355621
Phenotype_B,coarse,Phenotype_B_DDPM.pt,7075,14.587628865979381,485.0,0.040948536247015
Phenotype_B,coarse,Phenotype_B_DDPM.pt,7100,14.639175257731958,485.0,0.06334581226110458
Phenotype_B,coarse,Phenotype_B_DDPM.pt,7125,14.690721649484535,485.0,0.07688137888908386
Phenotype_B,coarse,Phenotype_B_DDPM.pt,7150,14.742268041237113,485.0,0.03326396644115448
Phenotype_B,coarse,Phenotype_B_DDPM.pt,7175,14.793814432989691,485.0,0.07428884506225586
Phenotype_B,coarse,Phenotype_B_DDPM.pt,7200,14.845360824742269,485.0,0.03638511896133423
Phenotype_B,coarse,Phenotype_B_DDPM.pt,7225,14.896907216494846,485.0,0.037967510521411896
Phenotype_B,coarse,Phenotype_B_DDPM.pt,7250,14.948453608247423,485.0,0.07183674722909927
Phenotype_B,coarse,Phenotype_B_DDPM.pt,7275,15.0,485.0,0.006923521403223276
Phenotype_B,coarse,Phenotype_B_DDPM.pt,7300,15.051546391752577,485.0,0.03554534912109375
Phenotype_B,coarse,Phenotype_B_DDPM.pt,7325,15.103092783505154,485.0,0.017137102782726288
Phenotype_B,coarse,Phenotype_B_DDPM.pt,7350,15.154639175257731,485.0,0.029018837958574295
Phenotype_B,coarse,Phenotype_B_DDPM.pt,7375,15.206185567010309,485.0,0.06620490550994873
Phenotype_B,coarse,Phenotype_B_DDPM.pt,7400,15.257731958762887,485.0,0.008545372635126114
Phenotype_B,coarse,Phenotype_B_DDPM.pt,7425,15.309278350515465,485.0,0.07561039924621582
Phenotype_B,coarse,Phenotype_B_DDPM.pt,7450,15.360824742268042,485.0,0.03443490341305733
Phenotype_B,coarse,Phenotype_B_DDPM.pt,7475,15.412371134020619,485.0,0.04083157703280449
Phenotype_B,coarse,Phenotype_B_DDPM.pt,7500,15.463917525773196,485.0,0.05013349652290344
Phenotype_B,coarse,Phenotype_B_DDPM.pt,7525,15.515463917525773,485.0,0.06884098798036575
Phenotype_B,coarse,Phenotype_B_DDPM.pt,7550,15.56701030927835,485.0,0.030121222138404846
Phenotype_B,coarse,Phenotype_B_DDPM.pt,7575,15.618556701030927,485.0,0.044006675481796265
Phenotype_B,coarse,Phenotype_B_DDPM.pt,7600,15.670103092783505,485.0,0.027913076803088188
Phenotype_B,coarse,Phenotype_B_DDPM.pt,7625,15.721649484536082,485.0,0.0457376092672348
Phenotype_B,coarse,Phenotype_B_DDPM.pt,7650,15.77319587628866,485.0,0.026848264038562775
Phenotype_B,coarse,Phenotype_B_DDPM.pt,7675,15.824742268041238,485.0,0.061920471489429474
Phenotype_B,coarse,Phenotype_B_DDPM.pt,7700,15.876288659793815,485.0,0.05507156252861023
Phenotype_B,coarse,Phenotype_B_DDPM.pt,7725,15.927835051546392,485.0,0.15361753106117249
Phenotype_B,coarse,Phenotype_B_DDPM.pt,7750,15.97938144329897,485.0,0.026629313826560974
Phenotype_B,coarse,Phenotype_B_DDPM.pt,7775,16.030927835051546,485.0,0.039097610861063004
Phenotype_B,coarse,Phenotype_B_DDPM.pt,7800,16.082474226804123,485.0,0.01073448546230793
Phenotype_B,coarse,Phenotype_B_DDPM.pt,7825,16.1340206185567,485.0,0.05802135914564133
Phenotype_B,coarse,Phenotype_B_DDPM.pt,7850,16.185567010309278,485.0,0.03682961314916611
Phenotype_B,coarse,Phenotype_B_DDPM.pt,7875,16.237113402061855,485.0,0.04910806566476822
Phenotype_B,coarse,Phenotype_B_DDPM.pt,7900,16.288659793814432,485.0,0.031689729541540146
Phenotype_B,coarse,Phenotype_B_DDPM.pt,7925,16.34020618556701,485.0,0.08605581521987915
Phenotype_B,coarse,Phenotype_B_DDPM.pt,7950,16.391752577319586,485.0,0.052718788385391235
Phenotype_B,coarse,Phenotype_B_DDPM.pt,7975,16.443298969072163,485.0,0.022409643977880478
Phenotype_B,coarse,Phenotype_B_DDPM.pt,8000,16.49484536082474,485.0,0.023051634430885315
Phenotype_B,coarse,Phenotype_B_DDPM.pt,8025,16.54639175257732,485.0,0.05471087247133255
Phenotype_B,coarse,Phenotype_B_DDPM.pt,8050,16.5979381443299,485.0,0.038942597806453705
Phenotype_B,coarse,Phenotype_B_DDPM.pt,8075,16.649484536082475,485.0,0.03145474195480347
Phenotype_B,coarse,Phenotype_B_DDPM.pt,8100,16.701030927835053,485.0,0.07776330411434174
Phenotype_B,coarse,Phenotype_B_DDPM.pt,8125,16.75257731958763,485.0,0.0975031852722168
Phenotype_B,coarse,Phenotype_B_DDPM.pt,8150,16.804123711340207,485.0,0.056791752576828
Phenotype_B,coarse,Phenotype_B_DDPM.pt,8175,16.855670103092784,485.0,0.09532499313354492
Phenotype_B,coarse,Phenotype_B_DDPM.pt,8200,16.90721649484536,485.0,0.07434190064668655
Phenotype_B,coarse,Phenotype_B_DDPM.pt,8225,16.95876288659794,485.0,0.03817877918481827
Phenotype_B,coarse,Phenotype_B_DDPM.pt,8250,17.010309278350515,485.0,0.06419571489095688
Phenotype_B,coarse,Phenotype_B_DDPM.pt,8275,17.061855670103093,485.0,0.04456200450658798
Phenotype_B,coarse,Phenotype_B_DDPM.pt,8300,17.11340206185567,485.0,0.10323623567819595
Phenotype_B,coarse,Phenotype_B_DDPM.pt,8325,17.164948453608247,485.0,0.06067287549376488
Phenotype_B,coarse,Phenotype_B_DDPM.pt,8350,17.216494845360824,485.0,0.06793953478336334
Phenotype_B,coarse,Phenotype_B_DDPM.pt,8375,17.2680412371134,485.0,0.0629766434431076
Phenotype_B,coarse,Phenotype_B_DDPM.pt,8400,17.31958762886598,485.0,0.02118845097720623
Phenotype_B,coarse,Phenotype_B_DDPM.pt,8425,17.371134020618555,485.0,0.012271622195839882
Phenotype_B,coarse,Phenotype_B_DDPM.pt,8450,17.422680412371133,485.0,0.05650925263762474
Phenotype_B,coarse,Phenotype_B_DDPM.pt,8475,17.47422680412371,485.0,0.017862841486930847
Phenotype_B,coarse,Phenotype_B_DDPM.pt,8500,17.52577319587629,485.0,0.05116792768239975
Phenotype_B,coarse,Phenotype_B_DDPM.pt,8525,17.577319587628867,485.0,0.05211997777223587
Phenotype_B,coarse,Phenotype_B_DDPM.pt,8550,17.628865979381445,485.0,0.04951656609773636
Phenotype_B,coarse,Phenotype_B_DDPM.pt,8575,17.68041237113402,485.0,0.07681553065776825
Phenotype_B,coarse,Phenotype_B_DDPM.pt,8600,17.7319587628866,485.0,0.0401068851351738
Phenotype_B,coarse,Phenotype_B_DDPM.pt,8625,17.783505154639176,485.0,0.0566646046936512
Phenotype_B,coarse,Phenotype_B_DDPM.pt,8650,17.835051546391753,485.0,0.026815056800842285
Phenotype_B,coarse,Phenotype_B_DDPM.pt,8675,17.88659793814433,485.0,0.04683886468410492
Phenotype_B,coarse,Phenotype_B_DDPM.pt,8700,17.938144329896907,485.0,0.040047671645879745
Phenotype_B,coarse,Phenotype_B_DDPM.pt,8725,17.989690721649485,485.0,0.031016496941447258
Phenotype_B,coarse,Phenotype_B_DDPM.pt,8750,18.04123711340206,485.0,0.05735337734222412
Phenotype_B,coarse,Phenotype_B_DDPM.pt,8775,18.09278350515464,485.0,0.07007648050785065
Phenotype_B,coarse,Phenotype_B_DDPM.pt,8800,18.144329896907216,485.0,0.018502041697502136
Phenotype_B,coarse,Phenotype_B_DDPM.pt,8825,18.195876288659793,485.0,0.020236022770404816
Phenotype_B,coarse,Phenotype_B_DDPM.pt,8850,18.24742268041237,485.0,0.016215991228818893
Phenotype_B,coarse,Phenotype_B_DDPM.pt,8875,18.298969072164947,485.0,0.019162746146321297
Phenotype_B,coarse,Phenotype_B_DDPM.pt,8900,18.350515463917525,485.0,0.05997586250305176
Phenotype_B,coarse,Phenotype_B_DDPM.pt,8925,18.4020618556701,485.0,0.05770754814147949
Phenotype_B,coarse,Phenotype_B_DDPM.pt,8950,18.45360824742268,485.0,0.06911182403564453
Phenotype_B,coarse,Phenotype_B_DDPM.pt,8975,18.50515463917526,485.0,0.04469648003578186
Phenotype_B,coarse,Phenotype_B_DDPM.pt,9000,18.556701030927837,485.0,0.011146262288093567
Phenotype_B,coarse,Phenotype_B_DDPM.pt,9025,18.608247422680414,485.0,0.056035708636045456
Phenotype_B,coarse,Phenotype_B_DDPM.pt,9050,18.65979381443299,485.0,0.04189836233854294
Phenotype_B,coarse,Phenotype_B_DDPM.pt,9075,18.711340206185568,485.0,0.07231202721595764
Phenotype_B,coarse,Phenotype_B_DDPM.pt,9100,18.762886597938145,485.0,0.01687074825167656
Phenotype_B,coarse,Phenotype_B_DDPM.pt,9125,18.814432989690722,485.0,0.05090612173080444
Phenotype_B,coarse,Phenotype_B_DDPM.pt,9150,18.8659793814433,485.0,0.027824310585856438
Phenotype_B,coarse,Phenotype_B_DDPM.pt,9175,18.917525773195877,485.0,0.03614269942045212
Phenotype_B,coarse,Phenotype_B_DDPM.pt,9200,18.969072164948454,485.0,0.026861533522605896
Phenotype_B,coarse,Phenotype_B_DDPM.pt,9225,19.02061855670103,485.0,0.03603677451610565
Phenotype_B,coarse,Phenotype_B_DDPM.pt,9250,19.072164948453608,485.0,0.07289497554302216
Phenotype_B,coarse,Phenotype_B_DDPM.pt,9275,19.123711340206185,485.0,0.02649237960577011
Phenotype_B,coarse,Phenotype_B_DDPM.pt,9300,19.175257731958762,485.0,0.061194390058517456
Phenotype_B,coarse,Phenotype_B_DDPM.pt,9325,19.22680412371134,485.0,0.04810022562742233
Phenotype_B,coarse,Phenotype_B_DDPM.pt,9350,19.278350515463917,485.0,0.06698312610387802
Phenotype_B,coarse,Phenotype_B_DDPM.pt,9375,19.329896907216494,485.0,0.02406815066933632
Phenotype_B,coarse,Phenotype_B_DDPM.pt,9400,19.38144329896907,485.0,0.02356618084013462
Phenotype_B,coarse,Phenotype_B_DDPM.pt,9425,19.432989690721648,485.0,0.06441109627485275
Phenotype_B,coarse,Phenotype_B_DDPM.pt,9450,19.484536082474225,485.0,0.04875025898218155
Phenotype_B,coarse,Phenotype_B_DDPM.pt,9475,19.536082474226806,485.0,0.07237962633371353
Phenotype_B,coarse,Phenotype_B_DDPM.pt,9500,19.587628865979383,485.0,0.01201649196445942
Phenotype_B,coarse,Phenotype_B_DDPM.pt,9525,19.63917525773196,485.0,0.029082611203193665
Phenotype_B,coarse,Phenotype_B_DDPM.pt,9550,19.690721649484537,485.0,0.11158810555934906
Phenotype_B,coarse,Phenotype_B_DDPM.pt,9575,19.742268041237114,485.0,0.03302164003252983
Phenotype_B,coarse,Phenotype_B_DDPM.pt,9600,19.79381443298969,485.0,0.05622043460607529
Phenotype_B,coarse,Phenotype_B_DDPM.pt,9625,19.84536082474227,485.0,0.022827619686722755
Phenotype_B,coarse,Phenotype_B_DDPM.pt,9650,19.896907216494846,485.0,0.08470475673675537
Phenotype_B,coarse,Phenotype_B_DDPM.pt,9675,19.948453608247423,485.0,0.07575405389070511
Phenotype_B,coarse,Phenotype_B_DDPM.pt,9700,20.0,485.0,0.05259942263364792
Phenotype_B,coarse,Phenotype_B_DDPM.pt,9725,20.051546391752577,485.0,0.055509716272354126
Phenotype_B,coarse,Phenotype_B_DDPM.pt,9750,20.103092783505154,485.0,0.06548400223255157
Phenotype_B,coarse,Phenotype_B_DDPM.pt,9775,20.15463917525773,485.0,0.015218682587146759
Phenotype_B,coarse,Phenotype_B_DDPM.pt,9800,20.20618556701031,485.0,0.07328395545482635
Phenotype_B,coarse,Phenotype_B_DDPM.pt,9825,20.257731958762886,485.0,0.03390884026885033
Phenotype_B,coarse,Phenotype_B_DDPM.pt,9850,20.309278350515463,485.0,0.05412513017654419
Phenotype_B,coarse,Phenotype_B_DDPM.pt,9875,20.36082474226804,485.0,0.03938381373882294
Phenotype_B,coarse,Phenotype_B_DDPM.pt,9900,20.412371134020617,485.0,0.036656998097896576
Phenotype_B,coarse,Phenotype_B_DDPM.pt,9925,20.463917525773194,485.0,0.03934735804796219
Phenotype_B,coarse,Phenotype_B_DDPM.pt,9950,20.515463917525775,485.0,0.03110435977578163
Phenotype_B,coarse,Phenotype_B_DDPM.pt,9975,20.567010309278352,485.0,0.02268926426768303
Phenotype_B,coarse,Phenotype_B_DDPM.pt,10000,20.61855670103093,485.0,0.044066980481147766
Phenotype_B,coarse,Phenotype_B_DDPM.pt,10025,20.670103092783506,485.0,0.04720635712146759
Phenotype_B,coarse,Phenotype_B_DDPM.pt,10050,20.721649484536083,485.0,0.016887806355953217
Phenotype_B,coarse,Phenotype_B_DDPM.pt,10075,20.77319587628866,485.0,0.007541806437075138
Phenotype_B,coarse,Phenotype_B_DDPM.pt,10100,20.824742268041238,485.0,0.03785158693790436
Phenotype_B,coarse,Phenotype_B_DDPM.pt,10125,20.876288659793815,485.0,0.04421202093362808
Phenotype_B,coarse,Phenotype_B_DDPM.pt,10150,20.927835051546392,485.0,0.032355424016714096
Phenotype_B,coarse,Phenotype_B_DDPM.pt,10175,20.97938144329897,485.0,0.05312028527259827
Phenotype_B,coarse,Phenotype_B_DDPM.pt,10200,21.030927835051546,485.0,0.043921224772930145
Phenotype_B,coarse,Phenotype_B_DDPM.pt,10225,21.082474226804123,485.0,0.02201955020427704
Phenotype_B,coarse,Phenotype_B_DDPM.pt,10250,21.1340206185567,485.0,0.012309761717915535
Phenotype_B,coarse,Phenotype_B_DDPM.pt,10275,21.185567010309278,485.0,0.08495528250932693
Phenotype_B,coarse,Phenotype_B_DDPM.pt,10300,21.237113402061855,485.0,0.050937145948410034
Phenotype_B,coarse,Phenotype_B_DDPM.pt,10325,21.288659793814432,485.0,0.032471589744091034
Phenotype_B,coarse,Phenotype_B_DDPM.pt,10350,21.34020618556701,485.0,0.02395324409008026
Phenotype_B,coarse,Phenotype_B_DDPM.pt,10375,21.391752577319586,485.0,0.020930171012878418
Phenotype_B,coarse,Phenotype_B_DDPM.pt,10400,21.443298969072163,485.0,0.005782870575785637
Phenotype_B,coarse,Phenotype_B_DDPM.pt,10425,21.49484536082474,485.0,0.04243822023272514
Phenotype_B,coarse,Phenotype_B_DDPM.pt,10450,21.54639175257732,485.0,0.04290927201509476
Phenotype_B,coarse,Phenotype_B_DDPM.pt,10475,21.5979381443299,485.0,0.025752443820238113
Phenotype_B,coarse,Phenotype_B_DDPM.pt,10500,21.649484536082475,485.0,0.025022413581609726
Phenotype_B,coarse,Phenotype_B_DDPM.pt,10525,21.701030927835053,485.0,0.018521908670663834
Phenotype_B,coarse,Phenotype_B_DDPM.pt,10550,21.75257731958763,485.0,0.07091712206602097
Phenotype_B,coarse,Phenotype_B_DDPM.pt,10575,21.804123711340207,485.0,0.03256049379706383
Phenotype_B,coarse,Phenotype_B_DDPM.pt,10600,21.855670103092784,485.0,0.04845154285430908
Phenotype_B,coarse,Phenotype_B_DDPM.pt,10625,21.90721649484536,485.0,0.04474853724241257
Phenotype_B,coarse,Phenotype_B_DDPM.pt,10650,21.95876288659794,485.0,0.03998022526502609
Phenotype_B,coarse,Phenotype_B_DDPM.pt,10675,22.010309278350515,485.0,0.09183633327484131
Phenotype_B,coarse,Phenotype_B_DDPM.pt,10700,22.061855670103093,485.0,0.060528866946697235
Phenotype_B,coarse,Phenotype_B_DDPM.pt,10725,22.11340206185567,485.0,0.03160576522350311
Phenotype_B,coarse,Phenotype_B_DDPM.pt,10750,22.164948453608247,485.0,0.05003005266189575
Phenotype_B,coarse,Phenotype_B_DDPM.pt,10775,22.216494845360824,485.0,0.10978293418884277
Phenotype_B,coarse,Phenotype_B_DDPM.pt,10800,22.2680412371134,485.0,0.061277735978364944
Phenotype_B,coarse,Phenotype_B_DDPM.pt,10825,22.31958762886598,485.0,0.04423251003026962
Phenotype_B,coarse,Phenotype_B_DDPM.pt,10850,22.371134020618555,485.0,0.11857082694768906
Phenotype_B,coarse,Phenotype_B_DDPM.pt,10875,22.422680412371133,485.0,0.03139082342386246
Phenotype_B,coarse,Phenotype_B_DDPM.pt,10900,22.47422680412371,485.0,0.028634551912546158
Phenotype_B,coarse,Phenotype_B_DDPM.pt,10925,22.52577319587629,485.0,0.04279795289039612
Phenotype_B,coarse,Phenotype_B_DDPM.pt,10950,22.577319587628867,485.0,0.08764862269163132
Phenotype_B,coarse,Phenotype_B_DDPM.pt,10975,22.628865979381445,485.0,0.05631464719772339
Phenotype_B,coarse,Phenotype_B_DDPM.pt,11000,22.68041237113402,485.0,0.04489565268158913
Phenotype_B,coarse,Phenotype_B_DDPM.pt,11025,22.7319587628866,485.0,0.04516083747148514
Phenotype_B,coarse,Phenotype_B_DDPM.pt,11050,22.783505154639176,485.0,0.023752184584736824
Phenotype_B,coarse,Phenotype_B_DDPM.pt,11075,22.835051546391753,485.0,0.02435292862355709
Phenotype_B,coarse,Phenotype_B_DDPM.pt,11100,22.88659793814433,485.0,0.0747256949543953
Phenotype_B,coarse,Phenotype_B_DDPM.pt,11125,22.938144329896907,485.0,0.01923290267586708
Phenotype_B,coarse,Phenotype_B_DDPM.pt,11150,22.989690721649485,485.0,0.030376974493265152
Phenotype_B,coarse,Phenotype_B_DDPM.pt,11175,23.04123711340206,485.0,0.055188536643981934
Phenotype_B,coarse,Phenotype_B_DDPM.pt,11200,23.09278350515464,485.0,0.056568242609500885
Phenotype_B,coarse,Phenotype_B_DDPM.pt,11225,23.144329896907216,485.0,0.03918026387691498
Phenotype_B,coarse,Phenotype_B_DDPM.pt,11250,23.195876288659793,485.0,0.021807361394166946
Phenotype_B,coarse,Phenotype_B_DDPM.pt,11275,23.24742268041237,485.0,0.07300487905740738
Phenotype_B,coarse,Phenotype_B_DDPM.pt,11300,23.298969072164947,485.0,0.0097433403134346
Phenotype_B,coarse,Phenotype_B_DDPM.pt,11325,23.350515463917525,485.0,0.013739104382693768
Phenotype_B,coarse,Phenotype_B_DDPM.pt,11350,23.4020618556701,485.0,0.07247714698314667
Phenotype_B,coarse,Phenotype_B_DDPM.pt,11375,23.45360824742268,485.0,0.04384194687008858
Phenotype_B,coarse,Phenotype_B_DDPM.pt,11400,23.50515463917526,485.0,0.013869927264750004
Phenotype_B,coarse,Phenotype_B_DDPM.pt,11425,23.556701030927837,485.0,0.028426339849829674
Phenotype_B,coarse,Phenotype_B_DDPM.pt,11450,23.608247422680414,485.0,0.04855533316731453
Phenotype_B,coarse,Phenotype_B_DDPM.pt,11475,23.65979381443299,485.0,0.019244402647018433
Phenotype_B,coarse,Phenotype_B_DDPM.pt,11500,23.711340206185568,485.0,0.013888638466596603
Phenotype_B,coarse,Phenotype_B_DDPM.pt,11525,23.762886597938145,485.0,0.027279838919639587
Phenotype_B,coarse,Phenotype_B_DDPM.pt,11550,23.814432989690722,485.0,0.03175022080540657
Phenotype_B,coarse,Phenotype_B_DDPM.pt,11575,23.8659793814433,485.0,0.04233347624540329
Phenotype_B,coarse,Phenotype_B_DDPM.pt,11600,23.917525773195877,485.0,0.013531824573874474
Phenotype_B,coarse,Phenotype_B_DDPM.pt,11625,23.969072164948454,485.0,0.03065226599574089
Phenotype_B,coarse,Phenotype_B_DDPM.pt,11650,24.02061855670103,485.0,0.04385121539235115
Phenotype_B,coarse,Phenotype_B_DDPM.pt,11675,24.072164948453608,485.0,0.03350822255015373
Phenotype_B,coarse,Phenotype_B_DDPM.pt,11700,24.123711340206185,485.0,0.03569335117936134
Phenotype_B,coarse,Phenotype_B_DDPM.pt,11725,24.175257731958762,485.0,0.0702085867524147
Phenotype_B,coarse,Phenotype_B_DDPM.pt,11750,24.22680412371134,485.0,0.026866715401411057
Phenotype_B,coarse,Phenotype_B_DDPM.pt,11775,24.278350515463917,485.0,0.010257669724524021
Phenotype_B,coarse,Phenotype_B_DDPM.pt,11800,24.329896907216494,485.0,0.048885807394981384
Phenotype_B,coarse,Phenotype_B_DDPM.pt,11825,24.38144329896907,485.0,0.0289347842335701
Phenotype_B,coarse,Phenotype_B_DDPM.pt,11850,24.432989690721648,485.0,0.0449400320649147
Phenotype_B,coarse,Phenotype_B_DDPM.pt,11875,24.484536082474225,485.0,0.01333809643983841
Phenotype_B,coarse,Phenotype_B_DDPM.pt,11900,24.536082474226806,485.0,0.049660515040159225
Phenotype_B,coarse,Phenotype_B_DDPM.pt,11925,24.587628865979383,485.0,0.04385794699192047
Phenotype_B,coarse,Phenotype_B_DDPM.pt,11950,24.63917525773196,485.0,0.04023270308971405
Phenotype_B,coarse,Phenotype_B_DDPM.pt,11975,24.690721649484537,485.0,0.012962276116013527
Phenotype_B,coarse,Phenotype_B_DDPM.pt,12000,24.742268041237114,485.0,0.03676939755678177
Phenotype_B,coarse,Phenotype_B_DDPM.pt,12025,24.79381443298969,485.0,0.056966084986925125
Phenotype_B,coarse,Phenotype_B_DDPM.pt,12050,24.84536082474227,485.0,0.03705462068319321
Phenotype_B,coarse,Phenotype_B_DDPM.pt,12075,24.896907216494846,485.0,0.009515566751360893
Phenotype_B,coarse,Phenotype_B_DDPM.pt,12100,24.948453608247423,485.0,0.06222483888268471
Phenotype_B,coarse,Phenotype_B_DDPM.pt,12125,25.0,485.0,0.08796478062868118
Phenotype_B,coarse,Phenotype_B_DDPM.pt,12150,25.051546391752577,485.0,0.03953757882118225
Phenotype_B,coarse,Phenotype_B_DDPM.pt,12175,25.103092783505154,485.0,0.033937372267246246
Phenotype_B,coarse,Phenotype_B_DDPM.pt,12200,25.15463917525773,485.0,0.07249429821968079
Phenotype_B,coarse,Phenotype_B_DDPM.pt,12225,25.20618556701031,485.0,0.0859450250864029
Phenotype_B,coarse,Phenotype_B_DDPM.pt,12250,25.257731958762886,485.0,0.012519627809524536
Phenotype_B,coarse,Phenotype_B_DDPM.pt,12275,25.309278350515463,485.0,0.03837013989686966
Phenotype_B,coarse,Phenotype_B_DDPM.pt,12300,25.36082474226804,485.0,0.036625590175390244
Phenotype_B,coarse,Phenotype_B_DDPM.pt,12325,25.412371134020617,485.0,0.043431367725133896
Phenotype_B,coarse,Phenotype_B_DDPM.pt,12350,25.463917525773194,485.0,0.05710354447364807
Phenotype_B,coarse,Phenotype_B_DDPM.pt,12375,25.515463917525775,485.0,0.02000819705426693
Phenotype_B,coarse,Phenotype_B_DDPM.pt,12400,25.567010309278352,485.0,0.07380270212888718
Phenotype_B,coarse,Phenotype_B_DDPM.pt,12425,25.61855670103093,485.0,0.03605341538786888
Phenotype_B,coarse,Phenotype_B_DDPM.pt,12450,25.670103092783506,485.0,0.009351197630167007
Phenotype_B,coarse,Phenotype_B_DDPM.pt,12475,25.721649484536083,485.0,0.04202689230442047
Phenotype_B,coarse,Phenotype_B_DDPM.pt,12500,25.77319587628866,485.0,0.02398093417286873
Phenotype_B,coarse,Phenotype_B_DDPM.pt,12525,25.824742268041238,485.0,0.057155542075634
Phenotype_B,coarse,Phenotype_B_DDPM.pt,12550,25.876288659793815,485.0,0.06326407194137573
Phenotype_B,coarse,Phenotype_B_DDPM.pt,12575,25.927835051546392,485.0,0.025253454223275185
Phenotype_B,coarse,Phenotype_B_DDPM.pt,12600,25.97938144329897,485.0,0.056239157915115356
Phenotype_B,coarse,Phenotype_B_DDPM.pt,12625,26.030927835051546,485.0,0.04164823144674301
Phenotype_B,coarse,Phenotype_B_DDPM.pt,12650,26.082474226804123,485.0,0.012914706021547318
Phenotype_B,coarse,Phenotype_B_DDPM.pt,12675,26.1340206185567,485.0,0.08536951243877411
Phenotype_B,coarse,Phenotype_B_DDPM.pt,12700,26.185567010309278,485.0,0.014970874413847923
Phenotype_B,coarse,Phenotype_B_DDPM.pt,12725,26.237113402061855,485.0,0.03808591887354851
Phenotype_B,coarse,Phenotype_B_DDPM.pt,12750,26.288659793814432,485.0,0.05854686722159386
Phenotype_B,coarse,Phenotype_B_DDPM.pt,12775,26.34020618556701,485.0,0.052931420505046844
Phenotype_B,coarse,Phenotype_B_DDPM.pt,12800,26.391752577319586,485.0,0.046071916818618774
Phenotype_B,coarse,Phenotype_B_DDPM.pt,12825,26.443298969072163,485.0,0.05052301287651062
Phenotype_B,coarse,Phenotype_B_DDPM.pt,12850,26.49484536082474,485.0,0.009571441449224949
Phenotype_B,coarse,Phenotype_B_DDPM.pt,12875,26.54639175257732,485.0,0.12246373295783997
Phenotype_B,coarse,Phenotype_B_DDPM.pt,12900,26.5979381443299,485.0,0.04167095571756363
Phenotype_B,coarse,Phenotype_B_DDPM.pt,12925,26.649484536082475,485.0,0.02677592635154724
Phenotype_B,coarse,Phenotype_B_DDPM.pt,12950,26.701030927835053,485.0,0.043513983488082886
Phenotype_B,coarse,Phenotype_B_DDPM.pt,12975,26.75257731958763,485.0,0.0648765116930008
Phenotype_B,coarse,Phenotype_B_DDPM.pt,13000,26.804123711340207,485.0,0.06089499592781067
Phenotype_B,coarse,Phenotype_B_DDPM.pt,13025,26.855670103092784,485.0,0.03186330944299698
Phenotype_B,coarse,Phenotype_B_DDPM.pt,13050,26.90721649484536,485.0,0.09877254068851471
Phenotype_B,coarse,Phenotype_B_DDPM.pt,13075,26.95876288659794,485.0,0.02622826397418976
Phenotype_B,coarse,Phenotype_B_DDPM.pt,13100,27.010309278350515,485.0,0.018532317131757736
Phenotype_B,coarse,Phenotype_B_DDPM.pt,13125,27.061855670103093,485.0,0.05161347612738609
Phenotype_B,coarse,Phenotype_B_DDPM.pt,13150,27.11340206185567,485.0,0.022468330338597298
Phenotype_B,coarse,Phenotype_B_DDPM.pt,13175,27.164948453608247,485.0,0.07938212156295776
Phenotype_B,coarse,Phenotype_B_DDPM.pt,13200,27.216494845360824,485.0,0.04313907027244568
Phenotype_B,coarse,Phenotype_B_DDPM.pt,13225,27.2680412371134,485.0,0.02730884775519371
Phenotype_B,coarse,Phenotype_B_DDPM.pt,13250,27.31958762886598,485.0,0.01239074021577835
Phenotype_B,coarse,Phenotype_B_DDPM.pt,13275,27.371134020618555,485.0,0.0070660049095749855
Phenotype_B,coarse,Phenotype_B_DDPM.pt,13300,27.422680412371133,485.0,0.02598794549703598
Phenotype_B,coarse,Phenotype_B_DDPM.pt,13325,27.47422680412371,485.0,0.09416583180427551
Phenotype_B,coarse,Phenotype_B_DDPM.pt,13350,27.52577319587629,485.0,0.0182962566614151
Phenotype_B,coarse,Phenotype_B_DDPM.pt,13375,27.577319587628867,485.0,0.04551386088132858
Phenotype_B,coarse,Phenotype_B_DDPM.pt,13400,27.628865979381445,485.0,0.06745894253253937
Phenotype_B,coarse,Phenotype_B_DDPM.pt,13425,27.68041237113402,485.0,0.024359479546546936
Phenotype_B,coarse,Phenotype_B_DDPM.pt,13450,27.7319587628866,485.0,0.05660388618707657
Phenotype_B,coarse,Phenotype_B_DDPM.pt,13475,27.783505154639176,485.0,0.08371642231941223
Phenotype_B,coarse,Phenotype_B_DDPM.pt,13500,27.835051546391753,485.0,0.022935517132282257
Phenotype_B,coarse,Phenotype_B_DDPM.pt,13525,27.88659793814433,485.0,0.027066748589277267
Phenotype_B,coarse,Phenotype_B_DDPM.pt,13550,27.938144329896907,485.0,0.024728896096348763
Phenotype_B,coarse,Phenotype_B_DDPM.pt,13575,27.989690721649485,485.0,0.03666500747203827
Phenotype_B,coarse,Phenotype_B_DDPM.pt,13600,28.04123711340206,485.0,0.0408540815114975
Phenotype_B,coarse,Phenotype_B_DDPM.pt,13625,28.09278350515464,485.0,0.07818029820919037
Phenotype_B,coarse,Phenotype_B_DDPM.pt,13650,28.144329896907216,485.0,0.03939056023955345
Phenotype_B,coarse,Phenotype_B_DDPM.pt,13675,28.195876288659793,485.0,0.031089358031749725
Phenotype_B,coarse,Phenotype_B_DDPM.pt,13700,28.24742268041237,485.0,0.05384950712323189
Phenotype_B,coarse,Phenotype_B_DDPM.pt,13725,28.298969072164947,485.0,0.05864432081580162
Phenotype_B,coarse,Phenotype_B_DDPM.pt,13750,28.350515463917525,485.0,0.02378266304731369
Phenotype_B,coarse,Phenotype_B_DDPM.pt,13775,28.4020618556701,485.0,0.037980541586875916
Phenotype_B,coarse,Phenotype_B_DDPM.pt,13800,28.45360824742268,485.0,0.04031732305884361
Phenotype_B,coarse,Phenotype_B_DDPM.pt,13825,28.50515463917526,485.0,0.029530730098485947
Phenotype_B,coarse,Phenotype_B_DDPM.pt,13850,28.556701030927837,485.0,0.0814574807882309
Phenotype_B,coarse,Phenotype_B_DDPM.pt,13875,28.608247422680414,485.0,0.01794036664068699
Phenotype_B,coarse,Phenotype_B_DDPM.pt,13900,28.65979381443299,485.0,0.022242151200771332
Phenotype_B,coarse,Phenotype_B_DDPM.pt,13925,28.711340206185568,485.0,0.046545714139938354
Phenotype_B,coarse,Phenotype_B_DDPM.pt,13950,28.762886597938145,485.0,0.07316918671131134
Phenotype_B,coarse,Phenotype_B_DDPM.pt,13975,28.814432989690722,485.0,0.022184371948242188
Phenotype_B,coarse,Phenotype_B_DDPM.pt,14000,28.8659793814433,485.0,0.014605938456952572
Phenotype_B,coarse,Phenotype_B_DDPM.pt,14025,28.917525773195877,485.0,0.03297881782054901
Phenotype_B,coarse,Phenotype_B_DDPM.pt,14050,28.969072164948454,485.0,0.061646755784749985
Phenotype_B,coarse,Phenotype_B_DDPM.pt,14075,29.02061855670103,485.0,0.07920334488153458
Phenotype_B,coarse,Phenotype_B_DDPM.pt,14100,29.072164948453608,485.0,0.029276883229613304
Phenotype_B,coarse,Phenotype_B_DDPM.pt,14125,29.123711340206185,485.0,0.052802205085754395
Phenotype_B,coarse,Phenotype_B_DDPM.pt,14150,29.175257731958762,485.0,0.03427760675549507
Phenotype_B,coarse,Phenotype_B_DDPM.pt,14175,29.22680412371134,485.0,0.03142600506544113
Phenotype_B,coarse,Phenotype_B_DDPM.pt,14200,29.278350515463917,485.0,0.00975017063319683
Phenotype_B,coarse,Phenotype_B_DDPM.pt,14225,29.329896907216494,485.0,0.012074770405888557
Phenotype_B,coarse,Phenotype_B_DDPM.pt,14250,29.38144329896907,485.0,0.020569581538438797
Phenotype_B,coarse,Phenotype_B_DDPM.pt,14275,29.432989690721648,485.0,0.021933235228061676
Phenotype_B,coarse,Phenotype_B_DDPM.pt,14300,29.484536082474225,485.0,0.04309751093387604
Phenotype_B,coarse,Phenotype_B_DDPM.pt,14325,29.536082474226806,485.0,0.04900706931948662
Phenotype_B,coarse,Phenotype_B_DDPM.pt,14350,29.587628865979383,485.0,0.07773285359144211
Phenotype_B,coarse,Phenotype_B_DDPM.pt,14375,29.63917525773196,485.0,0.027772005647420883
Phenotype_B,coarse,Phenotype_B_DDPM.pt,14400,29.690721649484537,485.0,0.017903637140989304
Phenotype_B,coarse,Phenotype_B_DDPM.pt,14425,29.742268041237114,485.0,0.055216334760189056
Phenotype_B,coarse,Phenotype_B_DDPM.pt,14450,29.79381443298969,485.0,0.0519450344145298
Phenotype_B,coarse,Phenotype_B_DDPM.pt,14475,29.84536082474227,485.0,0.04492339491844177
Phenotype_B,coarse,Phenotype_B_DDPM.pt,14500,29.896907216494846,485.0,0.013499557971954346
Phenotype_B,coarse,Phenotype_B_DDPM.pt,14525,29.948453608247423,485.0,0.015096627175807953
Phenotype_B,coarse,Phenotype_B_DDPM.pt,14550,30.0,485.0,0.011062972247600555
Phenotype_B,coarse,Phenotype_B_DDPM.pt,14575,30.051546391752577,485.0,0.025473933666944504
Phenotype_B,coarse,Phenotype_B_DDPM.pt,14600,30.103092783505154,485.0,0.07310409843921661
Phenotype_B,coarse,Phenotype_B_DDPM.pt,14625,30.15463917525773,485.0,0.03058694489300251
Phenotype_B,coarse,Phenotype_B_DDPM.pt,14650,30.20618556701031,485.0,0.04324392229318619
Phenotype_B,coarse,Phenotype_B_DDPM.pt,14675,30.257731958762886,485.0,0.008527163416147232
Phenotype_B,coarse,Phenotype_B_DDPM.pt,14700,30.309278350515463,485.0,0.05221995711326599
Phenotype_B,coarse,Phenotype_B_DDPM.pt,14725,30.36082474226804,485.0,0.021638507023453712
Phenotype_B,coarse,Phenotype_B_DDPM.pt,14750,30.412371134020617,485.0,0.045220162719488144
Phenotype_B,coarse,Phenotype_B_DDPM.pt,14775,30.463917525773194,485.0,0.009866245090961456
Phenotype_B,coarse,Phenotype_B_DDPM.pt,14800,30.515463917525775,485.0,0.03584758937358856
Phenotype_B,coarse,Phenotype_B_DDPM.pt,14825,30.567010309278352,485.0,0.038408346474170685
Phenotype_B,coarse,Phenotype_B_DDPM.pt,14850,30.61855670103093,485.0,0.026490379124879837
Phenotype_B,coarse,Phenotype_B_DDPM.pt,14875,30.670103092783506,485.0,0.02976261079311371
Phenotype_B,coarse,Phenotype_B_DDPM.pt,14900,30.721649484536083,485.0,0.01776946522295475
Phenotype_B,coarse,Phenotype_B_DDPM.pt,14925,30.77319587628866,485.0,0.08468762040138245
Phenotype_B,coarse,Phenotype_B_DDPM.pt,14950,30.824742268041238,485.0,0.022323518991470337
Phenotype_B,coarse,Phenotype_B_DDPM.pt,14975,30.876288659793815,485.0,0.03144408389925957
Phenotype_B,coarse,Phenotype_B_DDPM.pt,15000,30.927835051546392,485.0,0.011898110620677471
Phenotype_B,coarse,Phenotype_B_DDPM.pt,15025,30.97938144329897,485.0,0.0245696809142828
Phenotype_B,coarse,Phenotype_B_DDPM.pt,15050,31.030927835051546,485.0,0.09158285707235336
Phenotype_B,coarse,Phenotype_B_DDPM.pt,15075,31.082474226804123,485.0,0.019484125077724457
Phenotype_B,coarse,Phenotype_B_DDPM.pt,15100,31.1340206185567,485.0,0.03411167487502098
Phenotype_B,coarse,Phenotype_B_DDPM.pt,15125,31.185567010309278,485.0,0.05625993758440018
Phenotype_B,coarse,Phenotype_B_DDPM.pt,15150,31.237113402061855,485.0,0.026248302310705185
Phenotype_B,coarse,Phenotype_B_DDPM.pt,15175,31.288659793814432,485.0,0.04293442144989967
Phenotype_B,coarse,Phenotype_B_DDPM.pt,15200,31.34020618556701,485.0,0.027675814926624298
Phenotype_B,coarse,Phenotype_B_DDPM.pt,15225,31.391752577319586,485.0,0.10393590480089188
Phenotype_B,coarse,Phenotype_B_DDPM.pt,15250,31.443298969072163,485.0,0.026935167610645294
Phenotype_B,coarse,Phenotype_B_DDPM.pt,15275,31.49484536082474,485.0,0.007799595128744841
Phenotype_B,coarse,Phenotype_B_DDPM.pt,15300,31.54639175257732,485.0,0.008445467799901962
Phenotype_B,coarse,Phenotype_B_DDPM.pt,15325,31.5979381443299,485.0,0.08832809329032898
Phenotype_B,coarse,Phenotype_B_DDPM.pt,15350,31.649484536082475,485.0,0.05253022164106369
Phenotype_B,coarse,Phenotype_B_DDPM.pt,15375,31.701030927835053,485.0,0.032267775386571884
Phenotype_B,coarse,Phenotype_B_DDPM.pt,15400,31.75257731958763,485.0,0.047244567424058914
Phenotype_B,coarse,Phenotype_B_DDPM.pt,15425,31.804123711340207,485.0,0.052414823323488235
Phenotype_B,coarse,Phenotype_B_DDPM.pt,15450,31.855670103092784,485.0,0.039107415825128555
Phenotype_B,coarse,Phenotype_B_DDPM.pt,15475,31.90721649484536,485.0,0.0374353751540184
Phenotype_B,coarse,Phenotype_B_DDPM.pt,15500,31.95876288659794,485.0,0.07684779167175293
Phenotype_B,coarse,Phenotype_B_DDPM.pt,15525,32.01030927835052,485.0,0.021016670390963554
Phenotype_B,coarse,Phenotype_B_DDPM.pt,15550,32.06185567010309,485.0,0.05207350105047226
Phenotype_B,coarse,Phenotype_B_DDPM.pt,15575,32.11340206185567,485.0,0.06701453030109406
Phenotype_B,coarse,Phenotype_B_DDPM.pt,15600,32.16494845360825,485.0,0.06326305121183395
Phenotype_B,coarse,Phenotype_B_DDPM.pt,15625,32.21649484536083,485.0,0.022855494171380997
Phenotype_B,coarse,Phenotype_B_DDPM.pt,15650,32.2680412371134,485.0,0.022830091416835785
Phenotype_B,coarse,Phenotype_B_DDPM.pt,15675,32.31958762886598,485.0,0.029198259115219116
Phenotype_B,coarse,Phenotype_B_DDPM.pt,15700,32.371134020618555,485.0,0.02682485245168209
Phenotype_B,coarse,Phenotype_B_DDPM.pt,15725,32.422680412371136,485.0,0.05844191461801529
Phenotype_B,coarse,Phenotype_B_DDPM.pt,15750,32.47422680412371,485.0,0.019101019948720932
Phenotype_B,coarse,Phenotype_B_DDPM.pt,15775,32.52577319587629,485.0,0.0258014053106308
Phenotype_B,coarse,Phenotype_B_DDPM.pt,15800,32.577319587628864,485.0,0.03143009543418884
Phenotype_B,coarse,Phenotype_B_DDPM.pt,15825,32.628865979381445,485.0,0.04421088099479675
Phenotype_B,coarse,Phenotype_B_DDPM.pt,15850,32.68041237113402,485.0,0.010528993792831898
Phenotype_B,coarse,Phenotype_B_DDPM.pt,15875,32.7319587628866,485.0,0.007040222175419331
Phenotype_B,coarse,Phenotype_B_DDPM.pt,15900,32.78350515463917,485.0,0.013887164182960987
Phenotype_B,coarse,Phenotype_B_DDPM.pt,15925,32.83505154639175,485.0,0.009270038455724716
Phenotype_B,coarse,Phenotype_B_DDPM.pt,15950,32.88659793814433,485.0,0.011109614744782448
Phenotype_B,coarse,Phenotype_B_DDPM.pt,15975,32.93814432989691,485.0,0.02949570119380951
Phenotype_B,coarse,Phenotype_B_DDPM.pt,16000,32.98969072164948,485.0,0.027814354747533798
Phenotype_B,coarse,Phenotype_B_DDPM.pt,16025,33.04123711340206,485.0,0.02292093262076378
Phenotype_B,coarse,Phenotype_B_DDPM.pt,16050,33.09278350515464,485.0,0.05211016163229942
Phenotype_B,coarse,Phenotype_B_DDPM.pt,16075,33.144329896907216,485.0,0.03217720240354538
Phenotype_B,coarse,Phenotype_B_DDPM.pt,16100,33.1958762886598,485.0,0.019549855962395668
Phenotype_B,coarse,Phenotype_B_DDPM.pt,16125,33.24742268041237,485.0,0.06822188943624496
Phenotype_B,coarse,Phenotype_B_DDPM.pt,16150,33.29896907216495,485.0,0.053221266716718674
Phenotype_B,coarse,Phenotype_B_DDPM.pt,16175,33.350515463917525,485.0,0.027739141136407852
Phenotype_B,coarse,Phenotype_B_DDPM.pt,16200,33.402061855670105,485.0,0.042821623384952545
Phenotype_B,coarse,Phenotype_B_DDPM.pt,16225,33.45360824742268,485.0,0.015135154128074646
Phenotype_B,coarse,Phenotype_B_DDPM.pt,16250,33.50515463917526,485.0,0.04848760366439819
Phenotype_B,coarse,Phenotype_B_DDPM.pt,16275,33.55670103092783,485.0,0.021670695394277573
Phenotype_B,coarse,Phenotype_B_DDPM.pt,16300,33.608247422680414,485.0,0.04493096470832825
Phenotype_B,coarse,Phenotype_B_DDPM.pt,16325,33.65979381443299,485.0,0.05112215131521225
Phenotype_B,coarse,Phenotype_B_DDPM.pt,16350,33.71134020618557,485.0,0.031159333884716034
Phenotype_B,coarse,Phenotype_B_DDPM.pt,16375,33.76288659793814,485.0,0.023526113480329514
Phenotype_B,coarse,Phenotype_B_DDPM.pt,16400,33.81443298969072,485.0,0.01970403641462326
Phenotype_B,coarse,Phenotype_B_DDPM.pt,16425,33.865979381443296,485.0,0.04259113594889641
Phenotype_B,coarse,Phenotype_B_DDPM.pt,16450,33.91752577319588,485.0,0.04153815284371376
Phenotype_B,coarse,Phenotype_B_DDPM.pt,16475,33.96907216494845,485.0,0.04694114252924919
Phenotype_B,coarse,Phenotype_B_DDPM.pt,16500,34.02061855670103,485.0,0.015427209436893463
Phenotype_B,coarse,Phenotype_B_DDPM.pt,16525,34.07216494845361,485.0,0.01350994873791933
Phenotype_B,coarse,Phenotype_B_DDPM.pt,16550,34.123711340206185,485.0,0.02745301090180874
Phenotype_B,coarse,Phenotype_B_DDPM.pt,16575,34.175257731958766,485.0,0.02614995650947094
Phenotype_B,coarse,Phenotype_B_DDPM.pt,16600,34.22680412371134,485.0,0.022088686004281044
Phenotype_B,coarse,Phenotype_B_DDPM.pt,16625,34.27835051546392,485.0,0.01932215504348278
Phenotype_B,coarse,Phenotype_B_DDPM.pt,16650,34.329896907216494,485.0,0.05411814898252487
Phenotype_B,coarse,Phenotype_B_DDPM.pt,16675,34.381443298969074,485.0,0.04111800342798233
Phenotype_B,coarse,Phenotype_B_DDPM.pt,16700,34.43298969072165,485.0,0.013260352425277233
Phenotype_B,coarse,Phenotype_B_DDPM.pt,16725,34.48453608247423,485.0,0.031305138021707535
Phenotype_B,coarse,Phenotype_B_DDPM.pt,16750,34.5360824742268,485.0,0.04950356110930443
Phenotype_B,coarse,Phenotype_B_DDPM.pt,16775,34.58762886597938,485.0,0.03433018922805786
Phenotype_B,coarse,Phenotype_B_DDPM.pt,16800,34.63917525773196,485.0,0.018412068486213684
Phenotype_B,coarse,Phenotype_B_DDPM.pt,16825,34.69072164948454,485.0,0.019479619339108467
Phenotype_B,coarse,Phenotype_B_DDPM.pt,16850,34.74226804123711,485.0,0.015952732414007187
Phenotype_B,coarse,Phenotype_B_DDPM.pt,16875,34.79381443298969,485.0,0.01990678906440735
Phenotype_B,coarse,Phenotype_B_DDPM.pt,16900,34.845360824742265,485.0,0.0459553487598896
Phenotype_B,coarse,Phenotype_B_DDPM.pt,16925,34.896907216494846,485.0,0.02079695463180542
Phenotype_B,coarse,Phenotype_B_DDPM.pt,16950,34.94845360824742,485.0,0.03598317503929138
Phenotype_B,coarse,Phenotype_B_DDPM.pt,16975,35.0,485.0,0.06029580160975456
Phenotype_B,coarse,Phenotype_B_DDPM.pt,17000,35.05154639175258,485.0,0.03822118788957596
Phenotype_B,coarse,Phenotype_B_DDPM.pt,17025,35.103092783505154,485.0,0.02369658090174198
Phenotype_B,coarse,Phenotype_B_DDPM.pt,17050,35.154639175257735,485.0,0.010356726124882698
Phenotype_B,coarse,Phenotype_B_DDPM.pt,17075,35.20618556701031,485.0,0.08902540802955627
Phenotype_B,coarse,Phenotype_B_DDPM.pt,17100,35.25773195876289,485.0,0.06598933786153793
Phenotype_B,coarse,Phenotype_B_DDPM.pt,17125,35.30927835051546,485.0,0.018600735813379288
Phenotype_B,coarse,Phenotype_B_DDPM.pt,17150,35.36082474226804,485.0,0.028188906610012054
Phenotype_B,coarse,Phenotype_B_DDPM.pt,17175,35.41237113402062,485.0,0.004906797781586647
Phenotype_B,coarse,Phenotype_B_DDPM.pt,17200,35.4639175257732,485.0,0.01336405985057354
Phenotype_B,coarse,Phenotype_B_DDPM.pt,17225,35.51546391752577,485.0,0.03749147057533264
Phenotype_B,coarse,Phenotype_B_DDPM.pt,17250,35.56701030927835,485.0,0.03711748495697975
Phenotype_B,coarse,Phenotype_B_DDPM.pt,17275,35.618556701030926,485.0,0.04204140976071358
Phenotype_B,coarse,Phenotype_B_DDPM.pt,17300,35.670103092783506,485.0,0.026988262310624123
Phenotype_B,coarse,Phenotype_B_DDPM.pt,17325,35.72164948453608,485.0,0.051673926413059235
Phenotype_B,coarse,Phenotype_B_DDPM.pt,17350,35.77319587628866,485.0,0.04389498382806778
Phenotype_B,coarse,Phenotype_B_DDPM.pt,17375,35.824742268041234,485.0,0.035618629306554794
Phenotype_B,coarse,Phenotype_B_DDPM.pt,17400,35.876288659793815,485.0,0.0579146184027195
Phenotype_B,coarse,Phenotype_B_DDPM.pt,17425,35.92783505154639,485.0,0.012143298983573914
Phenotype_B,coarse,Phenotype_B_DDPM.pt,17450,35.97938144329897,485.0,0.03243296593427658
Phenotype_B,coarse,Phenotype_B_DDPM.pt,17475,36.03092783505155,485.0,0.06653177738189697
Phenotype_B,coarse,Phenotype_B_DDPM.pt,17500,36.08247422680412,485.0,0.0068268850445747375
Phenotype_B,coarse,Phenotype_B_DDPM.pt,17525,36.134020618556704,485.0,0.04395294934511185
Phenotype_B,coarse,Phenotype_B_DDPM.pt,17550,36.18556701030928,485.0,0.03531783074140549
Phenotype_B,coarse,Phenotype_B_DDPM.pt,17575,36.23711340206186,485.0,0.06058034300804138
Phenotype_B,coarse,Phenotype_B_DDPM.pt,17600,36.28865979381443,485.0,0.03492361679673195
Phenotype_B,coarse,Phenotype_B_DDPM.pt,17625,36.34020618556701,485.0,0.01623394712805748
Phenotype_B,coarse,Phenotype_B_DDPM.pt,17650,36.391752577319586,485.0,0.06285127997398376
Phenotype_B,coarse,Phenotype_B_DDPM.pt,17675,36.44329896907217,485.0,0.01590215414762497
Phenotype_B,coarse,Phenotype_B_DDPM.pt,17700,36.49484536082474,485.0,0.041807904839515686
Phenotype_B,coarse,Phenotype_B_DDPM.pt,17725,36.54639175257732,485.0,0.08844175934791565
Phenotype_B,coarse,Phenotype_B_DDPM.pt,17750,36.597938144329895,485.0,0.025865765288472176
Phenotype_B,coarse,Phenotype_B_DDPM.pt,17775,36.649484536082475,485.0,0.010956266894936562
Phenotype_B,coarse,Phenotype_B_DDPM.pt,17800,36.70103092783505,485.0,0.018344692885875702
Phenotype_B,coarse,Phenotype_B_DDPM.pt,17825,36.75257731958763,485.0,0.025058502331376076
Phenotype_B,coarse,Phenotype_B_DDPM.pt,17850,36.8041237113402,485.0,0.07710348069667816
Phenotype_B,coarse,Phenotype_B_DDPM.pt,17875,36.855670103092784,485.0,0.035655710846185684
Phenotype_B,coarse,Phenotype_B_DDPM.pt,17900,36.90721649484536,485.0,0.04372020065784454
Phenotype_B,coarse,Phenotype_B_DDPM.pt,17925,36.95876288659794,485.0,0.018313022330403328
Phenotype_B,coarse,Phenotype_B_DDPM.pt,17950,37.01030927835052,485.0,0.04867728427052498
Phenotype_B,coarse,Phenotype_B_DDPM.pt,17975,37.06185567010309,485.0,0.08242980390787125
Phenotype_B,coarse,Phenotype_B_DDPM.pt,18000,37.11340206185567,485.0,0.032935068011283875
Phenotype_B,coarse,Phenotype_B_DDPM.pt,18025,37.16494845360825,485.0,0.01776355504989624
Phenotype_B,coarse,Phenotype_B_DDPM.pt,18050,37.21649484536083,485.0,0.01918715238571167
Phenotype_B,coarse,Phenotype_B_DDPM.pt,18075,37.2680412371134,485.0,0.08904404938220978
Phenotype_B,coarse,Phenotype_B_DDPM.pt,18100,37.31958762886598,485.0,0.05193974822759628
Phenotype_B,coarse,Phenotype_B_DDPM.pt,18125,37.371134020618555,485.0,0.06015320122241974
Phenotype_B,coarse,Phenotype_B_DDPM.pt,18150,37.422680412371136,485.0,0.013409897685050964
Phenotype_B,coarse,Phenotype_B_DDPM.pt,18175,37.47422680412371,485.0,0.03417808562517166
Phenotype_B,coarse,Phenotype_B_DDPM.pt,18200,37.52577319587629,485.0,0.024970311671495438
Phenotype_B,coarse,Phenotype_B_DDPM.pt,18225,37.577319587628864,485.0,0.01293536089360714
Phenotype_B,coarse,Phenotype_B_DDPM.pt,18250,37.628865979381445,485.0,0.012862817384302616
Phenotype_B,coarse,Phenotype_B_DDPM.pt,18275,37.68041237113402,485.0,0.08364401757717133
Phenotype_B,coarse,Phenotype_B_DDPM.pt,18300,37.7319587628866,485.0,0.06819599121809006
Phenotype_B,coarse,Phenotype_B_DDPM.pt,18325,37.78350515463917,485.0,0.0266486294567585
Phenotype_B,coarse,Phenotype_B_DDPM.pt,18350,37.83505154639175,485.0,0.01571819745004177
Phenotype_B,coarse,Phenotype_B_DDPM.pt,18375,37.88659793814433,485.0,0.028530113399028778
Phenotype_B,coarse,Phenotype_B_DDPM.pt,18400,37.93814432989691,485.0,0.07342380285263062
Phenotype_B,coarse,Phenotype_B_DDPM.pt,18425,37.98969072164948,485.0,0.0164344422519207
Phenotype_B,coarse,Phenotype_B_DDPM.pt,18450,38.04123711340206,485.0,0.030426133424043655
Phenotype_B,coarse,Phenotype_B_DDPM.pt,18475,38.09278350515464,485.0,0.026814652606844902
Phenotype_B,coarse,Phenotype_B_DDPM.pt,18500,38.144329896907216,485.0,0.035217948257923126
Phenotype_B,coarse,Phenotype_B_DDPM.pt,18525,38.1958762886598,485.0,0.017272066324949265
Phenotype_B,coarse,Phenotype_B_DDPM.pt,18550,38.24742268041237,485.0,0.01487213745713234
Phenotype_B,coarse,Phenotype_B_DDPM.pt,18575,38.29896907216495,485.0,0.06215573102235794
Phenotype_B,coarse,Phenotype_B_DDPM.pt,18600,38.350515463917525,485.0,0.04354991391301155
Phenotype_B,coarse,Phenotype_B_DDPM.pt,18625,38.402061855670105,485.0,0.018294569104909897
Phenotype_B,coarse,Phenotype_B_DDPM.pt,18650,38.45360824742268,485.0,0.0490390844643116
Phenotype_B,coarse,Phenotype_B_DDPM.pt,18675,38.50515463917526,485.0,0.04582635313272476
Phenotype_B,coarse,Phenotype_B_DDPM.pt,18700,38.55670103092783,485.0,0.04269542545080185
Phenotype_B,coarse,Phenotype_B_DDPM.pt,18725,38.608247422680414,485.0,0.020659390836954117
Phenotype_B,coarse,Phenotype_B_DDPM.pt,18750,38.65979381443299,485.0,0.008860972709953785
Phenotype_B,coarse,Phenotype_B_DDPM.pt,18775,38.71134020618557,485.0,0.009826196357607841
Phenotype_B,coarse,Phenotype_B_DDPM.pt,18800,38.76288659793814,485.0,0.027778254821896553
Phenotype_B,coarse,Phenotype_B_DDPM.pt,18825,38.81443298969072,485.0,0.01845814846456051
Phenotype_B,coarse,Phenotype_B_DDPM.pt,18850,38.865979381443296,485.0,0.06219813600182533
Phenotype_B,coarse,Phenotype_B_DDPM.pt,18875,38.91752577319588,485.0,0.011294180527329445
Phenotype_B,coarse,Phenotype_B_DDPM.pt,18900,38.96907216494845,485.0,0.03577958419919014
Phenotype_B,coarse,Phenotype_B_DDPM.pt,18925,39.02061855670103,485.0,0.049540016800165176
Phenotype_B,coarse,Phenotype_B_DDPM.pt,18950,39.07216494845361,485.0,0.0077115981839597225
Phenotype_B,coarse,Phenotype_B_DDPM.pt,18975,39.123711340206185,485.0,0.07216942310333252
Phenotype_B,coarse,Phenotype_B_DDPM.pt,19000,39.175257731958766,485.0,0.024737898260354996
Phenotype_B,coarse,Phenotype_B_DDPM.pt,19025,39.22680412371134,485.0,0.02971242368221283
Phenotype_B,coarse,Phenotype_B_DDPM.pt,19050,39.27835051546392,485.0,0.027613241225481033
Phenotype_B,coarse,Phenotype_B_DDPM.pt,19075,39.329896907216494,485.0,0.03952249139547348
Phenotype_B,coarse,Phenotype_B_DDPM.pt,19100,39.381443298969074,485.0,0.007646461017429829
Phenotype_B,coarse,Phenotype_B_DDPM.pt,19125,39.43298969072165,485.0,0.03029361367225647
Phenotype_B,coarse,Phenotype_B_DDPM.pt,19150,39.48453608247423,485.0,0.06340113282203674
Phenotype_B,coarse,Phenotype_B_DDPM.pt,19175,39.5360824742268,485.0,0.02332139015197754
Phenotype_B,coarse,Phenotype_B_DDPM.pt,19200,39.58762886597938,485.0,0.07941041141748428
Phenotype_B,coarse,Phenotype_B_DDPM.pt,19225,39.63917525773196,485.0,0.0314197801053524
Phenotype_B,coarse,Phenotype_B_DDPM.pt,19250,39.69072164948454,485.0,0.10980381071567535
Phenotype_B,coarse,Phenotype_B_DDPM.pt,19275,39.74226804123711,485.0,0.026553817093372345
Phenotype_B,coarse,Phenotype_B_DDPM.pt,19300,39.79381443298969,485.0,0.055115606635808945
Phenotype_B,coarse,Phenotype_B_DDPM.pt,19325,39.845360824742265,485.0,0.06544818729162216
Phenotype_B,coarse,Phenotype_B_DDPM.pt,19350,39.896907216494846,485.0,0.09279671311378479
Phenotype_B,coarse,Phenotype_B_DDPM.pt,19375,39.94845360824742,485.0,0.017677463591098785
Phenotype_B,coarse,Phenotype_B_DDPM.pt,19400,40.0,485.0,0.003920450806617737
Phenotype_B,coarse,Phenotype_B_DDPM.pt,19425,40.05154639175258,485.0,0.011587340384721756
Phenotype_B,coarse,Phenotype_B_DDPM.pt,19450,40.103092783505154,485.0,0.03575637936592102
Phenotype_B,coarse,Phenotype_B_DDPM.pt,19475,40.154639175257735,485.0,0.042433954775333405
Phenotype_B,coarse,Phenotype_B_DDPM.pt,19500,40.20618556701031,485.0,0.016471751034259796
Phenotype_B,coarse,Phenotype_B_DDPM.pt,19525,40.25773195876289,485.0,0.02583140879869461
Phenotype_B,coarse,Phenotype_B_DDPM.pt,19550,40.30927835051546,485.0,0.006127191707491875
Phenotype_B,coarse,Phenotype_B_DDPM.pt,19575,40.36082474226804,485.0,0.012881476432085037
Phenotype_B,coarse,Phenotype_B_DDPM.pt,19600,40.41237113402062,485.0,0.030508803203701973
Phenotype_B,coarse,Phenotype_B_DDPM.pt,19625,40.4639175257732,485.0,0.013709231279790401
Phenotype_B,coarse,Phenotype_B_DDPM.pt,19650,40.51546391752577,485.0,0.01366348098963499
Phenotype_B,coarse,Phenotype_B_DDPM.pt,19675,40.56701030927835,485.0,0.08375337719917297
Phenotype_B,coarse,Phenotype_B_DDPM.pt,19700,40.618556701030926,485.0,0.0844021886587143
Phenotype_B,coarse,Phenotype_B_DDPM.pt,19725,40.670103092783506,485.0,0.01571613922715187
Phenotype_B,coarse,Phenotype_B_DDPM.pt,19750,40.72164948453608,485.0,0.06816451251506805
Phenotype_B,coarse,Phenotype_B_DDPM.pt,19775,40.77319587628866,485.0,0.012492146342992783
Phenotype_B,coarse,Phenotype_B_DDPM.pt,19800,40.824742268041234,485.0,0.04802201688289642
Phenotype_B,coarse,Phenotype_B_DDPM.pt,19825,40.876288659793815,485.0,0.021174754947423935
Phenotype_B,coarse,Phenotype_B_DDPM.pt,19850,40.92783505154639,485.0,0.007859902456402779
Phenotype_B,coarse,Phenotype_B_DDPM.pt,19875,40.97938144329897,485.0,0.02813730761408806
Phenotype_B,coarse,Phenotype_B_DDPM.pt,19900,41.03092783505155,485.0,0.015114490874111652
Phenotype_B,coarse,Phenotype_B_DDPM.pt,19925,41.08247422680412,485.0,0.023538338020443916
Phenotype_B,coarse,Phenotype_B_DDPM.pt,19950,41.134020618556704,485.0,0.05584428086876869
Phenotype_B,coarse,Phenotype_B_DDPM.pt,19975,41.18556701030928,485.0,0.07311081886291504
Phenotype_B,coarse,Phenotype_B_DDPM.pt,20000,41.23711340206186,485.0,0.053452640771865845
Phenotype_B,coarse,Phenotype_B_DDPM.pt,20025,41.28865979381443,485.0,0.04210933670401573
Phenotype_B,coarse,Phenotype_B_DDPM.pt,20050,41.34020618556701,485.0,0.03666279464960098
Phenotype_B,coarse,Phenotype_B_DDPM.pt,20075,41.391752577319586,485.0,0.0094847297295928
Phenotype_B,coarse,Phenotype_B_DDPM.pt,20100,41.44329896907217,485.0,0.015956927090883255
Phenotype_B,coarse,Phenotype_B_DDPM.pt,20125,41.49484536082474,485.0,0.011684561148285866
Phenotype_B,coarse,Phenotype_B_DDPM.pt,20150,41.54639175257732,485.0,0.014238964766263962
Phenotype_B,coarse,Phenotype_B_DDPM.pt,20175,41.597938144329895,485.0,0.027486637234687805
Phenotype_B,coarse,Phenotype_B_DDPM.pt,20200,41.649484536082475,485.0,0.019699659198522568
Phenotype_B,coarse,Phenotype_B_DDPM.pt,20225,41.70103092783505,485.0,0.01734745129942894
Phenotype_B,coarse,Phenotype_B_DDPM.pt,20250,41.75257731958763,485.0,0.036688126623630524
Phenotype_B,coarse,Phenotype_B_DDPM.pt,20275,41.8041237113402,485.0,0.0592995211482048
Phenotype_B,coarse,Phenotype_B_DDPM.pt,20300,41.855670103092784,485.0,0.04993656277656555
Phenotype_B,coarse,Phenotype_B_DDPM.pt,20325,41.90721649484536,485.0,0.014962452463805676
Phenotype_B,coarse,Phenotype_B_DDPM.pt,20350,41.95876288659794,485.0,0.030141113325953484
Phenotype_B,coarse,Phenotype_B_DDPM.pt,20375,42.01030927835052,485.0,0.0074837664142251015
Phenotype_B,coarse,Phenotype_B_DDPM.pt,20400,42.06185567010309,485.0,0.01594487763941288
Phenotype_B,coarse,Phenotype_B_DDPM.pt,20425,42.11340206185567,485.0,0.055460814386606216
Phenotype_B,coarse,Phenotype_B_DDPM.pt,20450,42.16494845360825,485.0,0.06548582017421722
Phenotype_B,coarse,Phenotype_B_DDPM.pt,20475,42.21649484536083,485.0,0.06111908704042435
Phenotype_B,coarse,Phenotype_B_DDPM.pt,20500,42.2680412371134,485.0,0.00665735499933362
Phenotype_B,coarse,Phenotype_B_DDPM.pt,20525,42.31958762886598,485.0,0.004367338493466377
Phenotype_B,coarse,Phenotype_B_DDPM.pt,20550,42.371134020618555,485.0,0.007745171431452036
Phenotype_B,coarse,Phenotype_B_DDPM.pt,20575,42.422680412371136,485.0,0.012391886673867702
Phenotype_B,coarse,Phenotype_B_DDPM.pt,20600,42.47422680412371,485.0,0.04601046442985535
Phenotype_B,coarse,Phenotype_B_DDPM.pt,20625,42.52577319587629,485.0,0.016850430518388748
Phenotype_B,coarse,Phenotype_B_DDPM.pt,20650,42.577319587628864,485.0,0.03656618297100067
Phenotype_B,coarse,Phenotype_B_DDPM.pt,20675,42.628865979381445,485.0,0.004536278545856476
Phenotype_B,coarse,Phenotype_B_DDPM.pt,20700,42.68041237113402,485.0,0.010207089595496655
Phenotype_B,coarse,Phenotype_B_DDPM.pt,20725,42.7319587628866,485.0,0.05578213930130005
Phenotype_B,coarse,Phenotype_B_DDPM.pt,20750,42.78350515463917,485.0,0.07902521640062332
Phenotype_B,coarse,Phenotype_B_DDPM.pt,20775,42.83505154639175,485.0,0.02509300224483013
Phenotype_B,coarse,Phenotype_B_DDPM.pt,20800,42.88659793814433,485.0,0.017998049035668373
Phenotype_B,coarse,Phenotype_B_DDPM.pt,20825,42.93814432989691,485.0,0.047633808106184006
Phenotype_B,coarse,Phenotype_B_DDPM.pt,20850,42.98969072164948,485.0,0.008374718949198723
Phenotype_B,coarse,Phenotype_B_DDPM.pt,20875,43.04123711340206,485.0,0.018589187413454056
Phenotype_B,coarse,Phenotype_B_DDPM.pt,20900,43.09278350515464,485.0,0.010642725974321365
Phenotype_B,coarse,Phenotype_B_DDPM.pt,20925,43.144329896907216,485.0,0.02952371910214424
Phenotype_B,coarse,Phenotype_B_DDPM.pt,20950,43.1958762886598,485.0,0.033462364226579666
Phenotype_B,coarse,Phenotype_B_DDPM.pt,20975,43.24742268041237,485.0,0.022562172263860703
Phenotype_B,coarse,Phenotype_B_DDPM.pt,21000,43.29896907216495,485.0,0.026841819286346436
Phenotype_B,coarse,Phenotype_B_DDPM.pt,21025,43.350515463917525,485.0,0.03377412632107735
Phenotype_B,coarse,Phenotype_B_DDPM.pt,21050,43.402061855670105,485.0,0.03053513541817665
Phenotype_B,coarse,Phenotype_B_DDPM.pt,21075,43.45360824742268,485.0,0.06265979260206223
Phenotype_B,coarse,Phenotype_B_DDPM.pt,21100,43.50515463917526,485.0,0.04619854688644409
Phenotype_B,coarse,Phenotype_B_DDPM.pt,21125,43.55670103092783,485.0,0.01563987135887146
Phenotype_B,coarse,Phenotype_B_DDPM.pt,21150,43.608247422680414,485.0,0.03340683504939079
Phenotype_B,coarse,Phenotype_B_DDPM.pt,21175,43.65979381443299,485.0,0.07081109285354614
Phenotype_B,coarse,Phenotype_B_DDPM.pt,21200,43.71134020618557,485.0,0.02654372900724411
Phenotype_B,coarse,Phenotype_B_DDPM.pt,21225,43.76288659793814,485.0,0.039456166326999664
Phenotype_B,coarse,Phenotype_B_DDPM.pt,21250,43.81443298969072,485.0,0.02797153778374195
Phenotype_B,coarse,Phenotype_B_DDPM.pt,21275,43.865979381443296,485.0,0.07268238067626953
Phenotype_B,coarse,Phenotype_B_DDPM.pt,21300,43.91752577319588,485.0,0.023319708183407784
Phenotype_B,coarse,Phenotype_B_DDPM.pt,21325,43.96907216494845,485.0,0.011960798874497414
Phenotype_B,coarse,Phenotype_B_DDPM.pt,21350,44.02061855670103,485.0,0.01133875921368599
Phenotype_B,coarse,Phenotype_B_DDPM.pt,21375,44.07216494845361,485.0,0.05939356982707977
Phenotype_B,coarse,Phenotype_B_DDPM.pt,21400,44.123711340206185,485.0,0.022431038320064545
Phenotype_B,coarse,Phenotype_B_DDPM.pt,21425,44.175257731958766,485.0,0.013003075495362282
Phenotype_B,coarse,Phenotype_B_DDPM.pt,21450,44.22680412371134,485.0,0.02463575266301632
Phenotype_B,coarse,Phenotype_B_DDPM.pt,21475,44.27835051546392,485.0,0.032441653311252594
Phenotype_B,coarse,Phenotype_B_DDPM.pt,21500,44.329896907216494,485.0,0.02999461255967617
Phenotype_B,coarse,Phenotype_B_DDPM.pt,21525,44.381443298969074,485.0,0.047364071011543274
Phenotype_B,coarse,Phenotype_B_DDPM.pt,21550,44.43298969072165,485.0,0.02424144186079502
Phenotype_B,coarse,Phenotype_B_DDPM.pt,21575,44.48453608247423,485.0,0.037752505391836166
Phenotype_B,coarse,Phenotype_B_DDPM.pt,21600,44.5360824742268,485.0,0.05543600767850876
Phenotype_B,coarse,Phenotype_B_DDPM.pt,21625,44.58762886597938,485.0,0.035361047834157944
Phenotype_B,coarse,Phenotype_B_DDPM.pt,21650,44.63917525773196,485.0,0.04668601602315903
Phenotype_B,coarse,Phenotype_B_DDPM.pt,21675,44.69072164948454,485.0,0.03596225008368492
Phenotype_B,coarse,Phenotype_B_DDPM.pt,21700,44.74226804123711,485.0,0.016778942197561264
Phenotype_B,coarse,Phenotype_B_DDPM.pt,21725,44.79381443298969,485.0,0.034565020352602005
Phenotype_B,coarse,Phenotype_B_DDPM.pt,21750,44.845360824742265,485.0,0.022461749613285065
Phenotype_B,coarse,Phenotype_B_DDPM.pt,21775,44.896907216494846,485.0,0.04850029572844505
Phenotype_B,coarse,Phenotype_B_DDPM.pt,21800,44.94845360824742,485.0,0.056633707135915756
Phenotype_B,coarse,Phenotype_B_DDPM.pt,21825,45.0,485.0,0.0035252610687166452
Phenotype_B,coarse,Phenotype_B_DDPM.pt,21850,45.05154639175258,485.0,0.03881094604730606
Phenotype_B,coarse,Phenotype_B_DDPM.pt,21875,45.103092783505154,485.0,0.032208558171987534
Phenotype_B,coarse,Phenotype_B_DDPM.pt,21900,45.154639175257735,485.0,0.09416337311267853
Phenotype_B,coarse,Phenotype_B_DDPM.pt,21925,45.20618556701031,485.0,0.018752919510006905
Phenotype_B,coarse,Phenotype_B_DDPM.pt,21950,45.25773195876289,485.0,0.06421706080436707
Phenotype_B,coarse,Phenotype_B_DDPM.pt,21975,45.30927835051546,485.0,0.047869935631752014
Phenotype_B,coarse,Phenotype_B_DDPM.pt,22000,45.36082474226804,485.0,0.05665901303291321
Phenotype_B,coarse,Phenotype_B_DDPM.pt,22025,45.41237113402062,485.0,0.046655163168907166
Phenotype_B,coarse,Phenotype_B_DDPM.pt,22050,45.4639175257732,485.0,0.04175589233636856
Phenotype_B,coarse,Phenotype_B_DDPM.pt,22075,45.51546391752577,485.0,0.04386071488261223
Phenotype_B,coarse,Phenotype_B_DDPM.pt,22100,45.56701030927835,485.0,0.023398682475090027
Phenotype_B,coarse,Phenotype_B_DDPM.pt,22125,45.618556701030926,485.0,0.04982165992259979
Phenotype_B,coarse,Phenotype_B_DDPM.pt,22150,45.670103092783506,485.0,0.0250774547457695
Phenotype_B,coarse,Phenotype_B_DDPM.pt,22175,45.72164948453608,485.0,0.05386529117822647
Phenotype_B,coarse,Phenotype_B_DDPM.pt,22200,45.77319587628866,485.0,0.0312778577208519
Phenotype_B,coarse,Phenotype_B_DDPM.pt,22225,45.824742268041234,485.0,0.025652699172496796
Phenotype_B,coarse,Phenotype_B_DDPM.pt,22250,45.876288659793815,485.0,0.05182662606239319
Phenotype_B,coarse,Phenotype_B_DDPM.pt,22275,45.92783505154639,485.0,0.051767747849226
Phenotype_B,coarse,Phenotype_B_DDPM.pt,22300,45.97938144329897,485.0,0.011329926550388336
Phenotype_B,coarse,Phenotype_B_DDPM.pt,22325,46.03092783505155,485.0,0.061198070645332336
Phenotype_B,coarse,Phenotype_B_DDPM.pt,22350,46.08247422680412,485.0,0.024789897724986076
Phenotype_B,coarse,Phenotype_B_DDPM.pt,22375,46.134020618556704,485.0,0.011834094300866127
Phenotype_B,coarse,Phenotype_B_DDPM.pt,22400,46.18556701030928,485.0,0.013061086647212505
Phenotype_B,coarse,Phenotype_B_DDPM.pt,22425,46.23711340206186,485.0,0.018844986334443092
Phenotype_B,coarse,Phenotype_B_DDPM.pt,22450,46.28865979381443,485.0,0.042905114591121674
Phenotype_B,coarse,Phenotype_B_DDPM.pt,22475,46.34020618556701,485.0,0.012414785102009773
Phenotype_B,coarse,Phenotype_B_DDPM.pt,22500,46.391752577319586,485.0,0.03400259464979172
Phenotype_B,coarse,Phenotype_B_DDPM.pt,22525,46.44329896907217,485.0,0.02675725892186165
Phenotype_B,coarse,Phenotype_B_DDPM.pt,22550,46.49484536082474,485.0,0.009494304656982422
Phenotype_B,coarse,Phenotype_B_DDPM.pt,22575,46.54639175257732,485.0,0.029687289148569107
Phenotype_B,coarse,Phenotype_B_DDPM.pt,22600,46.597938144329895,485.0,0.01270311139523983
Phenotype_B,coarse,Phenotype_B_DDPM.pt,22625,46.649484536082475,485.0,0.01876150444149971
Phenotype_B,coarse,Phenotype_B_DDPM.pt,22650,46.70103092783505,485.0,0.020138926804065704
Phenotype_B,coarse,Phenotype_B_DDPM.pt,22675,46.75257731958763,485.0,0.06576578319072723
Phenotype_B,coarse,Phenotype_B_DDPM.pt,22700,46.8041237113402,485.0,0.03629186749458313
Phenotype_B,coarse,Phenotype_B_DDPM.pt,22725,46.855670103092784,485.0,0.01771533116698265
Phenotype_B,coarse,Phenotype_B_DDPM.pt,22750,46.90721649484536,485.0,0.0487491749227047
Phenotype_B,coarse,Phenotype_B_DDPM.pt,22775,46.95876288659794,485.0,0.03945589438080788
Phenotype_B,coarse,Phenotype_B_DDPM.pt,22800,47.01030927835052,485.0,0.03958689048886299
Phenotype_B,coarse,Phenotype_B_DDPM.pt,22825,47.06185567010309,485.0,0.05796743929386139
Phenotype_B,coarse,Phenotype_B_DDPM.pt,22850,47.11340206185567,485.0,0.02494143508374691
Phenotype_B,coarse,Phenotype_B_DDPM.pt,22875,47.16494845360825,485.0,0.03479573130607605
Phenotype_B,coarse,Phenotype_B_DDPM.pt,22900,47.21649484536083,485.0,0.013409396633505821
Phenotype_B,coarse,Phenotype_B_DDPM.pt,22925,47.2680412371134,485.0,0.0205870158970356
Phenotype_B,coarse,Phenotype_B_DDPM.pt,22950,47.31958762886598,485.0,0.007252382580190897
Phenotype_B,coarse,Phenotype_B_DDPM.pt,22975,47.371134020618555,485.0,0.04518580436706543
Phenotype_B,coarse,Phenotype_B_DDPM.pt,23000,47.422680412371136,485.0,0.03965415805578232
Phenotype_B,coarse,Phenotype_B_DDPM.pt,23025,47.47422680412371,485.0,0.007732194382697344
Phenotype_B,coarse,Phenotype_B_DDPM.pt,23050,47.52577319587629,485.0,0.04808863252401352
Phenotype_B,coarse,Phenotype_B_DDPM.pt,23075,47.577319587628864,485.0,0.023598894476890564
Phenotype_B,coarse,Phenotype_B_DDPM.pt,23100,47.628865979381445,485.0,0.0528247207403183
Phenotype_B,coarse,Phenotype_B_DDPM.pt,23125,47.68041237113402,485.0,0.016665615141391754
Phenotype_B,coarse,Phenotype_B_DDPM.pt,23150,47.7319587628866,485.0,0.007148711942136288
Phenotype_B,coarse,Phenotype_B_DDPM.pt,23175,47.78350515463917,485.0,0.009830355644226074
Phenotype_B,coarse,Phenotype_B_DDPM.pt,23200,47.83505154639175,485.0,0.02812310680747032
Phenotype_B,coarse,Phenotype_B_DDPM.pt,23225,47.88659793814433,485.0,0.010430676862597466
Phenotype_B,coarse,Phenotype_B_DDPM.pt,23250,47.93814432989691,485.0,0.010845983400940895
Phenotype_B,coarse,Phenotype_B_DDPM.pt,23275,47.98969072164948,485.0,0.02516300603747368
Phenotype_B,coarse,Phenotype_B_DDPM.pt,23300,48.04123711340206,485.0,0.03613673150539398
Phenotype_B,coarse,Phenotype_B_DDPM.pt,23325,48.09278350515464,485.0,0.03346582129597664
Phenotype_B,coarse,Phenotype_B_DDPM.pt,23350,48.144329896907216,485.0,0.01753906160593033
Phenotype_B,coarse,Phenotype_B_DDPM.pt,23375,48.1958762886598,485.0,0.0236513651907444
Phenotype_B,coarse,Phenotype_B_DDPM.pt,23400,48.24742268041237,485.0,0.010759000666439533
Phenotype_B,coarse,Phenotype_B_DDPM.pt,23425,48.29896907216495,485.0,0.0065793730318546295
Phenotype_B,coarse,Phenotype_B_DDPM.pt,23450,48.350515463917525,485.0,0.0408741757273674
Phenotype_B,coarse,Phenotype_B_DDPM.pt,23475,48.402061855670105,485.0,0.041533008217811584
Phenotype_B,coarse,Phenotype_B_DDPM.pt,23500,48.45360824742268,485.0,0.016462281346321106
Phenotype_B,coarse,Phenotype_B_DDPM.pt,23525,48.50515463917526,485.0,0.03957856446504593
Phenotype_B,coarse,Phenotype_B_DDPM.pt,23550,48.55670103092783,485.0,0.0296756774187088
Phenotype_B,coarse,Phenotype_B_DDPM.pt,23575,48.608247422680414,485.0,0.005707697011530399
Phenotype_B,coarse,Phenotype_B_DDPM.pt,23600,48.65979381443299,485.0,0.01884402334690094
Phenotype_B,coarse,Phenotype_B_DDPM.pt,23625,48.71134020618557,485.0,0.021097544580698013
Phenotype_B,coarse,Phenotype_B_DDPM.pt,23650,48.76288659793814,485.0,0.012291050516068935
Phenotype_B,coarse,Phenotype_B_DDPM.pt,23675,48.81443298969072,485.0,0.03101731464266777
Phenotype_B,coarse,Phenotype_B_DDPM.pt,23700,48.865979381443296,485.0,0.02507302723824978
Phenotype_B,coarse,Phenotype_B_DDPM.pt,23725,48.91752577319588,485.0,0.015359632670879364
Phenotype_B,coarse,Phenotype_B_DDPM.pt,23750,48.96907216494845,485.0,0.010347273200750351
Phenotype_B,coarse,Phenotype_B_DDPM.pt,23775,49.02061855670103,485.0,0.03265662491321564
Phenotype_B,coarse,Phenotype_B_DDPM.pt,23800,49.07216494845361,485.0,0.008626121096313
Phenotype_B,coarse,Phenotype_B_DDPM.pt,23825,49.123711340206185,485.0,0.025576239451766014
Phenotype_B,coarse,Phenotype_B_DDPM.pt,23850,49.175257731958766,485.0,0.044610634446144104
Phenotype_B,coarse,Phenotype_B_DDPM.pt,23875,49.22680412371134,485.0,0.02797733061015606
Phenotype_B,coarse,Phenotype_B_DDPM.pt,23900,49.27835051546392,485.0,0.03041311539709568
Phenotype_B,coarse,Phenotype_B_DDPM.pt,23925,49.329896907216494,485.0,0.045313652604818344
Phenotype_B,coarse,Phenotype_B_DDPM.pt,23950,49.381443298969074,485.0,0.07009345293045044
Phenotype_B,coarse,Phenotype_B_DDPM.pt,23975,49.43298969072165,485.0,0.018236547708511353
Phenotype_B,coarse,Phenotype_B_DDPM.pt,24000,49.48453608247423,485.0,0.010241249576210976
Phenotype_B,coarse,Phenotype_B_DDPM.pt,24025,49.5360824742268,485.0,0.015256226994097233
Phenotype_B,coarse,Phenotype_B_DDPM.pt,24050,49.58762886597938,485.0,0.011807730421423912
Phenotype_B,coarse,Phenotype_B_DDPM.pt,24075,49.63917525773196,485.0,0.01491612009704113
Phenotype_B,coarse,Phenotype_B_DDPM.pt,24100,49.69072164948454,485.0,0.03726314753293991
Phenotype_B,coarse,Phenotype_B_DDPM.pt,24125,49.74226804123711,485.0,0.00848810002207756
Phenotype_B,coarse,Phenotype_B_DDPM.pt,24150,49.79381443298969,485.0,0.06563258171081543
Phenotype_B,coarse,Phenotype_B_DDPM.pt,24175,49.845360824742265,485.0,0.04062306880950928
Phenotype_B,coarse,Phenotype_B_DDPM.pt,24200,49.896907216494846,485.0,0.041027653962373734
Phenotype_B,coarse,Phenotype_B_DDPM.pt,24225,49.94845360824742,485.0,0.04060688614845276
Phenotype_B,coarse,Phenotype_B_DDPM.pt,24250,50.0,485.0,0.060689643025398254
Phenotype_B,coarse,Phenotype_B_DDPM.pt,24275,50.05154639175258,485.0,0.02074936032295227
Phenotype_B,coarse,Phenotype_B_DDPM.pt,24300,50.103092783505154,485.0,0.014126749709248543
Phenotype_B,coarse,Phenotype_B_DDPM.pt,24325,50.154639175257735,485.0,0.03485165536403656
Phenotype_B,coarse,Phenotype_B_DDPM.pt,24350,50.20618556701031,485.0,0.03600494563579559
Phenotype_B,coarse,Phenotype_B_DDPM.pt,24375,50.25773195876289,485.0,0.04984557628631592
Phenotype_B,coarse,Phenotype_B_DDPM.pt,24400,50.30927835051546,485.0,0.05986742675304413
Phenotype_B,coarse,Phenotype_B_DDPM.pt,24425,50.36082474226804,485.0,0.026453746482729912
Phenotype_B,coarse,Phenotype_B_DDPM.pt,24450,50.41237113402062,485.0,0.050696585327386856
Phenotype_B,coarse,Phenotype_B_DDPM.pt,24475,50.4639175257732,485.0,0.026389427483081818
Phenotype_B,coarse,Phenotype_B_DDPM.pt,24500,50.51546391752577,485.0,0.045973967760801315
Phenotype_B,coarse,Phenotype_B_DDPM.pt,24525,50.56701030927835,485.0,0.061337441205978394
Phenotype_B,coarse,Phenotype_B_DDPM.pt,24550,50.618556701030926,485.0,0.021379003301262856
Phenotype_B,coarse,Phenotype_B_DDPM.pt,24575,50.670103092783506,485.0,0.01830870658159256
Phenotype_B,coarse,Phenotype_B_DDPM.pt,24600,50.72164948453608,485.0,0.019190046936273575
Phenotype_B,coarse,Phenotype_B_DDPM.pt,24625,50.77319587628866,485.0,0.05201663076877594
Phenotype_B,coarse,Phenotype_B_DDPM.pt,24650,50.824742268041234,485.0,0.012112585827708244
Phenotype_B,coarse,Phenotype_B_DDPM.pt,24675,50.876288659793815,485.0,0.018187839537858963
Phenotype_B,coarse,Phenotype_B_DDPM.pt,24700,50.92783505154639,485.0,0.01701612025499344
Phenotype_B,coarse,Phenotype_B_DDPM.pt,24725,50.97938144329897,485.0,0.027820320799946785
Phenotype_B,coarse,Phenotype_B_DDPM.pt,24750,51.03092783505155,485.0,0.03571862354874611
Phenotype_B,coarse,Phenotype_B_DDPM.pt,24775,51.08247422680412,485.0,0.012358851730823517
Phenotype_B,coarse,Phenotype_B_DDPM.pt,24800,51.134020618556704,485.0,0.04218767583370209
Phenotype_B,coarse,Phenotype_B_DDPM.pt,24825,51.18556701030928,485.0,0.05571300536394119
Phenotype_B,coarse,Phenotype_B_DDPM.pt,24850,51.23711340206186,485.0,0.04184476286172867
Phenotype_B,coarse,Phenotype_B_DDPM.pt,24875,51.28865979381443,485.0,0.012249552644789219
Phenotype_B,coarse,Phenotype_B_DDPM.pt,24900,51.34020618556701,485.0,0.014051388949155807
Phenotype_B,coarse,Phenotype_B_DDPM.pt,24925,51.391752577319586,485.0,0.006485986523330212
Phenotype_B,coarse,Phenotype_B_DDPM.pt,24950,51.44329896907217,485.0,0.04214554652571678
Phenotype_B,coarse,Phenotype_B_DDPM.pt,24975,51.49484536082474,485.0,0.017890170216560364
Phenotype_B,coarse,Phenotype_B_DDPM.pt,25000,51.54639175257732,485.0,0.04675982519984245
Phenotype_B,coarse,Phenotype_B_DDPM.pt,25025,51.597938144329895,485.0,0.03186807036399841
Phenotype_B,coarse,Phenotype_B_DDPM.pt,25050,51.649484536082475,485.0,0.058342576026916504
Phenotype_B,coarse,Phenotype_B_DDPM.pt,25075,51.70103092783505,485.0,0.023954855278134346
Phenotype_B,coarse,Phenotype_B_DDPM.pt,25100,51.75257731958763,485.0,0.03814948350191116
Phenotype_B,coarse,Phenotype_B_DDPM.pt,25125,51.8041237113402,485.0,0.051573723554611206
Phenotype_B,coarse,Phenotype_B_DDPM.pt,25150,51.855670103092784,485.0,0.027207281440496445
Phenotype_B,coarse,Phenotype_B_DDPM.pt,25175,51.90721649484536,485.0,0.01444967184215784
Phenotype_B,coarse,Phenotype_B_DDPM.pt,25200,51.95876288659794,485.0,0.02190745621919632
Phenotype_B,coarse,Phenotype_B_DDPM.pt,25225,52.01030927835052,485.0,0.04113265872001648
Phenotype_B,coarse,Phenotype_B_DDPM.pt,25250,52.06185567010309,485.0,0.045473575592041016
Phenotype_B,coarse,Phenotype_B_DDPM.pt,25275,52.11340206185567,485.0,0.05096474289894104
Phenotype_B,coarse,Phenotype_B_DDPM.pt,25300,52.16494845360825,485.0,0.028197098523378372
Phenotype_B,coarse,Phenotype_B_DDPM.pt,25325,52.21649484536083,485.0,0.01814461126923561
Phenotype_B,coarse,Phenotype_B_DDPM.pt,25350,52.2680412371134,485.0,0.0195979792624712
Phenotype_B,coarse,Phenotype_B_DDPM.pt,25375,52.31958762886598,485.0,0.017067600041627884
Phenotype_B,coarse,Phenotype_B_DDPM.pt,25400,52.371134020618555,485.0,0.02542332001030445
Phenotype_B,coarse,Phenotype_B_DDPM.pt,25425,52.422680412371136,485.0,0.06354937702417374
Phenotype_B,coarse,Phenotype_B_DDPM.pt,25450,52.47422680412371,485.0,0.03581690415740013
Phenotype_B,coarse,Phenotype_B_DDPM.pt,25475,52.52577319587629,485.0,0.020455069839954376
Phenotype_B,coarse,Phenotype_B_DDPM.pt,25500,52.577319587628864,485.0,0.01684797741472721
Phenotype_B,coarse,Phenotype_B_DDPM.pt,25525,52.628865979381445,485.0,0.008813202381134033
Phenotype_B,coarse,Phenotype_B_DDPM.pt,25550,52.68041237113402,485.0,0.06119289621710777
Phenotype_B,coarse,Phenotype_B_DDPM.pt,25575,52.7319587628866,485.0,0.03598689287900925
Phenotype_B,coarse,Phenotype_B_DDPM.pt,25600,52.78350515463917,485.0,0.004210896790027618
Phenotype_B,coarse,Phenotype_B_DDPM.pt,25625,52.83505154639175,485.0,0.015606221742928028
Phenotype_B,coarse,Phenotype_B_DDPM.pt,25650,52.88659793814433,485.0,0.06537165492773056
Phenotype_B,coarse,Phenotype_B_DDPM.pt,25675,52.93814432989691,485.0,0.038523998111486435
Phenotype_B,coarse,Phenotype_B_DDPM.pt,25700,52.98969072164948,485.0,0.037683501839637756
Phenotype_B,coarse,Phenotype_B_DDPM.pt,25725,53.04123711340206,485.0,0.04994969069957733
Phenotype_B,coarse,Phenotype_B_DDPM.pt,25750,53.09278350515464,485.0,0.09515862166881561
Phenotype_B,coarse,Phenotype_B_DDPM.pt,25775,53.144329896907216,485.0,0.04060359299182892
Phenotype_B,coarse,Phenotype_B_DDPM.pt,25800,53.1958762886598,485.0,0.04484325647354126
Phenotype_B,coarse,Phenotype_B_DDPM.pt,25825,53.24742268041237,485.0,0.003633648157119751
Phenotype_B,coarse,Phenotype_B_DDPM.pt,25850,53.29896907216495,485.0,0.04351726546883583
Phenotype_B,coarse,Phenotype_B_DDPM.pt,25875,53.350515463917525,485.0,0.05993399769067764
Phenotype_B,coarse,Phenotype_B_DDPM.pt,25900,53.402061855670105,485.0,0.0337192602455616
Phenotype_B,coarse,Phenotype_B_DDPM.pt,25925,53.45360824742268,485.0,0.010225191712379456
Phenotype_B,coarse,Phenotype_B_DDPM.pt,25950,53.50515463917526,485.0,0.035747624933719635
Phenotype_B,coarse,Phenotype_B_DDPM.pt,25975,53.55670103092783,485.0,0.01765429601073265
Phenotype_B,coarse,Phenotype_B_DDPM.pt,26000,53.608247422680414,485.0,0.021003033965826035
Phenotype_B,coarse,Phenotype_B_DDPM.pt,26025,53.65979381443299,485.0,0.08233367651700974
Phenotype_B,coarse,Phenotype_B_DDPM.pt,26050,53.71134020618557,485.0,0.02802859991788864
Phenotype_B,coarse,Phenotype_B_DDPM.pt,26075,53.76288659793814,485.0,0.034032441675662994
Phenotype_B,coarse,Phenotype_B_DDPM.pt,26100,53.81443298969072,485.0,0.03593026101589203
Phenotype_B,coarse,Phenotype_B_DDPM.pt,26125,53.865979381443296,485.0,0.028265085071325302
Phenotype_B,coarse,Phenotype_B_DDPM.pt,26150,53.91752577319588,485.0,0.019527344033122063
Phenotype_B,coarse,Phenotype_B_DDPM.pt,26175,53.96907216494845,485.0,0.01940101385116577
Phenotype_B,coarse,Phenotype_B_DDPM.pt,26200,54.02061855670103,485.0,0.013141682371497154
Phenotype_B,coarse,Phenotype_B_DDPM.pt,26225,54.07216494845361,485.0,0.01742812618613243
Phenotype_B,coarse,Phenotype_B_DDPM.pt,26250,54.123711340206185,485.0,0.022546827793121338
Phenotype_B,coarse,Phenotype_B_DDPM.pt,26275,54.175257731958766,485.0,0.02725902572274208
Phenotype_B,coarse,Phenotype_B_DDPM.pt,26300,54.22680412371134,485.0,0.029279401525855064
Phenotype_B,coarse,Phenotype_B_DDPM.pt,26325,54.27835051546392,485.0,0.014105767011642456
Phenotype_B,coarse,Phenotype_B_DDPM.pt,26350,54.329896907216494,485.0,0.011664872989058495
Phenotype_B,coarse,Phenotype_B_DDPM.pt,26375,54.381443298969074,485.0,0.008674753829836845
Phenotype_B,coarse,Phenotype_B_DDPM.pt,26400,54.43298969072165,485.0,0.019867194816470146
Phenotype_B,coarse,Phenotype_B_DDPM.pt,26425,54.48453608247423,485.0,0.06885740160942078
Phenotype_B,coarse,Phenotype_B_DDPM.pt,26450,54.5360824742268,485.0,0.03749945014715195
Phenotype_B,coarse,Phenotype_B_DDPM.pt,26475,54.58762886597938,485.0,0.024050209671258926
Phenotype_B,coarse,Phenotype_B_DDPM.pt,26500,54.63917525773196,485.0,0.044666536152362823
Phenotype_B,coarse,Phenotype_B_DDPM.pt,26525,54.69072164948454,485.0,0.05308588221669197
Phenotype_B,coarse,Phenotype_B_DDPM.pt,26550,54.74226804123711,485.0,0.02709023654460907
Phenotype_B,coarse,Phenotype_B_DDPM.pt,26575,54.79381443298969,485.0,0.008226912468671799
Phenotype_B,coarse,Phenotype_B_DDPM.pt,26600,54.845360824742265,485.0,0.016792140901088715
Phenotype_B,coarse,Phenotype_B_DDPM.pt,26625,54.896907216494846,485.0,0.008368253707885742
Phenotype_B,coarse,Phenotype_B_DDPM.pt,26650,54.94845360824742,485.0,0.011355813592672348
Phenotype_B,coarse,Phenotype_B_DDPM.pt,26675,55.0,485.0,0.02740040421485901
Phenotype_B,coarse,Phenotype_B_DDPM.pt,26700,55.05154639175258,485.0,0.06293705850839615
Phenotype_B,coarse,Phenotype_B_DDPM.pt,26725,55.103092783505154,485.0,0.005018373019993305
Phenotype_B,coarse,Phenotype_B_DDPM.pt,26750,55.154639175257735,485.0,0.007542752660810947
Phenotype_B,coarse,Phenotype_B_DDPM.pt,26775,55.20618556701031,485.0,0.041747402399778366
Phenotype_B,coarse,Phenotype_B_DDPM.pt,26800,55.25773195876289,485.0,0.046008553355932236
Phenotype_B,coarse,Phenotype_B_DDPM.pt,26825,55.30927835051546,485.0,0.052245646715164185
Phenotype_B,coarse,Phenotype_B_DDPM.pt,26850,55.36082474226804,485.0,0.044330302625894547
Phenotype_B,coarse,Phenotype_B_DDPM.pt,26875,55.41237113402062,485.0,0.045433998107910156
Phenotype_B,coarse,Phenotype_B_DDPM.pt,26900,55.4639175257732,485.0,0.0912628322839737
Phenotype_B,coarse,Phenotype_B_DDPM.pt,26925,55.51546391752577,485.0,0.03669631481170654
Phenotype_B,coarse,Phenotype_B_DDPM.pt,26950,55.56701030927835,485.0,0.018650870770215988
Phenotype_B,coarse,Phenotype_B_DDPM.pt,26975,55.618556701030926,485.0,0.012977750971913338
Phenotype_B,coarse,Phenotype_B_DDPM.pt,27000,55.670103092783506,485.0,0.02722494676709175
Phenotype_B,coarse,Phenotype_B_DDPM.pt,27025,55.72164948453608,485.0,0.017426853999495506
Phenotype_B,coarse,Phenotype_B_DDPM.pt,27050,55.77319587628866,485.0,0.00712322723120451
Phenotype_B,coarse,Phenotype_B_DDPM.pt,27075,55.824742268041234,485.0,0.01414965745061636
Phenotype_B,coarse,Phenotype_B_DDPM.pt,27100,55.876288659793815,485.0,0.005552554037421942
Phenotype_B,coarse,Phenotype_B_DDPM.pt,27125,55.92783505154639,485.0,0.06314156204462051
Phenotype_B,coarse,Phenotype_B_DDPM.pt,27150,55.97938144329897,485.0,0.03540355712175369
Phenotype_B,coarse,Phenotype_B_DDPM.pt,27175,56.03092783505155,485.0,0.04022792726755142
Phenotype_B,coarse,Phenotype_B_DDPM.pt,27200,56.08247422680412,485.0,0.0340469554066658
Phenotype_B,coarse,Phenotype_B_DDPM.pt,27225,56.134020618556704,485.0,0.060757722705602646
Phenotype_B,coarse,Phenotype_B_DDPM.pt,27250,56.18556701030928,485.0,0.028868043795228004
Phenotype_B,coarse,Phenotype_B_DDPM.pt,27275,56.23711340206186,485.0,0.01766243577003479
Phenotype_B,coarse,Phenotype_B_DDPM.pt,27300,56.28865979381443,485.0,0.014023972675204277
Phenotype_B,coarse,Phenotype_B_DDPM.pt,27325,56.34020618556701,485.0,0.02643958479166031
Phenotype_B,coarse,Phenotype_B_DDPM.pt,27350,56.391752577319586,485.0,0.01897834613919258
Phenotype_B,coarse,Phenotype_B_DDPM.pt,27375,56.44329896907217,485.0,0.0349830687046051
Phenotype_B,coarse,Phenotype_B_DDPM.pt,27400,56.49484536082474,485.0,0.05004578083753586
Phenotype_B,coarse,Phenotype_B_DDPM.pt,27425,56.54639175257732,485.0,0.04791049286723137
Phenotype_B,coarse,Phenotype_B_DDPM.pt,27450,56.597938144329895,485.0,0.02279742807149887
Phenotype_B,coarse,Phenotype_B_DDPM.pt,27475,56.649484536082475,485.0,0.019399503245949745
Phenotype_B,coarse,Phenotype_B_DDPM.pt,27500,56.70103092783505,485.0,0.03806626424193382
Phenotype_B,coarse,Phenotype_B_DDPM.pt,27525,56.75257731958763,485.0,0.010074187070131302
Phenotype_B,coarse,Phenotype_B_DDPM.pt,27550,56.8041237113402,485.0,0.03175478056073189
Phenotype_B,coarse,Phenotype_B_DDPM.pt,27575,56.855670103092784,485.0,0.020223412662744522
Phenotype_B,coarse,Phenotype_B_DDPM.pt,27600,56.90721649484536,485.0,0.01632588729262352
Phenotype_B,coarse,Phenotype_B_DDPM.pt,27625,56.95876288659794,485.0,0.022874563932418823
Phenotype_B,coarse,Phenotype_B_DDPM.pt,27650,57.01030927835052,485.0,0.011641683988273144
Phenotype_B,coarse,Phenotype_B_DDPM.pt,27675,57.06185567010309,485.0,0.06542546302080154
Phenotype_B,coarse,Phenotype_B_DDPM.pt,27700,57.11340206185567,485.0,0.06535229086875916
Phenotype_B,coarse,Phenotype_B_DDPM.pt,27725,57.16494845360825,485.0,0.03512547165155411
Phenotype_B,coarse,Phenotype_B_DDPM.pt,27750,57.21649484536083,485.0,0.015029107220470905
Phenotype_B,coarse,Phenotype_B_DDPM.pt,27775,57.2680412371134,485.0,0.012242849916219711
Phenotype_B,coarse,Phenotype_B_DDPM.pt,27800,57.31958762886598,485.0,0.03966889902949333
Phenotype_B,coarse,Phenotype_B_DDPM.pt,27825,57.371134020618555,485.0,0.02487945929169655
Phenotype_B,coarse,Phenotype_B_DDPM.pt,27850,57.422680412371136,485.0,0.005869968328624964
Phenotype_B,coarse,Phenotype_B_DDPM.pt,27875,57.47422680412371,485.0,0.021974436938762665
Phenotype_B,coarse,Phenotype_B_DDPM.pt,27900,57.52577319587629,485.0,0.044986773282289505
Phenotype_B,coarse,Phenotype_B_DDPM.pt,27925,57.577319587628864,485.0,0.06267500668764114
Phenotype_B,coarse,Phenotype_B_DDPM.pt,27950,57.628865979381445,485.0,0.017552193254232407
Phenotype_B,coarse,Phenotype_B_DDPM.pt,27975,57.68041237113402,485.0,0.0149160111322999
Phenotype_B,coarse,Phenotype_B_DDPM.pt,28000,57.7319587628866,485.0,0.010590292513370514
Phenotype_B,coarse,Phenotype_B_DDPM.pt,28025,57.78350515463917,485.0,0.037529416382312775
Phenotype_B,coarse,Phenotype_B_DDPM.pt,28050,57.83505154639175,485.0,0.008577035740017891
Phenotype_B,coarse,Phenotype_B_DDPM.pt,28075,57.88659793814433,485.0,0.036523811519145966
Phenotype_B,coarse,Phenotype_B_DDPM.pt,28100,57.93814432989691,485.0,0.010559815913438797
Phenotype_B,coarse,Phenotype_B_DDPM.pt,28125,57.98969072164948,485.0,0.03751242905855179
Phenotype_B,coarse,Phenotype_B_DDPM.pt,28150,58.04123711340206,485.0,0.02486731857061386
Phenotype_B,coarse,Phenotype_B_DDPM.pt,28175,58.09278350515464,485.0,0.03464335948228836
Phenotype_B,coarse,Phenotype_B_DDPM.pt,28200,58.144329896907216,485.0,0.03426307812333107
Phenotype_B,coarse,Phenotype_B_DDPM.pt,28225,58.1958762886598,485.0,0.04015658050775528
Phenotype_B,coarse,Phenotype_B_DDPM.pt,28250,58.24742268041237,485.0,0.030418703332543373
Phenotype_B,coarse,Phenotype_B_DDPM.pt,28275,58.29896907216495,485.0,0.08789785206317902
Phenotype_B,coarse,Phenotype_B_DDPM.pt,28300,58.350515463917525,485.0,0.023552417755126953
Phenotype_B,coarse,Phenotype_B_DDPM.pt,28325,58.402061855670105,485.0,0.008201316930353642
Phenotype_B,coarse,Phenotype_B_DDPM.pt,28350,58.45360824742268,485.0,0.007218553218990564
Phenotype_B,coarse,Phenotype_B_DDPM.pt,28375,58.50515463917526,485.0,0.006861404050141573
Phenotype_B,coarse,Phenotype_B_DDPM.pt,28400,58.55670103092783,485.0,0.05129576474428177
Phenotype_B,coarse,Phenotype_B_DDPM.pt,28425,58.608247422680414,485.0,0.030876509845256805
Phenotype_B,coarse,Phenotype_B_DDPM.pt,28450,58.65979381443299,485.0,0.013986330479383469
Phenotype_B,coarse,Phenotype_B_DDPM.pt,28475,58.71134020618557,485.0,0.01940368488430977
Phenotype_B,coarse,Phenotype_B_DDPM.pt,28500,58.76288659793814,485.0,0.03223389387130737
Phenotype_B,coarse,Phenotype_B_DDPM.pt,28525,58.81443298969072,485.0,0.009748376905918121
Phenotype_B,coarse,Phenotype_B_DDPM.pt,28550,58.865979381443296,485.0,0.0549299493432045
Phenotype_B,coarse,Phenotype_B_DDPM.pt,28575,58.91752577319588,485.0,0.023468226194381714
Phenotype_B,coarse,Phenotype_B_DDPM.pt,28600,58.96907216494845,485.0,0.014108600094914436
Phenotype_B,coarse,Phenotype_B_DDPM.pt,28625,59.02061855670103,485.0,0.012381032109260559
Phenotype_B,coarse,Phenotype_B_DDPM.pt,28650,59.07216494845361,485.0,0.03339168429374695
Phenotype_B,coarse,Phenotype_B_DDPM.pt,28675,59.123711340206185,485.0,0.032994240522384644
Phenotype_B,coarse,Phenotype_B_DDPM.pt,28700,59.175257731958766,485.0,0.026332003995776176
Phenotype_B,coarse,Phenotype_B_DDPM.pt,28725,59.22680412371134,485.0,0.02705228514969349
Phenotype_B,coarse,Phenotype_B_DDPM.pt,28750,59.27835051546392,485.0,0.005547472275793552
Phenotype_B,coarse,Phenotype_B_DDPM.pt,28775,59.329896907216494,485.0,0.017732510343194008
Phenotype_B,coarse,Phenotype_B_DDPM.pt,28800,59.381443298969074,485.0,0.013252904638648033
Phenotype_B,coarse,Phenotype_B_DDPM.pt,28825,59.43298969072165,485.0,0.024372780695557594
Phenotype_B,coarse,Phenotype_B_DDPM.pt,28850,59.48453608247423,485.0,0.03340201452374458
Phenotype_B,coarse,Phenotype_B_DDPM.pt,28875,59.5360824742268,485.0,0.051355991512537
Phenotype_B,coarse,Phenotype_B_DDPM.pt,28900,59.58762886597938,485.0,0.01043361984193325
Phenotype_B,coarse,Phenotype_B_DDPM.pt,28925,59.63917525773196,485.0,0.032563772052526474
Phenotype_B,coarse,Phenotype_B_DDPM.pt,28950,59.69072164948454,485.0,0.011813224293291569
Phenotype_B,coarse,Phenotype_B_DDPM.pt,28975,59.74226804123711,485.0,0.022107943892478943
Phenotype_B,coarse,Phenotype_B_DDPM.pt,29000,59.79381443298969,485.0,0.026749929413199425
Phenotype_B,coarse,Phenotype_B_DDPM.pt,29025,59.845360824742265,485.0,0.020395703613758087
Phenotype_B,coarse,Phenotype_B_DDPM.pt,29050,59.896907216494846,485.0,0.04557351768016815
Phenotype_B,coarse,Phenotype_B_DDPM.pt,29075,59.94845360824742,485.0,0.020829912275075912
Phenotype_B,coarse,Phenotype_B_DDPM.pt,29100,60.0,485.0,0.05884885415434837
Phenotype_B,coarse,Phenotype_B_DDPM.pt,29125,60.05154639175258,485.0,0.019523290917277336
Phenotype_B,coarse,Phenotype_B_DDPM.pt,29150,60.103092783505154,485.0,0.032004743814468384
Phenotype_B,coarse,Phenotype_B_DDPM.pt,29175,60.154639175257735,485.0,0.018125217407941818
Phenotype_B,coarse,Phenotype_B_DDPM.pt,29200,60.20618556701031,485.0,0.05116694048047066
Phenotype_B,coarse,Phenotype_B_DDPM.pt,29225,60.25773195876289,485.0,0.07036146521568298
Phenotype_B,coarse,Phenotype_B_DDPM.pt,29250,60.30927835051546,485.0,0.03794471174478531
Phenotype_B,coarse,Phenotype_B_DDPM.pt,29275,60.36082474226804,485.0,0.007574800401926041
Phenotype_B,coarse,Phenotype_B_DDPM.pt,29300,60.41237113402062,485.0,0.005117697641253471
Phenotype_B,coarse,Phenotype_B_DDPM.pt,29325,60.4639175257732,485.0,0.01992572657763958
Phenotype_B,coarse,Phenotype_B_DDPM.pt,29350,60.51546391752577,485.0,0.040826134383678436
Phenotype_B,coarse,Phenotype_B_DDPM.pt,29375,60.56701030927835,485.0,0.0526377335190773
Phenotype_B,coarse,Phenotype_B_DDPM.pt,29400,60.618556701030926,485.0,0.050356123596429825
Phenotype_B,coarse,Phenotype_B_DDPM.pt,29425,60.670103092783506,485.0,0.009562777355313301
Phenotype_B,coarse,Phenotype_B_DDPM.pt,29450,60.72164948453608,485.0,0.004736823029816151
Phenotype_B,coarse,Phenotype_B_DDPM.pt,29475,60.77319587628866,485.0,0.007974743843078613
Phenotype_B,coarse,Phenotype_B_DDPM.pt,29500,60.824742268041234,485.0,0.03150578588247299
Phenotype_B,coarse,Phenotype_B_DDPM.pt,29525,60.876288659793815,485.0,0.039096761494874954
Phenotype_B,coarse,Phenotype_B_DDPM.pt,29550,60.92783505154639,485.0,0.01333470270037651
Phenotype_B,coarse,Phenotype_B_DDPM.pt,29575,60.97938144329897,485.0,0.027534065768122673
Phenotype_B,coarse,Phenotype_B_DDPM.pt,29600,61.03092783505155,485.0,0.03510160744190216
Phenotype_B,coarse,Phenotype_B_DDPM.pt,29625,61.08247422680412,485.0,0.013659479096531868
Phenotype_B,coarse,Phenotype_B_DDPM.pt,29650,61.134020618556704,485.0,0.008468091487884521
Phenotype_B,coarse,Phenotype_B_DDPM.pt,29675,61.18556701030928,485.0,0.016538314521312714
Phenotype_B,coarse,Phenotype_B_DDPM.pt,29700,61.23711340206186,485.0,0.028957508504390717
Phenotype_B,coarse,Phenotype_B_DDPM.pt,29725,61.28865979381443,485.0,0.044807858765125275
Phenotype_B,coarse,Phenotype_B_DDPM.pt,29750,61.34020618556701,485.0,0.04242066666483879
Phenotype_B,coarse,Phenotype_B_DDPM.pt,29775,61.391752577319586,485.0,0.06572070717811584
Phenotype_B,coarse,Phenotype_B_DDPM.pt,29800,61.44329896907217,485.0,0.01172654889523983
Phenotype_B,coarse,Phenotype_B_DDPM.pt,29825,61.49484536082474,485.0,0.023386670276522636
Phenotype_B,coarse,Phenotype_B_DDPM.pt,29850,61.54639175257732,485.0,0.02716466784477234
Phenotype_B,coarse,Phenotype_B_DDPM.pt,29875,61.597938144329895,485.0,0.040617942810058594
Phenotype_B,coarse,Phenotype_B_DDPM.pt,29900,61.649484536082475,485.0,0.0386502668261528
Phenotype_B,coarse,Phenotype_B_DDPM.pt,29925,61.70103092783505,485.0,0.029335446655750275
Phenotype_B,coarse,Phenotype_B_DDPM.pt,29950,61.75257731958763,485.0,0.020385347306728363
Phenotype_B,coarse,Phenotype_B_DDPM.pt,29975,61.8041237113402,485.0,0.056845612823963165
Phenotype_B,coarse,Phenotype_B_DDPM.pt,30000,61.855670103092784,485.0,0.01546359434723854
Phenotype_B,coarse,Phenotype_B_DDPM.pt,30025,61.90721649484536,485.0,0.014623010531067848
Phenotype_B,coarse,Phenotype_B_DDPM.pt,30050,61.95876288659794,485.0,0.026777483522892
Phenotype_B,coarse,Phenotype_B_DDPM.pt,30075,62.01030927835052,485.0,0.0379171259701252
Phenotype_B,coarse,Phenotype_B_DDPM.pt,30100,62.06185567010309,485.0,0.019261647015810013
Phenotype_B,coarse,Phenotype_B_DDPM.pt,30125,62.11340206185567,485.0,0.028576835989952087
Phenotype_B,coarse,Phenotype_B_DDPM.pt,30150,62.16494845360825,485.0,0.008787459693849087
Phenotype_B,coarse,Phenotype_B_DDPM.pt,30175,62.21649484536083,485.0,0.032411977648735046
Phenotype_B,coarse,Phenotype_B_DDPM.pt,30200,62.2680412371134,485.0,0.01759026199579239
Phenotype_B,coarse,Phenotype_B_DDPM.pt,30225,62.31958762886598,485.0,0.012298321351408958
Phenotype_B,coarse,Phenotype_B_DDPM.pt,30250,62.371134020618555,485.0,0.02353482134640217
Phenotype_B,coarse,Phenotype_B_DDPM.pt,30275,62.422680412371136,485.0,0.02768525667488575
Phenotype_B,coarse,Phenotype_B_DDPM.pt,30300,62.47422680412371,485.0,0.005471426993608475
Phenotype_B,coarse,Phenotype_B_DDPM.pt,30325,62.52577319587629,485.0,0.008285604417324066
Phenotype_B,coarse,Phenotype_B_DDPM.pt,30350,62.577319587628864,485.0,0.022592157125473022
Phenotype_B,coarse,Phenotype_B_DDPM.pt,30375,62.628865979381445,485.0,0.0224287249147892
Phenotype_B,coarse,Phenotype_B_DDPM.pt,30400,62.68041237113402,485.0,0.04250305891036987
Phenotype_B,coarse,Phenotype_B_DDPM.pt,30425,62.7319587628866,485.0,0.049465179443359375
Phenotype_B,coarse,Phenotype_B_DDPM.pt,30450,62.78350515463917,485.0,0.012839988805353642
Phenotype_B,coarse,Phenotype_B_DDPM.pt,30475,62.83505154639175,485.0,0.05163181200623512
Phenotype_B,coarse,Phenotype_B_DDPM.pt,30500,62.88659793814433,485.0,0.014911387115716934
Phenotype_B,coarse,Phenotype_B_DDPM.pt,30525,62.93814432989691,485.0,0.009318120777606964
Phenotype_B,coarse,Phenotype_B_DDPM.pt,30550,62.98969072164948,485.0,0.029177742078900337
Phenotype_B,coarse,Phenotype_B_DDPM.pt,30575,63.04123711340206,485.0,0.013152647763490677
Phenotype_B,coarse,Phenotype_B_DDPM.pt,30600,63.09278350515464,485.0,0.07361456006765366
Phenotype_B,coarse,Phenotype_B_DDPM.pt,30625,63.144329896907216,485.0,0.023133298382163048
Phenotype_B,coarse,Phenotype_B_DDPM.pt,30650,63.1958762886598,485.0,0.018912695348262787
Phenotype_B,coarse,Phenotype_B_DDPM.pt,30675,63.24742268041237,485.0,0.05510891228914261
Phenotype_B,coarse,Phenotype_B_DDPM.pt,30700,63.29896907216495,485.0,0.01899426430463791
Phenotype_B,coarse,Phenotype_B_DDPM.pt,30725,63.350515463917525,485.0,0.03035498410463333
Phenotype_B,coarse,Phenotype_B_DDPM.pt,30750,63.402061855670105,485.0,0.019365403801202774
Phenotype_B,coarse,Phenotype_B_DDPM.pt,30775,63.45360824742268,485.0,0.01618991792201996
Phenotype_B,coarse,Phenotype_B_DDPM.pt,30800,63.50515463917526,485.0,0.022849395871162415
Phenotype_B,coarse,Phenotype_B_DDPM.pt,30825,63.55670103092783,485.0,0.005637768656015396
Phenotype_B,coarse,Phenotype_B_DDPM.pt,30850,63.608247422680414,485.0,0.03494724631309509
Phenotype_B,coarse,Phenotype_B_DDPM.pt,30875,63.65979381443299,485.0,0.028555847704410553
Phenotype_B,coarse,Phenotype_B_DDPM.pt,30900,63.71134020618557,485.0,0.046848781406879425
Phenotype_B,coarse,Phenotype_B_DDPM.pt,30925,63.76288659793814,485.0,0.014534037560224533
Phenotype_B,coarse,Phenotype_B_DDPM.pt,30950,63.81443298969072,485.0,0.02081751450896263
Phenotype_B,coarse,Phenotype_B_DDPM.pt,30975,63.865979381443296,485.0,0.05166733264923096
Phenotype_B,coarse,Phenotype_B_DDPM.pt,31000,63.91752577319588,485.0,0.008020924404263496
Phenotype_B,coarse,Phenotype_B_DDPM.pt,31025,63.96907216494845,485.0,0.005618336610496044
Phenotype_B,coarse,Phenotype_B_DDPM.pt,31050,64.02061855670104,485.0,0.016346938908100128
Phenotype_B,coarse,Phenotype_B_DDPM.pt,31075,64.0721649484536,485.0,0.015622664242982864
Phenotype_B,coarse,Phenotype_B_DDPM.pt,31100,64.12371134020619,485.0,0.014989984221756458
Phenotype_B,coarse,Phenotype_B_DDPM.pt,31125,64.17525773195877,485.0,0.023311981931328773
Phenotype_B,coarse,Phenotype_B_DDPM.pt,31150,64.22680412371135,485.0,0.049943819642066956
Phenotype_B,coarse,Phenotype_B_DDPM.pt,31175,64.27835051546391,485.0,0.055525198578834534
Phenotype_B,coarse,Phenotype_B_DDPM.pt,31200,64.3298969072165,485.0,0.009774165228009224
Phenotype_B,coarse,Phenotype_B_DDPM.pt,31225,64.38144329896907,485.0,0.007927557453513145
Phenotype_B,coarse,Phenotype_B_DDPM.pt,31250,64.43298969072166,485.0,0.07334470003843307
Phenotype_B,coarse,Phenotype_B_DDPM.pt,31275,64.48453608247422,485.0,0.019370419904589653
Phenotype_B,coarse,Phenotype_B_DDPM.pt,31300,64.5360824742268,485.0,0.020774487406015396
Phenotype_B,coarse,Phenotype_B_DDPM.pt,31325,64.58762886597938,485.0,0.026236198842525482
Phenotype_B,coarse,Phenotype_B_DDPM.pt,31350,64.63917525773196,485.0,0.04902557656168938
Phenotype_B,coarse,Phenotype_B_DDPM.pt,31375,64.69072164948453,485.0,0.05361302196979523
Phenotype_B,coarse,Phenotype_B_DDPM.pt,31400,64.74226804123711,485.0,0.028320634737610817
Phenotype_B,coarse,Phenotype_B_DDPM.pt,31425,64.79381443298969,485.0,0.015318619087338448
Phenotype_B,coarse,Phenotype_B_DDPM.pt,31450,64.84536082474227,485.0,0.03017377108335495
Phenotype_B,coarse,Phenotype_B_DDPM.pt,31475,64.89690721649484,485.0,0.00801716186106205
Phenotype_B,coarse,Phenotype_B_DDPM.pt,31500,64.94845360824742,485.0,0.03658464178442955
Phenotype_B,coarse,Phenotype_B_DDPM.pt,31525,65.0,485.0,0.04860697686672211
Phenotype_B,coarse,Phenotype_B_DDPM.pt,31550,65.05154639175258,485.0,0.0196525938808918
Phenotype_B,coarse,Phenotype_B_DDPM.pt,31575,65.10309278350516,485.0,0.04161109775304794
Phenotype_B,coarse,Phenotype_B_DDPM.pt,31600,65.15463917525773,485.0,0.03663957118988037
Phenotype_B,coarse,Phenotype_B_DDPM.pt,31625,65.20618556701031,485.0,0.016578316688537598
Phenotype_B,coarse,Phenotype_B_DDPM.pt,31650,65.25773195876289,485.0,0.051914412528276443
Phenotype_B,coarse,Phenotype_B_DDPM.pt,31675,65.30927835051547,485.0,0.012177125550806522
Phenotype_B,coarse,Phenotype_B_DDPM.pt,31700,65.36082474226804,485.0,0.00848714541643858
Phenotype_B,coarse,Phenotype_B_DDPM.pt,31725,65.41237113402062,485.0,0.021755415946245193
Phenotype_B,coarse,Phenotype_B_DDPM.pt,31750,65.4639175257732,485.0,0.021989304572343826
Phenotype_B,coarse,Phenotype_B_DDPM.pt,31775,65.51546391752578,485.0,0.03665195405483246
Phenotype_B,coarse,Phenotype_B_DDPM.pt,31800,65.56701030927834,485.0,0.010043203830718994
Phenotype_B,coarse,Phenotype_B_DDPM.pt,31825,65.61855670103093,485.0,0.022267300635576248
Phenotype_B,coarse,Phenotype_B_DDPM.pt,31850,65.6701030927835,485.0,0.04298873618245125
Phenotype_B,coarse,Phenotype_B_DDPM.pt,31875,65.72164948453609,485.0,0.016328293830156326
Phenotype_B,coarse,Phenotype_B_DDPM.pt,31900,65.77319587628865,485.0,0.03831346333026886
Phenotype_B,coarse,Phenotype_B_DDPM.pt,31925,65.82474226804123,485.0,0.008474753238260746
Phenotype_B,coarse,Phenotype_B_DDPM.pt,31950,65.87628865979381,485.0,0.03032093122601509
Phenotype_B,coarse,Phenotype_B_DDPM.pt,31975,65.9278350515464,485.0,0.007417645771056414
Phenotype_B,coarse,Phenotype_B_DDPM.pt,32000,65.97938144329896,485.0,0.007307961583137512
Phenotype_B,coarse,Phenotype_B_DDPM.pt,32025,66.03092783505154,485.0,0.016661420464515686
Phenotype_B,coarse,Phenotype_B_DDPM.pt,32050,66.08247422680412,485.0,0.05544884502887726
Phenotype_B,coarse,Phenotype_B_DDPM.pt,32075,66.1340206185567,485.0,0.027171341702342033
Phenotype_B,coarse,Phenotype_B_DDPM.pt,32100,66.18556701030928,485.0,0.050037529319524765
Phenotype_B,coarse,Phenotype_B_DDPM.pt,32125,66.23711340206185,485.0,0.021825728937983513
Phenotype_B,coarse,Phenotype_B_DDPM.pt,32150,66.28865979381443,485.0,0.03433892875909805
Phenotype_B,coarse,Phenotype_B_DDPM.pt,32175,66.34020618556701,485.0,0.014279581606388092
Phenotype_B,coarse,Phenotype_B_DDPM.pt,32200,66.3917525773196,485.0,0.03410397469997406
Phenotype_B,coarse,Phenotype_B_DDPM.pt,32225,66.44329896907216,485.0,0.038814812898635864
Phenotype_B,coarse,Phenotype_B_DDPM.pt,32250,66.49484536082474,485.0,0.02700803056359291
Phenotype_B,coarse,Phenotype_B_DDPM.pt,32275,66.54639175257732,485.0,0.022588826715946198
Phenotype_B,coarse,Phenotype_B_DDPM.pt,32300,66.5979381443299,485.0,0.011392024345695972
Phenotype_B,coarse,Phenotype_B_DDPM.pt,32325,66.64948453608247,485.0,0.02386534959077835
Phenotype_B,coarse,Phenotype_B_DDPM.pt,32350,66.70103092783505,485.0,0.029456302523612976
Phenotype_B,coarse,Phenotype_B_DDPM.pt,32375,66.75257731958763,485.0,0.011845351196825504
Phenotype_B,coarse,Phenotype_B_DDPM.pt,32400,66.80412371134021,485.0,0.025595471262931824
Phenotype_B,coarse,Phenotype_B_DDPM.pt,32425,66.85567010309278,485.0,0.00317525677382946
Phenotype_B,coarse,Phenotype_B_DDPM.pt,32450,66.90721649484536,485.0,0.021402791142463684
Phenotype_B,coarse,Phenotype_B_DDPM.pt,32475,66.95876288659794,485.0,0.007805494125932455
Phenotype_B,coarse,Phenotype_B_DDPM.pt,32500,67.01030927835052,485.0,0.029521171003580093
Phenotype_B,coarse,Phenotype_B_DDPM.pt,32525,67.0618556701031,485.0,0.016859881579875946
Phenotype_B,coarse,Phenotype_B_DDPM.pt,32550,67.11340206185567,485.0,0.0420827679336071
Phenotype_B,coarse,Phenotype_B_DDPM.pt,32575,67.16494845360825,485.0,0.007785746827721596
Phenotype_B,coarse,Phenotype_B_DDPM.pt,32600,67.21649484536083,485.0,0.007394549436867237
Phenotype_B,coarse,Phenotype_B_DDPM.pt,32625,67.26804123711341,485.0,0.0533403605222702
Phenotype_B,coarse,Phenotype_B_DDPM.pt,32650,67.31958762886597,485.0,0.05548465996980667
Phenotype_B,coarse,Phenotype_B_DDPM.pt,32675,67.37113402061856,485.0,0.02245234325528145
Phenotype_B,coarse,Phenotype_B_DDPM.pt,32700,67.42268041237114,485.0,0.03439841419458389
Phenotype_B,coarse,Phenotype_B_DDPM.pt,32725,67.47422680412372,485.0,0.009049267508089542
Phenotype_B,coarse,Phenotype_B_DDPM.pt,32750,67.52577319587628,485.0,0.004114137962460518
Phenotype_B,coarse,Phenotype_B_DDPM.pt,32775,67.57731958762886,485.0,0.008155187591910362
Phenotype_B,coarse,Phenotype_B_DDPM.pt,32800,67.62886597938144,485.0,0.02103447914123535
Phenotype_B,coarse,Phenotype_B_DDPM.pt,32825,67.68041237113403,485.0,0.016421768814325333
Phenotype_B,coarse,Phenotype_B_DDPM.pt,32850,67.73195876288659,485.0,0.05702978000044823
Phenotype_B,coarse,Phenotype_B_DDPM.pt,32875,67.78350515463917,485.0,0.02393193542957306
Phenotype_B,coarse,Phenotype_B_DDPM.pt,32900,67.83505154639175,485.0,0.06276308000087738
Phenotype_B,coarse,Phenotype_B_DDPM.pt,32925,67.88659793814433,485.0,0.02019874006509781
Phenotype_B,coarse,Phenotype_B_DDPM.pt,32950,67.9381443298969,485.0,0.016339968889951706
Phenotype_B,coarse,Phenotype_B_DDPM.pt,32975,67.98969072164948,485.0,0.02284282259643078
Phenotype_B,coarse,Phenotype_B_DDPM.pt,33000,68.04123711340206,485.0,0.018807286396622658
Phenotype_B,coarse,Phenotype_B_DDPM.pt,33025,68.09278350515464,485.0,0.021751688793301582
Phenotype_B,coarse,Phenotype_B_DDPM.pt,33050,68.14432989690722,485.0,0.005208451766520739
Phenotype_B,coarse,Phenotype_B_DDPM.pt,33075,68.19587628865979,485.0,0.027768753468990326
Phenotype_B,coarse,Phenotype_B_DDPM.pt,33100,68.24742268041237,485.0,0.0406048558652401
Phenotype_B,coarse,Phenotype_B_DDPM.pt,33125,68.29896907216495,485.0,0.015263278037309647
Phenotype_B,coarse,Phenotype_B_DDPM.pt,33150,68.35051546391753,485.0,0.013364513404667377
Phenotype_B,coarse,Phenotype_B_DDPM.pt,33175,68.4020618556701,485.0,0.054613906890153885
Phenotype_B,coarse,Phenotype_B_DDPM.pt,33200,68.45360824742268,485.0,0.04183156415820122
Phenotype_B,coarse,Phenotype_B_DDPM.pt,33225,68.50515463917526,485.0,0.01860824227333069
Phenotype_B,coarse,Phenotype_B_DDPM.pt,33250,68.55670103092784,485.0,0.007161417976021767
Phenotype_B,coarse,Phenotype_B_DDPM.pt,33275,68.6082474226804,485.0,0.03879988193511963
Phenotype_B,coarse,Phenotype_B_DDPM.pt,33300,68.65979381443299,485.0,0.04734908789396286
Phenotype_B,coarse,Phenotype_B_DDPM.pt,33325,68.71134020618557,485.0,0.019334685057401657
Phenotype_B,coarse,Phenotype_B_DDPM.pt,33350,68.76288659793815,485.0,0.018878012895584106
Phenotype_B,coarse,Phenotype_B_DDPM.pt,33375,68.81443298969072,485.0,0.007641215808689594
Phenotype_B,coarse,Phenotype_B_DDPM.pt,33400,68.8659793814433,485.0,0.006491454783827066
Phenotype_B,coarse,Phenotype_B_DDPM.pt,33425,68.91752577319588,485.0,0.022342417389154434
Phenotype_B,coarse,Phenotype_B_DDPM.pt,33450,68.96907216494846,485.0,0.020954294130206108
Phenotype_B,coarse,Phenotype_B_DDPM.pt,33475,69.02061855670104,485.0,0.05266749858856201
Phenotype_B,coarse,Phenotype_B_DDPM.pt,33500,69.0721649484536,485.0,0.030877143144607544
Phenotype_B,coarse,Phenotype_B_DDPM.pt,33525,69.12371134020619,485.0,0.03293050080537796
Phenotype_B,coarse,Phenotype_B_DDPM.pt,33550,69.17525773195877,485.0,0.009150832891464233
Phenotype_B,coarse,Phenotype_B_DDPM.pt,33575,69.22680412371135,485.0,0.020975008606910706
Phenotype_B,coarse,Phenotype_B_DDPM.pt,33600,69.27835051546391,485.0,0.016516543924808502
Phenotype_B,coarse,Phenotype_B_DDPM.pt,33625,69.3298969072165,485.0,0.012166192755103111
Phenotype_B,coarse,Phenotype_B_DDPM.pt,33650,69.38144329896907,485.0,0.032110609114170074
Phenotype_B,coarse,Phenotype_B_DDPM.pt,33675,69.43298969072166,485.0,0.020533215254545212
Phenotype_B,coarse,Phenotype_B_DDPM.pt,33700,69.48453608247422,485.0,0.05405651777982712
Phenotype_B,coarse,Phenotype_B_DDPM.pt,33725,69.5360824742268,485.0,0.010097205638885498
Phenotype_B,coarse,Phenotype_B_DDPM.pt,33750,69.58762886597938,485.0,0.04725486785173416
Phenotype_B,coarse,Phenotype_B_DDPM.pt,33775,69.63917525773196,485.0,0.0637366771697998
Phenotype_B,coarse,Phenotype_B_DDPM.pt,33800,69.69072164948453,485.0,0.022328484803438187
Phenotype_B,coarse,Phenotype_B_DDPM.pt,33825,69.74226804123711,485.0,0.03340316563844681
Phenotype_B,coarse,Phenotype_B_DDPM.pt,33850,69.79381443298969,485.0,0.021536268293857574
Phenotype_B,coarse,Phenotype_B_DDPM.pt,33875,69.84536082474227,485.0,0.05927637964487076
Phenotype_B,coarse,Phenotype_B_DDPM.pt,33900,69.89690721649484,485.0,0.0069242664612829685
Phenotype_B,coarse,Phenotype_B_DDPM.pt,33925,69.94845360824742,485.0,0.0455339178442955
Phenotype_B,coarse,Phenotype_B_DDPM.pt,33950,70.0,485.0,0.028129838407039642
Phenotype_B,coarse,Phenotype_B_DDPM.pt,33975,70.05154639175258,485.0,0.01080041192471981
Phenotype_B,coarse,Phenotype_B_DDPM.pt,34000,70.10309278350516,485.0,0.006589820142835379
Phenotype_B,coarse,Phenotype_B_DDPM.pt,34025,70.15463917525773,485.0,0.02668214589357376
Phenotype_B,coarse,Phenotype_B_DDPM.pt,34050,70.20618556701031,485.0,0.023315805941820145
Phenotype_B,coarse,Phenotype_B_DDPM.pt,34075,70.25773195876289,485.0,0.023305699229240417
Phenotype_B,coarse,Phenotype_B_DDPM.pt,34100,70.30927835051547,485.0,0.02174101024866104
Phenotype_B,coarse,Phenotype_B_DDPM.pt,34125,70.36082474226804,485.0,0.052947159856557846
Phenotype_B,coarse,Phenotype_B_DDPM.pt,34150,70.41237113402062,485.0,0.04810699075460434
Phenotype_B,coarse,Phenotype_B_DDPM.pt,34175,70.4639175257732,485.0,0.030529901385307312
Phenotype_B,coarse,Phenotype_B_DDPM.pt,34200,70.51546391752578,485.0,0.0539364218711853
Phenotype_B,coarse,Phenotype_B_DDPM.pt,34225,70.56701030927834,485.0,0.0104197533801198
Phenotype_B,coarse,Phenotype_B_DDPM.pt,34250,70.61855670103093,485.0,0.02528202161192894
Phenotype_B,coarse,Phenotype_B_DDPM.pt,34275,70.6701030927835,485.0,0.023845694959163666
Phenotype_B,coarse,Phenotype_B_DDPM.pt,34300,70.72164948453609,485.0,0.024399586021900177
Phenotype_B,coarse,Phenotype_B_DDPM.pt,34325,70.77319587628865,485.0,0.019943416118621826
Phenotype_B,coarse,Phenotype_B_DDPM.pt,34350,70.82474226804123,485.0,0.07926499098539352
Phenotype_B,coarse,Phenotype_B_DDPM.pt,34375,70.87628865979381,485.0,0.010729828849434853
Phenotype_B,coarse,Phenotype_B_DDPM.pt,34400,70.9278350515464,485.0,0.07051268219947815
Phenotype_B,coarse,Phenotype_B_DDPM.pt,34425,70.97938144329896,485.0,0.03643469139933586
Phenotype_B,coarse,Phenotype_B_DDPM.pt,34450,71.03092783505154,485.0,0.013322247192263603
Phenotype_B,coarse,Phenotype_B_DDPM.pt,34475,71.08247422680412,485.0,0.01694178394973278
Phenotype_B,coarse,Phenotype_B_DDPM.pt,34500,71.1340206185567,485.0,0.03162193298339844
Phenotype_B,coarse,Phenotype_B_DDPM.pt,34525,71.18556701030928,485.0,0.010043727234005928
Phenotype_B,coarse,Phenotype_B_DDPM.pt,34550,71.23711340206185,485.0,0.03074958175420761
Phenotype_B,coarse,Phenotype_B_DDPM.pt,34575,71.28865979381443,485.0,0.03636366128921509
Phenotype_B,coarse,Phenotype_B_DDPM.pt,34600,71.34020618556701,485.0,0.027290361002087593
Phenotype_B,coarse,Phenotype_B_DDPM.pt,34625,71.3917525773196,485.0,0.04273218289017677
Phenotype_B,coarse,Phenotype_B_DDPM.pt,34650,71.44329896907216,485.0,0.017793525010347366
Phenotype_B,coarse,Phenotype_B_DDPM.pt,34675,71.49484536082474,485.0,0.005663430318236351
Phenotype_B,coarse,Phenotype_B_DDPM.pt,34700,71.54639175257732,485.0,0.024902673438191414
Phenotype_B,coarse,Phenotype_B_DDPM.pt,34725,71.5979381443299,485.0,0.005772464908659458
Phenotype_B,coarse,Phenotype_B_DDPM.pt,34750,71.64948453608247,485.0,0.023356132209300995
Phenotype_B,coarse,Phenotype_B_DDPM.pt,34775,71.70103092783505,485.0,0.06534860283136368
Phenotype_B,coarse,Phenotype_B_DDPM.pt,34800,71.75257731958763,485.0,0.017344998195767403
Phenotype_B,coarse,Phenotype_B_DDPM.pt,34825,71.80412371134021,485.0,0.06189799681305885
Phenotype_B,coarse,Phenotype_B_DDPM.pt,34850,71.85567010309278,485.0,0.013062231242656708
Phenotype_B,coarse,Phenotype_B_DDPM.pt,34875,71.90721649484536,485.0,0.01996312290430069
Phenotype_B,coarse,Phenotype_B_DDPM.pt,34900,71.95876288659794,485.0,0.06390625238418579
Phenotype_B,coarse,Phenotype_B_DDPM.pt,34925,72.01030927835052,485.0,0.017462195828557014
Phenotype_B,coarse,Phenotype_B_DDPM.pt,34950,72.0618556701031,485.0,0.016855444759130478
Phenotype_B,coarse,Phenotype_B_DDPM.pt,34975,72.11340206185567,485.0,0.02486627735197544
Phenotype_B,coarse,Phenotype_B_DDPM.pt,35000,72.16494845360825,485.0,0.008392943069338799
Phenotype_B,coarse,Phenotype_B_DDPM.pt,35025,72.21649484536083,485.0,0.04494895786046982
Phenotype_B,coarse,Phenotype_B_DDPM.pt,35050,72.26804123711341,485.0,0.025683552026748657
Phenotype_B,coarse,Phenotype_B_DDPM.pt,35075,72.31958762886597,485.0,0.02579914778470993
Phenotype_B,coarse,Phenotype_B_DDPM.pt,35100,72.37113402061856,485.0,0.007925063371658325
Phenotype_B,coarse,Phenotype_B_DDPM.pt,35125,72.42268041237114,485.0,0.05669403821229935
Phenotype_B,coarse,Phenotype_B_DDPM.pt,35150,72.47422680412372,485.0,0.007397300563752651
Phenotype_B,coarse,Phenotype_B_DDPM.pt,35175,72.52577319587628,485.0,0.019588811323046684
Phenotype_B,coarse,Phenotype_B_DDPM.pt,35200,72.57731958762886,485.0,0.03167923539876938
Phenotype_B,coarse,Phenotype_B_DDPM.pt,35225,72.62886597938144,485.0,0.0214230976998806
Phenotype_B,coarse,Phenotype_B_DDPM.pt,35250,72.68041237113403,485.0,0.019245021045207977
Phenotype_B,coarse,Phenotype_B_DDPM.pt,35275,72.73195876288659,485.0,0.013109516352415085
Phenotype_B,coarse,Phenotype_B_DDPM.pt,35300,72.78350515463917,485.0,0.015185175463557243
Phenotype_B,coarse,Phenotype_B_DDPM.pt,35325,72.83505154639175,485.0,0.06259488314390182
Phenotype_B,coarse,Phenotype_B_DDPM.pt,35350,72.88659793814433,485.0,0.006524101831018925
Phenotype_B,coarse,Phenotype_B_DDPM.pt,35375,72.9381443298969,485.0,0.016098398715257645
Phenotype_B,coarse,Phenotype_B_DDPM.pt,35400,72.98969072164948,485.0,0.020352080464363098
Phenotype_B,coarse,Phenotype_B_DDPM.pt,35425,73.04123711340206,485.0,0.015451405197381973
Phenotype_B,coarse,Phenotype_B_DDPM.pt,35450,73.09278350515464,485.0,0.033573031425476074
Phenotype_B,coarse,Phenotype_B_DDPM.pt,35475,73.14432989690722,485.0,0.011956150643527508
Phenotype_B,coarse,Phenotype_B_DDPM.pt,35500,73.19587628865979,485.0,0.013703301548957825
Phenotype_B,coarse,Phenotype_B_DDPM.pt,35525,73.24742268041237,485.0,0.039149798452854156
Phenotype_B,coarse,Phenotype_B_DDPM.pt,35550,73.29896907216495,485.0,0.014458876103162766
Phenotype_B,coarse,Phenotype_B_DDPM.pt,35575,73.35051546391753,485.0,0.025832179933786392
Phenotype_B,coarse,Phenotype_B_DDPM.pt,35600,73.4020618556701,485.0,0.009486695751547813
Phenotype_B,coarse,Phenotype_B_DDPM.pt,35625,73.45360824742268,485.0,0.03770753741264343
Phenotype_B,coarse,Phenotype_B_DDPM.pt,35650,73.50515463917526,485.0,0.026288378983736038
Phenotype_B,coarse,Phenotype_B_DDPM.pt,35675,73.55670103092784,485.0,0.025673430413007736
Phenotype_B,coarse,Phenotype_B_DDPM.pt,35700,73.6082474226804,485.0,0.011252058669924736
Phenotype_B,coarse,Phenotype_B_DDPM.pt,35725,73.65979381443299,485.0,0.00426541268825531
Phenotype_B,coarse,Phenotype_B_DDPM.pt,35750,73.71134020618557,485.0,0.013912348076701164
Phenotype_B,coarse,Phenotype_B_DDPM.pt,35775,73.76288659793815,485.0,0.057259589433670044
Phenotype_B,coarse,Phenotype_B_DDPM.pt,35800,73.81443298969072,485.0,0.012384647503495216
Phenotype_B,coarse,Phenotype_B_DDPM.pt,35825,73.8659793814433,485.0,0.008584491908550262
Phenotype_B,coarse,Phenotype_B_DDPM.pt,35850,73.91752577319588,485.0,0.032980866730213165
Phenotype_B,coarse,Phenotype_B_DDPM.pt,35875,73.96907216494846,485.0,0.039277754724025726
Phenotype_B,coarse,Phenotype_B_DDPM.pt,35900,74.02061855670104,485.0,0.009499036706984043
Phenotype_B,coarse,Phenotype_B_DDPM.pt,35925,74.0721649484536,485.0,0.018366146832704544
Phenotype_B,coarse,Phenotype_B_DDPM.pt,35950,74.12371134020619,485.0,0.04710482805967331
Phenotype_B,coarse,Phenotype_B_DDPM.pt,35975,74.17525773195877,485.0,0.026157358661293983
Phenotype_B,coarse,Phenotype_B_DDPM.pt,36000,74.22680412371135,485.0,0.04813095182180405
Phenotype_B,coarse,Phenotype_B_DDPM.pt,36025,74.27835051546391,485.0,0.02357308194041252
Phenotype_B,coarse,Phenotype_B_DDPM.pt,36050,74.3298969072165,485.0,0.029830705374479294
Phenotype_B,coarse,Phenotype_B_DDPM.pt,36075,74.38144329896907,485.0,0.026702741160988808
Phenotype_B,coarse,Phenotype_B_DDPM.pt,36100,74.43298969072166,485.0,0.027279706671833992
Phenotype_B,coarse,Phenotype_B_DDPM.pt,36125,74.48453608247422,485.0,0.028304878622293472
Phenotype_B,coarse,Phenotype_B_DDPM.pt,36150,74.5360824742268,485.0,0.012642747722566128
Phenotype_B,coarse,Phenotype_B_DDPM.pt,36175,74.58762886597938,485.0,0.04032784327864647
Phenotype_B,coarse,Phenotype_B_DDPM.pt,36200,74.63917525773196,485.0,0.011757801286876202
Phenotype_B,coarse,Phenotype_B_DDPM.pt,36225,74.69072164948453,485.0,0.03183924779295921
Phenotype_B,coarse,Phenotype_B_DDPM.pt,36250,74.74226804123711,485.0,0.007891920395195484
Phenotype_B,coarse,Phenotype_B_DDPM.pt,36275,74.79381443298969,485.0,0.010064003989100456
Phenotype_B,coarse,Phenotype_B_DDPM.pt,36300,74.84536082474227,485.0,0.04696154221892357
Phenotype_B,coarse,Phenotype_B_DDPM.pt,36325,74.89690721649484,485.0,0.041554760187864304
Phenotype_B,coarse,Phenotype_B_DDPM.pt,36350,74.94845360824742,485.0,0.028239741921424866
Phenotype_B,coarse,Phenotype_B_DDPM.pt,36375,75.0,485.0,0.015819497406482697
Phenotype_B,coarse,Phenotype_B_DDPM.pt,36400,75.05154639175258,485.0,0.01702345535159111
Phenotype_B,coarse,Phenotype_B_DDPM.pt,36425,75.10309278350516,485.0,0.02905447408556938
Phenotype_B,coarse,Phenotype_B_DDPM.pt,36450,75.15463917525773,485.0,0.01283876970410347
Phenotype_B,coarse,Phenotype_B_DDPM.pt,36475,75.20618556701031,485.0,0.025649700313806534
Phenotype_B,coarse,Phenotype_B_DDPM.pt,36500,75.25773195876289,485.0,0.045089561492204666
Phenotype_B,coarse,Phenotype_B_DDPM.pt,36525,75.30927835051547,485.0,0.008412733674049377
Phenotype_B,coarse,Phenotype_B_DDPM.pt,36550,75.36082474226804,485.0,0.01876082830131054
Phenotype_B,coarse,Phenotype_B_DDPM.pt,36575,75.41237113402062,485.0,0.06282080709934235
Phenotype_B,coarse,Phenotype_B_DDPM.pt,36600,75.4639175257732,485.0,0.024072233587503433
Phenotype_B,coarse,Phenotype_B_DDPM.pt,36625,75.51546391752578,485.0,0.011133515276014805
Phenotype_B,coarse,Phenotype_B_DDPM.pt,36650,75.56701030927834,485.0,0.014132287353277206
Phenotype_B,coarse,Phenotype_B_DDPM.pt,36675,75.61855670103093,485.0,0.05622235685586929
Phenotype_B,coarse,Phenotype_B_DDPM.pt,36700,75.6701030927835,485.0,0.02790261059999466
Phenotype_B,coarse,Phenotype_B_DDPM.pt,36725,75.72164948453609,485.0,0.007423622999340296
Phenotype_B,coarse,Phenotype_B_DDPM.pt,36750,75.77319587628865,485.0,0.026340896263718605
Phenotype_B,coarse,Phenotype_B_DDPM.pt,36775,75.82474226804123,485.0,0.009344415739178658
Phenotype_B,coarse,Phenotype_B_DDPM.pt,36800,75.87628865979381,485.0,0.030179880559444427
Phenotype_B,coarse,Phenotype_B_DDPM.pt,36825,75.9278350515464,485.0,0.044449515640735626
Phenotype_B,coarse,Phenotype_B_DDPM.pt,36850,75.97938144329896,485.0,0.02657562494277954
Phenotype_B,coarse,Phenotype_B_DDPM.pt,36875,76.03092783505154,485.0,0.01955399475991726
Phenotype_B,coarse,Phenotype_B_DDPM.pt,36900,76.08247422680412,485.0,0.024108733981847763
Phenotype_B,coarse,Phenotype_B_DDPM.pt,36925,76.1340206185567,485.0,0.010339364409446716
Phenotype_B,coarse,Phenotype_B_DDPM.pt,36950,76.18556701030928,485.0,0.0094902403652668
Phenotype_B,coarse,Phenotype_B_DDPM.pt,36975,76.23711340206185,485.0,0.022687794640660286
Phenotype_B,coarse,Phenotype_B_DDPM.pt,37000,76.28865979381443,485.0,0.02917032688856125
Phenotype_B,coarse,Phenotype_B_DDPM.pt,37025,76.34020618556701,485.0,0.0380825437605381
Phenotype_B,coarse,Phenotype_B_DDPM.pt,37050,76.3917525773196,485.0,0.027508040890097618
Phenotype_B,coarse,Phenotype_B_DDPM.pt,37075,76.44329896907216,485.0,0.015634017065167427
Phenotype_B,coarse,Phenotype_B_DDPM.pt,37100,76.49484536082474,485.0,0.0135411461815238
Phenotype_B,coarse,Phenotype_B_DDPM.pt,37125,76.54639175257732,485.0,0.042616501450538635
Phenotype_B,coarse,Phenotype_B_DDPM.pt,37150,76.5979381443299,485.0,0.01032658014446497
Phenotype_B,coarse,Phenotype_B_DDPM.pt,37175,76.64948453608247,485.0,0.04869748651981354
Phenotype_B,coarse,Phenotype_B_DDPM.pt,37200,76.70103092783505,485.0,0.022896990180015564
Phenotype_B,coarse,Phenotype_B_DDPM.pt,37225,76.75257731958763,485.0,0.018198542296886444
Phenotype_B,coarse,Phenotype_B_DDPM.pt,37250,76.80412371134021,485.0,0.07166152447462082
Phenotype_B,coarse,Phenotype_B_DDPM.pt,37275,76.85567010309278,485.0,0.011043407954275608
Phenotype_B,coarse,Phenotype_B_DDPM.pt,37300,76.90721649484536,485.0,0.025538809597492218
Phenotype_B,coarse,Phenotype_B_DDPM.pt,37325,76.95876288659794,485.0,0.05163305997848511
Phenotype_B,coarse,Phenotype_B_DDPM.pt,37350,77.01030927835052,485.0,0.02309725061058998
Phenotype_B,coarse,Phenotype_B_DDPM.pt,37375,77.0618556701031,485.0,0.02404731884598732
Phenotype_B,coarse,Phenotype_B_DDPM.pt,37400,77.11340206185567,485.0,0.015195409767329693
Phenotype_B,coarse,Phenotype_B_DDPM.pt,37425,77.16494845360825,485.0,0.012581543065607548
Phenotype_B,coarse,Phenotype_B_DDPM.pt,37450,77.21649484536083,485.0,0.008061868138611317
Phenotype_B,coarse,Phenotype_B_DDPM.pt,37475,77.26804123711341,485.0,0.0063851624727249146
Phenotype_B,coarse,Phenotype_B_DDPM.pt,37500,77.31958762886597,485.0,0.041258979588747025
Phenotype_B,coarse,Phenotype_B_DDPM.pt,37525,77.37113402061856,485.0,0.041309140622615814
Phenotype_B,coarse,Phenotype_B_DDPM.pt,37550,77.42268041237114,485.0,0.010995510965585709
Phenotype_B,coarse,Phenotype_B_DDPM.pt,37575,77.47422680412372,485.0,0.03644116595387459
Phenotype_B,coarse,Phenotype_B_DDPM.pt,37600,77.52577319587628,485.0,0.017005886882543564
Phenotype_B,coarse,Phenotype_B_DDPM.pt,37625,77.57731958762886,485.0,0.017240766435861588
Phenotype_B,coarse,Phenotype_B_DDPM.pt,37650,77.62886597938144,485.0,0.012740456499159336
Phenotype_B,coarse,Phenotype_B_DDPM.pt,37675,77.68041237113403,485.0,0.007579334080219269
Phenotype_B,coarse,Phenotype_B_DDPM.pt,37700,77.73195876288659,485.0,0.03954792022705078
Phenotype_B,coarse,Phenotype_B_DDPM.pt,37725,77.78350515463917,485.0,0.014739631675183773
Phenotype_B,coarse,Phenotype_B_DDPM.pt,37750,77.83505154639175,485.0,0.03082333132624626
Phenotype_B,coarse,Phenotype_B_DDPM.pt,37775,77.88659793814433,485.0,0.013148127123713493
Phenotype_B,coarse,Phenotype_B_DDPM.pt,37800,77.9381443298969,485.0,0.006350766401737928
Phenotype_B,coarse,Phenotype_B_DDPM.pt,37825,77.98969072164948,485.0,0.0066476790234446526
Phenotype_B,coarse,Phenotype_B_DDPM.pt,37850,78.04123711340206,485.0,0.0227222740650177
Phenotype_B,coarse,Phenotype_B_DDPM.pt,37875,78.09278350515464,485.0,0.013203578069806099
Phenotype_B,coarse,Phenotype_B_DDPM.pt,37900,78.14432989690722,485.0,0.04421147331595421
Phenotype_B,coarse,Phenotype_B_DDPM.pt,37925,78.19587628865979,485.0,0.04066834598779678
Phenotype_B,coarse,Phenotype_B_DDPM.pt,37950,78.24742268041237,485.0,0.031217340379953384
Phenotype_B,coarse,Phenotype_B_DDPM.pt,37975,78.29896907216495,485.0,0.04027245193719864
Phenotype_B,coarse,Phenotype_B_DDPM.pt,38000,78.35051546391753,485.0,0.024277599528431892
Phenotype_B,coarse,Phenotype_B_DDPM.pt,38025,78.4020618556701,485.0,0.03619598597288132
Phenotype_B,coarse,Phenotype_B_DDPM.pt,38050,78.45360824742268,485.0,0.05430823937058449
Phenotype_B,coarse,Phenotype_B_DDPM.pt,38075,78.50515463917526,485.0,0.02667992189526558
Phenotype_B,coarse,Phenotype_B_DDPM.pt,38100,78.55670103092784,485.0,0.015363841317594051
Phenotype_B,coarse,Phenotype_B_DDPM.pt,38125,78.6082474226804,485.0,0.030260581523180008
Phenotype_B,coarse,Phenotype_B_DDPM.pt,38150,78.65979381443299,485.0,0.019516639411449432
Phenotype_B,coarse,Phenotype_B_DDPM.pt,38175,78.71134020618557,485.0,0.035176828503608704
Phenotype_B,coarse,Phenotype_B_DDPM.pt,38200,78.76288659793815,485.0,0.011359559372067451
Phenotype_B,coarse,Phenotype_B_DDPM.pt,38225,78.81443298969072,485.0,0.008524322882294655
Phenotype_B,coarse,Phenotype_B_DDPM.pt,38250,78.8659793814433,485.0,0.006703066639602184
Phenotype_B,coarse,Phenotype_B_DDPM.pt,38275,78.91752577319588,485.0,0.015390402637422085
Phenotype_B,coarse,Phenotype_B_DDPM.pt,38300,78.96907216494846,485.0,0.010808724910020828
Phenotype_B,coarse,Phenotype_B_DDPM.pt,38325,79.02061855670104,485.0,0.013746436685323715
Phenotype_B,coarse,Phenotype_B_DDPM.pt,38350,79.0721649484536,485.0,0.01241946779191494
Phenotype_B,coarse,Phenotype_B_DDPM.pt,38375,79.12371134020619,485.0,0.007730398327112198
Phenotype_B,coarse,Phenotype_B_DDPM.pt,38400,79.17525773195877,485.0,0.014041407965123653
Phenotype_B,coarse,Phenotype_B_DDPM.pt,38425,79.22680412371135,485.0,0.009463588707149029
Phenotype_B,coarse,Phenotype_B_DDPM.pt,38450,79.27835051546391,485.0,0.029398851096630096
Phenotype_B,coarse,Phenotype_B_DDPM.pt,38475,79.3298969072165,485.0,0.020700449123978615
Phenotype_B,coarse,Phenotype_B_DDPM.pt,38500,79.38144329896907,485.0,0.017578599974513054
Phenotype_B,coarse,Phenotype_B_DDPM.pt,38525,79.43298969072166,485.0,0.006874061655253172
Phenotype_B,coarse,Phenotype_B_DDPM.pt,38550,79.48453608247422,485.0,0.011442594230175018
Phenotype_B,coarse,Phenotype_B_DDPM.pt,38575,79.5360824742268,485.0,0.004648902453482151
Phenotype_B,coarse,Phenotype_B_DDPM.pt,38600,79.58762886597938,485.0,0.012610726058483124
Phenotype_B,coarse,Phenotype_B_DDPM.pt,38625,79.63917525773196,485.0,0.006619196385145187
Phenotype_B,coarse,Phenotype_B_DDPM.pt,38650,79.69072164948453,485.0,0.012608179822564125
Phenotype_B,coarse,Phenotype_B_DDPM.pt,38675,79.74226804123711,485.0,0.01114005595445633
Phenotype_B,coarse,Phenotype_B_DDPM.pt,38700,79.79381443298969,485.0,0.04255767539143562
Phenotype_B,coarse,Phenotype_B_DDPM.pt,38725,79.84536082474227,485.0,0.037206798791885376
Phenotype_B,coarse,Phenotype_B_DDPM.pt,38750,79.89690721649484,485.0,0.013431061059236526
Phenotype_B,coarse,Phenotype_B_DDPM.pt,38775,79.94845360824742,485.0,0.0048292288556694984
Phenotype_B,coarse,Phenotype_B_DDPM.pt,38800,80.0,485.0,0.007085122168064117
Phenotype_C,fine,Phenotype_C_DDPM.pt,25,0.0847457627118644,295.0,0.4207547491788864
Phenotype_C,fine,Phenotype_C_DDPM.pt,50,0.1694915254237288,295.0,0.2087802255153656
Phenotype_C,fine,Phenotype_C_DDPM.pt,75,0.2542372881355932,295.0,0.21580228924751282
Phenotype_C,fine,Phenotype_C_DDPM.pt,100,0.3389830508474576,295.0,0.17802611112594605
Phenotype_C,fine,Phenotype_C_DDPM.pt,125,0.423728813559322,295.0,0.1756502914428711
Phenotype_C,fine,Phenotype_C_DDPM.pt,150,0.5084745762711864,295.0,0.16282627433538438
Phenotype_C,fine,Phenotype_C_DDPM.pt,175,0.5932203389830508,295.0,0.17904978662729262
Phenotype_C,fine,Phenotype_C_DDPM.pt,200,0.6779661016949152,295.0,0.1926100081205368
Phenotype_C,fine,Phenotype_C_DDPM.pt,225,0.7627118644067796,295.0,0.1934101751446724
Phenotype_C,fine,Phenotype_C_DDPM.pt,250,0.847457627118644,295.0,0.18136504977941514
Phenotype_C,fine,Phenotype_C_DDPM.pt,275,0.9322033898305084,295.0,0.1874455600976944
Phenotype_C,fine,Phenotype_C_DDPM.pt,300,1.0169491525423728,295.0,0.17007647842168808
Phenotype_C,fine,Phenotype_C_DDPM.pt,325,1.1016949152542372,295.0,0.17781956225633622
Phenotype_C,fine,Phenotype_C_DDPM.pt,350,1.1864406779661016,295.0,0.1678177708387375
Phenotype_C,fine,Phenotype_C_DDPM.pt,375,1.271186440677966,295.0,0.1801810285449028
Phenotype_C,fine,Phenotype_C_DDPM.pt,400,1.3559322033898304,295.0,0.1747034439444542
Phenotype_C,fine,Phenotype_C_DDPM.pt,425,1.4406779661016949,295.0,0.16928840249776841
Phenotype_C,fine,Phenotype_C_DDPM.pt,450,1.5254237288135593,295.0,0.16096975415945053
Phenotype_C,fine,Phenotype_C_DDPM.pt,475,1.6101694915254237,295.0,0.17652373284101486
Phenotype_C,fine,Phenotype_C_DDPM.pt,500,1.694915254237288,295.0,0.1512554344534874
Phenotype_C,fine,Phenotype_C_DDPM.pt,525,1.7796610169491525,295.0,0.1601172423362732
Phenotype_C,fine,Phenotype_C_DDPM.pt,550,1.8644067796610169,295.0,0.16870076537132264
Phenotype_C,fine,Phenotype_C_DDPM.pt,575,1.9491525423728813,295.0,0.16438042521476745
Phenotype_C,fine,Phenotype_C_DDPM.pt,600,2.0338983050847457,295.0,0.15943241477012635
Phenotype_C,fine,Phenotype_C_DDPM.pt,625,2.1186440677966103,295.0,0.16836767971515657
Phenotype_C,fine,Phenotype_C_DDPM.pt,650,2.2033898305084745,295.0,0.16305095136165618
Phenotype_C,fine,Phenotype_C_DDPM.pt,675,2.288135593220339,295.0,0.17722530394792557
Phenotype_C,fine,Phenotype_C_DDPM.pt,700,2.3728813559322033,295.0,0.17262227714061737
Phenotype_C,fine,Phenotype_C_DDPM.pt,725,2.457627118644068,295.0,0.1569484841823578
Phenotype_C,fine,Phenotype_C_DDPM.pt,750,2.542372881355932,295.0,0.17243601888418197
Phenotype_C,fine,Phenotype_C_DDPM.pt,775,2.6271186440677967,295.0,0.16334369480609895
Phenotype_C,fine,Phenotype_C_DDPM.pt,800,2.711864406779661,295.0,0.17946794033050537
Phenotype_C,fine,Phenotype_C_DDPM.pt,825,2.7966101694915255,295.0,0.17119926422834397
Phenotype_C,fine,Phenotype_C_DDPM.pt,850,2.8813559322033897,295.0,0.15239660829305648
Phenotype_C,fine,Phenotype_C_DDPM.pt,875,2.9661016949152543,295.0,0.16281411081552505
Phenotype_C,fine,Phenotype_C_DDPM.pt,900,3.0508474576271185,295.0,0.16466862261295317
Phenotype_C,fine,Phenotype_C_DDPM.pt,925,3.135593220338983,295.0,0.1629926520586014
Phenotype_C,fine,Phenotype_C_DDPM.pt,950,3.2203389830508473,295.0,0.17994248420000075
Phenotype_C,fine,Phenotype_C_DDPM.pt,975,3.305084745762712,295.0,0.16251486241817475
Phenotype_C,fine,Phenotype_C_DDPM.pt,1000,3.389830508474576,295.0,0.16215378195047378
Phenotype_C,fine,Phenotype_C_DDPM.pt,1025,3.4745762711864407,295.0,0.1526465457677841
Phenotype_C,fine,Phenotype_C_DDPM.pt,1050,3.559322033898305,295.0,0.15025667369365692
Phenotype_C,fine,Phenotype_C_DDPM.pt,1075,3.6440677966101696,295.0,0.1685127004981041
Phenotype_C,fine,Phenotype_C_DDPM.pt,1100,3.7288135593220337,295.0,0.16703522115945815
Phenotype_C,fine,Phenotype_C_DDPM.pt,1125,3.8135593220338984,295.0,0.17153332948684694
Phenotype_C,fine,Phenotype_C_DDPM.pt,1150,3.8983050847457625,295.0,0.16902546882629393
Phenotype_C,fine,Phenotype_C_DDPM.pt,1175,3.983050847457627,295.0,0.15889329820871353
Phenotype_C,fine,Phenotype_C_DDPM.pt,1200,4.067796610169491,295.0,0.14395282804965973
Phenotype_C,fine,Phenotype_C_DDPM.pt,1225,4.1525423728813555,295.0,0.17037388682365417
Phenotype_C,fine,Phenotype_C_DDPM.pt,1250,4.237288135593221,295.0,0.16197846710681915
Phenotype_C,fine,Phenotype_C_DDPM.pt,1275,4.322033898305085,295.0,0.15197949409484862
Phenotype_C,fine,Phenotype_C_DDPM.pt,1300,4.406779661016949,295.0,0.16885625809431076
Phenotype_C,fine,Phenotype_C_DDPM.pt,1325,4.491525423728813,295.0,0.15561801075935364
Phenotype_C,fine,Phenotype_C_DDPM.pt,1350,4.576271186440678,295.0,0.16111138641834258
Phenotype_C,fine,Phenotype_C_DDPM.pt,1375,4.661016949152542,295.0,0.16688209176063537
Phenotype_C,fine,Phenotype_C_DDPM.pt,1400,4.745762711864407,295.0,0.14831300914287568
Phenotype_C,fine,Phenotype_C_DDPM.pt,1425,4.830508474576271,295.0,0.15615281105041504
Phenotype_C,fine,Phenotype_C_DDPM.pt,1450,4.915254237288136,295.0,0.16252525478601457
Phenotype_C,fine,Phenotype_C_DDPM.pt,1475,5.0,295.0,0.15419700294733046
Phenotype_C,fine,Phenotype_C_DDPM.pt,1500,5.084745762711864,295.0,0.15223111003637313
Phenotype_C,fine,Phenotype_C_DDPM.pt,1525,5.169491525423729,295.0,0.1750020083785057
Phenotype_C,fine,Phenotype_C_DDPM.pt,1550,5.254237288135593,295.0,0.1584031331539154
Phenotype_C,fine,Phenotype_C_DDPM.pt,1575,5.338983050847458,295.0,0.17166275054216384
Phenotype_C,fine,Phenotype_C_DDPM.pt,1600,5.423728813559322,295.0,0.14240796476602555
Phenotype_C,fine,Phenotype_C_DDPM.pt,1625,5.508474576271187,295.0,0.1740325003862381
Phenotype_C,fine,Phenotype_C_DDPM.pt,1650,5.593220338983051,295.0,0.1590202659368515
Phenotype_C,fine,Phenotype_C_DDPM.pt,1675,5.677966101694915,295.0,0.16021281868219375
Phenotype_C,fine,Phenotype_C_DDPM.pt,1700,5.762711864406779,295.0,0.14845141544938087
Phenotype_C,fine,Phenotype_C_DDPM.pt,1725,5.8474576271186445,295.0,0.174580979347229
Phenotype_C,fine,Phenotype_C_DDPM.pt,1750,5.932203389830509,295.0,0.15863739639520646
Phenotype_C,fine,Phenotype_C_DDPM.pt,1775,6.016949152542373,295.0,0.16444477200508117
Phenotype_C,fine,Phenotype_C_DDPM.pt,1800,6.101694915254237,295.0,0.14393990978598595
Phenotype_C,fine,Phenotype_C_DDPM.pt,1825,6.186440677966102,295.0,0.1691794291138649
Phenotype_C,fine,Phenotype_C_DDPM.pt,1850,6.271186440677966,295.0,0.17218489587306976
Phenotype_C,fine,Phenotype_C_DDPM.pt,1875,6.3559322033898304,295.0,0.14782433986663818
Phenotype_C,fine,Phenotype_C_DDPM.pt,1900,6.440677966101695,295.0,0.14957923889160157
Phenotype_C,fine,Phenotype_C_DDPM.pt,1925,6.52542372881356,295.0,0.1757065784931183
Phenotype_C,fine,Phenotype_C_DDPM.pt,1950,6.610169491525424,295.0,0.16411728262901307
Phenotype_C,fine,Phenotype_C_DDPM.pt,1975,6.694915254237288,295.0,0.16033260256052018
Phenotype_C,fine,Phenotype_C_DDPM.pt,2000,6.779661016949152,295.0,0.15878821432590484
Phenotype_C,fine,Phenotype_C_DDPM.pt,2025,6.864406779661017,295.0,0.16072372049093248
Phenotype_C,fine,Phenotype_C_DDPM.pt,2050,6.9491525423728815,295.0,0.1611059346795082
Phenotype_C,fine,Phenotype_C_DDPM.pt,2075,7.033898305084746,295.0,0.16309792280197144
Phenotype_C,fine,Phenotype_C_DDPM.pt,2100,7.11864406779661,295.0,0.17169101059436798
Phenotype_C,fine,Phenotype_C_DDPM.pt,2125,7.203389830508475,295.0,0.15145456790924072
Phenotype_C,fine,Phenotype_C_DDPM.pt,2150,7.288135593220339,295.0,0.15504514634609223
Phenotype_C,fine,Phenotype_C_DDPM.pt,2175,7.372881355932203,295.0,0.15603992938995362
Phenotype_C,fine,Phenotype_C_DDPM.pt,2200,7.4576271186440675,295.0,0.14211751848459245
Phenotype_C,fine,Phenotype_C_DDPM.pt,2225,7.5423728813559325,295.0,0.15748820334672928
Phenotype_C,fine,Phenotype_C_DDPM.pt,2250,7.627118644067797,295.0,0.15633328169584274
Phenotype_C,fine,Phenotype_C_DDPM.pt,2275,7.711864406779661,295.0,0.16907508581876754
Phenotype_C,fine,Phenotype_C_DDPM.pt,2300,7.796610169491525,295.0,0.14769550651311875
Phenotype_C,fine,Phenotype_C_DDPM.pt,2325,7.88135593220339,295.0,0.16905677199363708
Phenotype_C,fine,Phenotype_C_DDPM.pt,2350,7.966101694915254,295.0,0.15812440246343612
Phenotype_C,fine,Phenotype_C_DDPM.pt,2375,8.05084745762712,295.0,0.15644601821899415
Phenotype_C,fine,Phenotype_C_DDPM.pt,2400,8.135593220338983,295.0,0.16673237085342407
Phenotype_C,fine,Phenotype_C_DDPM.pt,2425,8.220338983050848,295.0,0.1563267669081688
Phenotype_C,fine,Phenotype_C_DDPM.pt,2450,8.305084745762711,295.0,0.15883114129304887
Phenotype_C,fine,Phenotype_C_DDPM.pt,2475,8.389830508474576,295.0,0.15433434188365935
Phenotype_C,fine,Phenotype_C_DDPM.pt,2500,8.474576271186441,295.0,0.16599085837602615
Phenotype_C,fine,Phenotype_C_DDPM.pt,2525,8.559322033898304,295.0,0.1508924351632595
Phenotype_C,fine,Phenotype_C_DDPM.pt,2550,8.64406779661017,295.0,0.14380206048488617
Phenotype_C,fine,Phenotype_C_DDPM.pt,2575,8.728813559322035,295.0,0.16724557250738145
Phenotype_C,fine,Phenotype_C_DDPM.pt,2600,8.813559322033898,295.0,0.14864533379673958
Phenotype_C,fine,Phenotype_C_DDPM.pt,2625,8.898305084745763,295.0,0.16807058215141296
Phenotype_C,fine,Phenotype_C_DDPM.pt,2650,8.983050847457626,295.0,0.15627372354269028
Phenotype_C,fine,Phenotype_C_DDPM.pt,2675,9.067796610169491,295.0,0.15973700642585753
Phenotype_C,fine,Phenotype_C_DDPM.pt,2700,9.152542372881356,295.0,0.1595025509595871
Phenotype_C,fine,Phenotype_C_DDPM.pt,2725,9.23728813559322,295.0,0.14352168053388595
Phenotype_C,fine,Phenotype_C_DDPM.pt,2750,9.322033898305085,295.0,0.1633692142367363
Phenotype_C,fine,Phenotype_C_DDPM.pt,2775,9.40677966101695,295.0,0.1565501347184181
Phenotype_C,fine,Phenotype_C_DDPM.pt,2800,9.491525423728813,295.0,0.16317957669496536
Phenotype_C,fine,Phenotype_C_DDPM.pt,2825,9.576271186440678,295.0,0.17147949129343032
Phenotype_C,fine,Phenotype_C_DDPM.pt,2850,9.661016949152541,295.0,0.1603166601061821
Phenotype_C,fine,Phenotype_C_DDPM.pt,2875,9.745762711864407,295.0,0.15263411164283752
Phenotype_C,fine,Phenotype_C_DDPM.pt,2900,9.830508474576272,295.0,0.14766648560762405
Phenotype_C,fine,Phenotype_C_DDPM.pt,2925,9.915254237288135,295.0,0.15132908165454864
Phenotype_C,fine,Phenotype_C_DDPM.pt,2950,10.0,295.0,0.1649480217695236
Phenotype_C,fine,Phenotype_C_DDPM.pt,2975,10.084745762711865,295.0,0.16041635900735854
Phenotype_C,fine,Phenotype_C_DDPM.pt,3000,10.169491525423728,295.0,0.17090619206428528
Phenotype_C,fine,Phenotype_C_DDPM.pt,3025,10.254237288135593,295.0,0.16391187012195588
Phenotype_C,fine,Phenotype_C_DDPM.pt,3050,10.338983050847459,295.0,0.16130922675132753
Phenotype_C,fine,Phenotype_C_DDPM.pt,3075,10.423728813559322,295.0,0.15965364426374434
Phenotype_C,fine,Phenotype_C_DDPM.pt,3100,10.508474576271187,295.0,0.15877124935388565
Phenotype_C,fine,Phenotype_C_DDPM.pt,3125,10.59322033898305,295.0,0.16660433024168014
Phenotype_C,fine,Phenotype_C_DDPM.pt,3150,10.677966101694915,295.0,0.16363451451063157
Phenotype_C,fine,Phenotype_C_DDPM.pt,3175,10.76271186440678,295.0,0.16507849335670471
Phenotype_C,fine,Phenotype_C_DDPM.pt,3200,10.847457627118644,295.0,0.15719656854867936
Phenotype_C,fine,Phenotype_C_DDPM.pt,3225,10.932203389830509,295.0,0.16807646155357361
Phenotype_C,fine,Phenotype_C_DDPM.pt,3250,11.016949152542374,295.0,0.14251916736364365
Phenotype_C,fine,Phenotype_C_DDPM.pt,3275,11.101694915254237,295.0,0.14630782455205918
Phenotype_C,fine,Phenotype_C_DDPM.pt,3300,11.186440677966102,295.0,0.1578553581237793
Phenotype_C,fine,Phenotype_C_DDPM.pt,3325,11.271186440677965,295.0,0.14508316218852996
Phenotype_C,fine,Phenotype_C_DDPM.pt,3350,11.35593220338983,295.0,0.14728909462690354
Phenotype_C,fine,Phenotype_C_DDPM.pt,3375,11.440677966101696,295.0,0.15779490619897843
Phenotype_C,fine,Phenotype_C_DDPM.pt,3400,11.525423728813559,295.0,0.14582121789455413
Phenotype_C,fine,Phenotype_C_DDPM.pt,3425,11.610169491525424,295.0,0.17086017429828643
Phenotype_C,fine,Phenotype_C_DDPM.pt,3450,11.694915254237289,295.0,0.15974228650331498
Phenotype_C,fine,Phenotype_C_DDPM.pt,3475,11.779661016949152,295.0,0.15040129154920578
Phenotype_C,fine,Phenotype_C_DDPM.pt,3500,11.864406779661017,295.0,0.17376445353031159
Phenotype_C,fine,Phenotype_C_DDPM.pt,3525,11.94915254237288,295.0,0.17438555330038072
Phenotype_C,fine,Phenotype_C_DDPM.pt,3550,12.033898305084746,295.0,0.15945297241210937
Phenotype_C,fine,Phenotype_C_DDPM.pt,3575,12.11864406779661,295.0,0.15926003634929656
Phenotype_C,fine,Phenotype_C_DDPM.pt,3600,12.203389830508474,295.0,0.16163770139217376
Phenotype_C,fine,Phenotype_C_DDPM.pt,3625,12.288135593220339,295.0,0.13968264520168305
Phenotype_C,fine,Phenotype_C_DDPM.pt,3650,12.372881355932204,295.0,0.15557701855897904
Phenotype_C,fine,Phenotype_C_DDPM.pt,3675,12.457627118644067,295.0,0.15445256888866424
Phenotype_C,fine,Phenotype_C_DDPM.pt,3700,12.542372881355933,295.0,0.1638955307006836
Phenotype_C,fine,Phenotype_C_DDPM.pt,3725,12.627118644067796,295.0,0.15624456524848937
Phenotype_C,fine,Phenotype_C_DDPM.pt,3750,12.711864406779661,295.0,0.16213624507188798
Phenotype_C,fine,Phenotype_C_DDPM.pt,3775,12.796610169491526,295.0,0.16884648591279983
Phenotype_C,fine,Phenotype_C_DDPM.pt,3800,12.88135593220339,295.0,0.15895051270723343
Phenotype_C,fine,Phenotype_C_DDPM.pt,3825,12.966101694915254,295.0,0.16250988990068435
Phenotype_C,fine,Phenotype_C_DDPM.pt,3850,13.05084745762712,295.0,0.160338876247406
Phenotype_C,fine,Phenotype_C_DDPM.pt,3875,13.135593220338983,295.0,0.16662572771310807
Phenotype_C,fine,Phenotype_C_DDPM.pt,3900,13.220338983050848,295.0,0.18222168147563933
Phenotype_C,fine,Phenotype_C_DDPM.pt,3925,13.305084745762711,295.0,0.14943218886852264
Phenotype_C,fine,Phenotype_C_DDPM.pt,3950,13.389830508474576,295.0,0.17060130208730698
Phenotype_C,fine,Phenotype_C_DDPM.pt,3975,13.474576271186441,295.0,0.15346440345048903
Phenotype_C,fine,Phenotype_C_DDPM.pt,4000,13.559322033898304,295.0,0.1550031027197838
Phenotype_C,fine,Phenotype_C_DDPM.pt,4025,13.64406779661017,295.0,0.16168226003646852
Phenotype_C,fine,Phenotype_C_DDPM.pt,4050,13.728813559322035,295.0,0.1436989575624466
Phenotype_C,fine,Phenotype_C_DDPM.pt,4075,13.813559322033898,295.0,0.16214028179645537
Phenotype_C,fine,Phenotype_C_DDPM.pt,4100,13.898305084745763,295.0,0.15943455517292024
Phenotype_C,fine,Phenotype_C_DDPM.pt,4125,13.983050847457626,295.0,0.14971360862255095
Phenotype_C,fine,Phenotype_C_DDPM.pt,4150,14.067796610169491,295.0,0.15557591766119003
Phenotype_C,fine,Phenotype_C_DDPM.pt,4175,14.152542372881356,295.0,0.15747372806072235
Phenotype_C,fine,Phenotype_C_DDPM.pt,4200,14.23728813559322,295.0,0.15674590289592744
Phenotype_C,fine,Phenotype_C_DDPM.pt,4225,14.322033898305085,295.0,0.16107574611902237
Phenotype_C,fine,Phenotype_C_DDPM.pt,4250,14.40677966101695,295.0,0.15157819479703905
Phenotype_C,fine,Phenotype_C_DDPM.pt,4275,14.491525423728813,295.0,0.15314858734607698
Phenotype_C,fine,Phenotype_C_DDPM.pt,4300,14.576271186440678,295.0,0.1599400171637535
Phenotype_C,fine,Phenotype_C_DDPM.pt,4325,14.661016949152541,295.0,0.15446421027183532
Phenotype_C,fine,Phenotype_C_DDPM.pt,4350,14.745762711864407,295.0,0.1512305733561516
Phenotype_C,fine,Phenotype_C_DDPM.pt,4375,14.830508474576272,295.0,0.15896769165992736
Phenotype_C,fine,Phenotype_C_DDPM.pt,4400,14.915254237288135,295.0,0.17612065076828004
Phenotype_C,fine,Phenotype_C_DDPM.pt,4425,15.0,295.0,0.160197437107563
Phenotype_C,fine,Phenotype_C_DDPM.pt,4450,15.084745762711865,295.0,0.1408633291721344
Phenotype_C,fine,Phenotype_C_DDPM.pt,4475,15.169491525423728,295.0,0.1482907173037529
Phenotype_C,fine,Phenotype_C_DDPM.pt,4500,15.254237288135593,295.0,0.15501075267791747
Phenotype_C,fine,Phenotype_C_DDPM.pt,4525,15.338983050847459,295.0,0.15569307208061217
Phenotype_C,fine,Phenotype_C_DDPM.pt,4550,15.423728813559322,295.0,0.16289866358041763
Phenotype_C,fine,Phenotype_C_DDPM.pt,4575,15.508474576271187,295.0,0.15868015259504317
Phenotype_C,fine,Phenotype_C_DDPM.pt,4600,15.59322033898305,295.0,0.1566992509365082
Phenotype_C,fine,Phenotype_C_DDPM.pt,4625,15.677966101694915,295.0,0.16555828899145125
Phenotype_C,fine,Phenotype_C_DDPM.pt,4650,15.76271186440678,295.0,0.16012609720230103
Phenotype_C,fine,Phenotype_C_DDPM.pt,4675,15.847457627118644,295.0,0.15885140031576156
Phenotype_C,fine,Phenotype_C_DDPM.pt,4700,15.932203389830509,295.0,0.15586084812879564
Phenotype_C,fine,Phenotype_C_DDPM.pt,4725,16.016949152542374,295.0,0.13867986664175988
Phenotype_C,fine,Phenotype_C_DDPM.pt,4750,16.10169491525424,295.0,0.16656040161848068
Phenotype_C,fine,Phenotype_C_DDPM.pt,4775,16.1864406779661,295.0,0.15737556010484696
Phenotype_C,fine,Phenotype_C_DDPM.pt,4800,16.271186440677965,295.0,0.1464278829097748
Phenotype_C,fine,Phenotype_C_DDPM.pt,4825,16.35593220338983,295.0,0.15561574578285217
Phenotype_C,fine,Phenotype_C_DDPM.pt,4850,16.440677966101696,295.0,0.1584772253036499
Phenotype_C,fine,Phenotype_C_DDPM.pt,4875,16.52542372881356,295.0,0.1457944205403328
Phenotype_C,fine,Phenotype_C_DDPM.pt,4900,16.610169491525422,295.0,0.16337331503629685
Phenotype_C,fine,Phenotype_C_DDPM.pt,4925,16.694915254237287,295.0,0.14831864714622497
Phenotype_C,fine,Phenotype_C_DDPM.pt,4950,16.779661016949152,295.0,0.14782022714614867
Phenotype_C,fine,Phenotype_C_DDPM.pt,4975,16.864406779661017,295.0,0.15592640966176988
Phenotype_C,fine,Phenotype_C_DDPM.pt,5000,16.949152542372882,295.0,0.15291862636804582
Phenotype_C,fine,Phenotype_C_DDPM.pt,5025,17.033898305084747,295.0,0.15155553370714187
Phenotype_C,fine,Phenotype_C_DDPM.pt,5050,17.11864406779661,295.0,0.1655745753645897
Phenotype_C,fine,Phenotype_C_DDPM.pt,5075,17.203389830508474,295.0,0.16741165161132812
Phenotype_C,fine,Phenotype_C_DDPM.pt,5100,17.28813559322034,295.0,0.1435461288690567
Phenotype_C,fine,Phenotype_C_DDPM.pt,5125,17.372881355932204,295.0,0.13965808272361754
Phenotype_C,fine,Phenotype_C_DDPM.pt,5150,17.45762711864407,295.0,0.15241424798965453
Phenotype_C,fine,Phenotype_C_DDPM.pt,5175,17.54237288135593,295.0,0.17528083711862563
Phenotype_C,fine,Phenotype_C_DDPM.pt,5200,17.627118644067796,295.0,0.15032431453466416
Phenotype_C,fine,Phenotype_C_DDPM.pt,5225,17.71186440677966,295.0,0.1601863294839859
Phenotype_C,fine,Phenotype_C_DDPM.pt,5250,17.796610169491526,295.0,0.152379087805748
Phenotype_C,fine,Phenotype_C_DDPM.pt,5275,17.88135593220339,295.0,0.1556189626455307
Phenotype_C,fine,Phenotype_C_DDPM.pt,5300,17.966101694915253,295.0,0.15140678897500037
Phenotype_C,fine,Phenotype_C_DDPM.pt,5325,18.050847457627118,295.0,0.1494173115491867
Phenotype_C,fine,Phenotype_C_DDPM.pt,5350,18.135593220338983,295.0,0.16740203768014908
Phenotype_C,fine,Phenotype_C_DDPM.pt,5375,18.220338983050848,295.0,0.13976338565349578
Phenotype_C,fine,Phenotype_C_DDPM.pt,5400,18.305084745762713,295.0,0.16551310956478119
Phenotype_C,fine,Phenotype_C_DDPM.pt,5425,18.389830508474578,295.0,0.14928252607584
Phenotype_C,fine,Phenotype_C_DDPM.pt,5450,18.47457627118644,295.0,0.16035904586315156
Phenotype_C,fine,Phenotype_C_DDPM.pt,5475,18.559322033898304,295.0,0.14400809913873672
Phenotype_C,fine,Phenotype_C_DDPM.pt,5500,18.64406779661017,295.0,0.15699607610702515
Phenotype_C,fine,Phenotype_C_DDPM.pt,5525,18.728813559322035,295.0,0.16581119626760482
Phenotype_C,fine,Phenotype_C_DDPM.pt,5550,18.8135593220339,295.0,0.15669117927551268
Phenotype_C,fine,Phenotype_C_DDPM.pt,5575,18.89830508474576,295.0,0.14749870389699937
Phenotype_C,fine,Phenotype_C_DDPM.pt,5600,18.983050847457626,295.0,0.15717159181833268
Phenotype_C,fine,Phenotype_C_DDPM.pt,5625,19.06779661016949,295.0,0.15195741087198258
Phenotype_C,fine,Phenotype_C_DDPM.pt,5650,19.152542372881356,295.0,0.14768858402967452
Phenotype_C,fine,Phenotype_C_DDPM.pt,5675,19.23728813559322,295.0,0.1521251031756401
Phenotype_C,fine,Phenotype_C_DDPM.pt,5700,19.322033898305083,295.0,0.16329899281263352
Phenotype_C,fine,Phenotype_C_DDPM.pt,5725,19.406779661016948,295.0,0.14503349035978316
Phenotype_C,fine,Phenotype_C_DDPM.pt,5750,19.491525423728813,295.0,0.1567119327187538
Phenotype_C,fine,Phenotype_C_DDPM.pt,5775,19.576271186440678,295.0,0.15344629257917405
Phenotype_C,fine,Phenotype_C_DDPM.pt,5800,19.661016949152543,295.0,0.15159209996461867
Phenotype_C,fine,Phenotype_C_DDPM.pt,5825,19.74576271186441,295.0,0.1404118773341179
Phenotype_C,fine,Phenotype_C_DDPM.pt,5850,19.83050847457627,295.0,0.16557378560304642
Phenotype_C,fine,Phenotype_C_DDPM.pt,5875,19.915254237288135,295.0,0.15010614633560182
Phenotype_C,fine,Phenotype_C_DDPM.pt,5900,20.0,295.0,0.15077698856592178
Phenotype_C,coarse,Phenotype_C_DDPM.pt,25,0.35714285714285715,70.0,0.30871713161468506
Phenotype_C,coarse,Phenotype_C_DDPM.pt,50,0.7142857142857143,70.0,0.20049963891506195
Phenotype_C,coarse,Phenotype_C_DDPM.pt,75,1.0714285714285714,70.0,0.1904458999633789
Phenotype_C,coarse,Phenotype_C_DDPM.pt,100,1.4285714285714286,70.0,0.23069733381271362
Phenotype_C,coarse,Phenotype_C_DDPM.pt,125,1.7857142857142858,70.0,0.07085452973842621
Phenotype_C,coarse,Phenotype_C_DDPM.pt,150,2.142857142857143,70.0,0.15180541574954987
Phenotype_C,coarse,Phenotype_C_DDPM.pt,175,2.5,70.0,0.11860912293195724
Phenotype_C,coarse,Phenotype_C_DDPM.pt,200,2.857142857142857,70.0,0.062116168439388275
Phenotype_C,coarse,Phenotype_C_DDPM.pt,225,3.2142857142857144,70.0,0.1322985291481018
Phenotype_C,coarse,Phenotype_C_DDPM.pt,250,3.5714285714285716,70.0,0.09892024099826813
Phenotype_C,coarse,Phenotype_C_DDPM.pt,275,3.9285714285714284,70.0,0.1352536678314209
Phenotype_C,coarse,Phenotype_C_DDPM.pt,300,4.285714285714286,70.0,0.08233783394098282
Phenotype_C,coarse,Phenotype_C_DDPM.pt,325,4.642857142857143,70.0,0.11690738797187805
Phenotype_C,coarse,Phenotype_C_DDPM.pt,350,5.0,70.0,0.05835103988647461
Phenotype_C,coarse,Phenotype_C_DDPM.pt,375,5.357142857142857,70.0,0.0811956599354744
Phenotype_C,coarse,Phenotype_C_DDPM.pt,400,5.714285714285714,70.0,0.08271557092666626
Phenotype_C,coarse,Phenotype_C_DDPM.pt,425,6.071428571428571,70.0,0.08864537626504898
Phenotype_C,coarse,Phenotype_C_DDPM.pt,450,6.428571428571429,70.0,0.045729003846645355
Phenotype_C,coarse,Phenotype_C_DDPM.pt,475,6.785714285714286,70.0,0.08706255257129669
Phenotype_C,coarse,Phenotype_C_DDPM.pt,500,7.142857142857143,70.0,0.07742093503475189
Phenotype_C,coarse,Phenotype_C_DDPM.pt,525,7.5,70.0,0.08565828949213028
Phenotype_C,coarse,Phenotype_C_DDPM.pt,550,7.857142857142857,70.0,0.07311222702264786
Phenotype_C,coarse,Phenotype_C_DDPM.pt,575,8.214285714285714,70.0,0.11919059604406357
Phenotype_C,coarse,Phenotype_C_DDPM.pt,600,8.571428571428571,70.0,0.07105708122253418
Phenotype_C,coarse,Phenotype_C_DDPM.pt,625,8.928571428571429,70.0,0.0645303800702095
Phenotype_C,coarse,Phenotype_C_DDPM.pt,650,9.285714285714286,70.0,0.08789262920618057
Phenotype_C,coarse,Phenotype_C_DDPM.pt,675,9.642857142857142,70.0,0.06378697603940964
Phenotype_C,coarse,Phenotype_C_DDPM.pt,700,10.0,70.0,0.0609140582382679
Phenotype_C,coarse,Phenotype_C_DDPM.pt,725,10.357142857142858,70.0,0.06756287068128586
Phenotype_C,coarse,Phenotype_C_DDPM.pt,750,10.714285714285714,70.0,0.04533766955137253
Phenotype_C,coarse,Phenotype_C_DDPM.pt,775,11.071428571428571,70.0,0.06733357161283493
Phenotype_C,coarse,Phenotype_C_DDPM.pt,800,11.428571428571429,70.0,0.10159161686897278
Phenotype_C,coarse,Phenotype_C_DDPM.pt,825,11.785714285714286,70.0,0.12317947298288345
Phenotype_C,coarse,Phenotype_C_DDPM.pt,850,12.142857142857142,70.0,0.09738034754991531
Phenotype_C,coarse,Phenotype_C_DDPM.pt,875,12.5,70.0,0.08602036535739899
Phenotype_C,coarse,Phenotype_C_DDPM.pt,900,12.857142857142858,70.0,0.06144653260707855
Phenotype_C,coarse,Phenotype_C_DDPM.pt,925,13.214285714285714,70.0,0.05604229494929314
Phenotype_C,coarse,Phenotype_C_DDPM.pt,950,13.571428571428571,70.0,0.08301942050457001
Phenotype_C,coarse,Phenotype_C_DDPM.pt,975,13.928571428571429,70.0,0.05568964406847954
Phenotype_C,coarse,Phenotype_C_DDPM.pt,1000,14.285714285714286,70.0,0.056866470724344254
Phenotype_C,coarse,Phenotype_C_DDPM.pt,1025,14.642857142857142,70.0,0.051286112517118454
Phenotype_C,coarse,Phenotype_C_DDPM.pt,1050,15.0,70.0,0.039981722831726074
Phenotype_C,coarse,Phenotype_C_DDPM.pt,1075,15.357142857142858,70.0,0.06213635206222534
Phenotype_C,coarse,Phenotype_C_DDPM.pt,1100,15.714285714285714,70.0,0.06055451184511185
Phenotype_C,coarse,Phenotype_C_DDPM.pt,1125,16.071428571428573,70.0,0.07088572531938553
Phenotype_C,coarse,Phenotype_C_DDPM.pt,1150,16.428571428571427,70.0,0.02172313816845417
Phenotype_C,coarse,Phenotype_C_DDPM.pt,1175,16.785714285714285,70.0,0.04946452006697655
Phenotype_C,coarse,Phenotype_C_DDPM.pt,1200,17.142857142857142,70.0,0.053463004529476166
Phenotype_C,coarse,Phenotype_C_DDPM.pt,1225,17.5,70.0,0.06453341245651245
Phenotype_C,coarse,Phenotype_C_DDPM.pt,1250,17.857142857142858,70.0,0.03306316211819649
Phenotype_C,coarse,Phenotype_C_DDPM.pt,1275,18.214285714285715,70.0,0.053222622722387314
Phenotype_C,coarse,Phenotype_C_DDPM.pt,1300,18.571428571428573,70.0,0.059372346848249435
Phenotype_C,coarse,Phenotype_C_DDPM.pt,1325,18.928571428571427,70.0,0.03161192685365677
Phenotype_C,coarse,Phenotype_C_DDPM.pt,1350,19.285714285714285,70.0,0.08320959657430649
Phenotype_C,coarse,Phenotype_C_DDPM.pt,1375,19.642857142857142,70.0,0.06640438735485077
Phenotype_C,coarse,Phenotype_C_DDPM.pt,1400,20.0,70.0,0.03100995160639286
Phenotype_C,coarse,Phenotype_C_DDPM.pt,1425,20.357142857142858,70.0,0.06355340778827667
Phenotype_C,coarse,Phenotype_C_DDPM.pt,1450,20.714285714285715,70.0,0.05473737418651581
Phenotype_C,coarse,Phenotype_C_DDPM.pt,1475,21.071428571428573,70.0,0.059725821018218994
Phenotype_C,coarse,Phenotype_C_DDPM.pt,1500,21.428571428571427,70.0,0.03697630763053894
Phenotype_C,coarse,Phenotype_C_DDPM.pt,1525,21.785714285714285,70.0,0.06376302987337112
Phenotype_C,coarse,Phenotype_C_DDPM.pt,1550,22.142857142857142,70.0,0.030220255255699158
Phenotype_C,coarse,Phenotype_C_DDPM.pt,1575,22.5,70.0,0.019491035491228104
Phenotype_C,coarse,Phenotype_C_DDPM.pt,1600,22.857142857142858,70.0,0.051037222146987915
Phenotype_C,coarse,Phenotype_C_DDPM.pt,1625,23.214285714285715,70.0,0.061818741261959076
Phenotype_C,coarse,Phenotype_C_DDPM.pt,1650,23.571428571428573,70.0,0.0279056616127491
Phenotype_C,coarse,Phenotype_C_DDPM.pt,1675,23.928571428571427,70.0,0.025993313640356064
Phenotype_C,coarse,Phenotype_C_DDPM.pt,1700,24.285714285714285,70.0,0.06550326943397522
Phenotype_C,coarse,Phenotype_C_DDPM.pt,1725,24.642857142857142,70.0,0.03301319479942322
Phenotype_C,coarse,Phenotype_C_DDPM.pt,1750,25.0,70.0,0.10614512115716934
Phenotype_C,coarse,Phenotype_C_DDPM.pt,1775,25.357142857142858,70.0,0.08203578740358353
Phenotype_C,coarse,Phenotype_C_DDPM.pt,1800,25.714285714285715,70.0,0.06792505830526352
Phenotype_C,coarse,Phenotype_C_DDPM.pt,1825,26.071428571428573,70.0,0.04221000894904137
Phenotype_C,coarse,Phenotype_C_DDPM.pt,1850,26.428571428571427,70.0,0.05531154200434685
Phenotype_C,coarse,Phenotype_C_DDPM.pt,1875,26.785714285714285,70.0,0.04015212506055832
Phenotype_C,coarse,Phenotype_C_DDPM.pt,1900,27.142857142857142,70.0,0.07457423210144043
Phenotype_C,coarse,Phenotype_C_DDPM.pt,1925,27.5,70.0,0.036088597029447556
Phenotype_C,coarse,Phenotype_C_DDPM.pt,1950,27.857142857142858,70.0,0.09230779111385345
Phenotype_C,coarse,Phenotype_C_DDPM.pt,1975,28.214285714285715,70.0,0.09595907479524612
Phenotype_C,coarse,Phenotype_C_DDPM.pt,2000,28.571428571428573,70.0,0.0648118257522583
Phenotype_C,coarse,Phenotype_C_DDPM.pt,2025,28.928571428571427,70.0,0.05353941023349762
Phenotype_C,coarse,Phenotype_C_DDPM.pt,2050,29.285714285714285,70.0,0.03234879672527313
Phenotype_C,coarse,Phenotype_C_DDPM.pt,2075,29.642857142857142,70.0,0.049979113042354584
Phenotype_C,coarse,Phenotype_C_DDPM.pt,2100,30.0,70.0,0.044643472880125046
Phenotype_C,coarse,Phenotype_C_DDPM.pt,2125,30.357142857142858,70.0,0.019468991085886955
Phenotype_C,coarse,Phenotype_C_DDPM.pt,2150,30.714285714285715,70.0,0.015701061114668846
Phenotype_C,coarse,Phenotype_C_DDPM.pt,2175,31.071428571428573,70.0,0.037295546382665634
Phenotype_C,coarse,Phenotype_C_DDPM.pt,2200,31.428571428571427,70.0,0.03618475794792175
Phenotype_C,coarse,Phenotype_C_DDPM.pt,2225,31.785714285714285,70.0,0.03927787020802498
Phenotype_C,coarse,Phenotype_C_DDPM.pt,2250,32.142857142857146,70.0,0.023799806833267212
Phenotype_C,coarse,Phenotype_C_DDPM.pt,2275,32.5,70.0,0.04962728172540665
Phenotype_C,coarse,Phenotype_C_DDPM.pt,2300,32.857142857142854,70.0,0.017604200169444084
Phenotype_C,coarse,Phenotype_C_DDPM.pt,2325,33.214285714285715,70.0,0.03471273183822632
Phenotype_C,coarse,Phenotype_C_DDPM.pt,2350,33.57142857142857,70.0,0.06653805822134018
Phenotype_C,coarse,Phenotype_C_DDPM.pt,2375,33.92857142857143,70.0,0.032394133508205414
Phenotype_C,coarse,Phenotype_C_DDPM.pt,2400,34.285714285714285,70.0,0.015163340605795383
Phenotype_C,coarse,Phenotype_C_DDPM.pt,2425,34.642857142857146,70.0,0.03599664941430092
Phenotype_C,coarse,Phenotype_C_DDPM.pt,2450,35.0,70.0,0.019665086641907692
Phenotype_C,coarse,Phenotype_C_DDPM.pt,2475,35.357142857142854,70.0,0.07473503053188324
Phenotype_C,coarse,Phenotype_C_DDPM.pt,2500,35.714285714285715,70.0,0.02010732889175415
Phenotype_C,coarse,Phenotype_C_DDPM.pt,2525,36.07142857142857,70.0,0.07266354560852051
Phenotype_C,coarse,Phenotype_C_DDPM.pt,2550,36.42857142857143,70.0,0.02565651759505272
Phenotype_C,coarse,Phenotype_C_DDPM.pt,2575,36.785714285714285,70.0,0.03517093136906624
Phenotype_C,coarse,Phenotype_C_DDPM.pt,2600,37.142857142857146,70.0,0.02118420973420143
Phenotype_C,coarse,Phenotype_C_DDPM.pt,2625,37.5,70.0,0.0533524788916111
Phenotype_C,coarse,Phenotype_C_DDPM.pt,2650,37.857142857142854,70.0,0.06773170083761215
Phenotype_C,coarse,Phenotype_C_DDPM.pt,2675,38.214285714285715,70.0,0.018431544303894043
Phenotype_C,coarse,Phenotype_C_DDPM.pt,2700,38.57142857142857,70.0,0.07224389910697937
Phenotype_C,coarse,Phenotype_C_DDPM.pt,2725,38.92857142857143,70.0,0.028431955724954605
Phenotype_C,coarse,Phenotype_C_DDPM.pt,2750,39.285714285714285,70.0,0.027437632903456688
Phenotype_C,coarse,Phenotype_C_DDPM.pt,2775,39.642857142857146,70.0,0.06670863181352615
Phenotype_C,coarse,Phenotype_C_DDPM.pt,2800,40.0,70.0,0.009899118915200233
Phenotype_C,coarse,Phenotype_C_DDPM.pt,2825,40.357142857142854,70.0,0.04268083721399307
Phenotype_C,coarse,Phenotype_C_DDPM.pt,2850,40.714285714285715,70.0,0.03624885901808739
Phenotype_C,coarse,Phenotype_C_DDPM.pt,2875,41.07142857142857,70.0,0.0254579558968544
Phenotype_C,coarse,Phenotype_C_DDPM.pt,2900,41.42857142857143,70.0,0.061655137687921524
Phenotype_C,coarse,Phenotype_C_DDPM.pt,2925,41.785714285714285,70.0,0.040301576256752014
Phenotype_C,coarse,Phenotype_C_DDPM.pt,2950,42.142857142857146,70.0,0.05081191658973694
Phenotype_C,coarse,Phenotype_C_DDPM.pt,2975,42.5,70.0,0.017750494182109833
Phenotype_C,coarse,Phenotype_C_DDPM.pt,3000,42.857142857142854,70.0,0.0635460615158081
Phenotype_C,coarse,Phenotype_C_DDPM.pt,3025,43.214285714285715,70.0,0.03552672266960144
Phenotype_C,coarse,Phenotype_C_DDPM.pt,3050,43.57142857142857,70.0,0.04124388471245766
Phenotype_C,coarse,Phenotype_C_DDPM.pt,3075,43.92857142857143,70.0,0.05752122774720192
Phenotype_C,coarse,Phenotype_C_DDPM.pt,3100,44.285714285714285,70.0,0.07041217386722565
Phenotype_C,coarse,Phenotype_C_DDPM.pt,3125,44.642857142857146,70.0,0.02694532833993435
Phenotype_C,coarse,Phenotype_C_DDPM.pt,3150,45.0,70.0,0.04607342928647995
Phenotype_C,coarse,Phenotype_C_DDPM.pt,3175,45.357142857142854,70.0,0.03934359550476074
Phenotype_C,coarse,Phenotype_C_DDPM.pt,3200,45.714285714285715,70.0,0.06209060549736023
Phenotype_C,coarse,Phenotype_C_DDPM.pt,3225,46.07142857142857,70.0,0.03163197264075279
Phenotype_C,coarse,Phenotype_C_DDPM.pt,3250,46.42857142857143,70.0,0.04236419126391411
Phenotype_C,coarse,Phenotype_C_DDPM.pt,3275,46.785714285714285,70.0,0.045945003628730774
Phenotype_C,coarse,Phenotype_C_DDPM.pt,3300,47.142857142857146,70.0,0.026074174791574478
Phenotype_C,coarse,Phenotype_C_DDPM.pt,3325,47.5,70.0,0.05615948140621185
Phenotype_C,coarse,Phenotype_C_DDPM.pt,3350,47.857142857142854,70.0,0.09478741884231567
Phenotype_C,coarse,Phenotype_C_DDPM.pt,3375,48.214285714285715,70.0,0.07055142521858215
Phenotype_C,coarse,Phenotype_C_DDPM.pt,3400,48.57142857142857,70.0,0.042392127215862274
Phenotype_C,coarse,Phenotype_C_DDPM.pt,3425,48.92857142857143,70.0,0.07846849411725998
Phenotype_C,coarse,Phenotype_C_DDPM.pt,3450,49.285714285714285,70.0,0.023297321051359177
Phenotype_C,coarse,Phenotype_C_DDPM.pt,3475,49.642857142857146,70.0,0.05113629251718521
Phenotype_C,coarse,Phenotype_C_DDPM.pt,3500,50.0,70.0,0.014451423659920692
Phenotype_C,coarse,Phenotype_C_DDPM.pt,3525,50.357142857142854,70.0,0.027027318254113197
Phenotype_C,coarse,Phenotype_C_DDPM.pt,3550,50.714285714285715,70.0,0.06579042971134186
Phenotype_C,coarse,Phenotype_C_DDPM.pt,3575,51.07142857142857,70.0,0.020608514547348022
Phenotype_C,coarse,Phenotype_C_DDPM.pt,3600,51.42857142857143,70.0,0.061073124408721924
Phenotype_C,coarse,Phenotype_C_DDPM.pt,3625,51.785714285714285,70.0,0.054406989365816116
Phenotype_C,coarse,Phenotype_C_DDPM.pt,3650,52.142857142857146,70.0,0.01802503690123558
Phenotype_C,coarse,Phenotype_C_DDPM.pt,3675,52.5,70.0,0.03146366775035858
Phenotype_C,coarse,Phenotype_C_DDPM.pt,3700,52.857142857142854,70.0,0.028270363807678223
Phenotype_C,coarse,Phenotype_C_DDPM.pt,3725,53.214285714285715,70.0,0.03986053913831711
Phenotype_C,coarse,Phenotype_C_DDPM.pt,3750,53.57142857142857,70.0,0.018352698534727097
Phenotype_C,coarse,Phenotype_C_DDPM.pt,3775,53.92857142857143,70.0,0.037593379616737366
Phenotype_C,coarse,Phenotype_C_DDPM.pt,3800,54.285714285714285,70.0,0.03359666466712952
Phenotype_C,coarse,Phenotype_C_DDPM.pt,3825,54.642857142857146,70.0,0.028293926268815994
Phenotype_C,coarse,Phenotype_C_DDPM.pt,3850,55.0,70.0,0.019030433148145676
Phenotype_C,coarse,Phenotype_C_DDPM.pt,3875,55.357142857142854,70.0,0.042970962822437286
Phenotype_C,coarse,Phenotype_C_DDPM.pt,3900,55.714285714285715,70.0,0.0392150953412056
Phenotype_C,coarse,Phenotype_C_DDPM.pt,3925,56.07142857142857,70.0,0.0304722860455513
Phenotype_C,coarse,Phenotype_C_DDPM.pt,3950,56.42857142857143,70.0,0.05560065433382988
Phenotype_C,coarse,Phenotype_C_DDPM.pt,3975,56.785714285714285,70.0,0.02727026306092739
Phenotype_C,coarse,Phenotype_C_DDPM.pt,4000,57.142857142857146,70.0,0.03685874491930008
Phenotype_C,coarse,Phenotype_C_DDPM.pt,4025,57.5,70.0,0.03148720785975456
Phenotype_C,coarse,Phenotype_C_DDPM.pt,4050,57.857142857142854,70.0,0.06485828757286072
Phenotype_C,coarse,Phenotype_C_DDPM.pt,4075,58.214285714285715,70.0,0.012577918358147144
Phenotype_C,coarse,Phenotype_C_DDPM.pt,4100,58.57142857142857,70.0,0.01939908042550087
Phenotype_C,coarse,Phenotype_C_DDPM.pt,4125,58.92857142857143,70.0,0.018723808228969574
Phenotype_C,coarse,Phenotype_C_DDPM.pt,4150,59.285714285714285,70.0,0.03294367343187332
Phenotype_C,coarse,Phenotype_C_DDPM.pt,4175,59.642857142857146,70.0,0.05843661352992058
Phenotype_C,coarse,Phenotype_C_DDPM.pt,4200,60.0,70.0,0.07506643980741501
Phenotype_C,coarse,Phenotype_C_DDPM.pt,4225,60.357142857142854,70.0,0.03410230576992035
Phenotype_C,coarse,Phenotype_C_DDPM.pt,4250,60.714285714285715,70.0,0.034007392823696136
Phenotype_C,coarse,Phenotype_C_DDPM.pt,4275,61.07142857142857,70.0,0.06579229980707169
Phenotype_C,coarse,Phenotype_C_DDPM.pt,4300,61.42857142857143,70.0,0.04741908237338066
Phenotype_C,coarse,Phenotype_C_DDPM.pt,4325,61.785714285714285,70.0,0.01626444235444069
Phenotype_C,coarse,Phenotype_C_DDPM.pt,4350,62.142857142857146,70.0,0.03382711857557297
Phenotype_C,coarse,Phenotype_C_DDPM.pt,4375,62.5,70.0,0.02488526701927185
Phenotype_C,coarse,Phenotype_C_DDPM.pt,4400,62.857142857142854,70.0,0.019011950120329857
Phenotype_C,coarse,Phenotype_C_DDPM.pt,4425,63.214285714285715,70.0,0.049489088356494904
Phenotype_C,coarse,Phenotype_C_DDPM.pt,4450,63.57142857142857,70.0,0.02606378123164177
Phenotype_C,coarse,Phenotype_C_DDPM.pt,4475,63.92857142857143,70.0,0.02678666263818741
Phenotype_C,coarse,Phenotype_C_DDPM.pt,4500,64.28571428571429,70.0,0.025127746164798737
Phenotype_C,coarse,Phenotype_C_DDPM.pt,4525,64.64285714285714,70.0,0.043866973370313644
Phenotype_C,coarse,Phenotype_C_DDPM.pt,4550,65.0,70.0,0.03676975145936012
Phenotype_C,coarse,Phenotype_C_DDPM.pt,4575,65.35714285714286,70.0,0.013734810054302216
Phenotype_C,coarse,Phenotype_C_DDPM.pt,4600,65.71428571428571,70.0,0.05637165531516075
Phenotype_C,coarse,Phenotype_C_DDPM.pt,4625,66.07142857142857,70.0,0.02902434952557087
Phenotype_C,coarse,Phenotype_C_DDPM.pt,4650,66.42857142857143,70.0,0.037774860858917236
Phenotype_C,coarse,Phenotype_C_DDPM.pt,4675,66.78571428571429,70.0,0.05188257619738579
Phenotype_C,coarse,Phenotype_C_DDPM.pt,4700,67.14285714285714,70.0,0.03648450970649719
Phenotype_C,coarse,Phenotype_C_DDPM.pt,4725,67.5,70.0,0.03298823907971382
Phenotype_C,coarse,Phenotype_C_DDPM.pt,4750,67.85714285714286,70.0,0.03978660702705383
Phenotype_C,coarse,Phenotype_C_DDPM.pt,4775,68.21428571428571,70.0,0.015357904136180878
Phenotype_C,coarse,Phenotype_C_DDPM.pt,4800,68.57142857142857,70.0,0.027942918241024017
Phenotype_C,coarse,Phenotype_C_DDPM.pt,4825,68.92857142857143,70.0,0.021819164976477623
Phenotype_C,coarse,Phenotype_C_DDPM.pt,4850,69.28571428571429,70.0,0.019251886755228043
Phenotype_C,coarse,Phenotype_C_DDPM.pt,4875,69.64285714285714,70.0,0.05433513596653938
Phenotype_C,coarse,Phenotype_C_DDPM.pt,4900,70.0,70.0,0.026312125846743584
Phenotype_C,coarse,Phenotype_C_DDPM.pt,4925,70.35714285714286,70.0,0.01865192875266075
Phenotype_C,coarse,Phenotype_C_DDPM.pt,4950,70.71428571428571,70.0,0.04421323537826538
Phenotype_C,coarse,Phenotype_C_DDPM.pt,4975,71.07142857142857,70.0,0.045615412294864655
Phenotype_C,coarse,Phenotype_C_DDPM.pt,5000,71.42857142857143,70.0,0.05925058573484421
Phenotype_C,coarse,Phenotype_C_DDPM.pt,5025,71.78571428571429,70.0,0.025599177926778793
Phenotype_C,coarse,Phenotype_C_DDPM.pt,5050,72.14285714285714,70.0,0.03821808844804764
Phenotype_C,coarse,Phenotype_C_DDPM.pt,5075,72.5,70.0,0.03134581819176674
Phenotype_C,coarse,Phenotype_C_DDPM.pt,5100,72.85714285714286,70.0,0.03133467957377434
Phenotype_C,coarse,Phenotype_C_DDPM.pt,5125,73.21428571428571,70.0,0.05478629097342491
Phenotype_C,coarse,Phenotype_C_DDPM.pt,5150,73.57142857142857,70.0,0.03785579651594162
Phenotype_C,coarse,Phenotype_C_DDPM.pt,5175,73.92857142857143,70.0,0.02088591456413269
Phenotype_C,coarse,Phenotype_C_DDPM.pt,5200,74.28571428571429,70.0,0.04079294204711914
Phenotype_C,coarse,Phenotype_C_DDPM.pt,5225,74.64285714285714,70.0,0.013744672760367393
Phenotype_C,coarse,Phenotype_C_DDPM.pt,5250,75.0,70.0,0.018891187384724617
Phenotype_C,coarse,Phenotype_C_DDPM.pt,5275,75.35714285714286,70.0,0.041448067873716354
Phenotype_C,coarse,Phenotype_C_DDPM.pt,5300,75.71428571428571,70.0,0.04237062484025955
Phenotype_C,coarse,Phenotype_C_DDPM.pt,5325,76.07142857142857,70.0,0.018499189987778664
Phenotype_C,coarse,Phenotype_C_DDPM.pt,5350,76.42857142857143,70.0,0.04995162785053253
Phenotype_C,coarse,Phenotype_C_DDPM.pt,5375,76.78571428571429,70.0,0.03676976263523102
Phenotype_C,coarse,Phenotype_C_DDPM.pt,5400,77.14285714285714,70.0,0.05378758907318115
Phenotype_C,coarse,Phenotype_C_DDPM.pt,5425,77.5,70.0,0.05119594931602478
Phenotype_C,coarse,Phenotype_C_DDPM.pt,5450,77.85714285714286,70.0,0.03353838995099068
Phenotype_C,coarse,Phenotype_C_DDPM.pt,5475,78.21428571428571,70.0,0.0120853828266263
Phenotype_C,coarse,Phenotype_C_DDPM.pt,5500,78.57142857142857,70.0,0.04475121572613716
Phenotype_C,coarse,Phenotype_C_DDPM.pt,5525,78.92857142857143,70.0,0.025082234293222427
Phenotype_C,coarse,Phenotype_C_DDPM.pt,5550,79.28571428571429,70.0,0.0174548402428627
Phenotype_C,coarse,Phenotype_C_DDPM.pt,5575,79.64285714285714,70.0,0.04698596149682999
Phenotype_C,coarse,Phenotype_C_DDPM.pt,5600,80.0,70.0,0.0162461306899786
Phenotype_D,fine,Phenotype_D_DDPM.pt,25,0.05,500.0,0.5766775822639465
Phenotype_D,fine,Phenotype_D_DDPM.pt,50,0.1,500.0,0.3836090040206909
Phenotype_D,fine,Phenotype_D_DDPM.pt,75,0.15,500.0,0.3732935178279877
Phenotype_D,fine,Phenotype_D_DDPM.pt,100,0.2,500.0,0.33629782319068907
Phenotype_D,fine,Phenotype_D_DDPM.pt,125,0.25,500.0,0.32123966693878175
Phenotype_D,fine,Phenotype_D_DDPM.pt,150,0.3,500.0,0.32864752531051633
Phenotype_D,fine,Phenotype_D_DDPM.pt,175,0.35,500.0,0.29490109741687776
Phenotype_D,fine,Phenotype_D_DDPM.pt,200,0.4,500.0,0.3112254357337952
Phenotype_D,fine,Phenotype_D_DDPM.pt,225,0.45,500.0,0.32083637118339536
Phenotype_D,fine,Phenotype_D_DDPM.pt,250,0.5,500.0,0.3029285740852356
Phenotype_D,fine,Phenotype_D_DDPM.pt,275,0.55,500.0,0.30101138472557065
Phenotype_D,fine,Phenotype_D_DDPM.pt,300,0.6,500.0,0.32554308891296385
Phenotype_D,fine,Phenotype_D_DDPM.pt,325,0.65,500.0,0.29783531606197355
Phenotype_D,fine,Phenotype_D_DDPM.pt,350,0.7,500.0,0.3103700143098831
Phenotype_D,fine,Phenotype_D_DDPM.pt,375,0.75,500.0,0.2990881967544556
Phenotype_D,fine,Phenotype_D_DDPM.pt,400,0.8,500.0,0.3185149264335632
Phenotype_D,fine,Phenotype_D_DDPM.pt,425,0.85,500.0,0.2996805489063263
Phenotype_D,fine,Phenotype_D_DDPM.pt,450,0.9,500.0,0.3072123622894287
Phenotype_D,fine,Phenotype_D_DDPM.pt,475,0.95,500.0,0.29897882640361784
Phenotype_D,fine,Phenotype_D_DDPM.pt,500,1.0,500.0,0.30438575863838196
Phenotype_D,fine,Phenotype_D_DDPM.pt,525,1.05,500.0,0.2973065942525864
Phenotype_D,fine,Phenotype_D_DDPM.pt,550,1.1,500.0,0.31025165915489195
Phenotype_D,fine,Phenotype_D_DDPM.pt,575,1.15,500.0,0.2783764761686325
Phenotype_D,fine,Phenotype_D_DDPM.pt,600,1.2,500.0,0.31769622206687925
Phenotype_D,fine,Phenotype_D_DDPM.pt,625,1.25,500.0,0.3081875157356262
Phenotype_D,fine,Phenotype_D_DDPM.pt,650,1.3,500.0,0.29593508064746854
Phenotype_D,fine,Phenotype_D_DDPM.pt,675,1.35,500.0,0.29094229102134705
Phenotype_D,fine,Phenotype_D_DDPM.pt,700,1.4,500.0,0.31371124386787413
Phenotype_D,fine,Phenotype_D_DDPM.pt,725,1.45,500.0,0.30296034932136534
Phenotype_D,fine,Phenotype_D_DDPM.pt,750,1.5,500.0,0.3064647716283798
Phenotype_D,fine,Phenotype_D_DDPM.pt,775,1.55,500.0,0.29301627099514005
Phenotype_D,fine,Phenotype_D_DDPM.pt,800,1.6,500.0,0.30110098838806154
Phenotype_D,fine,Phenotype_D_DDPM.pt,825,1.65,500.0,0.2940599280595779
Phenotype_D,fine,Phenotype_D_DDPM.pt,850,1.7,500.0,0.2981265842914581
Phenotype_D,fine,Phenotype_D_DDPM.pt,875,1.75,500.0,0.30172335863113403
Phenotype_D,fine,Phenotype_D_DDPM.pt,900,1.8,500.0,0.28769241511821747
Phenotype_D,fine,Phenotype_D_DDPM.pt,925,1.85,500.0,0.29756432890892026
Phenotype_D,fine,Phenotype_D_DDPM.pt,950,1.9,500.0,0.29636739373207094
Phenotype_D,fine,Phenotype_D_DDPM.pt,975,1.95,500.0,0.2906800776720047
Phenotype_D,fine,Phenotype_D_DDPM.pt,1000,2.0,500.0,0.30079683363437654
Phenotype_D,fine,Phenotype_D_DDPM.pt,1025,2.05,500.0,0.3007325375080109
Phenotype_D,fine,Phenotype_D_DDPM.pt,1050,2.1,500.0,0.3029737854003906
Phenotype_D,fine,Phenotype_D_DDPM.pt,1075,2.15,500.0,0.2844896811246872
Phenotype_D,fine,Phenotype_D_DDPM.pt,1100,2.2,500.0,0.30588413059711456
Phenotype_D,fine,Phenotype_D_DDPM.pt,1125,2.25,500.0,0.3009726345539093
Phenotype_D,fine,Phenotype_D_DDPM.pt,1150,2.3,500.0,0.29986488103866576
Phenotype_D,fine,Phenotype_D_DDPM.pt,1175,2.35,500.0,0.29744429111480714
Phenotype_D,fine,Phenotype_D_DDPM.pt,1200,2.4,500.0,0.29427929103374484
Phenotype_D,fine,Phenotype_D_DDPM.pt,1225,2.45,500.0,0.29364788889884946
Phenotype_D,fine,Phenotype_D_DDPM.pt,1250,2.5,500.0,0.2919132113456726
Phenotype_D,fine,Phenotype_D_DDPM.pt,1275,2.55,500.0,0.3079511773586273
Phenotype_D,fine,Phenotype_D_DDPM.pt,1300,2.6,500.0,0.292808638215065
Phenotype_D,fine,Phenotype_D_DDPM.pt,1325,2.65,500.0,0.2867955142259598
Phenotype_D,fine,Phenotype_D_DDPM.pt,1350,2.7,500.0,0.30674494624137877
Phenotype_D,fine,Phenotype_D_DDPM.pt,1375,2.75,500.0,0.2821508479118347
Phenotype_D,fine,Phenotype_D_DDPM.pt,1400,2.8,500.0,0.298941633105278
Phenotype_D,fine,Phenotype_D_DDPM.pt,1425,2.85,500.0,0.30209698498249055
Phenotype_D,fine,Phenotype_D_DDPM.pt,1450,2.9,500.0,0.3039479064941406
Phenotype_D,fine,Phenotype_D_DDPM.pt,1475,2.95,500.0,0.2966107851266861
Phenotype_D,fine,Phenotype_D_DDPM.pt,1500,3.0,500.0,0.2906186145544052
Phenotype_D,fine,Phenotype_D_DDPM.pt,1525,3.05,500.0,0.29147158086299896
Phenotype_D,fine,Phenotype_D_DDPM.pt,1550,3.1,500.0,0.3038418108224869
Phenotype_D,fine,Phenotype_D_DDPM.pt,1575,3.15,500.0,0.29581824481487273
Phenotype_D,fine,Phenotype_D_DDPM.pt,1600,3.2,500.0,0.30067708134651183
Phenotype_D,fine,Phenotype_D_DDPM.pt,1625,3.25,500.0,0.30083372831344607
Phenotype_D,fine,Phenotype_D_DDPM.pt,1650,3.3,500.0,0.3010437363386154
Phenotype_D,fine,Phenotype_D_DDPM.pt,1675,3.35,500.0,0.28050412714481354
Phenotype_D,fine,Phenotype_D_DDPM.pt,1700,3.4,500.0,0.2895901185274124
Phenotype_D,fine,Phenotype_D_DDPM.pt,1725,3.45,500.0,0.30066635966300964
Phenotype_D,fine,Phenotype_D_DDPM.pt,1750,3.5,500.0,0.29537310779094694
Phenotype_D,fine,Phenotype_D_DDPM.pt,1775,3.55,500.0,0.3047649204730988
Phenotype_D,fine,Phenotype_D_DDPM.pt,1800,3.6,500.0,0.3030435287952423
Phenotype_D,fine,Phenotype_D_DDPM.pt,1825,3.65,500.0,0.296164345741272
Phenotype_D,fine,Phenotype_D_DDPM.pt,1850,3.7,500.0,0.29070271253585817
Phenotype_D,fine,Phenotype_D_DDPM.pt,1875,3.75,500.0,0.29842703700065615
Phenotype_D,fine,Phenotype_D_DDPM.pt,1900,3.8,500.0,0.295810751914978
Phenotype_D,fine,Phenotype_D_DDPM.pt,1925,3.85,500.0,0.30215933203697204
Phenotype_D,fine,Phenotype_D_DDPM.pt,1950,3.9,500.0,0.2946873438358307
Phenotype_D,fine,Phenotype_D_DDPM.pt,1975,3.95,500.0,0.2965215218067169
Phenotype_D,fine,Phenotype_D_DDPM.pt,2000,4.0,500.0,0.3001949620246887
Phenotype_D,fine,Phenotype_D_DDPM.pt,2025,4.05,500.0,0.2791623365879059
Phenotype_D,fine,Phenotype_D_DDPM.pt,2050,4.1,500.0,0.28707762956619265
Phenotype_D,fine,Phenotype_D_DDPM.pt,2075,4.15,500.0,0.30013004422187806
Phenotype_D,fine,Phenotype_D_DDPM.pt,2100,4.2,500.0,0.2851202243566513
Phenotype_D,fine,Phenotype_D_DDPM.pt,2125,4.25,500.0,0.29380641877651215
Phenotype_D,fine,Phenotype_D_DDPM.pt,2150,4.3,500.0,0.2904001867771149
Phenotype_D,fine,Phenotype_D_DDPM.pt,2175,4.35,500.0,0.27987586200237274
Phenotype_D,fine,Phenotype_D_DDPM.pt,2200,4.4,500.0,0.3029164284467697
Phenotype_D,fine,Phenotype_D_DDPM.pt,2225,4.45,500.0,0.2941179609298706
Phenotype_D,fine,Phenotype_D_DDPM.pt,2250,4.5,500.0,0.28434062063694
Phenotype_D,fine,Phenotype_D_DDPM.pt,2275,4.55,500.0,0.30435133039951323
Phenotype_D,fine,Phenotype_D_DDPM.pt,2300,4.6,500.0,0.2993067717552185
Phenotype_D,fine,Phenotype_D_DDPM.pt,2325,4.65,500.0,0.2909687167406082
Phenotype_D,fine,Phenotype_D_DDPM.pt,2350,4.7,500.0,0.29534867584705354
Phenotype_D,fine,Phenotype_D_DDPM.pt,2375,4.75,500.0,0.28638491868972776
Phenotype_D,fine,Phenotype_D_DDPM.pt,2400,4.8,500.0,0.281049365401268
Phenotype_D,fine,Phenotype_D_DDPM.pt,2425,4.85,500.0,0.2924820297956467
Phenotype_D,fine,Phenotype_D_DDPM.pt,2450,4.9,500.0,0.28952480375766754
Phenotype_D,fine,Phenotype_D_DDPM.pt,2475,4.95,500.0,0.30108811616897585
Phenotype_D,fine,Phenotype_D_DDPM.pt,2500,5.0,500.0,0.2869565391540527
Phenotype_D,fine,Phenotype_D_DDPM.pt,2525,5.05,500.0,0.300232982635498
Phenotype_D,fine,Phenotype_D_DDPM.pt,2550,5.1,500.0,0.3041227996349335
Phenotype_D,fine,Phenotype_D_DDPM.pt,2575,5.15,500.0,0.28979782581329344
Phenotype_D,fine,Phenotype_D_DDPM.pt,2600,5.2,500.0,0.2896862983703613
Phenotype_D,fine,Phenotype_D_DDPM.pt,2625,5.25,500.0,0.29041165232658384
Phenotype_D,fine,Phenotype_D_DDPM.pt,2650,5.3,500.0,0.29089833855628966
Phenotype_D,fine,Phenotype_D_DDPM.pt,2675,5.35,500.0,0.3101990234851837
Phenotype_D,fine,Phenotype_D_DDPM.pt,2700,5.4,500.0,0.2845282208919525
Phenotype_D,fine,Phenotype_D_DDPM.pt,2725,5.45,500.0,0.29506499886512755
Phenotype_D,fine,Phenotype_D_DDPM.pt,2750,5.5,500.0,0.29125234723091126
Phenotype_D,fine,Phenotype_D_DDPM.pt,2775,5.55,500.0,0.2976183325052261
Phenotype_D,fine,Phenotype_D_DDPM.pt,2800,5.6,500.0,0.3017825335264206
Phenotype_D,fine,Phenotype_D_DDPM.pt,2825,5.65,500.0,0.29014832735061646
Phenotype_D,fine,Phenotype_D_DDPM.pt,2850,5.7,500.0,0.2903975450992584
Phenotype_D,fine,Phenotype_D_DDPM.pt,2875,5.75,500.0,0.29549659609794615
Phenotype_D,fine,Phenotype_D_DDPM.pt,2900,5.8,500.0,0.28036739468574523
Phenotype_D,fine,Phenotype_D_DDPM.pt,2925,5.85,500.0,0.2780548703670502
Phenotype_D,fine,Phenotype_D_DDPM.pt,2950,5.9,500.0,0.2886548686027527
Phenotype_D,fine,Phenotype_D_DDPM.pt,2975,5.95,500.0,0.29666862487792967
Phenotype_D,fine,Phenotype_D_DDPM.pt,3000,6.0,500.0,0.2918943977355957
Phenotype_D,fine,Phenotype_D_DDPM.pt,3025,6.05,500.0,0.2933445185422897
Phenotype_D,fine,Phenotype_D_DDPM.pt,3050,6.1,500.0,0.28679369628429413
Phenotype_D,fine,Phenotype_D_DDPM.pt,3075,6.15,500.0,0.2859789073467255
Phenotype_D,fine,Phenotype_D_DDPM.pt,3100,6.2,500.0,0.29539008259773253
Phenotype_D,fine,Phenotype_D_DDPM.pt,3125,6.25,500.0,0.28771339774131777
Phenotype_D,fine,Phenotype_D_DDPM.pt,3150,6.3,500.0,0.2828583413362503
Phenotype_D,fine,Phenotype_D_DDPM.pt,3175,6.35,500.0,0.3017647987604141
Phenotype_D,fine,Phenotype_D_DDPM.pt,3200,6.4,500.0,0.28740237414836883
Phenotype_D,fine,Phenotype_D_DDPM.pt,3225,6.45,500.0,0.28418784081935883
Phenotype_D,fine,Phenotype_D_DDPM.pt,3250,6.5,500.0,0.2853730344772339
Phenotype_D,fine,Phenotype_D_DDPM.pt,3275,6.55,500.0,0.2900968724489212
Phenotype_D,fine,Phenotype_D_DDPM.pt,3300,6.6,500.0,0.29698494255542757
Phenotype_D,fine,Phenotype_D_DDPM.pt,3325,6.65,500.0,0.30241849303245544
Phenotype_D,fine,Phenotype_D_DDPM.pt,3350,6.7,500.0,0.2998828250169754
Phenotype_D,fine,Phenotype_D_DDPM.pt,3375,6.75,500.0,0.2962799143791199
Phenotype_D,fine,Phenotype_D_DDPM.pt,3400,6.8,500.0,0.29659271478652954
Phenotype_D,fine,Phenotype_D_DDPM.pt,3425,6.85,500.0,0.28705875277519227
Phenotype_D,fine,Phenotype_D_DDPM.pt,3450,6.9,500.0,0.2896627926826477
Phenotype_D,fine,Phenotype_D_DDPM.pt,3475,6.95,500.0,0.28874055862426756
Phenotype_D,fine,Phenotype_D_DDPM.pt,3500,7.0,500.0,0.291173574924469
Phenotype_D,fine,Phenotype_D_DDPM.pt,3525,7.05,500.0,0.30081026911735537
Phenotype_D,fine,Phenotype_D_DDPM.pt,3550,7.1,500.0,0.29855042695999146
Phenotype_D,fine,Phenotype_D_DDPM.pt,3575,7.15,500.0,0.29617931962013244
Phenotype_D,fine,Phenotype_D_DDPM.pt,3600,7.2,500.0,0.2909650641679764
Phenotype_D,fine,Phenotype_D_DDPM.pt,3625,7.25,500.0,0.29830137252807615
Phenotype_D,fine,Phenotype_D_DDPM.pt,3650,7.3,500.0,0.284144931435585
Phenotype_D,fine,Phenotype_D_DDPM.pt,3675,7.35,500.0,0.297564240694046
Phenotype_D,fine,Phenotype_D_DDPM.pt,3700,7.4,500.0,0.28531861782073975
Phenotype_D,fine,Phenotype_D_DDPM.pt,3725,7.45,500.0,0.2814872246980667
Phenotype_D,fine,Phenotype_D_DDPM.pt,3750,7.5,500.0,0.2916027057170868
Phenotype_D,fine,Phenotype_D_DDPM.pt,3775,7.55,500.0,0.2891044157743454
Phenotype_D,fine,Phenotype_D_DDPM.pt,3800,7.6,500.0,0.2849665743112564
Phenotype_D,fine,Phenotype_D_DDPM.pt,3825,7.65,500.0,0.2933528423309326
Phenotype_D,fine,Phenotype_D_DDPM.pt,3850,7.7,500.0,0.3033331084251404
Phenotype_D,fine,Phenotype_D_DDPM.pt,3875,7.75,500.0,0.2779384881258011
Phenotype_D,fine,Phenotype_D_DDPM.pt,3900,7.8,500.0,0.27635729968547823
Phenotype_D,fine,Phenotype_D_DDPM.pt,3925,7.85,500.0,0.29231076836586
Phenotype_D,fine,Phenotype_D_DDPM.pt,3950,7.9,500.0,0.3018826049566269
Phenotype_D,fine,Phenotype_D_DDPM.pt,3975,7.95,500.0,0.29093291640281677
Phenotype_D,fine,Phenotype_D_DDPM.pt,4000,8.0,500.0,0.2997310954332352
Phenotype_D,fine,Phenotype_D_DDPM.pt,4025,8.05,500.0,0.2883016157150269
Phenotype_D,fine,Phenotype_D_DDPM.pt,4050,8.1,500.0,0.2922264289855957
Phenotype_D,fine,Phenotype_D_DDPM.pt,4075,8.15,500.0,0.28741226851940155
Phenotype_D,fine,Phenotype_D_DDPM.pt,4100,8.2,500.0,0.28237672090530397
Phenotype_D,fine,Phenotype_D_DDPM.pt,4125,8.25,500.0,0.30507034063339233
Phenotype_D,fine,Phenotype_D_DDPM.pt,4150,8.3,500.0,0.27420234501361845
Phenotype_D,fine,Phenotype_D_DDPM.pt,4175,8.35,500.0,0.29665035724639893
Phenotype_D,fine,Phenotype_D_DDPM.pt,4200,8.4,500.0,0.2906291043758392
Phenotype_D,fine,Phenotype_D_DDPM.pt,4225,8.45,500.0,0.29135769605636597
Phenotype_D,fine,Phenotype_D_DDPM.pt,4250,8.5,500.0,0.2810904747247696
Phenotype_D,fine,Phenotype_D_DDPM.pt,4275,8.55,500.0,0.2843627458810806
Phenotype_D,fine,Phenotype_D_DDPM.pt,4300,8.6,500.0,0.2960561871528625
Phenotype_D,fine,Phenotype_D_DDPM.pt,4325,8.65,500.0,0.28901573121547697
Phenotype_D,fine,Phenotype_D_DDPM.pt,4350,8.7,500.0,0.28473452270030974
Phenotype_D,fine,Phenotype_D_DDPM.pt,4375,8.75,500.0,0.2888543421030045
Phenotype_D,fine,Phenotype_D_DDPM.pt,4400,8.8,500.0,0.2850576967000961
Phenotype_D,fine,Phenotype_D_DDPM.pt,4425,8.85,500.0,0.29445227384567263
Phenotype_D,fine,Phenotype_D_DDPM.pt,4450,8.9,500.0,0.28328181207180025
Phenotype_D,fine,Phenotype_D_DDPM.pt,4475,8.95,500.0,0.29298315703868866
Phenotype_D,fine,Phenotype_D_DDPM.pt,4500,9.0,500.0,0.28492861330509184
Phenotype_D,fine,Phenotype_D_DDPM.pt,4525,9.05,500.0,0.28514902949333193
Phenotype_D,fine,Phenotype_D_DDPM.pt,4550,9.1,500.0,0.2921721214056015
Phenotype_D,fine,Phenotype_D_DDPM.pt,4575,9.15,500.0,0.2868445211648941
Phenotype_D,fine,Phenotype_D_DDPM.pt,4600,9.2,500.0,0.2854755961894989
Phenotype_D,fine,Phenotype_D_DDPM.pt,4625,9.25,500.0,0.29868475735187533
Phenotype_D,fine,Phenotype_D_DDPM.pt,4650,9.3,500.0,0.2808314889669418
Phenotype_D,fine,Phenotype_D_DDPM.pt,4675,9.35,500.0,0.2951993602514267
Phenotype_D,fine,Phenotype_D_DDPM.pt,4700,9.4,500.0,0.2853790283203125
Phenotype_D,fine,Phenotype_D_DDPM.pt,4725,9.45,500.0,0.29407685339450834
Phenotype_D,fine,Phenotype_D_DDPM.pt,4750,9.5,500.0,0.2822879588603973
Phenotype_D,fine,Phenotype_D_DDPM.pt,4775,9.55,500.0,0.2905517077445984
Phenotype_D,fine,Phenotype_D_DDPM.pt,4800,9.6,500.0,0.3054039913415909
Phenotype_D,fine,Phenotype_D_DDPM.pt,4825,9.65,500.0,0.28513969779014586
Phenotype_D,fine,Phenotype_D_DDPM.pt,4850,9.7,500.0,0.2949860167503357
Phenotype_D,fine,Phenotype_D_DDPM.pt,4875,9.75,500.0,0.2983906686306
Phenotype_D,fine,Phenotype_D_DDPM.pt,4900,9.8,500.0,0.293805490732193
Phenotype_D,fine,Phenotype_D_DDPM.pt,4925,9.85,500.0,0.27984969794750214
Phenotype_D,fine,Phenotype_D_DDPM.pt,4950,9.9,500.0,0.2923938262462616
Phenotype_D,fine,Phenotype_D_DDPM.pt,4975,9.95,500.0,0.2855495762825012
Phenotype_D,fine,Phenotype_D_DDPM.pt,5000,10.0,500.0,0.3009831017255783
Phenotype_D,fine,Phenotype_D_DDPM.pt,5025,10.05,500.0,0.287412565946579
Phenotype_D,fine,Phenotype_D_DDPM.pt,5050,10.1,500.0,0.2882528626918793
Phenotype_D,fine,Phenotype_D_DDPM.pt,5075,10.15,500.0,0.2914919763803482
Phenotype_D,fine,Phenotype_D_DDPM.pt,5100,10.2,500.0,0.28539291977882386
Phenotype_D,fine,Phenotype_D_DDPM.pt,5125,10.25,500.0,0.2820532476902008
Phenotype_D,fine,Phenotype_D_DDPM.pt,5150,10.3,500.0,0.29152047157287597
Phenotype_D,fine,Phenotype_D_DDPM.pt,5175,10.35,500.0,0.28549135267734527
Phenotype_D,fine,Phenotype_D_DDPM.pt,5200,10.4,500.0,0.2920049643516541
Phenotype_D,fine,Phenotype_D_DDPM.pt,5225,10.45,500.0,0.2810357052087784
Phenotype_D,fine,Phenotype_D_DDPM.pt,5250,10.5,500.0,0.30324828147888183
Phenotype_D,fine,Phenotype_D_DDPM.pt,5275,10.55,500.0,0.289026198387146
Phenotype_D,fine,Phenotype_D_DDPM.pt,5300,10.6,500.0,0.2821022516489029
Phenotype_D,fine,Phenotype_D_DDPM.pt,5325,10.65,500.0,0.2879583162069321
Phenotype_D,fine,Phenotype_D_DDPM.pt,5350,10.7,500.0,0.2860933530330658
Phenotype_D,fine,Phenotype_D_DDPM.pt,5375,10.75,500.0,0.30159032821655274
Phenotype_D,fine,Phenotype_D_DDPM.pt,5400,10.8,500.0,0.29550219416618345
Phenotype_D,fine,Phenotype_D_DDPM.pt,5425,10.85,500.0,0.2890031200647354
Phenotype_D,fine,Phenotype_D_DDPM.pt,5450,10.9,500.0,0.2910025030374527
Phenotype_D,fine,Phenotype_D_DDPM.pt,5475,10.95,500.0,0.28907954454421997
Phenotype_D,fine,Phenotype_D_DDPM.pt,5500,11.0,500.0,0.3070479381084442
Phenotype_D,fine,Phenotype_D_DDPM.pt,5525,11.05,500.0,0.308255763053894
Phenotype_D,fine,Phenotype_D_DDPM.pt,5550,11.1,500.0,0.2949213397502899
Phenotype_D,fine,Phenotype_D_DDPM.pt,5575,11.15,500.0,0.29183750092983246
Phenotype_D,fine,Phenotype_D_DDPM.pt,5600,11.2,500.0,0.30529083132743834
Phenotype_D,fine,Phenotype_D_DDPM.pt,5625,11.25,500.0,0.2825430554151535
Phenotype_D,fine,Phenotype_D_DDPM.pt,5650,11.3,500.0,0.2892736864089966
Phenotype_D,fine,Phenotype_D_DDPM.pt,5675,11.35,500.0,0.2861776924133301
Phenotype_D,fine,Phenotype_D_DDPM.pt,5700,11.4,500.0,0.2694777810573578
Phenotype_D,fine,Phenotype_D_DDPM.pt,5725,11.45,500.0,0.27395164251327514
Phenotype_D,fine,Phenotype_D_DDPM.pt,5750,11.5,500.0,0.2883551734685898
Phenotype_D,fine,Phenotype_D_DDPM.pt,5775,11.55,500.0,0.2866961520910263
Phenotype_D,fine,Phenotype_D_DDPM.pt,5800,11.6,500.0,0.2883978807926178
Phenotype_D,fine,Phenotype_D_DDPM.pt,5825,11.65,500.0,0.300007609128952
Phenotype_D,fine,Phenotype_D_DDPM.pt,5850,11.7,500.0,0.28832705080509186
Phenotype_D,fine,Phenotype_D_DDPM.pt,5875,11.75,500.0,0.28154933512210845
Phenotype_D,fine,Phenotype_D_DDPM.pt,5900,11.8,500.0,0.29382768750190735
Phenotype_D,fine,Phenotype_D_DDPM.pt,5925,11.85,500.0,0.2928814387321472
Phenotype_D,fine,Phenotype_D_DDPM.pt,5950,11.9,500.0,0.2879084783792496
Phenotype_D,fine,Phenotype_D_DDPM.pt,5975,11.95,500.0,0.28965636968612674
Phenotype_D,fine,Phenotype_D_DDPM.pt,6000,12.0,500.0,0.283891419172287
Phenotype_D,fine,Phenotype_D_DDPM.pt,6025,12.05,500.0,0.2930203640460968
Phenotype_D,fine,Phenotype_D_DDPM.pt,6050,12.1,500.0,0.2952076894044876
Phenotype_D,fine,Phenotype_D_DDPM.pt,6075,12.15,500.0,0.2934148687124252
Phenotype_D,fine,Phenotype_D_DDPM.pt,6100,12.2,500.0,0.27323141276836393
Phenotype_D,fine,Phenotype_D_DDPM.pt,6125,12.25,500.0,0.28141760885715483
Phenotype_D,fine,Phenotype_D_DDPM.pt,6150,12.3,500.0,0.28053581833839414
Phenotype_D,fine,Phenotype_D_DDPM.pt,6175,12.35,500.0,0.2887794309854507
Phenotype_D,fine,Phenotype_D_DDPM.pt,6200,12.4,500.0,0.2818540918827057
Phenotype_D,fine,Phenotype_D_DDPM.pt,6225,12.45,500.0,0.2762261390686035
Phenotype_D,fine,Phenotype_D_DDPM.pt,6250,12.5,500.0,0.3020601212978363
Phenotype_D,fine,Phenotype_D_DDPM.pt,6275,12.55,500.0,0.278409931063652
Phenotype_D,fine,Phenotype_D_DDPM.pt,6300,12.6,500.0,0.2799303543567657
Phenotype_D,fine,Phenotype_D_DDPM.pt,6325,12.65,500.0,0.2812425625324249
Phenotype_D,fine,Phenotype_D_DDPM.pt,6350,12.7,500.0,0.28665667593479155
Phenotype_D,fine,Phenotype_D_DDPM.pt,6375,12.75,500.0,0.30447747111320494
Phenotype_D,fine,Phenotype_D_DDPM.pt,6400,12.8,500.0,0.292304584980011
Phenotype_D,fine,Phenotype_D_DDPM.pt,6425,12.85,500.0,0.29419569432735443
Phenotype_D,fine,Phenotype_D_DDPM.pt,6450,12.9,500.0,0.27571613907814024
Phenotype_D,fine,Phenotype_D_DDPM.pt,6475,12.95,500.0,0.2936345189809799
Phenotype_D,fine,Phenotype_D_DDPM.pt,6500,13.0,500.0,0.2782673889398575
Phenotype_D,fine,Phenotype_D_DDPM.pt,6525,13.05,500.0,0.286073237657547
Phenotype_D,fine,Phenotype_D_DDPM.pt,6550,13.1,500.0,0.28736735045909884
Phenotype_D,fine,Phenotype_D_DDPM.pt,6575,13.15,500.0,0.2870184522867203
Phenotype_D,fine,Phenotype_D_DDPM.pt,6600,13.2,500.0,0.2861996895074844
Phenotype_D,fine,Phenotype_D_DDPM.pt,6625,13.25,500.0,0.29378331899642945
Phenotype_D,fine,Phenotype_D_DDPM.pt,6650,13.3,500.0,0.29187665224075315
Phenotype_D,fine,Phenotype_D_DDPM.pt,6675,13.35,500.0,0.2968994605541229
Phenotype_D,fine,Phenotype_D_DDPM.pt,6700,13.4,500.0,0.2869290816783905
Phenotype_D,fine,Phenotype_D_DDPM.pt,6725,13.45,500.0,0.2843086153268814
Phenotype_D,fine,Phenotype_D_DDPM.pt,6750,13.5,500.0,0.28320564031600953
Phenotype_D,fine,Phenotype_D_DDPM.pt,6775,13.55,500.0,0.2834774339199066
Phenotype_D,fine,Phenotype_D_DDPM.pt,6800,13.6,500.0,0.29143951177597044
Phenotype_D,fine,Phenotype_D_DDPM.pt,6825,13.65,500.0,0.29078862130641936
Phenotype_D,fine,Phenotype_D_DDPM.pt,6850,13.7,500.0,0.2896620160341263
Phenotype_D,fine,Phenotype_D_DDPM.pt,6875,13.75,500.0,0.2882406347990036
Phenotype_D,fine,Phenotype_D_DDPM.pt,6900,13.8,500.0,0.28539041996002196
Phenotype_D,fine,Phenotype_D_DDPM.pt,6925,13.85,500.0,0.29159097850322724
Phenotype_D,fine,Phenotype_D_DDPM.pt,6950,13.9,500.0,0.29258510887622835
Phenotype_D,fine,Phenotype_D_DDPM.pt,6975,13.95,500.0,0.28897793412208556
Phenotype_D,fine,Phenotype_D_DDPM.pt,7000,14.0,500.0,0.2817893385887146
Phenotype_D,fine,Phenotype_D_DDPM.pt,7025,14.05,500.0,0.2953585946559906
Phenotype_D,fine,Phenotype_D_DDPM.pt,7050,14.1,500.0,0.2775797039270401
Phenotype_D,fine,Phenotype_D_DDPM.pt,7075,14.15,500.0,0.27945858538150786
Phenotype_D,fine,Phenotype_D_DDPM.pt,7100,14.2,500.0,0.29024280726909635
Phenotype_D,fine,Phenotype_D_DDPM.pt,7125,14.25,500.0,0.2949473142623901
Phenotype_D,fine,Phenotype_D_DDPM.pt,7150,14.3,500.0,0.2917125576734543
Phenotype_D,fine,Phenotype_D_DDPM.pt,7175,14.35,500.0,0.28439870953559876
Phenotype_D,fine,Phenotype_D_DDPM.pt,7200,14.4,500.0,0.28636311292648314
Phenotype_D,fine,Phenotype_D_DDPM.pt,7225,14.45,500.0,0.28794424653053285
Phenotype_D,fine,Phenotype_D_DDPM.pt,7250,14.5,500.0,0.2869571083784103
Phenotype_D,fine,Phenotype_D_DDPM.pt,7275,14.55,500.0,0.29230193614959715
Phenotype_D,fine,Phenotype_D_DDPM.pt,7300,14.6,500.0,0.28442045867443083
Phenotype_D,fine,Phenotype_D_DDPM.pt,7325,14.65,500.0,0.2852884078025818
Phenotype_D,fine,Phenotype_D_DDPM.pt,7350,14.7,500.0,0.2762889850139618
Phenotype_D,fine,Phenotype_D_DDPM.pt,7375,14.75,500.0,0.2986437475681305
Phenotype_D,fine,Phenotype_D_DDPM.pt,7400,14.8,500.0,0.28718931376934054
Phenotype_D,fine,Phenotype_D_DDPM.pt,7425,14.85,500.0,0.29749989688396455
Phenotype_D,fine,Phenotype_D_DDPM.pt,7450,14.9,500.0,0.2892952859401703
Phenotype_D,fine,Phenotype_D_DDPM.pt,7475,14.95,500.0,0.2732071626186371
Phenotype_D,fine,Phenotype_D_DDPM.pt,7500,15.0,500.0,0.2944851887226105
Phenotype_D,fine,Phenotype_D_DDPM.pt,7525,15.05,500.0,0.27657877385616303
Phenotype_D,fine,Phenotype_D_DDPM.pt,7550,15.1,500.0,0.274797095656395
Phenotype_D,fine,Phenotype_D_DDPM.pt,7575,15.15,500.0,0.2847378998994827
Phenotype_D,fine,Phenotype_D_DDPM.pt,7600,15.2,500.0,0.29272114992141723
Phenotype_D,fine,Phenotype_D_DDPM.pt,7625,15.25,500.0,0.2904293668270111
Phenotype_D,fine,Phenotype_D_DDPM.pt,7650,15.3,500.0,0.296753494143486
Phenotype_D,fine,Phenotype_D_DDPM.pt,7675,15.35,500.0,0.2820878034830093
Phenotype_D,fine,Phenotype_D_DDPM.pt,7700,15.4,500.0,0.2918335598707199
Phenotype_D,fine,Phenotype_D_DDPM.pt,7725,15.45,500.0,0.28660291075706484
Phenotype_D,fine,Phenotype_D_DDPM.pt,7750,15.5,500.0,0.30032302856445314
Phenotype_D,fine,Phenotype_D_DDPM.pt,7775,15.55,500.0,0.2905480307340622
Phenotype_D,fine,Phenotype_D_DDPM.pt,7800,15.6,500.0,0.28271125912666323
Phenotype_D,fine,Phenotype_D_DDPM.pt,7825,15.65,500.0,0.2871518796682358
Phenotype_D,fine,Phenotype_D_DDPM.pt,7850,15.7,500.0,0.2824596816301346
Phenotype_D,fine,Phenotype_D_DDPM.pt,7875,15.75,500.0,0.292785986661911
Phenotype_D,fine,Phenotype_D_DDPM.pt,7900,15.8,500.0,0.2891333919763565
Phenotype_D,fine,Phenotype_D_DDPM.pt,7925,15.85,500.0,0.2784870380163193
Phenotype_D,fine,Phenotype_D_DDPM.pt,7950,15.9,500.0,0.2906875771284103
Phenotype_D,fine,Phenotype_D_DDPM.pt,7975,15.95,500.0,0.2853144061565399
Phenotype_D,fine,Phenotype_D_DDPM.pt,8000,16.0,500.0,0.28905076801776886
Phenotype_D,fine,Phenotype_D_DDPM.pt,8025,16.05,500.0,0.2792855983972549
Phenotype_D,fine,Phenotype_D_DDPM.pt,8050,16.1,500.0,0.2842989951372147
Phenotype_D,fine,Phenotype_D_DDPM.pt,8075,16.15,500.0,0.29043848514556886
Phenotype_D,fine,Phenotype_D_DDPM.pt,8100,16.2,500.0,0.28651673257350924
Phenotype_D,fine,Phenotype_D_DDPM.pt,8125,16.25,500.0,0.28156033098697664
Phenotype_D,fine,Phenotype_D_DDPM.pt,8150,16.3,500.0,0.29975051164627076
Phenotype_D,fine,Phenotype_D_DDPM.pt,8175,16.35,500.0,0.28047227799892427
Phenotype_D,fine,Phenotype_D_DDPM.pt,8200,16.4,500.0,0.29010634899139404
Phenotype_D,fine,Phenotype_D_DDPM.pt,8225,16.45,500.0,0.2988126540184021
Phenotype_D,fine,Phenotype_D_DDPM.pt,8250,16.5,500.0,0.2759217566251755
Phenotype_D,fine,Phenotype_D_DDPM.pt,8275,16.55,500.0,0.293095555305481
Phenotype_D,fine,Phenotype_D_DDPM.pt,8300,16.6,500.0,0.28417019605636595
Phenotype_D,fine,Phenotype_D_DDPM.pt,8325,16.65,500.0,0.29059470653533936
Phenotype_D,fine,Phenotype_D_DDPM.pt,8350,16.7,500.0,0.2934527504444122
Phenotype_D,fine,Phenotype_D_DDPM.pt,8375,16.75,500.0,0.29033896565437317
Phenotype_D,fine,Phenotype_D_DDPM.pt,8400,16.8,500.0,0.30360517382621766
Phenotype_D,fine,Phenotype_D_DDPM.pt,8425,16.85,500.0,0.28940259337425234
Phenotype_D,fine,Phenotype_D_DDPM.pt,8450,16.9,500.0,0.28761478781700134
Phenotype_D,fine,Phenotype_D_DDPM.pt,8475,16.95,500.0,0.2955630898475647
Phenotype_D,fine,Phenotype_D_DDPM.pt,8500,17.0,500.0,0.2831727623939514
Phenotype_D,fine,Phenotype_D_DDPM.pt,8525,17.05,500.0,0.29095017313957217
Phenotype_D,fine,Phenotype_D_DDPM.pt,8550,17.1,500.0,0.2879581654071808
Phenotype_D,fine,Phenotype_D_DDPM.pt,8575,17.15,500.0,0.29718958973884585
Phenotype_D,fine,Phenotype_D_DDPM.pt,8600,17.2,500.0,0.2803303873538971
Phenotype_D,fine,Phenotype_D_DDPM.pt,8625,17.25,500.0,0.27630664110183717
Phenotype_D,fine,Phenotype_D_DDPM.pt,8650,17.3,500.0,0.2842570698261261
Phenotype_D,fine,Phenotype_D_DDPM.pt,8675,17.35,500.0,0.2797405230998993
Phenotype_D,fine,Phenotype_D_DDPM.pt,8700,17.4,500.0,0.28351570427417755
Phenotype_D,fine,Phenotype_D_DDPM.pt,8725,17.45,500.0,0.29609442412853243
Phenotype_D,fine,Phenotype_D_DDPM.pt,8750,17.5,500.0,0.28103491604328157
Phenotype_D,fine,Phenotype_D_DDPM.pt,8775,17.55,500.0,0.2965153455734253
Phenotype_D,fine,Phenotype_D_DDPM.pt,8800,17.6,500.0,0.2901351636648178
Phenotype_D,fine,Phenotype_D_DDPM.pt,8825,17.65,500.0,0.28275361776351926
Phenotype_D,fine,Phenotype_D_DDPM.pt,8850,17.7,500.0,0.2855887627601624
Phenotype_D,fine,Phenotype_D_DDPM.pt,8875,17.75,500.0,0.2910490918159485
Phenotype_D,fine,Phenotype_D_DDPM.pt,8900,17.8,500.0,0.2883168971538544
Phenotype_D,fine,Phenotype_D_DDPM.pt,8925,17.85,500.0,0.29651182889938354
Phenotype_D,fine,Phenotype_D_DDPM.pt,8950,17.9,500.0,0.2780235493183136
Phenotype_D,fine,Phenotype_D_DDPM.pt,8975,17.95,500.0,0.28922618508338926
Phenotype_D,fine,Phenotype_D_DDPM.pt,9000,18.0,500.0,0.282370388507843
Phenotype_D,fine,Phenotype_D_DDPM.pt,9025,18.05,500.0,0.292783225774765
Phenotype_D,fine,Phenotype_D_DDPM.pt,9050,18.1,500.0,0.27954993724822996
Phenotype_D,fine,Phenotype_D_DDPM.pt,9075,18.15,500.0,0.27178737640380857
Phenotype_D,fine,Phenotype_D_DDPM.pt,9100,18.2,500.0,0.29807310938835146
Phenotype_D,fine,Phenotype_D_DDPM.pt,9125,18.25,500.0,0.2830361247062683
Phenotype_D,fine,Phenotype_D_DDPM.pt,9150,18.3,500.0,0.2802741575241089
Phenotype_D,fine,Phenotype_D_DDPM.pt,9175,18.35,500.0,0.2811663240194321
Phenotype_D,fine,Phenotype_D_DDPM.pt,9200,18.4,500.0,0.2909872227907181
Phenotype_D,fine,Phenotype_D_DDPM.pt,9225,18.45,500.0,0.2908942747116089
Phenotype_D,fine,Phenotype_D_DDPM.pt,9250,18.5,500.0,0.284312989115715
Phenotype_D,fine,Phenotype_D_DDPM.pt,9275,18.55,500.0,0.28470763206481936
Phenotype_D,fine,Phenotype_D_DDPM.pt,9300,18.6,500.0,0.2820405834913254
Phenotype_D,fine,Phenotype_D_DDPM.pt,9325,18.65,500.0,0.28907440304756166
Phenotype_D,fine,Phenotype_D_DDPM.pt,9350,18.7,500.0,0.28365341007709505
Phenotype_D,fine,Phenotype_D_DDPM.pt,9375,18.75,500.0,0.29104761362075804
Phenotype_D,fine,Phenotype_D_DDPM.pt,9400,18.8,500.0,0.2960510379076004
Phenotype_D,fine,Phenotype_D_DDPM.pt,9425,18.85,500.0,0.29771417200565337
Phenotype_D,fine,Phenotype_D_DDPM.pt,9450,18.9,500.0,0.3002149307727814
Phenotype_D,fine,Phenotype_D_DDPM.pt,9475,18.95,500.0,0.27990554928779604
Phenotype_D,fine,Phenotype_D_DDPM.pt,9500,19.0,500.0,0.2925435847043991
Phenotype_D,fine,Phenotype_D_DDPM.pt,9525,19.05,500.0,0.2884613627195358
Phenotype_D,fine,Phenotype_D_DDPM.pt,9550,19.1,500.0,0.2874937283992767
Phenotype_D,fine,Phenotype_D_DDPM.pt,9575,19.15,500.0,0.2850040328502655
Phenotype_D,fine,Phenotype_D_DDPM.pt,9600,19.2,500.0,0.2864992868900299
Phenotype_D,fine,Phenotype_D_DDPM.pt,9625,19.25,500.0,0.2880050539970398
Phenotype_D,fine,Phenotype_D_DDPM.pt,9650,19.3,500.0,0.29141595005989074
Phenotype_D,fine,Phenotype_D_DDPM.pt,9675,19.35,500.0,0.28869117856025694
Phenotype_D,fine,Phenotype_D_DDPM.pt,9700,19.4,500.0,0.284970281124115
Phenotype_D,fine,Phenotype_D_DDPM.pt,9725,19.45,500.0,0.2911785209178925
Phenotype_D,fine,Phenotype_D_DDPM.pt,9750,19.5,500.0,0.28437002778053283
Phenotype_D,fine,Phenotype_D_DDPM.pt,9775,19.55,500.0,0.287033354640007
Phenotype_D,fine,Phenotype_D_DDPM.pt,9800,19.6,500.0,0.27650496780872347
Phenotype_D,fine,Phenotype_D_DDPM.pt,9825,19.65,500.0,0.27792210519313815
Phenotype_D,fine,Phenotype_D_DDPM.pt,9850,19.7,500.0,0.28820185244083407
Phenotype_D,fine,Phenotype_D_DDPM.pt,9875,19.75,500.0,0.2880806350708008
Phenotype_D,fine,Phenotype_D_DDPM.pt,9900,19.8,500.0,0.28476472198963165
Phenotype_D,fine,Phenotype_D_DDPM.pt,9925,19.85,500.0,0.2879129642248154
Phenotype_D,fine,Phenotype_D_DDPM.pt,9950,19.9,500.0,0.2936251574754715
Phenotype_D,fine,Phenotype_D_DDPM.pt,9975,19.95,500.0,0.28103635847568514
Phenotype_D,fine,Phenotype_D_DDPM.pt,10000,20.0,500.0,0.2697392874956131
Phenotype_D,coarse,Phenotype_D_DDPM.pt,25,0.2066115702479339,121.0,0.6092191934585571
Phenotype_D,coarse,Phenotype_D_DDPM.pt,50,0.4132231404958678,121.0,0.5370481610298157
Phenotype_D,coarse,Phenotype_D_DDPM.pt,75,0.6198347107438017,121.0,0.5770301818847656
Phenotype_D,coarse,Phenotype_D_DDPM.pt,100,0.8264462809917356,121.0,0.5949892401695251
Phenotype_D,coarse,Phenotype_D_DDPM.pt,125,1.0330578512396693,121.0,0.39905261993408203
Phenotype_D,coarse,Phenotype_D_DDPM.pt,150,1.2396694214876034,121.0,0.4719872772693634
Phenotype_D,coarse,Phenotype_D_DDPM.pt,175,1.4462809917355373,121.0,0.4884336590766907
Phenotype_D,coarse,Phenotype_D_DDPM.pt,200,1.6528925619834711,121.0,0.44759002327919006
Phenotype_D,coarse,Phenotype_D_DDPM.pt,225,1.859504132231405,121.0,0.5159675478935242
Phenotype_D,coarse,Phenotype_D_DDPM.pt,250,2.0661157024793386,121.0,0.46147122979164124
Phenotype_D,coarse,Phenotype_D_DDPM.pt,275,2.272727272727273,121.0,0.5366988778114319
Phenotype_D,coarse,Phenotype_D_DDPM.pt,300,2.479338842975207,121.0,0.45148879289627075
Phenotype_D,coarse,Phenotype_D_DDPM.pt,325,2.6859504132231407,121.0,0.45117372274398804
Phenotype_D,coarse,Phenotype_D_DDPM.pt,350,2.8925619834710745,121.0,0.3851448893547058
Phenotype_D,coarse,Phenotype_D_DDPM.pt,375,3.0991735537190084,121.0,0.43969404697418213
Phenotype_D,coarse,Phenotype_D_DDPM.pt,400,3.3057851239669422,121.0,0.34594595432281494
Phenotype_D,coarse,Phenotype_D_DDPM.pt,425,3.512396694214876,121.0,0.35931557416915894
Phenotype_D,coarse,Phenotype_D_DDPM.pt,450,3.71900826446281,121.0,0.3133503496646881
Phenotype_D,coarse,Phenotype_D_DDPM.pt,475,3.925619834710744,121.0,0.3320736885070801
Phenotype_D,coarse,Phenotype_D_DDPM.pt,500,4.132231404958677,121.0,0.2997189462184906
Phenotype_D,coarse,Phenotype_D_DDPM.pt,525,4.338842975206612,121.0,0.3158814311027527
Phenotype_D,coarse,Phenotype_D_DDPM.pt,550,4.545454545454546,121.0,0.24932464957237244
Phenotype_D,coarse,Phenotype_D_DDPM.pt,575,4.75206611570248,121.0,0.38316428661346436
Phenotype_D,coarse,Phenotype_D_DDPM.pt,600,4.958677685950414,121.0,0.2717391848564148
Phenotype_D,coarse,Phenotype_D_DDPM.pt,625,5.1652892561983474,121.0,0.305938720703125
Phenotype_D,coarse,Phenotype_D_DDPM.pt,650,5.371900826446281,121.0,0.31580591201782227
Phenotype_D,coarse,Phenotype_D_DDPM.pt,675,5.578512396694215,121.0,0.2663842439651489
Phenotype_D,coarse,Phenotype_D_DDPM.pt,700,5.785123966942149,121.0,0.268448144197464
Phenotype_D,coarse,Phenotype_D_DDPM.pt,725,5.991735537190083,121.0,0.33863362669944763
Phenotype_D,coarse,Phenotype_D_DDPM.pt,750,6.198347107438017,121.0,0.25424525141716003
Phenotype_D,coarse,Phenotype_D_DDPM.pt,775,6.404958677685951,121.0,0.2524893283843994
Phenotype_D,coarse,Phenotype_D_DDPM.pt,800,6.6115702479338845,121.0,0.2854065001010895
Phenotype_D,coarse,Phenotype_D_DDPM.pt,825,6.818181818181818,121.0,0.2976805567741394
Phenotype_D,coarse,Phenotype_D_DDPM.pt,850,7.024793388429752,121.0,0.2726544141769409
Phenotype_D,coarse,Phenotype_D_DDPM.pt,875,7.231404958677686,121.0,0.32953643798828125
Phenotype_D,coarse,Phenotype_D_DDPM.pt,900,7.43801652892562,121.0,0.20428551733493805
Phenotype_D,coarse,Phenotype_D_DDPM.pt,925,7.644628099173554,121.0,0.22470258176326752
Phenotype_D,coarse,Phenotype_D_DDPM.pt,950,7.851239669421488,121.0,0.22261777520179749
Phenotype_D,coarse,Phenotype_D_DDPM.pt,975,8.057851239669422,121.0,0.2307790219783783
Phenotype_D,coarse,Phenotype_D_DDPM.pt,1000,8.264462809917354,121.0,0.233503520488739
Phenotype_D,coarse,Phenotype_D_DDPM.pt,1025,8.47107438016529,121.0,0.20633774995803833
Phenotype_D,coarse,Phenotype_D_DDPM.pt,1050,8.677685950413224,121.0,0.18859854340553284
Phenotype_D,coarse,Phenotype_D_DDPM.pt,1075,8.884297520661157,121.0,0.22295790910720825
Phenotype_D,coarse,Phenotype_D_DDPM.pt,1100,9.090909090909092,121.0,0.2212367206811905
Phenotype_D,coarse,Phenotype_D_DDPM.pt,1125,9.297520661157025,121.0,0.20497795939445496
Phenotype_D,coarse,Phenotype_D_DDPM.pt,1150,9.50413223140496,121.0,0.1338653266429901
Phenotype_D,coarse,Phenotype_D_DDPM.pt,1175,9.710743801652892,121.0,0.19195741415023804
Phenotype_D,coarse,Phenotype_D_DDPM.pt,1200,9.917355371900827,121.0,0.22208185493946075
Phenotype_D,coarse,Phenotype_D_DDPM.pt,1225,10.12396694214876,121.0,0.22784152626991272
Phenotype_D,coarse,Phenotype_D_DDPM.pt,1250,10.330578512396695,121.0,0.16334319114685059
Phenotype_D,coarse,Phenotype_D_DDPM.pt,1275,10.537190082644628,121.0,0.18196168541908264
Phenotype_D,coarse,Phenotype_D_DDPM.pt,1300,10.743801652892563,121.0,0.16847029328346252
Phenotype_D,coarse,Phenotype_D_DDPM.pt,1325,10.950413223140496,121.0,0.1539195030927658
Phenotype_D,coarse,Phenotype_D_DDPM.pt,1350,11.15702479338843,121.0,0.2286810278892517
Phenotype_D,coarse,Phenotype_D_DDPM.pt,1375,11.363636363636363,121.0,0.2049805372953415
Phenotype_D,coarse,Phenotype_D_DDPM.pt,1400,11.570247933884298,121.0,0.17343363165855408
Phenotype_D,coarse,Phenotype_D_DDPM.pt,1425,11.776859504132231,121.0,0.19264189898967743
Phenotype_D,coarse,Phenotype_D_DDPM.pt,1450,11.983471074380166,121.0,0.20554305613040924
Phenotype_D,coarse,Phenotype_D_DDPM.pt,1475,12.190082644628099,121.0,0.16959357261657715
Phenotype_D,coarse,Phenotype_D_DDPM.pt,1500,12.396694214876034,121.0,0.17427583038806915
Phenotype_D,coarse,Phenotype_D_DDPM.pt,1525,12.603305785123966,121.0,0.198795348405838
Phenotype_D,coarse,Phenotype_D_DDPM.pt,1550,12.809917355371901,121.0,0.11807267367839813
Phenotype_D,coarse,Phenotype_D_DDPM.pt,1575,13.016528925619834,121.0,0.10499581694602966
Phenotype_D,coarse,Phenotype_D_DDPM.pt,1600,13.223140495867769,121.0,0.1764497011899948
Phenotype_D,coarse,Phenotype_D_DDPM.pt,1625,13.429752066115702,121.0,0.21729040145874023
Phenotype_D,coarse,Phenotype_D_DDPM.pt,1650,13.636363636363637,121.0,0.13632985949516296
Phenotype_D,coarse,Phenotype_D_DDPM.pt,1675,13.84297520661157,121.0,0.12927308678627014
Phenotype_D,coarse,Phenotype_D_DDPM.pt,1700,14.049586776859504,121.0,0.1794753223657608
Phenotype_D,coarse,Phenotype_D_DDPM.pt,1725,14.256198347107437,121.0,0.1493019461631775
Phenotype_D,coarse,Phenotype_D_DDPM.pt,1750,14.462809917355372,121.0,0.24540799856185913
Phenotype_D,coarse,Phenotype_D_DDPM.pt,1775,14.669421487603305,121.0,0.16844284534454346
Phenotype_D,coarse,Phenotype_D_DDPM.pt,1800,14.87603305785124,121.0,0.1686326414346695
Phenotype_D,coarse,Phenotype_D_DDPM.pt,1825,15.082644628099173,121.0,0.18052339553833008
Phenotype_D,coarse,Phenotype_D_DDPM.pt,1850,15.289256198347108,121.0,0.14548076689243317
Phenotype_D,coarse,Phenotype_D_DDPM.pt,1875,15.49586776859504,121.0,0.14322921633720398
Phenotype_D,coarse,Phenotype_D_DDPM.pt,1900,15.702479338842975,121.0,0.19289004802703857
Phenotype_D,coarse,Phenotype_D_DDPM.pt,1925,15.909090909090908,121.0,0.14529739320278168
Phenotype_D,coarse,Phenotype_D_DDPM.pt,1950,16.115702479338843,121.0,0.26992112398147583
Phenotype_D,coarse,Phenotype_D_DDPM.pt,1975,16.322314049586776,121.0,0.17847251892089844
Phenotype_D,coarse,Phenotype_D_DDPM.pt,2000,16.52892561983471,121.0,0.18392182886600494
Phenotype_D,coarse,Phenotype_D_DDPM.pt,2025,16.735537190082646,121.0,0.12536568939685822
Phenotype_D,coarse,Phenotype_D_DDPM.pt,2050,16.94214876033058,121.0,0.11695550382137299
Phenotype_D,coarse,Phenotype_D_DDPM.pt,2075,17.14876033057851,121.0,0.14044761657714844
Phenotype_D,coarse,Phenotype_D_DDPM.pt,2100,17.355371900826448,121.0,0.1572449803352356
Phenotype_D,coarse,Phenotype_D_DDPM.pt,2125,17.56198347107438,121.0,0.10111195594072342
Phenotype_D,coarse,Phenotype_D_DDPM.pt,2150,17.768595041322314,121.0,0.07881578058004379
Phenotype_D,coarse,Phenotype_D_DDPM.pt,2175,17.975206611570247,121.0,0.11754024028778076
Phenotype_D,coarse,Phenotype_D_DDPM.pt,2200,18.181818181818183,121.0,0.12584185600280762
Phenotype_D,coarse,Phenotype_D_DDPM.pt,2225,18.388429752066116,121.0,0.15254127979278564
Phenotype_D,coarse,Phenotype_D_DDPM.pt,2250,18.59504132231405,121.0,0.10366234183311462
Phenotype_D,coarse,Phenotype_D_DDPM.pt,2275,18.801652892561982,121.0,0.14961782097816467
Phenotype_D,coarse,Phenotype_D_DDPM.pt,2300,19.00826446280992,121.0,0.08765780180692673
Phenotype_D,coarse,Phenotype_D_DDPM.pt,2325,19.214876033057852,121.0,0.13504073023796082
Phenotype_D,coarse,Phenotype_D_DDPM.pt,2350,19.421487603305785,121.0,0.20232447981834412
Phenotype_D,coarse,Phenotype_D_DDPM.pt,2375,19.628099173553718,121.0,0.15634649991989136
Phenotype_D,coarse,Phenotype_D_DDPM.pt,2400,19.834710743801654,121.0,0.0794713944196701
Phenotype_D,coarse,Phenotype_D_DDPM.pt,2425,20.041322314049587,121.0,0.11625482887029648
Phenotype_D,coarse,Phenotype_D_DDPM.pt,2450,20.24793388429752,121.0,0.14390647411346436
Phenotype_D,coarse,Phenotype_D_DDPM.pt,2475,20.454545454545453,121.0,0.16607965528964996
Phenotype_D,coarse,Phenotype_D_DDPM.pt,2500,20.66115702479339,121.0,0.089366614818573
Phenotype_D,coarse,Phenotype_D_DDPM.pt,2525,20.867768595041323,121.0,0.22818304598331451
Phenotype_D,coarse,Phenotype_D_DDPM.pt,2550,21.074380165289256,121.0,0.11278016120195389
Phenotype_D,coarse,Phenotype_D_DDPM.pt,2575,21.28099173553719,121.0,0.10159312188625336
Phenotype_D,coarse,Phenotype_D_DDPM.pt,2600,21.487603305785125,121.0,0.09454083442687988
Phenotype_D,coarse,Phenotype_D_DDPM.pt,2625,21.694214876033058,121.0,0.15132132172584534
Phenotype_D,coarse,Phenotype_D_DDPM.pt,2650,21.90082644628099,121.0,0.19061431288719177
Phenotype_D,coarse,Phenotype_D_DDPM.pt,2675,22.107438016528924,121.0,0.08592379093170166
Phenotype_D,coarse,Phenotype_D_DDPM.pt,2700,22.31404958677686,121.0,0.1615147441625595
Phenotype_D,coarse,Phenotype_D_DDPM.pt,2725,22.520661157024794,121.0,0.11728096008300781
Phenotype_D,coarse,Phenotype_D_DDPM.pt,2750,22.727272727272727,121.0,0.0926530659198761
Phenotype_D,coarse,Phenotype_D_DDPM.pt,2775,22.93388429752066,121.0,0.13094227015972137
Phenotype_D,coarse,Phenotype_D_DDPM.pt,2800,23.140495867768596,121.0,0.09996537864208221
Phenotype_D,coarse,Phenotype_D_DDPM.pt,2825,23.34710743801653,121.0,0.14467467367649078
Phenotype_D,coarse,Phenotype_D_DDPM.pt,2850,23.553719008264462,121.0,0.11548866331577301
Phenotype_D,coarse,Phenotype_D_DDPM.pt,2875,23.760330578512395,121.0,0.11793860793113708
Phenotype_D,coarse,Phenotype_D_DDPM.pt,2900,23.96694214876033,121.0,0.1626213937997818
Phenotype_D,coarse,Phenotype_D_DDPM.pt,2925,24.173553719008265,121.0,0.10711023211479187
Phenotype_D,coarse,Phenotype_D_DDPM.pt,2950,24.380165289256198,121.0,0.13648000359535217
Phenotype_D,coarse,Phenotype_D_DDPM.pt,2975,24.58677685950413,121.0,0.09758422523736954
Phenotype_D,coarse,Phenotype_D_DDPM.pt,3000,24.793388429752067,121.0,0.14643780887126923
Phenotype_D,coarse,Phenotype_D_DDPM.pt,3025,25.0,121.0,0.1332002580165863
Phenotype_D,coarse,Phenotype_D_DDPM.pt,3050,25.206611570247933,121.0,0.10905977338552475
Phenotype_D,coarse,Phenotype_D_DDPM.pt,3075,25.41322314049587,121.0,0.15696477890014648
Phenotype_D,coarse,Phenotype_D_DDPM.pt,3100,25.619834710743802,121.0,0.15800197422504425
Phenotype_D,coarse,Phenotype_D_DDPM.pt,3125,25.826446280991735,121.0,0.1074904352426529
Phenotype_D,coarse,Phenotype_D_DDPM.pt,3150,26.03305785123967,121.0,0.17594653367996216
Phenotype_D,coarse,Phenotype_D_DDPM.pt,3175,26.239669421487605,121.0,0.07318788021802902
Phenotype_D,coarse,Phenotype_D_DDPM.pt,3200,26.446280991735538,121.0,0.16797782480716705
Phenotype_D,coarse,Phenotype_D_DDPM.pt,3225,26.65289256198347,121.0,0.12501105666160583
Phenotype_D,coarse,Phenotype_D_DDPM.pt,3250,26.859504132231404,121.0,0.09544850885868073
Phenotype_D,coarse,Phenotype_D_DDPM.pt,3275,27.06611570247934,121.0,0.12270119786262512
Phenotype_D,coarse,Phenotype_D_DDPM.pt,3300,27.272727272727273,121.0,0.12205866724252701
Phenotype_D,coarse,Phenotype_D_DDPM.pt,3325,27.479338842975206,121.0,0.13369163870811462
Phenotype_D,coarse,Phenotype_D_DDPM.pt,3350,27.68595041322314,121.0,0.18916451930999756
Phenotype_D,coarse,Phenotype_D_DDPM.pt,3375,27.892561983471076,121.0,0.1624152809381485
Phenotype_D,coarse,Phenotype_D_DDPM.pt,3400,28.09917355371901,121.0,0.148301362991333
Phenotype_D,coarse,Phenotype_D_DDPM.pt,3425,28.305785123966942,121.0,0.15755775570869446
Phenotype_D,coarse,Phenotype_D_DDPM.pt,3450,28.512396694214875,121.0,0.11929841339588165
Phenotype_D,coarse,Phenotype_D_DDPM.pt,3475,28.71900826446281,121.0,0.15020117163658142
Phenotype_D,coarse,Phenotype_D_DDPM.pt,3500,28.925619834710744,121.0,0.08889415115118027
Phenotype_D,coarse,Phenotype_D_DDPM.pt,3525,29.132231404958677,121.0,0.10039649158716202
Phenotype_D,coarse,Phenotype_D_DDPM.pt,3550,29.33884297520661,121.0,0.1770407110452652
Phenotype_D,coarse,Phenotype_D_DDPM.pt,3575,29.545454545454547,121.0,0.10471619665622711
Phenotype_D,coarse,Phenotype_D_DDPM.pt,3600,29.75206611570248,121.0,0.11885073781013489
Phenotype_D,coarse,Phenotype_D_DDPM.pt,3625,29.958677685950413,121.0,0.1605255901813507
Phenotype_D,coarse,Phenotype_D_DDPM.pt,3650,30.165289256198346,121.0,0.08757483959197998
Phenotype_D,coarse,Phenotype_D_DDPM.pt,3675,30.371900826446282,121.0,0.11555702239274979
Phenotype_D,coarse,Phenotype_D_DDPM.pt,3700,30.578512396694215,121.0,0.1199260875582695
Phenotype_D,coarse,Phenotype_D_DDPM.pt,3725,30.785123966942148,121.0,0.13589221239089966
Phenotype_D,coarse,Phenotype_D_DDPM.pt,3750,30.99173553719008,121.0,0.09000607579946518
Phenotype_D,coarse,Phenotype_D_DDPM.pt,3775,31.198347107438018,121.0,0.10805296897888184
Phenotype_D,coarse,Phenotype_D_DDPM.pt,3800,31.40495867768595,121.0,0.08990851789712906
Phenotype_D,coarse,Phenotype_D_DDPM.pt,3825,31.611570247933884,121.0,0.09653405845165253
Phenotype_D,coarse,Phenotype_D_DDPM.pt,3850,31.818181818181817,121.0,0.12480992823839188
Phenotype_D,coarse,Phenotype_D_DDPM.pt,3875,32.02479338842975,121.0,0.12388551235198975
Phenotype_D,coarse,Phenotype_D_DDPM.pt,3900,32.231404958677686,121.0,0.12178711593151093
Phenotype_D,coarse,Phenotype_D_DDPM.pt,3925,32.43801652892562,121.0,0.11408129334449768
Phenotype_D,coarse,Phenotype_D_DDPM.pt,3950,32.64462809917355,121.0,0.15937890112400055
Phenotype_D,coarse,Phenotype_D_DDPM.pt,3975,32.85123966942149,121.0,0.11897334456443787
Phenotype_D,coarse,Phenotype_D_DDPM.pt,4000,33.05785123966942,121.0,0.12476088106632233
Phenotype_D,coarse,Phenotype_D_DDPM.pt,4025,33.264462809917354,121.0,0.1079416275024414
Phenotype_D,coarse,Phenotype_D_DDPM.pt,4050,33.47107438016529,121.0,0.16124725341796875
Phenotype_D,coarse,Phenotype_D_DDPM.pt,4075,33.67768595041322,121.0,0.05774759501218796
Phenotype_D,coarse,Phenotype_D_DDPM.pt,4100,33.88429752066116,121.0,0.09110227972269058
Phenotype_D,coarse,Phenotype_D_DDPM.pt,4125,34.09090909090909,121.0,0.0738835334777832
Phenotype_D,coarse,Phenotype_D_DDPM.pt,4150,34.29752066115702,121.0,0.1290530115365982
Phenotype_D,coarse,Phenotype_D_DDPM.pt,4175,34.50413223140496,121.0,0.1346970796585083
Phenotype_D,coarse,Phenotype_D_DDPM.pt,4200,34.710743801652896,121.0,0.1257372498512268
Phenotype_D,coarse,Phenotype_D_DDPM.pt,4225,34.917355371900825,121.0,0.10006114840507507
Phenotype_D,coarse,Phenotype_D_DDPM.pt,4250,35.12396694214876,121.0,0.11842779815196991
Phenotype_D,coarse,Phenotype_D_DDPM.pt,4275,35.33057851239669,121.0,0.15440544486045837
Phenotype_D,coarse,Phenotype_D_DDPM.pt,4300,35.53719008264463,121.0,0.12100435048341751
Phenotype_D,coarse,Phenotype_D_DDPM.pt,4325,35.743801652892564,121.0,0.07315370440483093
Phenotype_D,coarse,Phenotype_D_DDPM.pt,4350,35.950413223140494,121.0,0.12168237566947937
Phenotype_D,coarse,Phenotype_D_DDPM.pt,4375,36.15702479338843,121.0,0.11991763114929199
Phenotype_D,coarse,Phenotype_D_DDPM.pt,4400,36.36363636363637,121.0,0.1004769504070282
Phenotype_D,coarse,Phenotype_D_DDPM.pt,4425,36.570247933884296,121.0,0.13428790867328644
Phenotype_D,coarse,Phenotype_D_DDPM.pt,4450,36.77685950413223,121.0,0.0893222838640213
Phenotype_D,coarse,Phenotype_D_DDPM.pt,4475,36.98347107438016,121.0,0.10020684450864792
Phenotype_D,coarse,Phenotype_D_DDPM.pt,4500,37.1900826446281,121.0,0.1037747859954834
Phenotype_D,coarse,Phenotype_D_DDPM.pt,4525,37.396694214876035,121.0,0.13849401473999023
Phenotype_D,coarse,Phenotype_D_DDPM.pt,4550,37.603305785123965,121.0,0.10993856191635132
Phenotype_D,coarse,Phenotype_D_DDPM.pt,4575,37.8099173553719,121.0,0.06013288348913193
Phenotype_D,coarse,Phenotype_D_DDPM.pt,4600,38.01652892561984,121.0,0.1868298202753067
Phenotype_D,coarse,Phenotype_D_DDPM.pt,4625,38.22314049586777,121.0,0.11321558058261871
Phenotype_D,coarse,Phenotype_D_DDPM.pt,4650,38.429752066115704,121.0,0.11010701954364777
Phenotype_D,coarse,Phenotype_D_DDPM.pt,4675,38.63636363636363,121.0,0.13335958123207092
Phenotype_D,coarse,Phenotype_D_DDPM.pt,4700,38.84297520661157,121.0,0.13040320575237274
Phenotype_D,coarse,Phenotype_D_DDPM.pt,4725,39.049586776859506,121.0,0.09534268081188202
Phenotype_D,coarse,Phenotype_D_DDPM.pt,4750,39.256198347107436,121.0,0.08776253461837769
Phenotype_D,coarse,Phenotype_D_DDPM.pt,4775,39.46280991735537,121.0,0.06909555941820145
Phenotype_D,coarse,Phenotype_D_DDPM.pt,4800,39.66942148760331,121.0,0.1014285683631897
Phenotype_D,coarse,Phenotype_D_DDPM.pt,4825,39.87603305785124,121.0,0.09604577720165253
Phenotype_D,coarse,Phenotype_D_DDPM.pt,4850,40.082644628099175,121.0,0.08598552644252777
Phenotype_D,coarse,Phenotype_D_DDPM.pt,4875,40.289256198347104,121.0,0.14547523856163025
Phenotype_D,coarse,Phenotype_D_DDPM.pt,4900,40.49586776859504,121.0,0.10265104472637177
Phenotype_D,coarse,Phenotype_D_DDPM.pt,4925,40.70247933884298,121.0,0.07336865365505219
Phenotype_D,coarse,Phenotype_D_DDPM.pt,4950,40.90909090909091,121.0,0.15272162854671478
Phenotype_D,coarse,Phenotype_D_DDPM.pt,4975,41.11570247933884,121.0,0.13193202018737793
Phenotype_D,coarse,Phenotype_D_DDPM.pt,5000,41.32231404958678,121.0,0.11753512918949127
Phenotype_D,coarse,Phenotype_D_DDPM.pt,5025,41.52892561983471,121.0,0.12284815311431885
Phenotype_D,coarse,Phenotype_D_DDPM.pt,5050,41.735537190082646,121.0,0.1259658932685852
Phenotype_D,coarse,Phenotype_D_DDPM.pt,5075,41.94214876033058,121.0,0.11723220348358154
Phenotype_D,coarse,Phenotype_D_DDPM.pt,5100,42.14876033057851,121.0,0.137267604470253
Phenotype_D,coarse,Phenotype_D_DDPM.pt,5125,42.35537190082645,121.0,0.16069956123828888
Phenotype_D,coarse,Phenotype_D_DDPM.pt,5150,42.56198347107438,121.0,0.10720721632242203
Phenotype_D,coarse,Phenotype_D_DDPM.pt,5175,42.768595041322314,121.0,0.0997319146990776
Phenotype_D,coarse,Phenotype_D_DDPM.pt,5200,42.97520661157025,121.0,0.12104026228189468
Phenotype_D,coarse,Phenotype_D_DDPM.pt,5225,43.18181818181818,121.0,0.04630636051297188
Phenotype_D,coarse,Phenotype_D_DDPM.pt,5250,43.388429752066116,121.0,0.09611344337463379
Phenotype_D,coarse,Phenotype_D_DDPM.pt,5275,43.59504132231405,121.0,0.12198043614625931
Phenotype_D,coarse,Phenotype_D_DDPM.pt,5300,43.80165289256198,121.0,0.1223725825548172
Phenotype_D,coarse,Phenotype_D_DDPM.pt,5325,44.00826446280992,121.0,0.09298571944236755
Phenotype_D,coarse,Phenotype_D_DDPM.pt,5350,44.21487603305785,121.0,0.15927083790302277
Phenotype_D,coarse,Phenotype_D_DDPM.pt,5375,44.421487603305785,121.0,0.10149776935577393
Phenotype_D,coarse,Phenotype_D_DDPM.pt,5400,44.62809917355372,121.0,0.1479501724243164
Phenotype_D,coarse,Phenotype_D_DDPM.pt,5425,44.83471074380165,121.0,0.14033877849578857
Phenotype_D,coarse,Phenotype_D_DDPM.pt,5450,45.04132231404959,121.0,0.13371054828166962
Phenotype_D,coarse,Phenotype_D_DDPM.pt,5475,45.247933884297524,121.0,0.08628979325294495
Phenotype_D,coarse,Phenotype_D_DDPM.pt,5500,45.45454545454545,121.0,0.11409579962491989
Phenotype_D,coarse,Phenotype_D_DDPM.pt,5525,45.66115702479339,121.0,0.10030750930309296
Phenotype_D,coarse,Phenotype_D_DDPM.pt,5550,45.86776859504132,121.0,0.10190779715776443
Phenotype_D,coarse,Phenotype_D_DDPM.pt,5575,46.074380165289256,121.0,0.10318928956985474
Phenotype_D,coarse,Phenotype_D_DDPM.pt,5600,46.28099173553719,121.0,0.07985074818134308
Phenotype_D,coarse,Phenotype_D_DDPM.pt,5625,46.48760330578512,121.0,0.12462298572063446
Phenotype_D,coarse,Phenotype_D_DDPM.pt,5650,46.69421487603306,121.0,0.12970156967639923
Phenotype_D,coarse,Phenotype_D_DDPM.pt,5675,46.900826446280995,121.0,0.04245976358652115
Phenotype_D,coarse,Phenotype_D_DDPM.pt,5700,47.107438016528924,121.0,0.1023697555065155
Phenotype_D,coarse,Phenotype_D_DDPM.pt,5725,47.31404958677686,121.0,0.08398372679948807
Phenotype_D,coarse,Phenotype_D_DDPM.pt,5750,47.52066115702479,121.0,0.11764787137508392
Phenotype_D,coarse,Phenotype_D_DDPM.pt,5775,47.72727272727273,121.0,0.09252564609050751
Phenotype_D,coarse,Phenotype_D_DDPM.pt,5800,47.93388429752066,121.0,0.14180384576320648
Phenotype_D,coarse,Phenotype_D_DDPM.pt,5825,48.14049586776859,121.0,0.11133895814418793
Phenotype_D,coarse,Phenotype_D_DDPM.pt,5850,48.34710743801653,121.0,0.08867091685533524
Phenotype_D,coarse,Phenotype_D_DDPM.pt,5875,48.553719008264466,121.0,0.09330851584672928
Phenotype_D,coarse,Phenotype_D_DDPM.pt,5900,48.760330578512395,121.0,0.13928644359111786
Phenotype_D,coarse,Phenotype_D_DDPM.pt,5925,48.96694214876033,121.0,0.14211249351501465
Phenotype_D,coarse,Phenotype_D_DDPM.pt,5950,49.17355371900826,121.0,0.12504984438419342
Phenotype_D,coarse,Phenotype_D_DDPM.pt,5975,49.3801652892562,121.0,0.09079867601394653
Phenotype_D,coarse,Phenotype_D_DDPM.pt,6000,49.586776859504134,121.0,0.13808491826057434
Phenotype_D,coarse,Phenotype_D_DDPM.pt,6025,49.79338842975206,121.0,0.11900855600833893
Phenotype_D,coarse,Phenotype_D_DDPM.pt,6050,50.0,121.0,0.19578400254249573
Phenotype_D,coarse,Phenotype_D_DDPM.pt,6075,50.20661157024794,121.0,0.10723767429590225
Phenotype_D,coarse,Phenotype_D_DDPM.pt,6100,50.413223140495866,121.0,0.09350040555000305
Phenotype_D,coarse,Phenotype_D_DDPM.pt,6125,50.6198347107438,121.0,0.09103533625602722
Phenotype_D,coarse,Phenotype_D_DDPM.pt,6150,50.82644628099174,121.0,0.11375755071640015
Phenotype_D,coarse,Phenotype_D_DDPM.pt,6175,51.03305785123967,121.0,0.04457445815205574
Phenotype_D,coarse,Phenotype_D_DDPM.pt,6200,51.239669421487605,121.0,0.13977231085300446
Phenotype_D,coarse,Phenotype_D_DDPM.pt,6225,51.446280991735534,121.0,0.1080302745103836
Phenotype_D,coarse,Phenotype_D_DDPM.pt,6250,51.65289256198347,121.0,0.08211779594421387
Phenotype_D,coarse,Phenotype_D_DDPM.pt,6275,51.85950413223141,121.0,0.16357196867465973
Phenotype_D,coarse,Phenotype_D_DDPM.pt,6300,52.06611570247934,121.0,0.09271581470966339
Phenotype_D,coarse,Phenotype_D_DDPM.pt,6325,52.27272727272727,121.0,0.054282430559396744
Phenotype_D,coarse,Phenotype_D_DDPM.pt,6350,52.47933884297521,121.0,0.11691297590732574
Phenotype_D,coarse,Phenotype_D_DDPM.pt,6375,52.68595041322314,121.0,0.07965347915887833
Phenotype_D,coarse,Phenotype_D_DDPM.pt,6400,52.892561983471076,121.0,0.15129929780960083
Phenotype_D,coarse,Phenotype_D_DDPM.pt,6425,53.099173553719005,121.0,0.06792042404413223
Phenotype_D,coarse,Phenotype_D_DDPM.pt,6450,53.30578512396694,121.0,0.08535808324813843
Phenotype_D,coarse,Phenotype_D_DDPM.pt,6475,53.51239669421488,121.0,0.1045541763305664
Phenotype_D,coarse,Phenotype_D_DDPM.pt,6500,53.71900826446281,121.0,0.09195628762245178
Phenotype_D,coarse,Phenotype_D_DDPM.pt,6525,53.925619834710744,121.0,0.06407324969768524
Phenotype_D,coarse,Phenotype_D_DDPM.pt,6550,54.13223140495868,121.0,0.11265236139297485
Phenotype_D,coarse,Phenotype_D_DDPM.pt,6575,54.33884297520661,121.0,0.15679287910461426
Phenotype_D,coarse,Phenotype_D_DDPM.pt,6600,54.54545454545455,121.0,0.10828408598899841
Phenotype_D,coarse,Phenotype_D_DDPM.pt,6625,54.752066115702476,121.0,0.1039421334862709
Phenotype_D,coarse,Phenotype_D_DDPM.pt,6650,54.95867768595041,121.0,0.12597624957561493
Phenotype_D,coarse,Phenotype_D_DDPM.pt,6675,55.16528925619835,121.0,0.11748303472995758
Phenotype_D,coarse,Phenotype_D_DDPM.pt,6700,55.37190082644628,121.0,0.04132192209362984
Phenotype_D,coarse,Phenotype_D_DDPM.pt,6725,55.578512396694215,121.0,0.1540064513683319
Phenotype_D,coarse,Phenotype_D_DDPM.pt,6750,55.78512396694215,121.0,0.15693148970603943
Phenotype_D,coarse,Phenotype_D_DDPM.pt,6775,55.99173553719008,121.0,0.15052516758441925
Phenotype_D,coarse,Phenotype_D_DDPM.pt,6800,56.19834710743802,121.0,0.06734644621610641
Phenotype_D,coarse,Phenotype_D_DDPM.pt,6825,56.40495867768595,121.0,0.0509667694568634
Phenotype_D,coarse,Phenotype_D_DDPM.pt,6850,56.611570247933884,121.0,0.1567619889974594
Phenotype_D,coarse,Phenotype_D_DDPM.pt,6875,56.81818181818182,121.0,0.13619787991046906
Phenotype_D,coarse,Phenotype_D_DDPM.pt,6900,57.02479338842975,121.0,0.11169779300689697
Phenotype_D,coarse,Phenotype_D_DDPM.pt,6925,57.231404958677686,121.0,0.05850733071565628
Phenotype_D,coarse,Phenotype_D_DDPM.pt,6950,57.43801652892562,121.0,0.08613145351409912
Phenotype_D,coarse,Phenotype_D_DDPM.pt,6975,57.64462809917355,121.0,0.08718569576740265
Phenotype_D,coarse,Phenotype_D_DDPM.pt,7000,57.85123966942149,121.0,0.11715136468410492
Phenotype_D,coarse,Phenotype_D_DDPM.pt,7025,58.05785123966942,121.0,0.08355061709880829
Phenotype_D,coarse,Phenotype_D_DDPM.pt,7050,58.264462809917354,121.0,0.1508502960205078
Phenotype_D,coarse,Phenotype_D_DDPM.pt,7075,58.47107438016529,121.0,0.07996506989002228
Phenotype_D,coarse,Phenotype_D_DDPM.pt,7100,58.67768595041322,121.0,0.13075107336044312
Phenotype_D,coarse,Phenotype_D_DDPM.pt,7125,58.88429752066116,121.0,0.12753823399543762
Phenotype_D,coarse,Phenotype_D_DDPM.pt,7150,59.09090909090909,121.0,0.08454834669828415
Phenotype_D,coarse,Phenotype_D_DDPM.pt,7175,59.29752066115702,121.0,0.1326495260000229
Phenotype_D,coarse,Phenotype_D_DDPM.pt,7200,59.50413223140496,121.0,0.0973447859287262
Phenotype_D,coarse,Phenotype_D_DDPM.pt,7225,59.710743801652896,121.0,0.09396272152662277
Phenotype_D,coarse,Phenotype_D_DDPM.pt,7250,59.917355371900825,121.0,0.11745932698249817
Phenotype_D,coarse,Phenotype_D_DDPM.pt,7275,60.12396694214876,121.0,0.04709941893815994
Phenotype_D,coarse,Phenotype_D_DDPM.pt,7300,60.33057851239669,121.0,0.09603749215602875
Phenotype_D,coarse,Phenotype_D_DDPM.pt,7325,60.53719008264463,121.0,0.0531221441924572
Phenotype_D,coarse,Phenotype_D_DDPM.pt,7350,60.743801652892564,121.0,0.07209967821836472
Phenotype_D,coarse,Phenotype_D_DDPM.pt,7375,60.950413223140494,121.0,0.13038942217826843
Phenotype_D,coarse,Phenotype_D_DDPM.pt,7400,61.15702479338843,121.0,0.0393187552690506
Phenotype_D,coarse,Phenotype_D_DDPM.pt,7425,61.36363636363637,121.0,0.12343399971723557
Phenotype_D,coarse,Phenotype_D_DDPM.pt,7450,61.570247933884296,121.0,0.06897400319576263
Phenotype_D,coarse,Phenotype_D_DDPM.pt,7475,61.77685950413223,121.0,0.09724892675876617
Phenotype_D,coarse,Phenotype_D_DDPM.pt,7500,61.98347107438016,121.0,0.11089017987251282
Phenotype_D,coarse,Phenotype_D_DDPM.pt,7525,62.1900826446281,121.0,0.11255019903182983
Phenotype_D,coarse,Phenotype_D_DDPM.pt,7550,62.396694214876035,121.0,0.09563539922237396
Phenotype_D,coarse,Phenotype_D_DDPM.pt,7575,62.603305785123965,121.0,0.08537555485963821
Phenotype_D,coarse,Phenotype_D_DDPM.pt,7600,62.8099173553719,121.0,0.06743653863668442
Phenotype_D,coarse,Phenotype_D_DDPM.pt,7625,63.01652892561984,121.0,0.07909142971038818
Phenotype_D,coarse,Phenotype_D_DDPM.pt,7650,63.22314049586777,121.0,0.07240539789199829
Phenotype_D,coarse,Phenotype_D_DDPM.pt,7675,63.429752066115704,121.0,0.12851592898368835
Phenotype_D,coarse,Phenotype_D_DDPM.pt,7700,63.63636363636363,121.0,0.10681566596031189
Phenotype_D,coarse,Phenotype_D_DDPM.pt,7725,63.84297520661157,121.0,0.2057848572731018
Phenotype_D,coarse,Phenotype_D_DDPM.pt,7750,64.0495867768595,121.0,0.06497138738632202
Phenotype_D,coarse,Phenotype_D_DDPM.pt,7775,64.25619834710744,121.0,0.07806593179702759
Phenotype_D,coarse,Phenotype_D_DDPM.pt,7800,64.46280991735537,121.0,0.039640843868255615
Phenotype_D,coarse,Phenotype_D_DDPM.pt,7825,64.6694214876033,121.0,0.09605759382247925
Phenotype_D,coarse,Phenotype_D_DDPM.pt,7850,64.87603305785125,121.0,0.10071949660778046
Phenotype_D,coarse,Phenotype_D_DDPM.pt,7875,65.08264462809917,121.0,0.10318540036678314
Phenotype_D,coarse,Phenotype_D_DDPM.pt,7900,65.2892561983471,121.0,0.07523614168167114
Phenotype_D,coarse,Phenotype_D_DDPM.pt,7925,65.49586776859505,121.0,0.1441904902458191
Phenotype_D,coarse,Phenotype_D_DDPM.pt,7950,65.70247933884298,121.0,0.10209961235523224
Phenotype_D,coarse,Phenotype_D_DDPM.pt,7975,65.9090909090909,121.0,0.058346766978502274
Phenotype_D,coarse,Phenotype_D_DDPM.pt,8000,66.11570247933884,121.0,0.060258060693740845
Phenotype_D,coarse,Phenotype_D_DDPM.pt,8025,66.32231404958678,121.0,0.10993563383817673
Phenotype_D,coarse,Phenotype_D_DDPM.pt,8050,66.52892561983471,121.0,0.08964289724826813
Phenotype_D,coarse,Phenotype_D_DDPM.pt,8075,66.73553719008264,121.0,0.07209056615829468
Phenotype_D,coarse,Phenotype_D_DDPM.pt,8100,66.94214876033058,121.0,0.15082143247127533
Phenotype_D,coarse,Phenotype_D_DDPM.pt,8125,67.14876033057851,121.0,0.14750531315803528
Phenotype_D,coarse,Phenotype_D_DDPM.pt,8150,67.35537190082644,121.0,0.10654182732105255
Phenotype_D,coarse,Phenotype_D_DDPM.pt,8175,67.56198347107438,121.0,0.1598171442747116
Phenotype_D,coarse,Phenotype_D_DDPM.pt,8200,67.76859504132231,121.0,0.1298104226589203
Phenotype_D,coarse,Phenotype_D_DDPM.pt,8225,67.97520661157024,121.0,0.09659023582935333
Phenotype_D,coarse,Phenotype_D_DDPM.pt,8250,68.18181818181819,121.0,0.10848601162433624
Phenotype_D,coarse,Phenotype_D_DDPM.pt,8275,68.38842975206612,121.0,0.09048861265182495
Phenotype_D,coarse,Phenotype_D_DDPM.pt,8300,68.59504132231405,121.0,0.16854876279830933
Phenotype_D,coarse,Phenotype_D_DDPM.pt,8325,68.80165289256199,121.0,0.13152509927749634
Phenotype_D,coarse,Phenotype_D_DDPM.pt,8350,69.00826446280992,121.0,0.12228024005889893
Phenotype_D,coarse,Phenotype_D_DDPM.pt,8375,69.21487603305785,121.0,0.12222886085510254
Phenotype_D,coarse,Phenotype_D_DDPM.pt,8400,69.42148760330579,121.0,0.0649634525179863
Phenotype_D,coarse,Phenotype_D_DDPM.pt,8425,69.62809917355372,121.0,0.042214591056108475
Phenotype_D,coarse,Phenotype_D_DDPM.pt,8450,69.83471074380165,121.0,0.10283957421779633
Phenotype_D,coarse,Phenotype_D_DDPM.pt,8475,70.04132231404958,121.0,0.06410358846187592
Phenotype_D,coarse,Phenotype_D_DDPM.pt,8500,70.24793388429752,121.0,0.08440755307674408
Phenotype_D,coarse,Phenotype_D_DDPM.pt,8525,70.45454545454545,121.0,0.12036300450563431
Phenotype_D,coarse,Phenotype_D_DDPM.pt,8550,70.66115702479338,121.0,0.09183697402477264
Phenotype_D,coarse,Phenotype_D_DDPM.pt,8575,70.86776859504133,121.0,0.1176399290561676
Phenotype_D,coarse,Phenotype_D_DDPM.pt,8600,71.07438016528926,121.0,0.07151392847299576
Phenotype_D,coarse,Phenotype_D_DDPM.pt,8625,71.28099173553719,121.0,0.09044849872589111
Phenotype_D,coarse,Phenotype_D_DDPM.pt,8650,71.48760330578513,121.0,0.08434194326400757
Phenotype_D,coarse,Phenotype_D_DDPM.pt,8675,71.69421487603306,121.0,0.09069004654884338
Phenotype_D,coarse,Phenotype_D_DDPM.pt,8700,71.90082644628099,121.0,0.07553130388259888
Phenotype_D,coarse,Phenotype_D_DDPM.pt,8725,72.10743801652893,121.0,0.07808734476566315
Phenotype_D,coarse,Phenotype_D_DDPM.pt,8750,72.31404958677686,121.0,0.12317058444023132
Phenotype_D,coarse,Phenotype_D_DDPM.pt,8775,72.52066115702479,121.0,0.12936899065971375
Phenotype_D,coarse,Phenotype_D_DDPM.pt,8800,72.72727272727273,121.0,0.0588330402970314
Phenotype_D,coarse,Phenotype_D_DDPM.pt,8825,72.93388429752066,121.0,0.0658937618136406
Phenotype_D,coarse,Phenotype_D_DDPM.pt,8850,73.14049586776859,121.0,0.0606122724711895
Phenotype_D,coarse,Phenotype_D_DDPM.pt,8875,73.34710743801652,121.0,0.05898648872971535
Phenotype_D,coarse,Phenotype_D_DDPM.pt,8900,73.55371900826447,121.0,0.13440020382404327
Phenotype_D,coarse,Phenotype_D_DDPM.pt,8925,73.7603305785124,121.0,0.10268320143222809
Phenotype_D,coarse,Phenotype_D_DDPM.pt,8950,73.96694214876032,121.0,0.11037376523017883
Phenotype_D,coarse,Phenotype_D_DDPM.pt,8975,74.17355371900827,121.0,0.09025927633047104
Phenotype_D,coarse,Phenotype_D_DDPM.pt,9000,74.3801652892562,121.0,0.04561429098248482
Phenotype_D,coarse,Phenotype_D_DDPM.pt,9025,74.58677685950413,121.0,0.10839366167783737
Phenotype_D,coarse,Phenotype_D_DDPM.pt,9050,74.79338842975207,121.0,0.09015972912311554
Phenotype_D,coarse,Phenotype_D_DDPM.pt,9075,75.0,121.0,0.14163798093795776
Phenotype_D,coarse,Phenotype_D_DDPM.pt,9100,75.20661157024793,121.0,0.04932188242673874
Phenotype_D,coarse,Phenotype_D_DDPM.pt,9125,75.41322314049587,121.0,0.09013423323631287
Phenotype_D,coarse,Phenotype_D_DDPM.pt,9150,75.6198347107438,121.0,0.0847347155213356
Phenotype_D,coarse,Phenotype_D_DDPM.pt,9175,75.82644628099173,121.0,0.08230052888393402
Phenotype_D,coarse,Phenotype_D_DDPM.pt,9200,76.03305785123968,121.0,0.08143320679664612
Phenotype_D,coarse,Phenotype_D_DDPM.pt,9225,76.2396694214876,121.0,0.11387395858764648
Phenotype_D,coarse,Phenotype_D_DDPM.pt,9250,76.44628099173553,121.0,0.10402451455593109
Phenotype_D,coarse,Phenotype_D_DDPM.pt,9275,76.65289256198348,121.0,0.06524832546710968
Phenotype_D,coarse,Phenotype_D_DDPM.pt,9300,76.85950413223141,121.0,0.10024380683898926
Phenotype_D,coarse,Phenotype_D_DDPM.pt,9325,77.06611570247934,121.0,0.10502871870994568
Phenotype_D,coarse,Phenotype_D_DDPM.pt,9350,77.27272727272727,121.0,0.12036847323179245
Phenotype_D,coarse,Phenotype_D_DDPM.pt,9375,77.47933884297521,121.0,0.07677600532770157
Phenotype_D,coarse,Phenotype_D_DDPM.pt,9400,77.68595041322314,121.0,0.06844764202833176
Phenotype_D,coarse,Phenotype_D_DDPM.pt,9425,77.89256198347107,121.0,0.11200278252363205
Phenotype_D,coarse,Phenotype_D_DDPM.pt,9450,78.09917355371901,121.0,0.0878414511680603
Phenotype_D,coarse,Phenotype_D_DDPM.pt,9475,78.30578512396694,121.0,0.10866653174161911
Phenotype_D,coarse,Phenotype_D_DDPM.pt,9500,78.51239669421487,121.0,0.03892374783754349
Phenotype_D,coarse,Phenotype_D_DDPM.pt,9525,78.71900826446281,121.0,0.06359328329563141
Phenotype_D,coarse,Phenotype_D_DDPM.pt,9550,78.92561983471074,121.0,0.17429031431674957
Phenotype_D,coarse,Phenotype_D_DDPM.pt,9575,79.13223140495867,121.0,0.0836573988199234
Phenotype_D,coarse,Phenotype_D_DDPM.pt,9600,79.33884297520662,121.0,0.0899156704545021
Phenotype_D,coarse,Phenotype_D_DDPM.pt,9625,79.54545454545455,121.0,0.0754060447216034
Phenotype_D,coarse,Phenotype_D_DDPM.pt,9650,79.75206611570248,121.0,0.1349658966064453
Phenotype_D,coarse,Phenotype_D_DDPM.pt,9675,79.95867768595042,121.0,0.12420034408569336
Phenotype_E,fine,Phenotype_E_DDPM.pt,25,0.034916201117318434,716.0,0.48062796592712403
Phenotype_E,fine,Phenotype_E_DDPM.pt,50,0.06983240223463687,716.0,0.2552721333503723
Phenotype_E,fine,Phenotype_E_DDPM.pt,75,0.10474860335195531,716.0,0.2316457998752594
Phenotype_E,fine,Phenotype_E_DDPM.pt,100,0.13966480446927373,716.0,0.2071735155582428
Phenotype_E,fine,Phenotype_E_DDPM.pt,125,0.17458100558659218,716.0,0.1998386412858963
Phenotype_E,fine,Phenotype_E_DDPM.pt,150,0.20949720670391062,716.0,0.17488301157951355
Phenotype_E,fine,Phenotype_E_DDPM.pt,175,0.24441340782122906,716.0,0.19822638094425202
Phenotype_E,fine,Phenotype_E_DDPM.pt,200,0.27932960893854747,716.0,0.18217885196208955
Phenotype_E,fine,Phenotype_E_DDPM.pt,225,0.31424581005586594,716.0,0.1801228106021881
Phenotype_E,fine,Phenotype_E_DDPM.pt,250,0.34916201117318435,716.0,0.18255804777145385
Phenotype_E,fine,Phenotype_E_DDPM.pt,275,0.3840782122905028,716.0,0.17521486461162566
Phenotype_E,fine,Phenotype_E_DDPM.pt,300,0.41899441340782123,716.0,0.16958320617675782
Phenotype_E,fine,Phenotype_E_DDPM.pt,325,0.45391061452513964,716.0,0.17444568037986755
Phenotype_E,fine,Phenotype_E_DDPM.pt,350,0.4888268156424581,716.0,0.1748719847202301
Phenotype_E,fine,Phenotype_E_DDPM.pt,375,0.5237430167597765,716.0,0.1631883555650711
Phenotype_E,fine,Phenotype_E_DDPM.pt,400,0.5586592178770949,716.0,0.1777560943365097
Phenotype_E,fine,Phenotype_E_DDPM.pt,425,0.5935754189944135,716.0,0.16523441374301912
Phenotype_E,fine,Phenotype_E_DDPM.pt,450,0.6284916201117319,716.0,0.15782110005617142
Phenotype_E,fine,Phenotype_E_DDPM.pt,475,0.6634078212290503,716.0,0.15589999616146089
Phenotype_E,fine,Phenotype_E_DDPM.pt,500,0.6983240223463687,716.0,0.1646026775240898
Phenotype_E,fine,Phenotype_E_DDPM.pt,525,0.7332402234636871,716.0,0.163882856965065
Phenotype_E,fine,Phenotype_E_DDPM.pt,550,0.7681564245810056,716.0,0.1689046323299408
Phenotype_E,fine,Phenotype_E_DDPM.pt,575,0.803072625698324,716.0,0.1628984969854355
Phenotype_E,fine,Phenotype_E_DDPM.pt,600,0.8379888268156425,716.0,0.15512410640716554
Phenotype_E,fine,Phenotype_E_DDPM.pt,625,0.8729050279329609,716.0,0.1700754800438881
Phenotype_E,fine,Phenotype_E_DDPM.pt,650,0.9078212290502793,716.0,0.16403153240680696
Phenotype_E,fine,Phenotype_E_DDPM.pt,675,0.9427374301675978,716.0,0.16291325837373732
Phenotype_E,fine,Phenotype_E_DDPM.pt,700,0.9776536312849162,716.0,0.16287044584751129
Phenotype_E,fine,Phenotype_E_DDPM.pt,725,1.0125698324022345,716.0,0.17151522219181062
Phenotype_E,fine,Phenotype_E_DDPM.pt,750,1.047486033519553,716.0,0.15782982617616653
Phenotype_E,fine,Phenotype_E_DDPM.pt,775,1.0824022346368716,716.0,0.1426082369685173
Phenotype_E,fine,Phenotype_E_DDPM.pt,800,1.1173184357541899,716.0,0.15654490172863006
Phenotype_E,fine,Phenotype_E_DDPM.pt,825,1.1522346368715084,716.0,0.14922673970460892
Phenotype_E,fine,Phenotype_E_DDPM.pt,850,1.187150837988827,716.0,0.15304670304059984
Phenotype_E,fine,Phenotype_E_DDPM.pt,875,1.2220670391061452,716.0,0.1446043172478676
Phenotype_E,fine,Phenotype_E_DDPM.pt,900,1.2569832402234637,716.0,0.15261916279792787
Phenotype_E,fine,Phenotype_E_DDPM.pt,925,1.291899441340782,716.0,0.14394181877374648
Phenotype_E,fine,Phenotype_E_DDPM.pt,950,1.3268156424581006,716.0,0.15956933706998824
Phenotype_E,fine,Phenotype_E_DDPM.pt,975,1.361731843575419,716.0,0.16791721791028977
Phenotype_E,fine,Phenotype_E_DDPM.pt,1000,1.3966480446927374,716.0,0.15478900969028472
Phenotype_E,fine,Phenotype_E_DDPM.pt,1025,1.431564245810056,716.0,0.16638422787189483
Phenotype_E,fine,Phenotype_E_DDPM.pt,1050,1.4664804469273742,716.0,0.15137630254030227
Phenotype_E,fine,Phenotype_E_DDPM.pt,1075,1.5013966480446927,716.0,0.15493361473083497
Phenotype_E,fine,Phenotype_E_DDPM.pt,1100,1.5363128491620113,716.0,0.14869047820568085
Phenotype_E,fine,Phenotype_E_DDPM.pt,1125,1.5712290502793296,716.0,0.1590535518527031
Phenotype_E,fine,Phenotype_E_DDPM.pt,1150,1.606145251396648,716.0,0.16109608143568038
Phenotype_E,fine,Phenotype_E_DDPM.pt,1175,1.6410614525139664,716.0,0.16125068813562393
Phenotype_E,fine,Phenotype_E_DDPM.pt,1200,1.675977653631285,716.0,0.14835320234298707
Phenotype_E,fine,Phenotype_E_DDPM.pt,1225,1.7108938547486034,716.0,0.15537160873413086
Phenotype_E,fine,Phenotype_E_DDPM.pt,1250,1.7458100558659218,716.0,0.16268959999084473
Phenotype_E,fine,Phenotype_E_DDPM.pt,1275,1.7807262569832403,716.0,0.15895525515079498
Phenotype_E,fine,Phenotype_E_DDPM.pt,1300,1.8156424581005586,716.0,0.15819775879383088
Phenotype_E,fine,Phenotype_E_DDPM.pt,1325,1.850558659217877,716.0,0.15605426490306853
Phenotype_E,fine,Phenotype_E_DDPM.pt,1350,1.8854748603351956,716.0,0.1375550439953804
Phenotype_E,fine,Phenotype_E_DDPM.pt,1375,1.920391061452514,716.0,0.1625518372654915
Phenotype_E,fine,Phenotype_E_DDPM.pt,1400,1.9553072625698324,716.0,0.1598107224702835
Phenotype_E,fine,Phenotype_E_DDPM.pt,1425,1.9902234636871508,716.0,0.16157395660877227
Phenotype_E,fine,Phenotype_E_DDPM.pt,1450,2.025139664804469,716.0,0.16148578941822053
Phenotype_E,fine,Phenotype_E_DDPM.pt,1475,2.060055865921788,716.0,0.15634748667478562
Phenotype_E,fine,Phenotype_E_DDPM.pt,1500,2.094972067039106,716.0,0.16151077896356583
Phenotype_E,fine,Phenotype_E_DDPM.pt,1525,2.1298882681564244,716.0,0.15514070838689803
Phenotype_E,fine,Phenotype_E_DDPM.pt,1550,2.164804469273743,716.0,0.1579750034213066
Phenotype_E,fine,Phenotype_E_DDPM.pt,1575,2.1997206703910615,716.0,0.1623426753282547
Phenotype_E,fine,Phenotype_E_DDPM.pt,1600,2.2346368715083798,716.0,0.163661849796772
Phenotype_E,fine,Phenotype_E_DDPM.pt,1625,2.2695530726256985,716.0,0.15922852069139481
Phenotype_E,fine,Phenotype_E_DDPM.pt,1650,2.304469273743017,716.0,0.1592103722691536
Phenotype_E,fine,Phenotype_E_DDPM.pt,1675,2.339385474860335,716.0,0.15741608291864395
Phenotype_E,fine,Phenotype_E_DDPM.pt,1700,2.374301675977654,716.0,0.1572941482067108
Phenotype_E,fine,Phenotype_E_DDPM.pt,1725,2.409217877094972,716.0,0.14795853644609452
Phenotype_E,fine,Phenotype_E_DDPM.pt,1750,2.4441340782122905,716.0,0.15423908352851867
Phenotype_E,fine,Phenotype_E_DDPM.pt,1775,2.4790502793296088,716.0,0.1492944324016571
Phenotype_E,fine,Phenotype_E_DDPM.pt,1800,2.5139664804469275,716.0,0.15507760733366013
Phenotype_E,fine,Phenotype_E_DDPM.pt,1825,2.548882681564246,716.0,0.14797212094068526
Phenotype_E,fine,Phenotype_E_DDPM.pt,1850,2.583798882681564,716.0,0.15433384776115416
Phenotype_E,fine,Phenotype_E_DDPM.pt,1875,2.618715083798883,716.0,0.14804877042770387
Phenotype_E,fine,Phenotype_E_DDPM.pt,1900,2.653631284916201,716.0,0.15796745270490647
Phenotype_E,fine,Phenotype_E_DDPM.pt,1925,2.6885474860335195,716.0,0.16449090987443923
Phenotype_E,fine,Phenotype_E_DDPM.pt,1950,2.723463687150838,716.0,0.14825863927602767
Phenotype_E,fine,Phenotype_E_DDPM.pt,1975,2.7583798882681565,716.0,0.15701013147830964
Phenotype_E,fine,Phenotype_E_DDPM.pt,2000,2.793296089385475,716.0,0.15681346029043197
Phenotype_E,fine,Phenotype_E_DDPM.pt,2025,2.828212290502793,716.0,0.17369047403335572
Phenotype_E,fine,Phenotype_E_DDPM.pt,2050,2.863128491620112,716.0,0.15424007982015608
Phenotype_E,fine,Phenotype_E_DDPM.pt,2075,2.89804469273743,716.0,0.15217646181583405
Phenotype_E,fine,Phenotype_E_DDPM.pt,2100,2.9329608938547485,716.0,0.15666444450616837
Phenotype_E,fine,Phenotype_E_DDPM.pt,2125,2.967877094972067,716.0,0.15387256652116776
Phenotype_E,fine,Phenotype_E_DDPM.pt,2150,3.0027932960893855,716.0,0.14993182241916655
Phenotype_E,fine,Phenotype_E_DDPM.pt,2175,3.037709497206704,716.0,0.15602816998958588
Phenotype_E,fine,Phenotype_E_DDPM.pt,2200,3.0726256983240225,716.0,0.14562645435333252
Phenotype_E,fine,Phenotype_E_DDPM.pt,2225,3.107541899441341,716.0,0.1579116004705429
Phenotype_E,fine,Phenotype_E_DDPM.pt,2250,3.142458100558659,716.0,0.15337564706802367
Phenotype_E,fine,Phenotype_E_DDPM.pt,2275,3.1773743016759775,716.0,0.16385196506977082
Phenotype_E,fine,Phenotype_E_DDPM.pt,2300,3.212290502793296,716.0,0.14961574703454972
Phenotype_E,fine,Phenotype_E_DDPM.pt,2325,3.2472067039106145,716.0,0.1529196846485138
Phenotype_E,fine,Phenotype_E_DDPM.pt,2350,3.282122905027933,716.0,0.15292306214571
Phenotype_E,fine,Phenotype_E_DDPM.pt,2375,3.3170391061452515,716.0,0.15694673120975494
Phenotype_E,fine,Phenotype_E_DDPM.pt,2400,3.35195530726257,716.0,0.16177645653486253
Phenotype_E,fine,Phenotype_E_DDPM.pt,2425,3.386871508379888,716.0,0.16063101708889008
Phenotype_E,fine,Phenotype_E_DDPM.pt,2450,3.421787709497207,716.0,0.15420396506786346
Phenotype_E,fine,Phenotype_E_DDPM.pt,2475,3.456703910614525,716.0,0.1586501866579056
Phenotype_E,fine,Phenotype_E_DDPM.pt,2500,3.4916201117318435,716.0,0.1449564689397812
Phenotype_E,fine,Phenotype_E_DDPM.pt,2525,3.526536312849162,716.0,0.16701298594474792
Phenotype_E,fine,Phenotype_E_DDPM.pt,2550,3.5614525139664805,716.0,0.1527998411655426
Phenotype_E,fine,Phenotype_E_DDPM.pt,2575,3.596368715083799,716.0,0.1451711556315422
Phenotype_E,fine,Phenotype_E_DDPM.pt,2600,3.631284916201117,716.0,0.15154166549444198
Phenotype_E,fine,Phenotype_E_DDPM.pt,2625,3.666201117318436,716.0,0.14791065633296965
Phenotype_E,fine,Phenotype_E_DDPM.pt,2650,3.701117318435754,716.0,0.16229937970638275
Phenotype_E,fine,Phenotype_E_DDPM.pt,2675,3.7360335195530725,716.0,0.15733326494693756
Phenotype_E,fine,Phenotype_E_DDPM.pt,2700,3.7709497206703912,716.0,0.16475033462047578
Phenotype_E,fine,Phenotype_E_DDPM.pt,2725,3.8058659217877095,716.0,0.15716422140598296
Phenotype_E,fine,Phenotype_E_DDPM.pt,2750,3.840782122905028,716.0,0.152280031144619
Phenotype_E,fine,Phenotype_E_DDPM.pt,2775,3.875698324022346,716.0,0.15227395206689834
Phenotype_E,fine,Phenotype_E_DDPM.pt,2800,3.910614525139665,716.0,0.14888645976781845
Phenotype_E,fine,Phenotype_E_DDPM.pt,2825,3.945530726256983,716.0,0.1612057191133499
Phenotype_E,fine,Phenotype_E_DDPM.pt,2850,3.9804469273743015,716.0,0.15871471673250198
Phenotype_E,fine,Phenotype_E_DDPM.pt,2875,4.01536312849162,716.0,0.15238617092370987
Phenotype_E,fine,Phenotype_E_DDPM.pt,2900,4.050279329608938,716.0,0.15733279675245285
Phenotype_E,fine,Phenotype_E_DDPM.pt,2925,4.085195530726257,716.0,0.15444298475980758
Phenotype_E,fine,Phenotype_E_DDPM.pt,2950,4.120111731843576,716.0,0.1566631755232811
Phenotype_E,fine,Phenotype_E_DDPM.pt,2975,4.155027932960894,716.0,0.14861828029155733
Phenotype_E,fine,Phenotype_E_DDPM.pt,3000,4.189944134078212,716.0,0.15339459508657455
Phenotype_E,fine,Phenotype_E_DDPM.pt,3025,4.2248603351955305,716.0,0.14974399238824845
Phenotype_E,fine,Phenotype_E_DDPM.pt,3050,4.259776536312849,716.0,0.14557471245527268
Phenotype_E,fine,Phenotype_E_DDPM.pt,3075,4.294692737430168,716.0,0.14663860499858855
Phenotype_E,fine,Phenotype_E_DDPM.pt,3100,4.329608938547486,716.0,0.14805106908082963
Phenotype_E,fine,Phenotype_E_DDPM.pt,3125,4.364525139664805,716.0,0.14987588584423064
Phenotype_E,fine,Phenotype_E_DDPM.pt,3150,4.399441340782123,716.0,0.14704426109790802
Phenotype_E,fine,Phenotype_E_DDPM.pt,3175,4.434357541899441,716.0,0.1556619781255722
Phenotype_E,fine,Phenotype_E_DDPM.pt,3200,4.4692737430167595,716.0,0.15780677527189255
Phenotype_E,fine,Phenotype_E_DDPM.pt,3225,4.504189944134078,716.0,0.1585395774245262
Phenotype_E,fine,Phenotype_E_DDPM.pt,3250,4.539106145251397,716.0,0.17510756999254226
Phenotype_E,fine,Phenotype_E_DDPM.pt,3275,4.574022346368715,716.0,0.1501402500271797
Phenotype_E,fine,Phenotype_E_DDPM.pt,3300,4.608938547486034,716.0,0.1540950921177864
Phenotype_E,fine,Phenotype_E_DDPM.pt,3325,4.643854748603352,716.0,0.1592443683743477
Phenotype_E,fine,Phenotype_E_DDPM.pt,3350,4.67877094972067,716.0,0.14266189813613891
Phenotype_E,fine,Phenotype_E_DDPM.pt,3375,4.7136871508379885,716.0,0.14937507778406142
Phenotype_E,fine,Phenotype_E_DDPM.pt,3400,4.748603351955308,716.0,0.1472792425751686
Phenotype_E,fine,Phenotype_E_DDPM.pt,3425,4.783519553072626,716.0,0.1605940902233124
Phenotype_E,fine,Phenotype_E_DDPM.pt,3450,4.818435754189944,716.0,0.15647755980491637
Phenotype_E,fine,Phenotype_E_DDPM.pt,3475,4.853351955307263,716.0,0.15354108780622483
Phenotype_E,fine,Phenotype_E_DDPM.pt,3500,4.888268156424581,716.0,0.15486160755157471
Phenotype_E,fine,Phenotype_E_DDPM.pt,3525,4.923184357541899,716.0,0.15359160393476487
Phenotype_E,fine,Phenotype_E_DDPM.pt,3550,4.9581005586592175,716.0,0.16141843438148498
Phenotype_E,fine,Phenotype_E_DDPM.pt,3575,4.993016759776537,716.0,0.1505221152305603
Phenotype_E,fine,Phenotype_E_DDPM.pt,3600,5.027932960893855,716.0,0.14388584822416306
Phenotype_E,fine,Phenotype_E_DDPM.pt,3625,5.062849162011173,716.0,0.15553333342075348
Phenotype_E,fine,Phenotype_E_DDPM.pt,3650,5.097765363128492,716.0,0.15180510610342027
Phenotype_E,fine,Phenotype_E_DDPM.pt,3675,5.13268156424581,716.0,0.1485249811410904
Phenotype_E,fine,Phenotype_E_DDPM.pt,3700,5.167597765363128,716.0,0.16309364795684814
Phenotype_E,fine,Phenotype_E_DDPM.pt,3725,5.2025139664804465,716.0,0.1591762074828148
Phenotype_E,fine,Phenotype_E_DDPM.pt,3750,5.237430167597766,716.0,0.15747321009635926
Phenotype_E,fine,Phenotype_E_DDPM.pt,3775,5.272346368715084,716.0,0.1582452243566513
Phenotype_E,fine,Phenotype_E_DDPM.pt,3800,5.307262569832402,716.0,0.15232843041419983
Phenotype_E,fine,Phenotype_E_DDPM.pt,3825,5.342178770949721,716.0,0.15035827755928038
Phenotype_E,fine,Phenotype_E_DDPM.pt,3850,5.377094972067039,716.0,0.1513027447462082
Phenotype_E,fine,Phenotype_E_DDPM.pt,3875,5.412011173184357,716.0,0.15130325198173522
Phenotype_E,fine,Phenotype_E_DDPM.pt,3900,5.446927374301676,716.0,0.15650348871946335
Phenotype_E,fine,Phenotype_E_DDPM.pt,3925,5.481843575418995,716.0,0.16649542927742003
Phenotype_E,fine,Phenotype_E_DDPM.pt,3950,5.516759776536313,716.0,0.15764883190393447
Phenotype_E,fine,Phenotype_E_DDPM.pt,3975,5.551675977653631,716.0,0.146328387260437
Phenotype_E,fine,Phenotype_E_DDPM.pt,4000,5.58659217877095,716.0,0.13837123394012452
Phenotype_E,fine,Phenotype_E_DDPM.pt,4025,5.621508379888268,716.0,0.14888480424880982
Phenotype_E,fine,Phenotype_E_DDPM.pt,4050,5.656424581005586,716.0,0.1630614599585533
Phenotype_E,fine,Phenotype_E_DDPM.pt,4075,5.691340782122905,716.0,0.14675477862358094
Phenotype_E,fine,Phenotype_E_DDPM.pt,4100,5.726256983240224,716.0,0.14807440489530563
Phenotype_E,fine,Phenotype_E_DDPM.pt,4125,5.761173184357542,716.0,0.15351026356220246
Phenotype_E,fine,Phenotype_E_DDPM.pt,4150,5.79608938547486,716.0,0.17072272568941116
Phenotype_E,fine,Phenotype_E_DDPM.pt,4175,5.831005586592179,716.0,0.1503224641084671
Phenotype_E,fine,Phenotype_E_DDPM.pt,4200,5.865921787709497,716.0,0.16070531487464904
Phenotype_E,fine,Phenotype_E_DDPM.pt,4225,5.900837988826815,716.0,0.15358554989099502
Phenotype_E,fine,Phenotype_E_DDPM.pt,4250,5.935754189944134,716.0,0.16054951429367065
Phenotype_E,fine,Phenotype_E_DDPM.pt,4275,5.970670391061453,716.0,0.15777744472026825
Phenotype_E,fine,Phenotype_E_DDPM.pt,4300,6.005586592178771,716.0,0.15297332793474197
Phenotype_E,fine,Phenotype_E_DDPM.pt,4325,6.040502793296089,716.0,0.14151057332754136
Phenotype_E,fine,Phenotype_E_DDPM.pt,4350,6.075418994413408,716.0,0.14749331384897232
Phenotype_E,fine,Phenotype_E_DDPM.pt,4375,6.110335195530726,716.0,0.13888032078742982
Phenotype_E,fine,Phenotype_E_DDPM.pt,4400,6.145251396648045,716.0,0.14661703258752823
Phenotype_E,fine,Phenotype_E_DDPM.pt,4425,6.180167597765363,716.0,0.15581090927124022
Phenotype_E,fine,Phenotype_E_DDPM.pt,4450,6.215083798882682,716.0,0.15973047107458116
Phenotype_E,fine,Phenotype_E_DDPM.pt,4475,6.25,716.0,0.15542616873979567
Phenotype_E,fine,Phenotype_E_DDPM.pt,4500,6.284916201117318,716.0,0.1463380417227745
Phenotype_E,fine,Phenotype_E_DDPM.pt,4525,6.319832402234637,716.0,0.15006403714418412
Phenotype_E,fine,Phenotype_E_DDPM.pt,4550,6.354748603351955,716.0,0.15514893412590028
Phenotype_E,fine,Phenotype_E_DDPM.pt,4575,6.389664804469274,716.0,0.1433911594748497
Phenotype_E,fine,Phenotype_E_DDPM.pt,4600,6.424581005586592,716.0,0.15378641784191133
Phenotype_E,fine,Phenotype_E_DDPM.pt,4625,6.459497206703911,716.0,0.15366821706295014
Phenotype_E,fine,Phenotype_E_DDPM.pt,4650,6.494413407821229,716.0,0.1493881332874298
Phenotype_E,fine,Phenotype_E_DDPM.pt,4675,6.529329608938547,716.0,0.15915391236543655
Phenotype_E,fine,Phenotype_E_DDPM.pt,4700,6.564245810055866,716.0,0.1551959455013275
Phenotype_E,fine,Phenotype_E_DDPM.pt,4725,6.599162011173185,716.0,0.15469833880662917
Phenotype_E,fine,Phenotype_E_DDPM.pt,4750,6.634078212290503,716.0,0.14739514410495758
Phenotype_E,fine,Phenotype_E_DDPM.pt,4775,6.668994413407821,716.0,0.15371809780597687
Phenotype_E,fine,Phenotype_E_DDPM.pt,4800,6.70391061452514,716.0,0.14299670726060867
Phenotype_E,fine,Phenotype_E_DDPM.pt,4825,6.738826815642458,716.0,0.148117096722126
Phenotype_E,fine,Phenotype_E_DDPM.pt,4850,6.773743016759776,716.0,0.15496598273515702
Phenotype_E,fine,Phenotype_E_DDPM.pt,4875,6.808659217877095,716.0,0.15850216239690781
Phenotype_E,fine,Phenotype_E_DDPM.pt,4900,6.843575418994414,716.0,0.14035960912704468
Phenotype_E,fine,Phenotype_E_DDPM.pt,4925,6.878491620111732,716.0,0.1378170755505562
Phenotype_E,fine,Phenotype_E_DDPM.pt,4950,6.91340782122905,716.0,0.1628831297159195
Phenotype_E,fine,Phenotype_E_DDPM.pt,4975,6.948324022346369,716.0,0.14316000729799272
Phenotype_E,fine,Phenotype_E_DDPM.pt,5000,6.983240223463687,716.0,0.14348573833703995
Phenotype_E,fine,Phenotype_E_DDPM.pt,5025,7.018156424581005,716.0,0.15542798787355422
Phenotype_E,fine,Phenotype_E_DDPM.pt,5050,7.053072625698324,716.0,0.14212933599948882
Phenotype_E,fine,Phenotype_E_DDPM.pt,5075,7.087988826815643,716.0,0.1498183038830757
Phenotype_E,fine,Phenotype_E_DDPM.pt,5100,7.122905027932961,716.0,0.14941498279571533
Phenotype_E,fine,Phenotype_E_DDPM.pt,5125,7.157821229050279,716.0,0.15391112864017487
Phenotype_E,fine,Phenotype_E_DDPM.pt,5150,7.192737430167598,716.0,0.15544886082410814
Phenotype_E,fine,Phenotype_E_DDPM.pt,5175,7.227653631284916,716.0,0.15939682930707932
Phenotype_E,fine,Phenotype_E_DDPM.pt,5200,7.262569832402234,716.0,0.1546870145201683
Phenotype_E,fine,Phenotype_E_DDPM.pt,5225,7.2974860335195535,716.0,0.14869081109762192
Phenotype_E,fine,Phenotype_E_DDPM.pt,5250,7.332402234636872,716.0,0.15320172101259233
Phenotype_E,fine,Phenotype_E_DDPM.pt,5275,7.36731843575419,716.0,0.14425489217042922
Phenotype_E,fine,Phenotype_E_DDPM.pt,5300,7.402234636871508,716.0,0.16055865526199342
Phenotype_E,fine,Phenotype_E_DDPM.pt,5325,7.437150837988827,716.0,0.14862055629491805
Phenotype_E,fine,Phenotype_E_DDPM.pt,5350,7.472067039106145,716.0,0.16985993355512619
Phenotype_E,fine,Phenotype_E_DDPM.pt,5375,7.506983240223463,716.0,0.1522913470864296
Phenotype_E,fine,Phenotype_E_DDPM.pt,5400,7.5418994413407825,716.0,0.1540965563058853
Phenotype_E,fine,Phenotype_E_DDPM.pt,5425,7.576815642458101,716.0,0.15461018294095993
Phenotype_E,fine,Phenotype_E_DDPM.pt,5450,7.611731843575419,716.0,0.15532633036375046
Phenotype_E,fine,Phenotype_E_DDPM.pt,5475,7.646648044692737,716.0,0.14807595759630204
Phenotype_E,fine,Phenotype_E_DDPM.pt,5500,7.681564245810056,716.0,0.15176378071308136
Phenotype_E,fine,Phenotype_E_DDPM.pt,5525,7.716480446927374,716.0,0.14926666408777237
Phenotype_E,fine,Phenotype_E_DDPM.pt,5550,7.751396648044692,716.0,0.1473584634065628
Phenotype_E,fine,Phenotype_E_DDPM.pt,5575,7.7863128491620115,716.0,0.16145447254180909
Phenotype_E,fine,Phenotype_E_DDPM.pt,5600,7.82122905027933,716.0,0.15089185804128646
Phenotype_E,fine,Phenotype_E_DDPM.pt,5625,7.856145251396648,716.0,0.1550327417254448
Phenotype_E,fine,Phenotype_E_DDPM.pt,5650,7.891061452513966,716.0,0.15747984290122985
Phenotype_E,fine,Phenotype_E_DDPM.pt,5675,7.925977653631285,716.0,0.15481954902410508
Phenotype_E,fine,Phenotype_E_DDPM.pt,5700,7.960893854748603,716.0,0.14491694986820222
Phenotype_E,fine,Phenotype_E_DDPM.pt,5725,7.995810055865922,716.0,0.15500690996646882
Phenotype_E,fine,Phenotype_E_DDPM.pt,5750,8.03072625698324,716.0,0.14263078451156616
Phenotype_E,fine,Phenotype_E_DDPM.pt,5775,8.065642458100559,716.0,0.14791367083787918
Phenotype_E,fine,Phenotype_E_DDPM.pt,5800,8.100558659217876,716.0,0.15354893624782562
Phenotype_E,fine,Phenotype_E_DDPM.pt,5825,8.135474860335195,716.0,0.17126586139202118
Phenotype_E,fine,Phenotype_E_DDPM.pt,5850,8.170391061452515,716.0,0.1613089445233345
Phenotype_E,fine,Phenotype_E_DDPM.pt,5875,8.205307262569832,716.0,0.14842611342668532
Phenotype_E,fine,Phenotype_E_DDPM.pt,5900,8.240223463687151,716.0,0.15205096006393432
Phenotype_E,fine,Phenotype_E_DDPM.pt,5925,8.275139664804469,716.0,0.1591703987121582
Phenotype_E,fine,Phenotype_E_DDPM.pt,5950,8.310055865921788,716.0,0.15577781647443772
Phenotype_E,fine,Phenotype_E_DDPM.pt,5975,8.344972067039107,716.0,0.14904981523752212
Phenotype_E,fine,Phenotype_E_DDPM.pt,6000,8.379888268156424,716.0,0.14403168886899947
Phenotype_E,fine,Phenotype_E_DDPM.pt,6025,8.414804469273744,716.0,0.14422021448612213
Phenotype_E,fine,Phenotype_E_DDPM.pt,6050,8.449720670391061,716.0,0.14909696221351623
Phenotype_E,fine,Phenotype_E_DDPM.pt,6075,8.48463687150838,716.0,0.15662006080150603
Phenotype_E,fine,Phenotype_E_DDPM.pt,6100,8.519553072625698,716.0,0.15061977595090867
Phenotype_E,fine,Phenotype_E_DDPM.pt,6125,8.554469273743017,716.0,0.15302250683307647
Phenotype_E,fine,Phenotype_E_DDPM.pt,6150,8.589385474860336,716.0,0.1392202380299568
Phenotype_E,fine,Phenotype_E_DDPM.pt,6175,8.624301675977653,716.0,0.13853763461112975
Phenotype_E,fine,Phenotype_E_DDPM.pt,6200,8.659217877094973,716.0,0.1453421753644943
Phenotype_E,fine,Phenotype_E_DDPM.pt,6225,8.69413407821229,716.0,0.16015943318605422
Phenotype_E,fine,Phenotype_E_DDPM.pt,6250,8.72905027932961,716.0,0.15765040546655654
Phenotype_E,fine,Phenotype_E_DDPM.pt,6275,8.763966480446927,716.0,0.15211246728897096
Phenotype_E,fine,Phenotype_E_DDPM.pt,6300,8.798882681564246,716.0,0.16095883190631866
Phenotype_E,fine,Phenotype_E_DDPM.pt,6325,8.833798882681565,716.0,0.14835023283958435
Phenotype_E,fine,Phenotype_E_DDPM.pt,6350,8.868715083798882,716.0,0.1660403421521187
Phenotype_E,fine,Phenotype_E_DDPM.pt,6375,8.903631284916202,716.0,0.14689765691757203
Phenotype_E,fine,Phenotype_E_DDPM.pt,6400,8.938547486033519,716.0,0.1465047976374626
Phenotype_E,fine,Phenotype_E_DDPM.pt,6425,8.973463687150838,716.0,0.14858029901981354
Phenotype_E,fine,Phenotype_E_DDPM.pt,6450,9.008379888268156,716.0,0.1520712298154831
Phenotype_E,fine,Phenotype_E_DDPM.pt,6475,9.043296089385475,716.0,0.1662858682870865
Phenotype_E,fine,Phenotype_E_DDPM.pt,6500,9.078212290502794,716.0,0.15569874554872512
Phenotype_E,fine,Phenotype_E_DDPM.pt,6525,9.113128491620111,716.0,0.14545021206140518
Phenotype_E,fine,Phenotype_E_DDPM.pt,6550,9.14804469273743,716.0,0.15244475930929183
Phenotype_E,fine,Phenotype_E_DDPM.pt,6575,9.182960893854748,716.0,0.15481291443109513
Phenotype_E,fine,Phenotype_E_DDPM.pt,6600,9.217877094972067,716.0,0.14532221257686614
Phenotype_E,fine,Phenotype_E_DDPM.pt,6625,9.252793296089385,716.0,0.13798722267150879
Phenotype_E,fine,Phenotype_E_DDPM.pt,6650,9.287709497206704,716.0,0.14625625282526017
Phenotype_E,fine,Phenotype_E_DDPM.pt,6675,9.322625698324023,716.0,0.14701604306697846
Phenotype_E,fine,Phenotype_E_DDPM.pt,6700,9.35754189944134,716.0,0.14765809446573258
Phenotype_E,fine,Phenotype_E_DDPM.pt,6725,9.39245810055866,716.0,0.1410413220524788
Phenotype_E,fine,Phenotype_E_DDPM.pt,6750,9.427374301675977,716.0,0.15987260550260543
Phenotype_E,fine,Phenotype_E_DDPM.pt,6775,9.462290502793296,716.0,0.14819311887025832
Phenotype_E,fine,Phenotype_E_DDPM.pt,6800,9.497206703910615,716.0,0.14639420926570892
Phenotype_E,fine,Phenotype_E_DDPM.pt,6825,9.532122905027933,716.0,0.15282163381576538
Phenotype_E,fine,Phenotype_E_DDPM.pt,6850,9.567039106145252,716.0,0.16206026703119278
Phenotype_E,fine,Phenotype_E_DDPM.pt,6875,9.60195530726257,716.0,0.1587986695766449
Phenotype_E,fine,Phenotype_E_DDPM.pt,6900,9.636871508379889,716.0,0.15405672430992126
Phenotype_E,fine,Phenotype_E_DDPM.pt,6925,9.671787709497206,716.0,0.1546676418185234
Phenotype_E,fine,Phenotype_E_DDPM.pt,6950,9.706703910614525,716.0,0.14064757972955705
Phenotype_E,fine,Phenotype_E_DDPM.pt,6975,9.741620111731844,716.0,0.15446008682250978
Phenotype_E,fine,Phenotype_E_DDPM.pt,7000,9.776536312849162,716.0,0.15179633498191833
Phenotype_E,fine,Phenotype_E_DDPM.pt,7025,9.811452513966481,716.0,0.15837119936943053
Phenotype_E,fine,Phenotype_E_DDPM.pt,7050,9.846368715083798,716.0,0.15624898195266723
Phenotype_E,fine,Phenotype_E_DDPM.pt,7075,9.881284916201118,716.0,0.15745818376541137
Phenotype_E,fine,Phenotype_E_DDPM.pt,7100,9.916201117318435,716.0,0.15494198411703108
Phenotype_E,fine,Phenotype_E_DDPM.pt,7125,9.951117318435754,716.0,0.15726533979177476
Phenotype_E,fine,Phenotype_E_DDPM.pt,7150,9.986033519553073,716.0,0.15161932796239852
Phenotype_E,fine,Phenotype_E_DDPM.pt,7175,10.02094972067039,716.0,0.15609413623809815
Phenotype_E,fine,Phenotype_E_DDPM.pt,7200,10.05586592178771,716.0,0.15811096042394637
Phenotype_E,fine,Phenotype_E_DDPM.pt,7225,10.090782122905027,716.0,0.14852799564599992
Phenotype_E,fine,Phenotype_E_DDPM.pt,7250,10.125698324022347,716.0,0.15544727832078933
Phenotype_E,fine,Phenotype_E_DDPM.pt,7275,10.160614525139664,716.0,0.15508257687091828
Phenotype_E,fine,Phenotype_E_DDPM.pt,7300,10.195530726256983,716.0,0.1405627292394638
Phenotype_E,fine,Phenotype_E_DDPM.pt,7325,10.230446927374302,716.0,0.161553772687912
Phenotype_E,fine,Phenotype_E_DDPM.pt,7350,10.26536312849162,716.0,0.1510603681206703
Phenotype_E,fine,Phenotype_E_DDPM.pt,7375,10.300279329608939,716.0,0.15158461064100265
Phenotype_E,fine,Phenotype_E_DDPM.pt,7400,10.335195530726256,716.0,0.14810050129890442
Phenotype_E,fine,Phenotype_E_DDPM.pt,7425,10.370111731843576,716.0,0.1545376107096672
Phenotype_E,fine,Phenotype_E_DDPM.pt,7450,10.405027932960893,716.0,0.14615290880203247
Phenotype_E,fine,Phenotype_E_DDPM.pt,7475,10.439944134078212,716.0,0.15602177441120146
Phenotype_E,fine,Phenotype_E_DDPM.pt,7500,10.474860335195531,716.0,0.153112213909626
Phenotype_E,fine,Phenotype_E_DDPM.pt,7525,10.509776536312849,716.0,0.15316517323255538
Phenotype_E,fine,Phenotype_E_DDPM.pt,7550,10.544692737430168,716.0,0.1465798869729042
Phenotype_E,fine,Phenotype_E_DDPM.pt,7575,10.579608938547485,716.0,0.16104761213064195
Phenotype_E,fine,Phenotype_E_DDPM.pt,7600,10.614525139664805,716.0,0.148368761241436
Phenotype_E,fine,Phenotype_E_DDPM.pt,7625,10.649441340782124,716.0,0.1625778067111969
Phenotype_E,fine,Phenotype_E_DDPM.pt,7650,10.684357541899441,716.0,0.1464646914601326
Phenotype_E,fine,Phenotype_E_DDPM.pt,7675,10.71927374301676,716.0,0.15776918202638626
Phenotype_E,fine,Phenotype_E_DDPM.pt,7700,10.754189944134078,716.0,0.14964833348989487
Phenotype_E,fine,Phenotype_E_DDPM.pt,7725,10.789106145251397,716.0,0.15185653537511826
Phenotype_E,fine,Phenotype_E_DDPM.pt,7750,10.824022346368714,716.0,0.14478654593229293
Phenotype_E,fine,Phenotype_E_DDPM.pt,7775,10.858938547486034,716.0,0.147482590675354
Phenotype_E,fine,Phenotype_E_DDPM.pt,7800,10.893854748603353,716.0,0.15341304540634154
Phenotype_E,fine,Phenotype_E_DDPM.pt,7825,10.92877094972067,716.0,0.15216492384672164
Phenotype_E,fine,Phenotype_E_DDPM.pt,7850,10.96368715083799,716.0,0.15028023928403855
Phenotype_E,fine,Phenotype_E_DDPM.pt,7875,10.998603351955307,716.0,0.15681836426258086
Phenotype_E,fine,Phenotype_E_DDPM.pt,7900,11.033519553072626,716.0,0.15423208892345427
Phenotype_E,fine,Phenotype_E_DDPM.pt,7925,11.068435754189943,716.0,0.16346918374300004
Phenotype_E,fine,Phenotype_E_DDPM.pt,7950,11.103351955307263,716.0,0.14420372366905213
Phenotype_E,fine,Phenotype_E_DDPM.pt,7975,11.138268156424582,716.0,0.1470892083644867
Phenotype_E,fine,Phenotype_E_DDPM.pt,8000,11.1731843575419,716.0,0.14891491532325746
Phenotype_E,fine,Phenotype_E_DDPM.pt,8025,11.208100558659218,716.0,0.14846376895904542
Phenotype_E,fine,Phenotype_E_DDPM.pt,8050,11.243016759776536,716.0,0.15094481378793717
Phenotype_E,fine,Phenotype_E_DDPM.pt,8075,11.277932960893855,716.0,0.15015168726444245
Phenotype_E,fine,Phenotype_E_DDPM.pt,8100,11.312849162011172,716.0,0.15265407025814057
Phenotype_E,fine,Phenotype_E_DDPM.pt,8125,11.347765363128492,716.0,0.15246991246938704
Phenotype_E,fine,Phenotype_E_DDPM.pt,8150,11.38268156424581,716.0,0.15215985983610153
Phenotype_E,fine,Phenotype_E_DDPM.pt,8175,11.417597765363128,716.0,0.1465904313325882
Phenotype_E,fine,Phenotype_E_DDPM.pt,8200,11.452513966480447,716.0,0.13874766498804092
Phenotype_E,fine,Phenotype_E_DDPM.pt,8225,11.487430167597765,716.0,0.15841446906328202
Phenotype_E,fine,Phenotype_E_DDPM.pt,8250,11.522346368715084,716.0,0.13270137429237366
Phenotype_E,fine,Phenotype_E_DDPM.pt,8275,11.557262569832401,716.0,0.153628568649292
Phenotype_E,fine,Phenotype_E_DDPM.pt,8300,11.59217877094972,716.0,0.15742188960313797
Phenotype_E,fine,Phenotype_E_DDPM.pt,8325,11.62709497206704,716.0,0.14927421987056733
Phenotype_E,fine,Phenotype_E_DDPM.pt,8350,11.662011173184357,716.0,0.1590934708714485
Phenotype_E,fine,Phenotype_E_DDPM.pt,8375,11.696927374301676,716.0,0.15258887141942978
Phenotype_E,fine,Phenotype_E_DDPM.pt,8400,11.731843575418994,716.0,0.1499578931927681
Phenotype_E,fine,Phenotype_E_DDPM.pt,8425,11.766759776536313,716.0,0.1461658737063408
Phenotype_E,fine,Phenotype_E_DDPM.pt,8450,11.80167597765363,716.0,0.15185623049736022
Phenotype_E,fine,Phenotype_E_DDPM.pt,8475,11.83659217877095,716.0,0.15670254647731782
Phenotype_E,fine,Phenotype_E_DDPM.pt,8500,11.871508379888269,716.0,0.1535477137565613
Phenotype_E,fine,Phenotype_E_DDPM.pt,8525,11.906424581005586,716.0,0.15295566290616988
Phenotype_E,fine,Phenotype_E_DDPM.pt,8550,11.941340782122905,716.0,0.1579793018102646
Phenotype_E,fine,Phenotype_E_DDPM.pt,8575,11.976256983240223,716.0,0.16056894659996032
Phenotype_E,fine,Phenotype_E_DDPM.pt,8600,12.011173184357542,716.0,0.15757087707519532
Phenotype_E,fine,Phenotype_E_DDPM.pt,8625,12.046089385474861,716.0,0.15592682510614395
Phenotype_E,fine,Phenotype_E_DDPM.pt,8650,12.081005586592179,716.0,0.14471663177013397
Phenotype_E,fine,Phenotype_E_DDPM.pt,8675,12.115921787709498,716.0,0.15166503101587295
Phenotype_E,fine,Phenotype_E_DDPM.pt,8700,12.150837988826815,716.0,0.14653001129627227
Phenotype_E,fine,Phenotype_E_DDPM.pt,8725,12.185754189944134,716.0,0.16247929096221925
Phenotype_E,fine,Phenotype_E_DDPM.pt,8750,12.220670391061452,716.0,0.1577043804526329
Phenotype_E,fine,Phenotype_E_DDPM.pt,8775,12.255586592178771,716.0,0.15176191538572312
Phenotype_E,fine,Phenotype_E_DDPM.pt,8800,12.29050279329609,716.0,0.15660397291183473
Phenotype_E,fine,Phenotype_E_DDPM.pt,8825,12.325418994413408,716.0,0.15476324051618576
Phenotype_E,fine,Phenotype_E_DDPM.pt,8850,12.360335195530727,716.0,0.14324961751699447
Phenotype_E,fine,Phenotype_E_DDPM.pt,8875,12.395251396648044,716.0,0.15030432015657424
Phenotype_E,fine,Phenotype_E_DDPM.pt,8900,12.430167597765363,716.0,0.14122492998838423
Phenotype_E,fine,Phenotype_E_DDPM.pt,8925,12.46508379888268,716.0,0.14938894182443618
Phenotype_E,fine,Phenotype_E_DDPM.pt,8950,12.5,716.0,0.1573799580335617
Phenotype_E,fine,Phenotype_E_DDPM.pt,8975,12.53491620111732,716.0,0.15098108530044554
Phenotype_E,fine,Phenotype_E_DDPM.pt,9000,12.569832402234637,716.0,0.14164255052804947
Phenotype_E,fine,Phenotype_E_DDPM.pt,9025,12.604748603351956,716.0,0.16086954414844512
Phenotype_E,fine,Phenotype_E_DDPM.pt,9050,12.639664804469273,716.0,0.16740121930837631
Phenotype_E,fine,Phenotype_E_DDPM.pt,9075,12.674581005586592,716.0,0.1626608246564865
Phenotype_E,fine,Phenotype_E_DDPM.pt,9100,12.70949720670391,716.0,0.1513347953557968
Phenotype_E,fine,Phenotype_E_DDPM.pt,9125,12.744413407821229,716.0,0.14852275043725968
Phenotype_E,fine,Phenotype_E_DDPM.pt,9150,12.779329608938548,716.0,0.15066336631774901
Phenotype_E,fine,Phenotype_E_DDPM.pt,9175,12.814245810055866,716.0,0.14037318974733354
Phenotype_E,fine,Phenotype_E_DDPM.pt,9200,12.849162011173185,716.0,0.14326858580112456
Phenotype_E,fine,Phenotype_E_DDPM.pt,9225,12.884078212290502,716.0,0.14860053569078446
Phenotype_E,fine,Phenotype_E_DDPM.pt,9250,12.918994413407821,716.0,0.1474585971236229
Phenotype_E,fine,Phenotype_E_DDPM.pt,9275,12.953910614525139,716.0,0.14795686691999435
Phenotype_E,fine,Phenotype_E_DDPM.pt,9300,12.988826815642458,716.0,0.1445793902873993
Phenotype_E,fine,Phenotype_E_DDPM.pt,9325,13.023743016759777,716.0,0.1469666287302971
Phenotype_E,fine,Phenotype_E_DDPM.pt,9350,13.058659217877095,716.0,0.15223097264766694
Phenotype_E,fine,Phenotype_E_DDPM.pt,9375,13.093575418994414,716.0,0.1541613119840622
Phenotype_E,fine,Phenotype_E_DDPM.pt,9400,13.128491620111731,716.0,0.1561492609977722
Phenotype_E,fine,Phenotype_E_DDPM.pt,9425,13.16340782122905,716.0,0.15520087569952012
Phenotype_E,fine,Phenotype_E_DDPM.pt,9450,13.19832402234637,716.0,0.15313433229923248
Phenotype_E,fine,Phenotype_E_DDPM.pt,9475,13.233240223463687,716.0,0.15258462071418763
Phenotype_E,fine,Phenotype_E_DDPM.pt,9500,13.268156424581006,716.0,0.1482857409119606
Phenotype_E,fine,Phenotype_E_DDPM.pt,9525,13.303072625698324,716.0,0.1463877335190773
Phenotype_E,fine,Phenotype_E_DDPM.pt,9550,13.337988826815643,716.0,0.1480276983976364
Phenotype_E,fine,Phenotype_E_DDPM.pt,9575,13.37290502793296,716.0,0.15217499822378158
Phenotype_E,fine,Phenotype_E_DDPM.pt,9600,13.40782122905028,716.0,0.15435211330652238
Phenotype_E,fine,Phenotype_E_DDPM.pt,9625,13.442737430167599,716.0,0.15313123673200607
Phenotype_E,fine,Phenotype_E_DDPM.pt,9650,13.477653631284916,716.0,0.14810455709695816
Phenotype_E,fine,Phenotype_E_DDPM.pt,9675,13.512569832402235,716.0,0.1493297153711319
Phenotype_E,fine,Phenotype_E_DDPM.pt,9700,13.547486033519553,716.0,0.14886993378400804
Phenotype_E,fine,Phenotype_E_DDPM.pt,9725,13.582402234636872,716.0,0.14371251106262206
Phenotype_E,fine,Phenotype_E_DDPM.pt,9750,13.61731843575419,716.0,0.15331231892108918
Phenotype_E,fine,Phenotype_E_DDPM.pt,9775,13.652234636871508,716.0,0.16927000045776366
Phenotype_E,fine,Phenotype_E_DDPM.pt,9800,13.687150837988828,716.0,0.1522242969274521
Phenotype_E,fine,Phenotype_E_DDPM.pt,9825,13.722067039106145,716.0,0.1497997111082077
Phenotype_E,fine,Phenotype_E_DDPM.pt,9850,13.756983240223464,716.0,0.15528879016637803
Phenotype_E,fine,Phenotype_E_DDPM.pt,9875,13.791899441340782,716.0,0.1536969283223152
Phenotype_E,fine,Phenotype_E_DDPM.pt,9900,13.8268156424581,716.0,0.1589222717285156
Phenotype_E,fine,Phenotype_E_DDPM.pt,9925,13.861731843575418,716.0,0.1457649675011635
Phenotype_E,fine,Phenotype_E_DDPM.pt,9950,13.896648044692737,716.0,0.15336100071668624
Phenotype_E,fine,Phenotype_E_DDPM.pt,9975,13.931564245810057,716.0,0.1548294171690941
Phenotype_E,fine,Phenotype_E_DDPM.pt,10000,13.966480446927374,716.0,0.14986536532640457
Phenotype_E,fine,Phenotype_E_DDPM.pt,10025,14.001396648044693,716.0,0.16251339346170426
Phenotype_E,fine,Phenotype_E_DDPM.pt,10050,14.03631284916201,716.0,0.1517713660001755
Phenotype_E,fine,Phenotype_E_DDPM.pt,10075,14.07122905027933,716.0,0.14923042058944702
Phenotype_E,fine,Phenotype_E_DDPM.pt,10100,14.106145251396647,716.0,0.1539113062620163
Phenotype_E,fine,Phenotype_E_DDPM.pt,10125,14.141061452513966,716.0,0.15935931384563445
Phenotype_E,fine,Phenotype_E_DDPM.pt,10150,14.175977653631286,716.0,0.16350356489419937
Phenotype_E,fine,Phenotype_E_DDPM.pt,10175,14.210893854748603,716.0,0.14972892731428147
Phenotype_E,fine,Phenotype_E_DDPM.pt,10200,14.245810055865922,716.0,0.1373397371172905
Phenotype_E,fine,Phenotype_E_DDPM.pt,10225,14.28072625698324,716.0,0.1499757844209671
Phenotype_E,fine,Phenotype_E_DDPM.pt,10250,14.315642458100559,716.0,0.1546724992990494
Phenotype_E,fine,Phenotype_E_DDPM.pt,10275,14.350558659217876,716.0,0.15009799003601074
Phenotype_E,fine,Phenotype_E_DDPM.pt,10300,14.385474860335195,716.0,0.14817964166402817
Phenotype_E,fine,Phenotype_E_DDPM.pt,10325,14.420391061452515,716.0,0.14885300576686858
Phenotype_E,fine,Phenotype_E_DDPM.pt,10350,14.455307262569832,716.0,0.15251216948032378
Phenotype_E,fine,Phenotype_E_DDPM.pt,10375,14.490223463687151,716.0,0.14842728048563003
Phenotype_E,fine,Phenotype_E_DDPM.pt,10400,14.525139664804469,716.0,0.15155319273471832
Phenotype_E,fine,Phenotype_E_DDPM.pt,10425,14.560055865921788,716.0,0.16280314922332764
Phenotype_E,fine,Phenotype_E_DDPM.pt,10450,14.594972067039107,716.0,0.14211079478263855
Phenotype_E,fine,Phenotype_E_DDPM.pt,10475,14.629888268156424,716.0,0.15222330421209335
Phenotype_E,fine,Phenotype_E_DDPM.pt,10500,14.664804469273744,716.0,0.16545510798692703
Phenotype_E,fine,Phenotype_E_DDPM.pt,10525,14.699720670391061,716.0,0.14650765538215638
Phenotype_E,fine,Phenotype_E_DDPM.pt,10550,14.73463687150838,716.0,0.15492951154708862
Phenotype_E,fine,Phenotype_E_DDPM.pt,10575,14.769553072625698,716.0,0.14906846910715102
Phenotype_E,fine,Phenotype_E_DDPM.pt,10600,14.804469273743017,716.0,0.14037227094173432
Phenotype_E,fine,Phenotype_E_DDPM.pt,10625,14.839385474860336,716.0,0.15484342217445374
Phenotype_E,fine,Phenotype_E_DDPM.pt,10650,14.874301675977653,716.0,0.15113798528909683
Phenotype_E,fine,Phenotype_E_DDPM.pt,10675,14.909217877094973,716.0,0.14966124445199966
Phenotype_E,fine,Phenotype_E_DDPM.pt,10700,14.94413407821229,716.0,0.15760329604148865
Phenotype_E,fine,Phenotype_E_DDPM.pt,10725,14.97905027932961,716.0,0.1498977705836296
Phenotype_E,fine,Phenotype_E_DDPM.pt,10750,15.013966480446927,716.0,0.15520820438861846
Phenotype_E,fine,Phenotype_E_DDPM.pt,10775,15.048882681564246,716.0,0.15559991508722304
Phenotype_E,fine,Phenotype_E_DDPM.pt,10800,15.083798882681565,716.0,0.1580691584944725
Phenotype_E,fine,Phenotype_E_DDPM.pt,10825,15.118715083798882,716.0,0.15810489505529404
Phenotype_E,fine,Phenotype_E_DDPM.pt,10850,15.153631284916202,716.0,0.15830045610666274
Phenotype_E,fine,Phenotype_E_DDPM.pt,10875,15.188547486033519,716.0,0.16446352392435074
Phenotype_E,fine,Phenotype_E_DDPM.pt,10900,15.223463687150838,716.0,0.13807447701692582
Phenotype_E,fine,Phenotype_E_DDPM.pt,10925,15.258379888268156,716.0,0.15071825802326203
Phenotype_E,fine,Phenotype_E_DDPM.pt,10950,15.293296089385475,716.0,0.15552591383457184
Phenotype_E,fine,Phenotype_E_DDPM.pt,10975,15.328212290502794,716.0,0.14040552377700805
Phenotype_E,fine,Phenotype_E_DDPM.pt,11000,15.363128491620111,716.0,0.14755925446748733
Phenotype_E,fine,Phenotype_E_DDPM.pt,11025,15.39804469273743,716.0,0.15308983296155929
Phenotype_E,fine,Phenotype_E_DDPM.pt,11050,15.432960893854748,716.0,0.15195797622203827
Phenotype_E,fine,Phenotype_E_DDPM.pt,11075,15.467877094972067,716.0,0.15132993042469026
Phenotype_E,fine,Phenotype_E_DDPM.pt,11100,15.502793296089385,716.0,0.15517917156219482
Phenotype_E,fine,Phenotype_E_DDPM.pt,11125,15.537709497206704,716.0,0.14771364241838456
Phenotype_E,fine,Phenotype_E_DDPM.pt,11150,15.572625698324023,716.0,0.148240767121315
Phenotype_E,fine,Phenotype_E_DDPM.pt,11175,15.60754189944134,716.0,0.1482728436589241
Phenotype_E,fine,Phenotype_E_DDPM.pt,11200,15.64245810055866,716.0,0.14626067817211152
Phenotype_E,fine,Phenotype_E_DDPM.pt,11225,15.677374301675977,716.0,0.13968175828456877
Phenotype_E,fine,Phenotype_E_DDPM.pt,11250,15.712290502793296,716.0,0.1517109814286232
Phenotype_E,fine,Phenotype_E_DDPM.pt,11275,15.747206703910615,716.0,0.1529626041650772
Phenotype_E,fine,Phenotype_E_DDPM.pt,11300,15.782122905027933,716.0,0.15098546624183654
Phenotype_E,fine,Phenotype_E_DDPM.pt,11325,15.817039106145252,716.0,0.16129850924015046
Phenotype_E,fine,Phenotype_E_DDPM.pt,11350,15.85195530726257,716.0,0.1549233701825142
Phenotype_E,fine,Phenotype_E_DDPM.pt,11375,15.886871508379889,716.0,0.15369582533836365
Phenotype_E,fine,Phenotype_E_DDPM.pt,11400,15.921787709497206,716.0,0.14471653878688812
Phenotype_E,fine,Phenotype_E_DDPM.pt,11425,15.956703910614525,716.0,0.14731337755918503
Phenotype_E,fine,Phenotype_E_DDPM.pt,11450,15.991620111731844,716.0,0.15205713480710983
Phenotype_E,fine,Phenotype_E_DDPM.pt,11475,16.026536312849164,716.0,0.145921570956707
Phenotype_E,fine,Phenotype_E_DDPM.pt,11500,16.06145251396648,716.0,0.1550631579756737
Phenotype_E,fine,Phenotype_E_DDPM.pt,11525,16.0963687150838,716.0,0.15852178871631623
Phenotype_E,fine,Phenotype_E_DDPM.pt,11550,16.131284916201118,716.0,0.15843563079833983
Phenotype_E,fine,Phenotype_E_DDPM.pt,11575,16.166201117318437,716.0,0.14808867871761322
Phenotype_E,fine,Phenotype_E_DDPM.pt,11600,16.201117318435752,716.0,0.15173580080270768
Phenotype_E,fine,Phenotype_E_DDPM.pt,11625,16.23603351955307,716.0,0.14769768774509429
Phenotype_E,fine,Phenotype_E_DDPM.pt,11650,16.27094972067039,716.0,0.1586663618683815
Phenotype_E,fine,Phenotype_E_DDPM.pt,11675,16.30586592178771,716.0,0.14219998300075531
Phenotype_E,fine,Phenotype_E_DDPM.pt,11700,16.34078212290503,716.0,0.1551204127073288
Phenotype_E,fine,Phenotype_E_DDPM.pt,11725,16.375698324022345,716.0,0.15852587282657624
Phenotype_E,fine,Phenotype_E_DDPM.pt,11750,16.410614525139664,716.0,0.1543054300546646
Phenotype_E,fine,Phenotype_E_DDPM.pt,11775,16.445530726256983,716.0,0.15605547279119492
Phenotype_E,fine,Phenotype_E_DDPM.pt,11800,16.480446927374302,716.0,0.14493974387645722
Phenotype_E,fine,Phenotype_E_DDPM.pt,11825,16.51536312849162,716.0,0.1508650892972946
Phenotype_E,fine,Phenotype_E_DDPM.pt,11850,16.550279329608937,716.0,0.15777992725372314
Phenotype_E,fine,Phenotype_E_DDPM.pt,11875,16.585195530726256,716.0,0.1496310693025589
Phenotype_E,fine,Phenotype_E_DDPM.pt,11900,16.620111731843576,716.0,0.1578461092710495
Phenotype_E,fine,Phenotype_E_DDPM.pt,11925,16.655027932960895,716.0,0.14500912874937058
Phenotype_E,fine,Phenotype_E_DDPM.pt,11950,16.689944134078214,716.0,0.14798238813877107
Phenotype_E,fine,Phenotype_E_DDPM.pt,11975,16.72486033519553,716.0,0.14806994438171386
Phenotype_E,fine,Phenotype_E_DDPM.pt,12000,16.75977653631285,716.0,0.1441906389594078
Phenotype_E,fine,Phenotype_E_DDPM.pt,12025,16.794692737430168,716.0,0.13730491667985917
Phenotype_E,fine,Phenotype_E_DDPM.pt,12050,16.829608938547487,716.0,0.151895994246006
Phenotype_E,fine,Phenotype_E_DDPM.pt,12075,16.864525139664803,716.0,0.14696250349283219
Phenotype_E,fine,Phenotype_E_DDPM.pt,12100,16.899441340782122,716.0,0.16438185572624206
Phenotype_E,fine,Phenotype_E_DDPM.pt,12125,16.93435754189944,716.0,0.1478683626651764
Phenotype_E,fine,Phenotype_E_DDPM.pt,12150,16.96927374301676,716.0,0.14139302760362626
Phenotype_E,fine,Phenotype_E_DDPM.pt,12175,17.00418994413408,716.0,0.1613997346162796
Phenotype_E,fine,Phenotype_E_DDPM.pt,12200,17.039106145251395,716.0,0.14889271706342697
Phenotype_E,fine,Phenotype_E_DDPM.pt,12225,17.074022346368714,716.0,0.15528385788202287
Phenotype_E,fine,Phenotype_E_DDPM.pt,12250,17.108938547486034,716.0,0.15467120051383973
Phenotype_E,fine,Phenotype_E_DDPM.pt,12275,17.143854748603353,716.0,0.15697030305862428
Phenotype_E,fine,Phenotype_E_DDPM.pt,12300,17.178770949720672,716.0,0.1478425979614258
Phenotype_E,fine,Phenotype_E_DDPM.pt,12325,17.213687150837988,716.0,0.1533178535103798
Phenotype_E,fine,Phenotype_E_DDPM.pt,12350,17.248603351955307,716.0,0.14396686285734175
Phenotype_E,fine,Phenotype_E_DDPM.pt,12375,17.283519553072626,716.0,0.15258019149303437
Phenotype_E,fine,Phenotype_E_DDPM.pt,12400,17.318435754189945,716.0,0.14405082553625106
Phenotype_E,fine,Phenotype_E_DDPM.pt,12425,17.35335195530726,716.0,0.1492423900961876
Phenotype_E,fine,Phenotype_E_DDPM.pt,12450,17.38826815642458,716.0,0.14199196457862853
Phenotype_E,fine,Phenotype_E_DDPM.pt,12475,17.4231843575419,716.0,0.1376390853524208
Phenotype_E,fine,Phenotype_E_DDPM.pt,12500,17.45810055865922,716.0,0.1432255983352661
Phenotype_E,fine,Phenotype_E_DDPM.pt,12525,17.493016759776538,716.0,0.14149242520332336
Phenotype_E,fine,Phenotype_E_DDPM.pt,12550,17.527932960893853,716.0,0.15005353540182115
Phenotype_E,fine,Phenotype_E_DDPM.pt,12575,17.562849162011172,716.0,0.14121441245079042
Phenotype_E,fine,Phenotype_E_DDPM.pt,12600,17.59776536312849,716.0,0.15316994458436967
Phenotype_E,fine,Phenotype_E_DDPM.pt,12625,17.63268156424581,716.0,0.16104059606790544
Phenotype_E,fine,Phenotype_E_DDPM.pt,12650,17.66759776536313,716.0,0.15526018500328065
Phenotype_E,fine,Phenotype_E_DDPM.pt,12675,17.702513966480446,716.0,0.15677536487579347
Phenotype_E,fine,Phenotype_E_DDPM.pt,12700,17.737430167597765,716.0,0.15328386843204497
Phenotype_E,fine,Phenotype_E_DDPM.pt,12725,17.772346368715084,716.0,0.14770697683095932
Phenotype_E,fine,Phenotype_E_DDPM.pt,12750,17.807262569832403,716.0,0.14598453611135484
Phenotype_E,fine,Phenotype_E_DDPM.pt,12775,17.842178770949722,716.0,0.15024986177682875
Phenotype_E,fine,Phenotype_E_DDPM.pt,12800,17.877094972067038,716.0,0.14068767040967942
Phenotype_E,fine,Phenotype_E_DDPM.pt,12825,17.912011173184357,716.0,0.15899870812892913
Phenotype_E,fine,Phenotype_E_DDPM.pt,12850,17.946927374301676,716.0,0.15742320477962493
Phenotype_E,fine,Phenotype_E_DDPM.pt,12875,17.981843575418996,716.0,0.14825255662202835
Phenotype_E,fine,Phenotype_E_DDPM.pt,12900,18.01675977653631,716.0,0.16166999369859694
Phenotype_E,fine,Phenotype_E_DDPM.pt,12925,18.05167597765363,716.0,0.14934721261262893
Phenotype_E,fine,Phenotype_E_DDPM.pt,12950,18.08659217877095,716.0,0.15269626498222352
Phenotype_E,fine,Phenotype_E_DDPM.pt,12975,18.12150837988827,716.0,0.1504793119430542
Phenotype_E,fine,Phenotype_E_DDPM.pt,13000,18.156424581005588,716.0,0.14323191046714784
Phenotype_E,fine,Phenotype_E_DDPM.pt,13025,18.191340782122904,716.0,0.1571473491191864
Phenotype_E,fine,Phenotype_E_DDPM.pt,13050,18.226256983240223,716.0,0.1488618978857994
Phenotype_E,fine,Phenotype_E_DDPM.pt,13075,18.261173184357542,716.0,0.15308839976787567
Phenotype_E,fine,Phenotype_E_DDPM.pt,13100,18.29608938547486,716.0,0.14041666358709334
Phenotype_E,fine,Phenotype_E_DDPM.pt,13125,18.33100558659218,716.0,0.1521664533019066
Phenotype_E,fine,Phenotype_E_DDPM.pt,13150,18.365921787709496,716.0,0.14270590603351593
Phenotype_E,fine,Phenotype_E_DDPM.pt,13175,18.400837988826815,716.0,0.14456703305244445
Phenotype_E,fine,Phenotype_E_DDPM.pt,13200,18.435754189944134,716.0,0.15469625294208528
Phenotype_E,fine,Phenotype_E_DDPM.pt,13225,18.470670391061454,716.0,0.13180119007825852
Phenotype_E,fine,Phenotype_E_DDPM.pt,13250,18.50558659217877,716.0,0.14932346999645232
Phenotype_E,fine,Phenotype_E_DDPM.pt,13275,18.54050279329609,716.0,0.14811152696609498
Phenotype_E,fine,Phenotype_E_DDPM.pt,13300,18.575418994413408,716.0,0.13802057832479478
Phenotype_E,fine,Phenotype_E_DDPM.pt,13325,18.610335195530727,716.0,0.14444722086191178
Phenotype_E,fine,Phenotype_E_DDPM.pt,13350,18.645251396648046,716.0,0.1520938402414322
Phenotype_E,fine,Phenotype_E_DDPM.pt,13375,18.68016759776536,716.0,0.14948943257331848
Phenotype_E,fine,Phenotype_E_DDPM.pt,13400,18.71508379888268,716.0,0.15645181089639665
Phenotype_E,fine,Phenotype_E_DDPM.pt,13425,18.75,716.0,0.1552487814426422
Phenotype_E,fine,Phenotype_E_DDPM.pt,13450,18.78491620111732,716.0,0.15348054111003875
Phenotype_E,fine,Phenotype_E_DDPM.pt,13475,18.81983240223464,716.0,0.14243415206670762
Phenotype_E,fine,Phenotype_E_DDPM.pt,13500,18.854748603351954,716.0,0.15571166455745697
Phenotype_E,fine,Phenotype_E_DDPM.pt,13525,18.889664804469273,716.0,0.16578308820724488
Phenotype_E,fine,Phenotype_E_DDPM.pt,13550,18.924581005586592,716.0,0.16976350396871567
Phenotype_E,fine,Phenotype_E_DDPM.pt,13575,18.95949720670391,716.0,0.14989954978227615
Phenotype_E,fine,Phenotype_E_DDPM.pt,13600,18.99441340782123,716.0,0.14545295625925064
Phenotype_E,fine,Phenotype_E_DDPM.pt,13625,19.029329608938546,716.0,0.14686536639928818
Phenotype_E,fine,Phenotype_E_DDPM.pt,13650,19.064245810055866,716.0,0.14419734448194504
Phenotype_E,fine,Phenotype_E_DDPM.pt,13675,19.099162011173185,716.0,0.15182218044996262
Phenotype_E,fine,Phenotype_E_DDPM.pt,13700,19.134078212290504,716.0,0.15283659249544143
Phenotype_E,fine,Phenotype_E_DDPM.pt,13725,19.16899441340782,716.0,0.15059764862060546
Phenotype_E,fine,Phenotype_E_DDPM.pt,13750,19.20391061452514,716.0,0.14204736828804015
Phenotype_E,fine,Phenotype_E_DDPM.pt,13775,19.238826815642458,716.0,0.1654844269156456
Phenotype_E,fine,Phenotype_E_DDPM.pt,13800,19.273743016759777,716.0,0.14118414431810378
Phenotype_E,fine,Phenotype_E_DDPM.pt,13825,19.308659217877096,716.0,0.15236509829759598
Phenotype_E,fine,Phenotype_E_DDPM.pt,13850,19.343575418994412,716.0,0.15189270049333572
Phenotype_E,fine,Phenotype_E_DDPM.pt,13875,19.37849162011173,716.0,0.15000341325998306
Phenotype_E,fine,Phenotype_E_DDPM.pt,13900,19.41340782122905,716.0,0.14967973172664642
Phenotype_E,fine,Phenotype_E_DDPM.pt,13925,19.44832402234637,716.0,0.1452169018983841
Phenotype_E,fine,Phenotype_E_DDPM.pt,13950,19.48324022346369,716.0,0.14427561521530152
Phenotype_E,fine,Phenotype_E_DDPM.pt,13975,19.518156424581004,716.0,0.148335063457489
Phenotype_E,fine,Phenotype_E_DDPM.pt,14000,19.553072625698324,716.0,0.1535213667154312
Phenotype_E,fine,Phenotype_E_DDPM.pt,14025,19.587988826815643,716.0,0.15479838311672212
Phenotype_E,fine,Phenotype_E_DDPM.pt,14050,19.622905027932962,716.0,0.15653201580047607
Phenotype_E,fine,Phenotype_E_DDPM.pt,14075,19.657821229050278,716.0,0.14821367412805558
Phenotype_E,fine,Phenotype_E_DDPM.pt,14100,19.692737430167597,716.0,0.1540667110681534
Phenotype_E,fine,Phenotype_E_DDPM.pt,14125,19.727653631284916,716.0,0.1428060430288315
Phenotype_E,fine,Phenotype_E_DDPM.pt,14150,19.762569832402235,716.0,0.15560946106910706
Phenotype_E,fine,Phenotype_E_DDPM.pt,14175,19.797486033519554,716.0,0.15249503880739212
Phenotype_E,fine,Phenotype_E_DDPM.pt,14200,19.83240223463687,716.0,0.1506354331970215
Phenotype_E,fine,Phenotype_E_DDPM.pt,14225,19.86731843575419,716.0,0.13716901570558548
Phenotype_E,fine,Phenotype_E_DDPM.pt,14250,19.90223463687151,716.0,0.15920288860797882
Phenotype_E,fine,Phenotype_E_DDPM.pt,14275,19.937150837988828,716.0,0.15636239260435103
Phenotype_E,fine,Phenotype_E_DDPM.pt,14300,19.972067039106147,716.0,0.15850715070962906
Phenotype_E,fine,Phenotype_E_DDPM.pt,14320,20.0,716.0,0.15786430314183236
Phenotype_E,coarse,Phenotype_E_DDPM.pt,25,0.14285714285714285,175.0,0.35765907168388367
Phenotype_E,coarse,Phenotype_E_DDPM.pt,50,0.2857142857142857,175.0,0.2346121072769165
Phenotype_E,coarse,Phenotype_E_DDPM.pt,75,0.42857142857142855,175.0,0.2565215229988098
Phenotype_E,coarse,Phenotype_E_DDPM.pt,100,0.5714285714285714,175.0,0.278038889169693
Phenotype_E,coarse,Phenotype_E_DDPM.pt,125,0.7142857142857143,175.0,0.10118043422698975
Phenotype_E,coarse,Phenotype_E_DDPM.pt,150,0.8571428571428571,175.0,0.19555433094501495
Phenotype_E,coarse,Phenotype_E_DDPM.pt,175,1.0,175.0,0.18499913811683655
Phenotype_E,coarse,Phenotype_E_DDPM.pt,200,1.1428571428571428,175.0,0.10232079029083252
Phenotype_E,coarse,Phenotype_E_DDPM.pt,225,1.2857142857142858,175.0,0.18667423725128174
Phenotype_E,coarse,Phenotype_E_DDPM.pt,250,1.4285714285714286,175.0,0.1571207344532013
Phenotype_E,coarse,Phenotype_E_DDPM.pt,275,1.5714285714285714,175.0,0.19888606667518616
Phenotype_E,coarse,Phenotype_E_DDPM.pt,300,1.7142857142857142,175.0,0.13457752764225006
Phenotype_E,coarse,Phenotype_E_DDPM.pt,325,1.8571428571428572,175.0,0.1662096530199051
Phenotype_E,coarse,Phenotype_E_DDPM.pt,350,2.0,175.0,0.1374196708202362
Phenotype_E,coarse,Phenotype_E_DDPM.pt,375,2.142857142857143,175.0,0.15895459055900574
Phenotype_E,coarse,Phenotype_E_DDPM.pt,400,2.2857142857142856,175.0,0.11842622607946396
Phenotype_E,coarse,Phenotype_E_DDPM.pt,425,2.4285714285714284,175.0,0.12009656429290771
Phenotype_E,coarse,Phenotype_E_DDPM.pt,450,2.5714285714285716,175.0,0.08022433519363403
Phenotype_E,coarse,Phenotype_E_DDPM.pt,475,2.7142857142857144,175.0,0.12393143773078918
Phenotype_E,coarse,Phenotype_E_DDPM.pt,500,2.857142857142857,175.0,0.10238248854875565
Phenotype_E,coarse,Phenotype_E_DDPM.pt,525,3.0,175.0,0.13519737124443054
Phenotype_E,coarse,Phenotype_E_DDPM.pt,550,3.142857142857143,175.0,0.09766776859760284
Phenotype_E,coarse,Phenotype_E_DDPM.pt,575,3.2857142857142856,175.0,0.19944685697555542
Phenotype_E,coarse,Phenotype_E_DDPM.pt,600,3.4285714285714284,175.0,0.09970595687627792
Phenotype_E,coarse,Phenotype_E_DDPM.pt,625,3.5714285714285716,175.0,0.10458987951278687
Phenotype_E,coarse,Phenotype_E_DDPM.pt,650,3.7142857142857144,175.0,0.13212451338768005
Phenotype_E,coarse,Phenotype_E_DDPM.pt,675,3.857142857142857,175.0,0.10873434692621231
Phenotype_E,coarse,Phenotype_E_DDPM.pt,700,4.0,175.0,0.09162689745426178
Phenotype_E,coarse,Phenotype_E_DDPM.pt,725,4.142857142857143,175.0,0.1674436330795288
Phenotype_E,coarse,Phenotype_E_DDPM.pt,750,4.285714285714286,175.0,0.08723436295986176
Phenotype_E,coarse,Phenotype_E_DDPM.pt,775,4.428571428571429,175.0,0.12261295318603516
Phenotype_E,coarse,Phenotype_E_DDPM.pt,800,4.571428571428571,175.0,0.16202238202095032
Phenotype_E,coarse,Phenotype_E_DDPM.pt,825,4.714285714285714,175.0,0.15858690440654755
Phenotype_E,coarse,Phenotype_E_DDPM.pt,850,4.857142857142857,175.0,0.15932875871658325
Phenotype_E,coarse,Phenotype_E_DDPM.pt,875,5.0,175.0,0.15790440142154694
Phenotype_E,coarse,Phenotype_E_DDPM.pt,900,5.142857142857143,175.0,0.09885674715042114
Phenotype_E,coarse,Phenotype_E_DDPM.pt,925,5.285714285714286,175.0,0.1088763102889061
Phenotype_E,coarse,Phenotype_E_DDPM.pt,950,5.428571428571429,175.0,0.1248963251709938
Phenotype_E,coarse,Phenotype_E_DDPM.pt,975,5.571428571428571,175.0,0.10245048999786377
Phenotype_E,coarse,Phenotype_E_DDPM.pt,1000,5.714285714285714,175.0,0.10386860370635986
Phenotype_E,coarse,Phenotype_E_DDPM.pt,1025,5.857142857142857,175.0,0.09391218423843384
Phenotype_E,coarse,Phenotype_E_DDPM.pt,1050,6.0,175.0,0.07596486806869507
Phenotype_E,coarse,Phenotype_E_DDPM.pt,1075,6.142857142857143,175.0,0.10179436951875687
Phenotype_E,coarse,Phenotype_E_DDPM.pt,1100,6.285714285714286,175.0,0.11375419795513153
Phenotype_E,coarse,Phenotype_E_DDPM.pt,1125,6.428571428571429,175.0,0.10544843971729279
Phenotype_E,coarse,Phenotype_E_DDPM.pt,1150,6.571428571428571,175.0,0.04672064632177353
Phenotype_E,coarse,Phenotype_E_DDPM.pt,1175,6.714285714285714,175.0,0.08160395175218582
Phenotype_E,coarse,Phenotype_E_DDPM.pt,1200,6.857142857142857,175.0,0.10501358658075333
Phenotype_E,coarse,Phenotype_E_DDPM.pt,1225,7.0,175.0,0.10832228511571884
Phenotype_E,coarse,Phenotype_E_DDPM.pt,1250,7.142857142857143,175.0,0.07067186385393143
Phenotype_E,coarse,Phenotype_E_DDPM.pt,1275,7.285714285714286,175.0,0.08214166760444641
Phenotype_E,coarse,Phenotype_E_DDPM.pt,1300,7.428571428571429,175.0,0.09459961950778961
Phenotype_E,coarse,Phenotype_E_DDPM.pt,1325,7.571428571428571,175.0,0.05673690885305405
Phenotype_E,coarse,Phenotype_E_DDPM.pt,1350,7.714285714285714,175.0,0.12391874194145203
Phenotype_E,coarse,Phenotype_E_DDPM.pt,1375,7.857142857142857,175.0,0.11305981874465942
Phenotype_E,coarse,Phenotype_E_DDPM.pt,1400,8.0,175.0,0.060598768293857574
Phenotype_E,coarse,Phenotype_E_DDPM.pt,1425,8.142857142857142,175.0,0.10142987966537476
Phenotype_E,coarse,Phenotype_E_DDPM.pt,1450,8.285714285714286,175.0,0.09587015211582184
Phenotype_E,coarse,Phenotype_E_DDPM.pt,1475,8.428571428571429,175.0,0.08214768022298813
Phenotype_E,coarse,Phenotype_E_DDPM.pt,1500,8.571428571428571,175.0,0.06504665315151215
Phenotype_E,coarse,Phenotype_E_DDPM.pt,1525,8.714285714285714,175.0,0.08640094101428986
Phenotype_E,coarse,Phenotype_E_DDPM.pt,1550,8.857142857142858,175.0,0.047421518713235855
Phenotype_E,coarse,Phenotype_E_DDPM.pt,1575,9.0,175.0,0.032699719071388245
Phenotype_E,coarse,Phenotype_E_DDPM.pt,1600,9.142857142857142,175.0,0.08400852978229523
Phenotype_E,coarse,Phenotype_E_DDPM.pt,1625,9.285714285714286,175.0,0.10898709297180176
Phenotype_E,coarse,Phenotype_E_DDPM.pt,1650,9.428571428571429,175.0,0.04722613841295242
Phenotype_E,coarse,Phenotype_E_DDPM.pt,1675,9.571428571428571,175.0,0.04516731947660446
Phenotype_E,coarse,Phenotype_E_DDPM.pt,1700,9.714285714285714,175.0,0.10708865523338318
Phenotype_E,coarse,Phenotype_E_DDPM.pt,1725,9.857142857142858,175.0,0.05386994034051895
Phenotype_E,coarse,Phenotype_E_DDPM.pt,1750,10.0,175.0,0.17958898842334747
Phenotype_E,coarse,Phenotype_E_DDPM.pt,1775,10.142857142857142,175.0,0.09368865191936493
Phenotype_E,coarse,Phenotype_E_DDPM.pt,1800,10.285714285714286,175.0,0.09655477106571198
Phenotype_E,coarse,Phenotype_E_DDPM.pt,1825,10.428571428571429,175.0,0.060705311596393585
Phenotype_E,coarse,Phenotype_E_DDPM.pt,1850,10.571428571428571,175.0,0.08067184686660767
Phenotype_E,coarse,Phenotype_E_DDPM.pt,1875,10.714285714285714,175.0,0.060808200389146805
Phenotype_E,coarse,Phenotype_E_DDPM.pt,1900,10.857142857142858,175.0,0.10656477510929108
Phenotype_E,coarse,Phenotype_E_DDPM.pt,1925,11.0,175.0,0.056985318660736084
Phenotype_E,coarse,Phenotype_E_DDPM.pt,1950,11.142857142857142,175.0,0.1450672447681427
Phenotype_E,coarse,Phenotype_E_DDPM.pt,1975,11.285714285714286,175.0,0.11117909848690033
Phenotype_E,coarse,Phenotype_E_DDPM.pt,2000,11.428571428571429,175.0,0.09535178542137146
Phenotype_E,coarse,Phenotype_E_DDPM.pt,2025,11.571428571428571,175.0,0.057036157697439194
Phenotype_E,coarse,Phenotype_E_DDPM.pt,2050,11.714285714285714,175.0,0.04602842032909393
Phenotype_E,coarse,Phenotype_E_DDPM.pt,2075,11.857142857142858,175.0,0.06559914350509644
Phenotype_E,coarse,Phenotype_E_DDPM.pt,2100,12.0,175.0,0.07671082019805908
Phenotype_E,coarse,Phenotype_E_DDPM.pt,2125,12.142857142857142,175.0,0.028437480330467224
Phenotype_E,coarse,Phenotype_E_DDPM.pt,2150,12.285714285714286,175.0,0.01887619122862816
Phenotype_E,coarse,Phenotype_E_DDPM.pt,2175,12.428571428571429,175.0,0.051233112812042236
Phenotype_E,coarse,Phenotype_E_DDPM.pt,2200,12.571428571428571,175.0,0.047310538589954376
Phenotype_E,coarse,Phenotype_E_DDPM.pt,2225,12.714285714285714,175.0,0.06637772917747498
Phenotype_E,coarse,Phenotype_E_DDPM.pt,2250,12.857142857142858,175.0,0.03274814784526825
Phenotype_E,coarse,Phenotype_E_DDPM.pt,2275,13.0,175.0,0.06265291571617126
Phenotype_E,coarse,Phenotype_E_DDPM.pt,2300,13.142857142857142,175.0,0.02498842217028141
Phenotype_E,coarse,Phenotype_E_DDPM.pt,2325,13.285714285714286,175.0,0.04824212193489075
Phenotype_E,coarse,Phenotype_E_DDPM.pt,2350,13.428571428571429,175.0,0.1030958890914917
Phenotype_E,coarse,Phenotype_E_DDPM.pt,2375,13.571428571428571,175.0,0.056637294590473175
Phenotype_E,coarse,Phenotype_E_DDPM.pt,2400,13.714285714285714,175.0,0.019276374951004982
Phenotype_E,coarse,Phenotype_E_DDPM.pt,2425,13.857142857142858,175.0,0.03805777430534363
Phenotype_E,coarse,Phenotype_E_DDPM.pt,2450,14.0,175.0,0.08355681598186493
Phenotype_E,coarse,Phenotype_E_DDPM.pt,2475,14.142857142857142,175.0,0.08966588973999023
Phenotype_E,coarse,Phenotype_E_DDPM.pt,2500,14.285714285714286,175.0,0.026522239670157433
Phenotype_E,coarse,Phenotype_E_DDPM.pt,2525,14.428571428571429,175.0,0.09356120973825455
Phenotype_E,coarse,Phenotype_E_DDPM.pt,2550,14.571428571428571,175.0,0.03924702852964401
Phenotype_E,coarse,Phenotype_E_DDPM.pt,2575,14.714285714285714,175.0,0.04121255502104759
Phenotype_E,coarse,Phenotype_E_DDPM.pt,2600,14.857142857142858,175.0,0.027999550104141235
Phenotype_E,coarse,Phenotype_E_DDPM.pt,2625,15.0,175.0,0.06276316195726395
Phenotype_E,coarse,Phenotype_E_DDPM.pt,2650,15.142857142857142,175.0,0.08226047456264496
Phenotype_E,coarse,Phenotype_E_DDPM.pt,2675,15.285714285714286,175.0,0.023048199713230133
Phenotype_E,coarse,Phenotype_E_DDPM.pt,2700,15.428571428571429,175.0,0.07658372819423676
Phenotype_E,coarse,Phenotype_E_DDPM.pt,2725,15.571428571428571,175.0,0.03578690439462662
Phenotype_E,coarse,Phenotype_E_DDPM.pt,2750,15.714285714285714,175.0,0.02697516232728958
Phenotype_E,coarse,Phenotype_E_DDPM.pt,2775,15.857142857142858,175.0,0.0744103267788887
Phenotype_E,coarse,Phenotype_E_DDPM.pt,2800,16.0,175.0,0.027445536106824875
Phenotype_E,coarse,Phenotype_E_DDPM.pt,2825,16.142857142857142,175.0,0.057410139590501785
Phenotype_E,coarse,Phenotype_E_DDPM.pt,2850,16.285714285714285,175.0,0.037276968359947205
Phenotype_E,coarse,Phenotype_E_DDPM.pt,2875,16.428571428571427,175.0,0.029077209532260895
Phenotype_E,coarse,Phenotype_E_DDPM.pt,2900,16.571428571428573,175.0,0.08338367938995361
Phenotype_E,coarse,Phenotype_E_DDPM.pt,2925,16.714285714285715,175.0,0.0400867760181427
Phenotype_E,coarse,Phenotype_E_DDPM.pt,2950,16.857142857142858,175.0,0.05123929679393768
Phenotype_E,coarse,Phenotype_E_DDPM.pt,2975,17.0,175.0,0.024450182914733887
Phenotype_E,coarse,Phenotype_E_DDPM.pt,3000,17.142857142857142,175.0,0.06534380465745926
Phenotype_E,coarse,Phenotype_E_DDPM.pt,3025,17.285714285714285,175.0,0.04213763400912285
Phenotype_E,coarse,Phenotype_E_DDPM.pt,3050,17.428571428571427,175.0,0.04439464956521988
Phenotype_E,coarse,Phenotype_E_DDPM.pt,3075,17.571428571428573,175.0,0.06639364361763
Phenotype_E,coarse,Phenotype_E_DDPM.pt,3100,17.714285714285715,175.0,0.08342607319355011
Phenotype_E,coarse,Phenotype_E_DDPM.pt,3125,17.857142857142858,175.0,0.03981814533472061
Phenotype_E,coarse,Phenotype_E_DDPM.pt,3150,18.0,175.0,0.08456534147262573
Phenotype_E,coarse,Phenotype_E_DDPM.pt,3175,18.142857142857142,175.0,0.03971057012677193
Phenotype_E,coarse,Phenotype_E_DDPM.pt,3200,18.285714285714285,175.0,0.0935116857290268
Phenotype_E,coarse,Phenotype_E_DDPM.pt,3225,18.428571428571427,175.0,0.034550633281469345
Phenotype_E,coarse,Phenotype_E_DDPM.pt,3250,18.571428571428573,175.0,0.03295905888080597
Phenotype_E,coarse,Phenotype_E_DDPM.pt,3275,18.714285714285715,175.0,0.0585305318236351
Phenotype_E,coarse,Phenotype_E_DDPM.pt,3300,18.857142857142858,175.0,0.031672291457653046
Phenotype_E,coarse,Phenotype_E_DDPM.pt,3325,19.0,175.0,0.059207215905189514
Phenotype_E,coarse,Phenotype_E_DDPM.pt,3350,19.142857142857142,175.0,0.11167851835489273
Phenotype_E,coarse,Phenotype_E_DDPM.pt,3375,19.285714285714285,175.0,0.08305133879184723
Phenotype_E,coarse,Phenotype_E_DDPM.pt,3400,19.428571428571427,175.0,0.04899623990058899
Phenotype_E,coarse,Phenotype_E_DDPM.pt,3425,19.571428571428573,175.0,0.08374786376953125
Phenotype_E,coarse,Phenotype_E_DDPM.pt,3450,19.714285714285715,175.0,0.027275672182440758
Phenotype_E,coarse,Phenotype_E_DDPM.pt,3475,19.857142857142858,175.0,0.07239718735218048
Phenotype_E,coarse,Phenotype_E_DDPM.pt,3500,20.0,175.0,0.03378097712993622
Phenotype_E,coarse,Phenotype_E_DDPM.pt,3525,20.142857142857142,175.0,0.035940058529376984
Phenotype_E,coarse,Phenotype_E_DDPM.pt,3550,20.285714285714285,175.0,0.07907120138406754
Phenotype_E,coarse,Phenotype_E_DDPM.pt,3575,20.428571428571427,175.0,0.02636135369539261
Phenotype_E,coarse,Phenotype_E_DDPM.pt,3600,20.571428571428573,175.0,0.051537707448005676
Phenotype_E,coarse,Phenotype_E_DDPM.pt,3625,20.714285714285715,175.0,0.07020971179008484
Phenotype_E,coarse,Phenotype_E_DDPM.pt,3650,20.857142857142858,175.0,0.01913624070584774
Phenotype_E,coarse,Phenotype_E_DDPM.pt,3675,21.0,175.0,0.039001449942588806
Phenotype_E,coarse,Phenotype_E_DDPM.pt,3700,21.142857142857142,175.0,0.03037620708346367
Phenotype_E,coarse,Phenotype_E_DDPM.pt,3725,21.285714285714285,175.0,0.05357110872864723
Phenotype_E,coarse,Phenotype_E_DDPM.pt,3750,21.428571428571427,175.0,0.021124426275491714
Phenotype_E,coarse,Phenotype_E_DDPM.pt,3775,21.571428571428573,175.0,0.0421910360455513
Phenotype_E,coarse,Phenotype_E_DDPM.pt,3800,21.714285714285715,175.0,0.03540806472301483
Phenotype_E,coarse,Phenotype_E_DDPM.pt,3825,21.857142857142858,175.0,0.033546723425388336
Phenotype_E,coarse,Phenotype_E_DDPM.pt,3850,22.0,175.0,0.029457567259669304
Phenotype_E,coarse,Phenotype_E_DDPM.pt,3875,22.142857142857142,175.0,0.05861383676528931
Phenotype_E,coarse,Phenotype_E_DDPM.pt,3900,22.285714285714285,175.0,0.048821836709976196
Phenotype_E,coarse,Phenotype_E_DDPM.pt,3925,22.428571428571427,175.0,0.028515631332993507
Phenotype_E,coarse,Phenotype_E_DDPM.pt,3950,22.571428571428573,175.0,0.0728551521897316
Phenotype_E,coarse,Phenotype_E_DDPM.pt,3975,22.714285714285715,175.0,0.03363580256700516
Phenotype_E,coarse,Phenotype_E_DDPM.pt,4000,22.857142857142858,175.0,0.04548491910099983
Phenotype_E,coarse,Phenotype_E_DDPM.pt,4025,23.0,175.0,0.027831224724650383
Phenotype_E,coarse,Phenotype_E_DDPM.pt,4050,23.142857142857142,175.0,0.0593203604221344
Phenotype_E,coarse,Phenotype_E_DDPM.pt,4075,23.285714285714285,175.0,0.014074201695621014
Phenotype_E,coarse,Phenotype_E_DDPM.pt,4100,23.428571428571427,175.0,0.02363114058971405
Phenotype_E,coarse,Phenotype_E_DDPM.pt,4125,23.571428571428573,175.0,0.022349920123815536
Phenotype_E,coarse,Phenotype_E_DDPM.pt,4150,23.714285714285715,175.0,0.05698225647211075
Phenotype_E,coarse,Phenotype_E_DDPM.pt,4175,23.857142857142858,175.0,0.06503645330667496
Phenotype_E,coarse,Phenotype_E_DDPM.pt,4200,24.0,175.0,0.05909181013703346
Phenotype_E,coarse,Phenotype_E_DDPM.pt,4225,24.142857142857142,175.0,0.038036786019802094
Phenotype_E,coarse,Phenotype_E_DDPM.pt,4250,24.285714285714285,175.0,0.030541157349944115
Phenotype_E,coarse,Phenotype_E_DDPM.pt,4275,24.428571428571427,175.0,0.06918381154537201
Phenotype_E,coarse,Phenotype_E_DDPM.pt,4300,24.571428571428573,175.0,0.05665983259677887
Phenotype_E,coarse,Phenotype_E_DDPM.pt,4325,24.714285714285715,175.0,0.023394854739308357
Phenotype_E,coarse,Phenotype_E_DDPM.pt,4350,24.857142857142858,175.0,0.045485422015190125
Phenotype_E,coarse,Phenotype_E_DDPM.pt,4375,25.0,175.0,0.02950614131987095
Phenotype_E,coarse,Phenotype_E_DDPM.pt,4400,25.142857142857142,175.0,0.02368634194135666
Phenotype_E,coarse,Phenotype_E_DDPM.pt,4425,25.285714285714285,175.0,0.06379811465740204
Phenotype_E,coarse,Phenotype_E_DDPM.pt,4450,25.428571428571427,175.0,0.027815569192171097
Phenotype_E,coarse,Phenotype_E_DDPM.pt,4475,25.571428571428573,175.0,0.024654529988765717
Phenotype_E,coarse,Phenotype_E_DDPM.pt,4500,25.714285714285715,175.0,0.03394293040037155
Phenotype_E,coarse,Phenotype_E_DDPM.pt,4525,25.857142857142858,175.0,0.047512032091617584
Phenotype_E,coarse,Phenotype_E_DDPM.pt,4550,26.0,175.0,0.04000096023082733
Phenotype_E,coarse,Phenotype_E_DDPM.pt,4575,26.142857142857142,175.0,0.014001262374222279
Phenotype_E,coarse,Phenotype_E_DDPM.pt,4600,26.285714285714285,175.0,0.0897333025932312
Phenotype_E,coarse,Phenotype_E_DDPM.pt,4625,26.428571428571427,175.0,0.03021536022424698
Phenotype_E,coarse,Phenotype_E_DDPM.pt,4650,26.571428571428573,175.0,0.04601871222257614
Phenotype_E,coarse,Phenotype_E_DDPM.pt,4675,26.714285714285715,175.0,0.04941762238740921
Phenotype_E,coarse,Phenotype_E_DDPM.pt,4700,26.857142857142858,175.0,0.06530752778053284
Phenotype_E,coarse,Phenotype_E_DDPM.pt,4725,27.0,175.0,0.034211669117212296
Phenotype_E,coarse,Phenotype_E_DDPM.pt,4750,27.142857142857142,175.0,0.04554891958832741
Phenotype_E,coarse,Phenotype_E_DDPM.pt,4775,27.285714285714285,175.0,0.013527469709515572
Phenotype_E,coarse,Phenotype_E_DDPM.pt,4800,27.428571428571427,175.0,0.032909996807575226
Phenotype_E,coarse,Phenotype_E_DDPM.pt,4825,27.571428571428573,175.0,0.02528393641114235
Phenotype_E,coarse,Phenotype_E_DDPM.pt,4850,27.714285714285715,175.0,0.020596861839294434
Phenotype_E,coarse,Phenotype_E_DDPM.pt,4875,27.857142857142858,175.0,0.05222714692354202
Phenotype_E,coarse,Phenotype_E_DDPM.pt,4900,28.0,175.0,0.016611982136964798
Phenotype_E,coarse,Phenotype_E_DDPM.pt,4925,28.142857142857142,175.0,0.014893393963575363
Phenotype_E,coarse,Phenotype_E_DDPM.pt,4950,28.285714285714285,175.0,0.047900907695293427
Phenotype_E,coarse,Phenotype_E_DDPM.pt,4975,28.428571428571427,175.0,0.05506256967782974
Phenotype_E,coarse,Phenotype_E_DDPM.pt,5000,28.571428571428573,175.0,0.051795683801174164
Phenotype_E,coarse,Phenotype_E_DDPM.pt,5025,28.714285714285715,175.0,0.038825925439596176
Phenotype_E,coarse,Phenotype_E_DDPM.pt,5050,28.857142857142858,175.0,0.04247644171118736
Phenotype_E,coarse,Phenotype_E_DDPM.pt,5075,29.0,175.0,0.03800172358751297
Phenotype_E,coarse,Phenotype_E_DDPM.pt,5100,29.142857142857142,175.0,0.04870854318141937
Phenotype_E,coarse,Phenotype_E_DDPM.pt,5125,29.285714285714285,175.0,0.06245145574212074
Phenotype_E,coarse,Phenotype_E_DDPM.pt,5150,29.428571428571427,175.0,0.03597031533718109
Phenotype_E,coarse,Phenotype_E_DDPM.pt,5175,29.571428571428573,175.0,0.023817893117666245
Phenotype_E,coarse,Phenotype_E_DDPM.pt,5200,29.714285714285715,175.0,0.04736328125
Phenotype_E,coarse,Phenotype_E_DDPM.pt,5225,29.857142857142858,175.0,0.01660875231027603
Phenotype_E,coarse,Phenotype_E_DDPM.pt,5250,30.0,175.0,0.03367441147565842
Phenotype_E,coarse,Phenotype_E_DDPM.pt,5275,30.142857142857142,175.0,0.04535637050867081
Phenotype_E,coarse,Phenotype_E_DDPM.pt,5300,30.285714285714285,175.0,0.045670490711927414
Phenotype_E,coarse,Phenotype_E_DDPM.pt,5325,30.428571428571427,175.0,0.029144061729311943
Phenotype_E,coarse,Phenotype_E_DDPM.pt,5350,30.571428571428573,175.0,0.06201653927564621
Phenotype_E,coarse,Phenotype_E_DDPM.pt,5375,30.714285714285715,175.0,0.03192048519849777
Phenotype_E,coarse,Phenotype_E_DDPM.pt,5400,30.857142857142858,175.0,0.061503443866968155
Phenotype_E,coarse,Phenotype_E_DDPM.pt,5425,31.0,175.0,0.07102353870868683
Phenotype_E,coarse,Phenotype_E_DDPM.pt,5450,31.142857142857142,175.0,0.04239170253276825
Phenotype_E,coarse,Phenotype_E_DDPM.pt,5475,31.285714285714285,175.0,0.01791343092918396
Phenotype_E,coarse,Phenotype_E_DDPM.pt,5500,31.428571428571427,175.0,0.05086813494563103
Phenotype_E,coarse,Phenotype_E_DDPM.pt,5525,31.571428571428573,175.0,0.025891870260238647
Phenotype_E,coarse,Phenotype_E_DDPM.pt,5550,31.714285714285715,175.0,0.0324743278324604
Phenotype_E,coarse,Phenotype_E_DDPM.pt,5575,31.857142857142858,175.0,0.04170382767915726
Phenotype_E,coarse,Phenotype_E_DDPM.pt,5600,32.0,175.0,0.02004660665988922
Phenotype_E,coarse,Phenotype_E_DDPM.pt,5625,32.142857142857146,175.0,0.051396362483501434
Phenotype_E,coarse,Phenotype_E_DDPM.pt,5650,32.285714285714285,175.0,0.06677486002445221
Phenotype_E,coarse,Phenotype_E_DDPM.pt,5675,32.42857142857143,175.0,0.008250467479228973
Phenotype_E,coarse,Phenotype_E_DDPM.pt,5700,32.57142857142857,175.0,0.034503448754549026
Phenotype_E,coarse,Phenotype_E_DDPM.pt,5725,32.714285714285715,175.0,0.022019948810338974
Phenotype_E,coarse,Phenotype_E_DDPM.pt,5750,32.857142857142854,175.0,0.05520234629511833
Phenotype_E,coarse,Phenotype_E_DDPM.pt,5775,33.0,175.0,0.022675437852740288
Phenotype_E,coarse,Phenotype_E_DDPM.pt,5800,33.142857142857146,175.0,0.052441373467445374
Phenotype_E,coarse,Phenotype_E_DDPM.pt,5825,33.285714285714285,175.0,0.043380171060562134
Phenotype_E,coarse,Phenotype_E_DDPM.pt,5850,33.42857142857143,175.0,0.026755012571811676
Phenotype_E,coarse,Phenotype_E_DDPM.pt,5875,33.57142857142857,175.0,0.03301137685775757
Phenotype_E,coarse,Phenotype_E_DDPM.pt,5900,33.714285714285715,175.0,0.06255988776683807
Phenotype_E,coarse,Phenotype_E_DDPM.pt,5925,33.857142857142854,175.0,0.06765703856945038
Phenotype_E,coarse,Phenotype_E_DDPM.pt,5950,34.0,175.0,0.045217741280794144
Phenotype_E,coarse,Phenotype_E_DDPM.pt,5975,34.142857142857146,175.0,0.01565091870725155
Phenotype_E,coarse,Phenotype_E_DDPM.pt,6000,34.285714285714285,175.0,0.06468767672777176
Phenotype_E,coarse,Phenotype_E_DDPM.pt,6025,34.42857142857143,175.0,0.03537186235189438
Phenotype_E,coarse,Phenotype_E_DDPM.pt,6050,34.57142857142857,175.0,0.10775470733642578
Phenotype_E,coarse,Phenotype_E_DDPM.pt,6075,34.714285714285715,175.0,0.029152896255254745
Phenotype_E,coarse,Phenotype_E_DDPM.pt,6100,34.857142857142854,175.0,0.048594389110803604
Phenotype_E,coarse,Phenotype_E_DDPM.pt,6125,35.0,175.0,0.04025036096572876
Phenotype_E,coarse,Phenotype_E_DDPM.pt,6150,35.142857142857146,175.0,0.04845047369599342
Phenotype_E,coarse,Phenotype_E_DDPM.pt,6175,35.285714285714285,175.0,0.008734647184610367
Phenotype_E,coarse,Phenotype_E_DDPM.pt,6200,35.42857142857143,175.0,0.05800897628068924
Phenotype_E,coarse,Phenotype_E_DDPM.pt,6225,35.57142857142857,175.0,0.027675997465848923
Phenotype_E,coarse,Phenotype_E_DDPM.pt,6250,35.714285714285715,175.0,0.018880268558859825
Phenotype_E,coarse,Phenotype_E_DDPM.pt,6275,35.857142857142854,175.0,0.05885137990117073
Phenotype_E,coarse,Phenotype_E_DDPM.pt,6300,36.0,175.0,0.0383862629532814
Phenotype_E,coarse,Phenotype_E_DDPM.pt,6325,36.142857142857146,175.0,0.01103566400706768
Phenotype_E,coarse,Phenotype_E_DDPM.pt,6350,36.285714285714285,175.0,0.043159209191799164
Phenotype_E,coarse,Phenotype_E_DDPM.pt,6375,36.42857142857143,175.0,0.026454970240592957
Phenotype_E,coarse,Phenotype_E_DDPM.pt,6400,36.57142857142857,175.0,0.06503376364707947
Phenotype_E,coarse,Phenotype_E_DDPM.pt,6425,36.714285714285715,175.0,0.01741519197821617
Phenotype_E,coarse,Phenotype_E_DDPM.pt,6450,36.857142857142854,175.0,0.020398031920194626
Phenotype_E,coarse,Phenotype_E_DDPM.pt,6475,37.0,175.0,0.04038924723863602
Phenotype_E,coarse,Phenotype_E_DDPM.pt,6500,37.142857142857146,175.0,0.022246554493904114
Phenotype_E,coarse,Phenotype_E_DDPM.pt,6525,37.285714285714285,175.0,0.020545218139886856
Phenotype_E,coarse,Phenotype_E_DDPM.pt,6550,37.42857142857143,175.0,0.03436654061079025
Phenotype_E,coarse,Phenotype_E_DDPM.pt,6575,37.57142857142857,175.0,0.08555388450622559
Phenotype_E,coarse,Phenotype_E_DDPM.pt,6600,37.714285714285715,175.0,0.026274658739566803
Phenotype_E,coarse,Phenotype_E_DDPM.pt,6625,37.857142857142854,175.0,0.029444793239235878
Phenotype_E,coarse,Phenotype_E_DDPM.pt,6650,38.0,175.0,0.052142053842544556
Phenotype_E,coarse,Phenotype_E_DDPM.pt,6675,38.142857142857146,175.0,0.05731912702322006
Phenotype_E,coarse,Phenotype_E_DDPM.pt,6700,38.285714285714285,175.0,0.008287979289889336
Phenotype_E,coarse,Phenotype_E_DDPM.pt,6725,38.42857142857143,175.0,0.09366915374994278
Phenotype_E,coarse,Phenotype_E_DDPM.pt,6750,38.57142857142857,175.0,0.09512674808502197
Phenotype_E,coarse,Phenotype_E_DDPM.pt,6775,38.714285714285715,175.0,0.0728389173746109
Phenotype_E,coarse,Phenotype_E_DDPM.pt,6800,38.857142857142854,175.0,0.02040242776274681
Phenotype_E,coarse,Phenotype_E_DDPM.pt,6825,39.0,175.0,0.013113748282194138
Phenotype_E,coarse,Phenotype_E_DDPM.pt,6850,39.142857142857146,175.0,0.08166302740573883
Phenotype_E,coarse,Phenotype_E_DDPM.pt,6875,39.285714285714285,175.0,0.04591924697160721
Phenotype_E,coarse,Phenotype_E_DDPM.pt,6900,39.42857142857143,175.0,0.03347288817167282
Phenotype_E,coarse,Phenotype_E_DDPM.pt,6925,39.57142857142857,175.0,0.01711396500468254
Phenotype_E,coarse,Phenotype_E_DDPM.pt,6950,39.714285714285715,175.0,0.03512241691350937
Phenotype_E,coarse,Phenotype_E_DDPM.pt,6975,39.857142857142854,175.0,0.01946321874856949
Phenotype_E,coarse,Phenotype_E_DDPM.pt,7000,40.0,175.0,0.042449429631233215
Phenotype_E,coarse,Phenotype_E_DDPM.pt,7025,40.142857142857146,175.0,0.03815522789955139
Phenotype_E,coarse,Phenotype_E_DDPM.pt,7050,40.285714285714285,175.0,0.050224777311086655
Phenotype_E,coarse,Phenotype_E_DDPM.pt,7075,40.42857142857143,175.0,0.03471853956580162
Phenotype_E,coarse,Phenotype_E_DDPM.pt,7100,40.57142857142857,175.0,0.049404993653297424
Phenotype_E,coarse,Phenotype_E_DDPM.pt,7125,40.714285714285715,175.0,0.05863317474722862
Phenotype_E,coarse,Phenotype_E_DDPM.pt,7150,40.857142857142854,175.0,0.020463349297642708
Phenotype_E,coarse,Phenotype_E_DDPM.pt,7175,41.0,175.0,0.045666880905628204
Phenotype_E,coarse,Phenotype_E_DDPM.pt,7200,41.142857142857146,175.0,0.026823699474334717
Phenotype_E,coarse,Phenotype_E_DDPM.pt,7225,41.285714285714285,175.0,0.02880030684173107
Phenotype_E,coarse,Phenotype_E_DDPM.pt,7250,41.42857142857143,175.0,0.06400328129529953
Phenotype_E,coarse,Phenotype_E_DDPM.pt,7275,41.57142857142857,175.0,0.00893449317663908
Phenotype_E,coarse,Phenotype_E_DDPM.pt,7300,41.714285714285715,175.0,0.02275949902832508
Phenotype_E,coarse,Phenotype_E_DDPM.pt,7325,41.857142857142854,175.0,0.010283710435032845
Phenotype_E,coarse,Phenotype_E_DDPM.pt,7350,42.0,175.0,0.019189219921827316
Phenotype_E,coarse,Phenotype_E_DDPM.pt,7375,42.142857142857146,175.0,0.05869590491056442
Phenotype_E,coarse,Phenotype_E_DDPM.pt,7400,42.285714285714285,175.0,0.008185761980712414
Phenotype_E,coarse,Phenotype_E_DDPM.pt,7425,42.42857142857143,175.0,0.05942031368613243
Phenotype_E,coarse,Phenotype_E_DDPM.pt,7450,42.57142857142857,175.0,0.021853771060705185
Phenotype_E,coarse,Phenotype_E_DDPM.pt,7475,42.714285714285715,175.0,0.030401267111301422
Phenotype_E,coarse,Phenotype_E_DDPM.pt,7500,42.857142857142854,175.0,0.030276702716946602
Phenotype_E,coarse,Phenotype_E_DDPM.pt,7525,43.0,175.0,0.05623335391283035
Phenotype_E,coarse,Phenotype_E_DDPM.pt,7550,43.142857142857146,175.0,0.01948028802871704
Phenotype_E,coarse,Phenotype_E_DDPM.pt,7575,43.285714285714285,175.0,0.03802838921546936
Phenotype_E,coarse,Phenotype_E_DDPM.pt,7600,43.42857142857143,175.0,0.018615607172250748
Phenotype_E,coarse,Phenotype_E_DDPM.pt,7625,43.57142857142857,175.0,0.03219352662563324
Phenotype_E,coarse,Phenotype_E_DDPM.pt,7650,43.714285714285715,175.0,0.023822924122214317
Phenotype_E,coarse,Phenotype_E_DDPM.pt,7675,43.857142857142854,175.0,0.047441624104976654
Phenotype_E,coarse,Phenotype_E_DDPM.pt,7700,44.0,175.0,0.04016372561454773
Phenotype_E,coarse,Phenotype_E_DDPM.pt,7725,44.142857142857146,175.0,0.1188885048031807
Phenotype_E,coarse,Phenotype_E_DDPM.pt,7750,44.285714285714285,175.0,0.01995290070772171
Phenotype_E,coarse,Phenotype_E_DDPM.pt,7775,44.42857142857143,175.0,0.03056691214442253
Phenotype_E,coarse,Phenotype_E_DDPM.pt,7800,44.57142857142857,175.0,0.00790319312363863
Phenotype_E,coarse,Phenotype_E_DDPM.pt,7825,44.714285714285715,175.0,0.04586172476410866
Phenotype_E,coarse,Phenotype_E_DDPM.pt,7850,44.857142857142854,175.0,0.027066031470894814
Phenotype_E,coarse,Phenotype_E_DDPM.pt,7875,45.0,175.0,0.04250015318393707
Phenotype_E,coarse,Phenotype_E_DDPM.pt,7900,45.142857142857146,175.0,0.02598942629992962
Phenotype_E,coarse,Phenotype_E_DDPM.pt,7925,45.285714285714285,175.0,0.05202499032020569
Phenotype_E,coarse,Phenotype_E_DDPM.pt,7950,45.42857142857143,175.0,0.03920861333608627
Phenotype_E,coarse,Phenotype_E_DDPM.pt,7975,45.57142857142857,175.0,0.012592433020472527
Phenotype_E,coarse,Phenotype_E_DDPM.pt,8000,45.714285714285715,175.0,0.01662377268075943
Phenotype_E,coarse,Phenotype_E_DDPM.pt,8025,45.857142857142854,175.0,0.040633682161569595
Phenotype_E,coarse,Phenotype_E_DDPM.pt,8050,46.0,175.0,0.029489468783140182
Phenotype_E,coarse,Phenotype_E_DDPM.pt,8075,46.142857142857146,175.0,0.028515907004475594
Phenotype_E,coarse,Phenotype_E_DDPM.pt,8100,46.285714285714285,175.0,0.047456152737140656
Phenotype_E,coarse,Phenotype_E_DDPM.pt,8125,46.42857142857143,175.0,0.08936380594968796
Phenotype_E,coarse,Phenotype_E_DDPM.pt,8150,46.57142857142857,175.0,0.04311928525567055
Phenotype_E,coarse,Phenotype_E_DDPM.pt,8175,46.714285714285715,175.0,0.08292897790670395
Phenotype_E,coarse,Phenotype_E_DDPM.pt,8200,46.857142857142854,175.0,0.0669170469045639
Phenotype_E,coarse,Phenotype_E_DDPM.pt,8225,47.0,175.0,0.025265637785196304
Phenotype_E,coarse,Phenotype_E_DDPM.pt,8250,47.142857142857146,175.0,0.058114197105169296
Phenotype_E,coarse,Phenotype_E_DDPM.pt,8275,47.285714285714285,175.0,0.04022479057312012
Phenotype_E,coarse,Phenotype_E_DDPM.pt,8300,47.42857142857143,175.0,0.06653515994548798
Phenotype_E,coarse,Phenotype_E_DDPM.pt,8325,47.57142857142857,175.0,0.04031581059098244
Phenotype_E,coarse,Phenotype_E_DDPM.pt,8350,47.714285714285715,175.0,0.05810728669166565
Phenotype_E,coarse,Phenotype_E_DDPM.pt,8375,47.857142857142854,175.0,0.04462137073278427
Phenotype_E,coarse,Phenotype_E_DDPM.pt,8400,48.0,175.0,0.018784109503030777
Phenotype_E,coarse,Phenotype_E_DDPM.pt,8425,48.142857142857146,175.0,0.011374720372259617
Phenotype_E,coarse,Phenotype_E_DDPM.pt,8450,48.285714285714285,175.0,0.05361011624336243
Phenotype_E,coarse,Phenotype_E_DDPM.pt,8475,48.42857142857143,175.0,0.013443517498672009
Phenotype_E,coarse,Phenotype_E_DDPM.pt,8500,48.57142857142857,175.0,0.03527510166168213
Phenotype_E,coarse,Phenotype_E_DDPM.pt,8525,48.714285714285715,175.0,0.04085882008075714
Phenotype_E,coarse,Phenotype_E_DDPM.pt,8550,48.857142857142854,175.0,0.03254898637533188
Phenotype_E,coarse,Phenotype_E_DDPM.pt,8575,49.0,175.0,0.0658649355173111
Phenotype_E,coarse,Phenotype_E_DDPM.pt,8600,49.142857142857146,175.0,0.0287329088896513
Phenotype_E,coarse,Phenotype_E_DDPM.pt,8625,49.285714285714285,175.0,0.04006515443325043
Phenotype_E,coarse,Phenotype_E_DDPM.pt,8650,49.42857142857143,175.0,0.01935778558254242
Phenotype_E,coarse,Phenotype_E_DDPM.pt,8675,49.57142857142857,175.0,0.040097132325172424
Phenotype_E,coarse,Phenotype_E_DDPM.pt,8700,49.714285714285715,175.0,0.023442571982741356
Phenotype_E,coarse,Phenotype_E_DDPM.pt,8725,49.857142857142854,175.0,0.029427126049995422
Phenotype_E,coarse,Phenotype_E_DDPM.pt,8750,50.0,175.0,0.037021931260824203
Phenotype_E,coarse,Phenotype_E_DDPM.pt,8775,50.142857142857146,175.0,0.04902192950248718
Phenotype_E,coarse,Phenotype_E_DDPM.pt,8800,50.285714285714285,175.0,0.013772759586572647
Phenotype_E,coarse,Phenotype_E_DDPM.pt,8825,50.42857142857143,175.0,0.015884611755609512
Phenotype_E,coarse,Phenotype_E_DDPM.pt,8850,50.57142857142857,175.0,0.012584583833813667
Phenotype_E,coarse,Phenotype_E_DDPM.pt,8875,50.714285714285715,175.0,0.013334548100829124
Phenotype_E,coarse,Phenotype_E_DDPM.pt,8900,50.857142857142854,175.0,0.036389559507369995
Phenotype_E,coarse,Phenotype_E_DDPM.pt,8925,51.0,175.0,0.047427792102098465
Phenotype_E,coarse,Phenotype_E_DDPM.pt,8950,51.142857142857146,175.0,0.05023133009672165
Phenotype_E,coarse,Phenotype_E_DDPM.pt,8975,51.285714285714285,175.0,0.03355957567691803
Phenotype_E,coarse,Phenotype_E_DDPM.pt,9000,51.42857142857143,175.0,0.007892243564128876
Phenotype_E,coarse,Phenotype_E_DDPM.pt,9025,51.57142857142857,175.0,0.03537338227033615
Phenotype_E,coarse,Phenotype_E_DDPM.pt,9050,51.714285714285715,175.0,0.026225462555885315
Phenotype_E,coarse,Phenotype_E_DDPM.pt,9075,51.857142857142854,175.0,0.0630161315202713
Phenotype_E,coarse,Phenotype_E_DDPM.pt,9100,52.0,175.0,0.01163177564740181
Phenotype_E,coarse,Phenotype_E_DDPM.pt,9125,52.142857142857146,175.0,0.03271918371319771
Phenotype_E,coarse,Phenotype_E_DDPM.pt,9150,52.285714285714285,175.0,0.021039742976427078
Phenotype_E,coarse,Phenotype_E_DDPM.pt,9175,52.42857142857143,175.0,0.029306093230843544
Phenotype_E,coarse,Phenotype_E_DDPM.pt,9200,52.57142857142857,175.0,0.016992460936307907
Phenotype_E,coarse,Phenotype_E_DDPM.pt,9225,52.714285714285715,175.0,0.03182104602456093
Phenotype_E,coarse,Phenotype_E_DDPM.pt,9250,52.857142857142854,175.0,0.06153388321399689
Phenotype_E,coarse,Phenotype_E_DDPM.pt,9275,53.0,175.0,0.013946687802672386
Phenotype_E,coarse,Phenotype_E_DDPM.pt,9300,53.142857142857146,175.0,0.05118515342473984
Phenotype_E,coarse,Phenotype_E_DDPM.pt,9325,53.285714285714285,175.0,0.02703135460615158
Phenotype_E,coarse,Phenotype_E_DDPM.pt,9350,53.42857142857143,175.0,0.04906655102968216
Phenotype_E,coarse,Phenotype_E_DDPM.pt,9375,53.57142857142857,175.0,0.017661117017269135
Phenotype_E,coarse,Phenotype_E_DDPM.pt,9400,53.714285714285715,175.0,0.01405587512999773
Phenotype_E,coarse,Phenotype_E_DDPM.pt,9425,53.857142857142854,175.0,0.05436311289668083
Phenotype_E,coarse,Phenotype_E_DDPM.pt,9450,54.0,175.0,0.03436118736863136
Phenotype_E,coarse,Phenotype_E_DDPM.pt,9475,54.142857142857146,175.0,0.05730520188808441
Phenotype_E,coarse,Phenotype_E_DDPM.pt,9500,54.285714285714285,175.0,0.007590595167130232
Phenotype_E,coarse,Phenotype_E_DDPM.pt,9525,54.42857142857143,175.0,0.030167005956172943
Phenotype_E,coarse,Phenotype_E_DDPM.pt,9550,54.57142857142857,175.0,0.09154239296913147
Phenotype_E,coarse,Phenotype_E_DDPM.pt,9575,54.714285714285715,175.0,0.020861228927969933
Phenotype_E,coarse,Phenotype_E_DDPM.pt,9600,54.857142857142854,175.0,0.046703435480594635
Phenotype_E,coarse,Phenotype_E_DDPM.pt,9625,55.0,175.0,0.01539454236626625
Phenotype_E,coarse,Phenotype_E_DDPM.pt,9650,55.142857142857146,175.0,0.05744155868887901
Phenotype_E,coarse,Phenotype_E_DDPM.pt,9675,55.285714285714285,175.0,0.07159788906574249
Phenotype_E,coarse,Phenotype_E_DDPM.pt,9700,55.42857142857143,175.0,0.04734326899051666
Phenotype_E,coarse,Phenotype_E_DDPM.pt,9725,55.57142857142857,175.0,0.03327741473913193
Phenotype_E,coarse,Phenotype_E_DDPM.pt,9750,55.714285714285715,175.0,0.049811914563179016
Phenotype_E,coarse,Phenotype_E_DDPM.pt,9775,55.857142857142854,175.0,0.011354222893714905
Phenotype_E,coarse,Phenotype_E_DDPM.pt,9800,56.0,175.0,0.06901058554649353
Phenotype_E,coarse,Phenotype_E_DDPM.pt,9825,56.142857142857146,175.0,0.03154530003666878
Phenotype_E,coarse,Phenotype_E_DDPM.pt,9850,56.285714285714285,175.0,0.031875044107437134
Phenotype_E,coarse,Phenotype_E_DDPM.pt,9875,56.42857142857143,175.0,0.031430620700120926
Phenotype_E,coarse,Phenotype_E_DDPM.pt,9900,56.57142857142857,175.0,0.025166599079966545
Phenotype_E,coarse,Phenotype_E_DDPM.pt,9925,56.714285714285715,175.0,0.029030095785856247
Phenotype_E,coarse,Phenotype_E_DDPM.pt,9950,56.857142857142854,175.0,0.015703529119491577
Phenotype_E,coarse,Phenotype_E_DDPM.pt,9975,57.0,175.0,0.011563707143068314
Phenotype_E,coarse,Phenotype_E_DDPM.pt,10000,57.142857142857146,175.0,0.033733073621988297
Phenotype_E,coarse,Phenotype_E_DDPM.pt,10025,57.285714285714285,175.0,0.037626150995492935
Phenotype_E,coarse,Phenotype_E_DDPM.pt,10050,57.42857142857143,175.0,0.010194823145866394
Phenotype_E,coarse,Phenotype_E_DDPM.pt,10075,57.57142857142857,175.0,0.006436429917812347
Phenotype_E,coarse,Phenotype_E_DDPM.pt,10100,57.714285714285715,175.0,0.02982870675623417
Phenotype_E,coarse,Phenotype_E_DDPM.pt,10125,57.857142857142854,175.0,0.03498321771621704
Phenotype_E,coarse,Phenotype_E_DDPM.pt,10150,58.0,175.0,0.022369101643562317
Phenotype_E,coarse,Phenotype_E_DDPM.pt,10175,58.142857142857146,175.0,0.03387250006198883
Phenotype_E,coarse,Phenotype_E_DDPM.pt,10200,58.285714285714285,175.0,0.023943299427628517
Phenotype_E,coarse,Phenotype_E_DDPM.pt,10225,58.42857142857143,175.0,0.013512784615159035
Phenotype_E,coarse,Phenotype_E_DDPM.pt,10250,58.57142857142857,175.0,0.007752343080937862
Phenotype_E,coarse,Phenotype_E_DDPM.pt,10275,58.714285714285715,175.0,0.06698716431856155
Phenotype_E,coarse,Phenotype_E_DDPM.pt,10300,58.857142857142854,175.0,0.035236798226833344
Phenotype_E,coarse,Phenotype_E_DDPM.pt,10325,59.0,175.0,0.015188917517662048
Phenotype_E,coarse,Phenotype_E_DDPM.pt,10350,59.142857142857146,175.0,0.012491758912801743
Phenotype_E,coarse,Phenotype_E_DDPM.pt,10375,59.285714285714285,175.0,0.013055382296442986
Phenotype_E,coarse,Phenotype_E_DDPM.pt,10400,59.42857142857143,175.0,0.005500092636793852
Phenotype_E,coarse,Phenotype_E_DDPM.pt,10425,59.57142857142857,175.0,0.022662222385406494
Phenotype_E,coarse,Phenotype_E_DDPM.pt,10450,59.714285714285715,175.0,0.03588533401489258
Phenotype_E,coarse,Phenotype_E_DDPM.pt,10475,59.857142857142854,175.0,0.01494576409459114
Phenotype_E,coarse,Phenotype_E_DDPM.pt,10500,60.0,175.0,0.015888821333646774
Phenotype_E,coarse,Phenotype_E_DDPM.pt,10525,60.142857142857146,175.0,0.01107695885002613
Phenotype_E,coarse,Phenotype_E_DDPM.pt,10550,60.285714285714285,175.0,0.04692740738391876
Phenotype_E,coarse,Phenotype_E_DDPM.pt,10575,60.42857142857143,175.0,0.024973394349217415
Phenotype_E,coarse,Phenotype_E_DDPM.pt,10600,60.57142857142857,175.0,0.03330940753221512
Phenotype_E,coarse,Phenotype_E_DDPM.pt,10625,60.714285714285715,175.0,0.025331709533929825
Phenotype_E,coarse,Phenotype_E_DDPM.pt,10650,60.857142857142854,175.0,0.04553115740418434
Phenotype_E,coarse,Phenotype_E_DDPM.pt,10675,61.0,175.0,0.06808730214834213
Phenotype_E,coarse,Phenotype_E_DDPM.pt,10700,61.142857142857146,175.0,0.04270682483911514
Phenotype_E,coarse,Phenotype_E_DDPM.pt,10725,61.285714285714285,175.0,0.022740492597222328
Phenotype_E,coarse,Phenotype_E_DDPM.pt,10750,61.42857142857143,175.0,0.03619762137532234
Phenotype_E,coarse,Phenotype_E_DDPM.pt,10775,61.57142857142857,175.0,0.07984444499015808
Phenotype_E,coarse,Phenotype_E_DDPM.pt,10800,61.714285714285715,175.0,0.04735328257083893
Phenotype_E,coarse,Phenotype_E_DDPM.pt,10825,61.857142857142854,175.0,0.027252204716205597
Phenotype_E,coarse,Phenotype_E_DDPM.pt,10850,62.0,175.0,0.0817713662981987
Phenotype_E,coarse,Phenotype_E_DDPM.pt,10875,62.142857142857146,175.0,0.0191007349640131
Phenotype_E,coarse,Phenotype_E_DDPM.pt,10900,62.285714285714285,175.0,0.018615534529089928
Phenotype_E,coarse,Phenotype_E_DDPM.pt,10925,62.42857142857143,175.0,0.032175496220588684
Phenotype_E,coarse,Phenotype_E_DDPM.pt,10950,62.57142857142857,175.0,0.05665556341409683
Phenotype_E,coarse,Phenotype_E_DDPM.pt,10975,62.714285714285715,175.0,0.03201819956302643
Phenotype_E,coarse,Phenotype_E_DDPM.pt,11000,62.857142857142854,175.0,0.03583464026451111
Phenotype_E,coarse,Phenotype_E_DDPM.pt,11025,63.0,175.0,0.03634391725063324
Phenotype_E,coarse,Phenotype_E_DDPM.pt,11050,63.142857142857146,175.0,0.01664125733077526
Phenotype_E,coarse,Phenotype_E_DDPM.pt,11075,63.285714285714285,175.0,0.0182440597563982
Phenotype_E,coarse,Phenotype_E_DDPM.pt,11100,63.42857142857143,175.0,0.056446827948093414
Phenotype_E,coarse,Phenotype_E_DDPM.pt,11125,63.57142857142857,175.0,0.01054956205189228
Phenotype_E,coarse,Phenotype_E_DDPM.pt,11150,63.714285714285715,175.0,0.021573808044195175
Phenotype_E,coarse,Phenotype_E_DDPM.pt,11175,63.857142857142854,175.0,0.03549445420503616
Phenotype_E,coarse,Phenotype_E_DDPM.pt,11200,64.0,175.0,0.03946111351251602
Phenotype_E,coarse,Phenotype_E_DDPM.pt,11225,64.14285714285714,175.0,0.024365928024053574
Phenotype_E,coarse,Phenotype_E_DDPM.pt,11250,64.28571428571429,175.0,0.015301758423447609
Phenotype_E,coarse,Phenotype_E_DDPM.pt,11275,64.42857142857143,175.0,0.054864607751369476
Phenotype_E,coarse,Phenotype_E_DDPM.pt,11300,64.57142857142857,175.0,0.006406307220458984
Phenotype_E,coarse,Phenotype_E_DDPM.pt,11325,64.71428571428571,175.0,0.009579304605722427
Phenotype_E,coarse,Phenotype_E_DDPM.pt,11350,64.85714285714286,175.0,0.0601029247045517
Phenotype_E,coarse,Phenotype_E_DDPM.pt,11375,65.0,175.0,0.0316639319062233
Phenotype_E,coarse,Phenotype_E_DDPM.pt,11400,65.14285714285714,175.0,0.009180687367916107
Phenotype_E,coarse,Phenotype_E_DDPM.pt,11425,65.28571428571429,175.0,0.016421379521489143
Phenotype_E,coarse,Phenotype_E_DDPM.pt,11450,65.42857142857143,175.0,0.032241981476545334
Phenotype_E,coarse,Phenotype_E_DDPM.pt,11475,65.57142857142857,175.0,0.012889672070741653
Phenotype_E,coarse,Phenotype_E_DDPM.pt,11500,65.71428571428571,175.0,0.007405787706375122
Phenotype_E,coarse,Phenotype_E_DDPM.pt,11525,65.85714285714286,175.0,0.02187514677643776
Phenotype_E,coarse,Phenotype_E_DDPM.pt,11550,66.0,175.0,0.01951177604496479
Phenotype_E,coarse,Phenotype_E_DDPM.pt,11575,66.14285714285714,175.0,0.028497476130723953
Phenotype_E,coarse,Phenotype_E_DDPM.pt,11600,66.28571428571429,175.0,0.013579454272985458
Phenotype_E,coarse,Phenotype_E_DDPM.pt,11625,66.42857142857143,175.0,0.014700313098728657
Phenotype_E,coarse,Phenotype_E_DDPM.pt,11650,66.57142857142857,175.0,0.033906593918800354
Phenotype_E,coarse,Phenotype_E_DDPM.pt,11675,66.71428571428571,175.0,0.02074032835662365
Phenotype_E,coarse,Phenotype_E_DDPM.pt,11700,66.85714285714286,175.0,0.025680776685476303
Phenotype_E,coarse,Phenotype_E_DDPM.pt,11725,67.0,175.0,0.061068274080753326
Phenotype_E,coarse,Phenotype_E_DDPM.pt,11750,67.14285714285714,175.0,0.015062101185321808
Phenotype_E,coarse,Phenotype_E_DDPM.pt,11775,67.28571428571429,175.0,0.006585812196135521
Phenotype_E,coarse,Phenotype_E_DDPM.pt,11800,67.42857142857143,175.0,0.03368345648050308
Phenotype_E,coarse,Phenotype_E_DDPM.pt,11825,67.57142857142857,175.0,0.01919781044125557
Phenotype_E,coarse,Phenotype_E_DDPM.pt,11850,67.71428571428571,175.0,0.022248942404985428
Phenotype_E,coarse,Phenotype_E_DDPM.pt,11875,67.85714285714286,175.0,0.008316263556480408
Phenotype_E,coarse,Phenotype_E_DDPM.pt,11900,68.0,175.0,0.026342473924160004
Phenotype_E,coarse,Phenotype_E_DDPM.pt,11925,68.14285714285714,175.0,0.02663828432559967
Phenotype_E,coarse,Phenotype_E_DDPM.pt,11950,68.28571428571429,175.0,0.023523548617959023
Phenotype_E,coarse,Phenotype_E_DDPM.pt,11975,68.42857142857143,175.0,0.008649434894323349
Phenotype_E,coarse,Phenotype_E_DDPM.pt,12000,68.57142857142857,175.0,0.020448602735996246
Phenotype_E,coarse,Phenotype_E_DDPM.pt,12025,68.71428571428571,175.0,0.047468192875385284
Phenotype_E,coarse,Phenotype_E_DDPM.pt,12050,68.85714285714286,175.0,0.020285602658987045
Phenotype_E,coarse,Phenotype_E_DDPM.pt,12075,69.0,175.0,0.006399025209248066
Phenotype_E,coarse,Phenotype_E_DDPM.pt,12100,69.14285714285714,175.0,0.056967757642269135
Phenotype_E,coarse,Phenotype_E_DDPM.pt,12125,69.28571428571429,175.0,0.04491603374481201
Phenotype_E,coarse,Phenotype_E_DDPM.pt,12150,69.42857142857143,175.0,0.03498033806681633
Phenotype_E,coarse,Phenotype_E_DDPM.pt,12175,69.57142857142857,175.0,0.02703309804201126
Phenotype_E,coarse,Phenotype_E_DDPM.pt,12200,69.71428571428571,175.0,0.05742468312382698
Phenotype_E,coarse,Phenotype_E_DDPM.pt,12225,69.85714285714286,175.0,0.058126721531152725
Phenotype_E,coarse,Phenotype_E_DDPM.pt,12250,70.0,175.0,0.008642533794045448
Phenotype_E,coarse,Phenotype_E_DDPM.pt,12275,70.14285714285714,175.0,0.02509857714176178
Phenotype_E,coarse,Phenotype_E_DDPM.pt,12300,70.28571428571429,175.0,0.0323893278837204
Phenotype_E,coarse,Phenotype_E_DDPM.pt,12325,70.42857142857143,175.0,0.0271060299128294
Phenotype_E,coarse,Phenotype_E_DDPM.pt,12350,70.57142857142857,175.0,0.04102121293544769
Phenotype_E,coarse,Phenotype_E_DDPM.pt,12375,70.71428571428571,175.0,0.012606311589479446
Phenotype_E,coarse,Phenotype_E_DDPM.pt,12400,70.85714285714286,175.0,0.056380745023489
Phenotype_E,coarse,Phenotype_E_DDPM.pt,12425,71.0,175.0,0.02587250992655754
Phenotype_E,coarse,Phenotype_E_DDPM.pt,12450,71.14285714285714,175.0,0.006568007171154022
Phenotype_E,coarse,Phenotype_E_DDPM.pt,12475,71.28571428571429,175.0,0.029868144541978836
Phenotype_E,coarse,Phenotype_E_DDPM.pt,12500,71.42857142857143,175.0,0.017763201147317886
Phenotype_E,coarse,Phenotype_E_DDPM.pt,12525,71.57142857142857,175.0,0.03383884206414223
Phenotype_E,coarse,Phenotype_E_DDPM.pt,12550,71.71428571428571,175.0,0.051095150411129
Phenotype_E,coarse,Phenotype_E_DDPM.pt,12575,71.85714285714286,175.0,0.013831058517098427
Phenotype_E,coarse,Phenotype_E_DDPM.pt,12600,72.0,175.0,0.03390231728553772
Phenotype_E,coarse,Phenotype_E_DDPM.pt,12625,72.14285714285714,175.0,0.030748840421438217
Phenotype_E,coarse,Phenotype_E_DDPM.pt,12650,72.28571428571429,175.0,0.011626193299889565
Phenotype_E,coarse,Phenotype_E_DDPM.pt,12675,72.42857142857143,175.0,0.07303076237440109
Phenotype_E,coarse,Phenotype_E_DDPM.pt,12700,72.57142857142857,175.0,0.007527488749474287
Phenotype_E,coarse,Phenotype_E_DDPM.pt,12725,72.71428571428571,175.0,0.03122662752866745
Phenotype_E,coarse,Phenotype_E_DDPM.pt,12750,72.85714285714286,175.0,0.0421811118721962
Phenotype_E,coarse,Phenotype_E_DDPM.pt,12775,73.0,175.0,0.04194317013025284
Phenotype_E,coarse,Phenotype_E_DDPM.pt,12800,73.14285714285714,175.0,0.029533445835113525
Phenotype_E,coarse,Phenotype_E_DDPM.pt,12825,73.28571428571429,175.0,0.02647823467850685
Phenotype_E,coarse,Phenotype_E_DDPM.pt,12850,73.42857142857143,175.0,0.006171306595206261
Phenotype_E,coarse,Phenotype_E_DDPM.pt,12875,73.57142857142857,175.0,0.10706788301467896
Phenotype_E,coarse,Phenotype_E_DDPM.pt,12900,73.71428571428571,175.0,0.04223528504371643
Phenotype_E,coarse,Phenotype_E_DDPM.pt,12925,73.85714285714286,175.0,0.018632125109434128
Phenotype_E,coarse,Phenotype_E_DDPM.pt,12950,74.0,175.0,0.02770417556166649
Phenotype_E,coarse,Phenotype_E_DDPM.pt,12975,74.14285714285714,175.0,0.04832766577601433
Phenotype_E,coarse,Phenotype_E_DDPM.pt,13000,74.28571428571429,175.0,0.03970371186733246
Phenotype_E,coarse,Phenotype_E_DDPM.pt,13025,74.42857142857143,175.0,0.0243640448898077
Phenotype_E,coarse,Phenotype_E_DDPM.pt,13050,74.57142857142857,175.0,0.06874347478151321
Phenotype_E,coarse,Phenotype_E_DDPM.pt,13075,74.71428571428571,175.0,0.013787238858640194
Phenotype_E,coarse,Phenotype_E_DDPM.pt,13100,74.85714285714286,175.0,0.010681133717298508
Phenotype_E,coarse,Phenotype_E_DDPM.pt,13125,75.0,175.0,0.04154476523399353
Phenotype_E,coarse,Phenotype_E_DDPM.pt,13150,75.14285714285714,175.0,0.02552054077386856
Phenotype_E,coarse,Phenotype_E_DDPM.pt,13175,75.28571428571429,175.0,0.05390132591128349
Phenotype_E,coarse,Phenotype_E_DDPM.pt,13200,75.42857142857143,175.0,0.028853561729192734
Phenotype_E,coarse,Phenotype_E_DDPM.pt,13225,75.57142857142857,175.0,0.017788991332054138
Phenotype_E,coarse,Phenotype_E_DDPM.pt,13250,75.71428571428571,175.0,0.008885219693183899
Phenotype_E,coarse,Phenotype_E_DDPM.pt,13275,75.85714285714286,175.0,0.0051459199748933315
Phenotype_E,coarse,Phenotype_E_DDPM.pt,13300,76.0,175.0,0.036005742847919464
Phenotype_E,coarse,Phenotype_E_DDPM.pt,13325,76.14285714285714,175.0,0.059911586344242096
Phenotype_E,coarse,Phenotype_E_DDPM.pt,13350,76.28571428571429,175.0,0.012092776596546173
Phenotype_E,coarse,Phenotype_E_DDPM.pt,13375,76.42857142857143,175.0,0.035726260393857956
Phenotype_E,coarse,Phenotype_E_DDPM.pt,13400,76.57142857142857,175.0,0.049546271562576294
Phenotype_E,coarse,Phenotype_E_DDPM.pt,13425,76.71428571428571,175.0,0.02013176865875721
Phenotype_E,coarse,Phenotype_E_DDPM.pt,13450,76.85714285714286,175.0,0.04383039474487305
Phenotype_E,coarse,Phenotype_E_DDPM.pt,13475,77.0,175.0,0.06758522242307663
Phenotype_E,coarse,Phenotype_E_DDPM.pt,13500,77.14285714285714,175.0,0.014198951423168182
Phenotype_E,coarse,Phenotype_E_DDPM.pt,13525,77.28571428571429,175.0,0.0157164316624403
Phenotype_E,coarse,Phenotype_E_DDPM.pt,13550,77.42857142857143,175.0,0.01453540287911892
Phenotype_E,coarse,Phenotype_E_DDPM.pt,13575,77.57142857142857,175.0,0.02082553505897522
Phenotype_E,coarse,Phenotype_E_DDPM.pt,13600,77.71428571428571,175.0,0.02604394033551216
Phenotype_E,coarse,Phenotype_E_DDPM.pt,13625,77.85714285714286,175.0,0.06426304578781128
Phenotype_E,coarse,Phenotype_E_DDPM.pt,13650,78.0,175.0,0.03072262927889824
Phenotype_E,coarse,Phenotype_E_DDPM.pt,13675,78.14285714285714,175.0,0.020844630897045135
Phenotype_E,coarse,Phenotype_E_DDPM.pt,13700,78.28571428571429,175.0,0.041097212582826614
Phenotype_E,coarse,Phenotype_E_DDPM.pt,13725,78.42857142857143,175.0,0.04290949925780296
Phenotype_E,coarse,Phenotype_E_DDPM.pt,13750,78.57142857142857,175.0,0.012938389554619789
Phenotype_E,coarse,Phenotype_E_DDPM.pt,13775,78.71428571428571,175.0,0.025822261348366737
Phenotype_E,coarse,Phenotype_E_DDPM.pt,13800,78.85714285714286,175.0,0.026074323803186417
Phenotype_E,coarse,Phenotype_E_DDPM.pt,13825,79.0,175.0,0.01817736029624939
Phenotype_E,coarse,Phenotype_E_DDPM.pt,13850,79.14285714285714,175.0,0.06297355890274048
Phenotype_E,coarse,Phenotype_E_DDPM.pt,13875,79.28571428571429,175.0,0.014230689033865929
Phenotype_E,coarse,Phenotype_E_DDPM.pt,13900,79.42857142857143,175.0,0.014596551656723022
Phenotype_E,coarse,Phenotype_E_DDPM.pt,13925,79.57142857142857,175.0,0.03327108919620514
Phenotype_E,coarse,Phenotype_E_DDPM.pt,13950,79.71428571428571,175.0,0.06358722597360611
Phenotype_E,coarse,Phenotype_E_DDPM.pt,13975,79.85714285714286,175.0,0.015886638313531876
Phenotype_E,coarse,Phenotype_E_DDPM.pt,14000,80.0,175.0,0.0172803346067667
