x,y,source,method,phenotype
0.39466356003582476,0.9045203522093308,Real,UMAP,Phenotype_A
0.10848550100626844,0.5332214989928513,Real,UMAP,Phenotype_A
0.11148697287486285,0.4185470524909855,Real,UMAP,Phenotype_A
0.05856250626819671,0.15530679548918805,Real,UMAP,Phenotype_A
0.25198857438524386,0.5328771061766727,Real,UMAP,Phenotype_A
0.23703623279594713,0.5081560180657975,Real,UMAP,Phenotype_A
0.4779037493919898,0.01499712707853158,Real,UMAP,Phenotype_A
0.46648027682760107,0.9639229580033087,Real,UMAP,Phenotype_A
0.9657760312935549,0.4994477702877041,Real,UMAP,Phenotype_A
0.9691489905587601,0.49830377295897904,Real,UMAP,Phenotype_A
0.8814187934428974,0.45794055979687903,Real,UMAP,Phenotype_A
0.11333918500001816,0.59736543344254045,Real,UMAP,Phenotype_A
0.45919533583205197,0.9415168158056214,Real,UMAP,Phenotype_A
0.0966209459380557,0.43495053696528424,Real,UMAP,Phenotype_A
0.1912127660624998,0.51582836625087,Real,UMAP,Phenotype_A
0.10193399943827552,0.5269551585744239,Real,UMAP,Phenotype_A
0.07008718433008687,0.5586750411424036,Real,UMAP,Phenotype_A
0.9747680378618283,0.5460943770964196,Real,UMAP,Phenotype_A
0.8478685701625137,0.42515898910024436,Real,UMAP,Phenotype_A
0.10552870167270952,0.43058221650769835,Real,UMAP,Phenotype_A
0.1639387988359957,0.7932322643174481,Real,UMAP,Phenotype_A
0.4207631882009751,0.08654061226835037,Real,UMAP,Phenotype_A
0.3583540109261706,0.9563078297409167,Real,UMAP,Phenotype_A
0.8185340496021362,0.38202222909434674,Real,UMAP,Phenotype_A
0.38981557113718485,0.07983937658688256,Real,UMAP,Phenotype_A
0.03534302877122863,0.16866902426913963,Real,UMAP,Phenotype_A
0.8914669919732859,0.44404174517511813,Real,UMAP,Phenotype_A
0.09862452219654176,0.37291774446393455,Real,UMAP,Phenotype_A
0.08802291977964789,0.5040297331110162,Real,UMAP,Phenotype_A
0.8713659186646894,0.37557875002981334,Real,UMAP,Phenotype_A
0.1335493533415435,0.23224455391660506,Real,UMAP,Phenotype_A
0.3822044422630082,0.8634082605707248,Real,UMAP,Phenotype_A
0.4559802978968406,0.9051834008018161,Real,UMAP,Phenotype_A
0.2596738178687162,0.1740136772744323,Real,UMAP,Phenotype_A
0.214375397105528,0.8053830525820517,Real,UMAP,Phenotype_A
0.06905375968626609,0.3321580301949467,Real,UMAP,Phenotype_A
0.313179523792344,0.9334719852212583,Real,UMAP,Phenotype_A
0.11848765547642305,0.6070859903339744,Real,UMAP,Phenotype_A
0.043787339610251205,0.6373074763173701,Real,UMAP,Phenotype_A
0.24110838254518138,0.1997465107555675,Real,UMAP,Phenotype_A
0.3481800631283006,0.0923536707263396,Real,UMAP,Phenotype_A
0.08870774190445496,0.5057631238305041,Real,UMAP,Phenotype_A
0.07796752400750363,0.3998898356580508,Real,UMAP,Phenotype_A
0.38409662455109,0.046809257528680426,Real,UMAP,Phenotype_A
0.20451353006995848,0.44119003996071143,Real,UMAP,Phenotype_A
0.8636229143771448,0.3525231351487306,Real,UMAP,Phenotype_A
0.1471406716967593,0.5308226854552117,Real,UMAP,Phenotype_A
0.060306929574897986,0.19923203014724536,Real,UMAP,Phenotype_A
0.19717526939955124,0.8473631784702181,Real,UMAP,Phenotype_A
0.1270226175999913,0.5534119357419618,Real,UMAP,Phenotype_A
0.4452914142287458,0.08363336751929194,Real,UMAP,Phenotype_A
0.04862884968509651,0.5468405019048012,Real,UMAP,Phenotype_A
0.17439786712940794,0.5215707508407361,Real,UMAP,Phenotype_A
0.20187795500002312,0.6337331283621312,Real,UMAP,Phenotype_A
0.8421782557977048,0.3477482583591174,Real,UMAP,Phenotype_A
0.8328051611564313,0.3735551183535233,Real,UMAP,Phenotype_A
0.22884537981359954,0.8482216290874084,Real,UMAP,Phenotype_A
0.16448657293811497,0.5565452956724045,Real,UMAP,Phenotype_A
0.233761239616346,0.16628293831566576,Real,UMAP,Phenotype_A
0.5020941230458738,0.8734780996654402,Real,UMAP,Phenotype_A
0.04990099808631742,0.5863341088414429,Real,UMAP,Phenotype_A
0.19906494375584155,0.844340908450292,Real,UMAP,Phenotype_A
0.07568279814547849,0.40256789716242086,Real,UMAP,Phenotype_A
0.9486428078929734,0.4984390170922566,Real,UMAP,Phenotype_A
0.21845230147545022,0.5505547231913062,Real,UMAP,Phenotype_A
0.21378483141721685,0.16296322877344682,Real,UMAP,Phenotype_A
0.055927401435472236,0.23718636912595972,Real,UMAP,Phenotype_A
0.8973703237946324,0.46311208947036336,Real,UMAP,Phenotype_A
0.8793873948160997,0.42390730871221566,Real,UMAP,Phenotype_A
0.4170545318157664,0.9865930186924196,Real,UMAP,Phenotype_A
0.873459375541181,0.44751764407430134,Real,UMAP,Phenotype_A
0.13434269576491045,0.4193442421233166,Real,UMAP,Phenotype_A
0.8214436162202892,0.3838489491070093,Real,UMAP,Phenotype_A
0.14177745956071014,0.3164150981238197,Real,UMAP,Phenotype_A
0.21898241555787126,0.46903044863108,Real,UMAP,Phenotype_A
0.17393672117125222,0.20694694093490285,Real,UMAP,Phenotype_A
0.19861382952485168,0.8282854621500727,Real,UMAP,Phenotype_A
0.05802089749839812,0.30297246548699813,Real,UMAP,Phenotype_A
0.22965157538739775,0.2237901531429761,Real,UMAP,Phenotype_A
0.012526701309738642,0.28898154391883835,Real,UMAP,Phenotype_A
0.9779427660183497,0.5121254198259768,Real,UMAP,Phenotype_A
0.16297000568438416,0.6643803487835075,Real,UMAP,Phenotype_A
0.9760867397469283,0.5249164901355802,Real,UMAP,Phenotype_A
0.31423374337060234,0.9373892624289087,Real,UMAP,Phenotype_A
0.2069049475302789,0.1936233285559721,Real,UMAP,Phenotype_A
0.9915349203508294,0.5146733976144995,Real,UMAP,Phenotype_A
0.9261700670869142,0.503860187379527,Real,UMAP,Phenotype_A
0.7904940137104973,0.5605526850432456,Real,UMAP,Phenotype_A
0.11998363679003227,0.7476548287847217,Real,UMAP,Phenotype_A
0.0379725430060013,0.5444620264829153,Real,UMAP,Phenotype_A
0.1749733852269703,0.5221576182288493,Real,UMAP,Phenotype_A
0.06923657746414813,0.6914817336400674,Real,UMAP,Phenotype_A
0.31413718799663093,0.915729125786259,Real,UMAP,Phenotype_A
0.003939177115707587,0.3341076760125151,Real,UMAP,Phenotype_A
0.11019564924515303,0.7165280147787417,Real,UMAP,Phenotype_A
0.10765490534608244,0.34578712085567526,Real,UMAP,Phenotype_A
0.3812215158707802,0.1141686415743176,Real,UMAP,Phenotype_A
0.10735463276263342,0.23687844615061046,Real,UMAP,Phenotype_A
0.41662606734376817,0.9702872270995635,Real,UMAP,Phenotype_A
0.19688659600063774,0.2593096640741712,Real,UMAP,Phenotype_A
0.21736490404953396,0.16892639466785775,Real,UMAP,Phenotype_A
0.020002375742886623,0.35949779164489387,Real,UMAP,Phenotype_A
0.06410602825033643,0.35886733444925556,Real,UMAP,Phenotype_A
0.013103839113249657,0.340955018722775,Real,UMAP,Phenotype_A
0.3992709964767999,0.09111048713906891,Real,UMAP,Phenotype_A
0.020319315623033084,0.4845975416465201,Real,UMAP,Phenotype_A
0.20860715398515717,0.4896565503693601,Real,UMAP,Phenotype_A
0.08014618525418137,0.5973815218027636,Real,UMAP,Phenotype_A
0.7080803221747959,0.2588573361404848,Real,UMAP,Phenotype_A
0.0318653633537297,0.3892131664364716,Real,UMAP,Phenotype_A
0.11376130126966921,0.7241647821024582,Real,UMAP,Phenotype_A
0.35322218162217367,0.9442128954061444,Real,UMAP,Phenotype_A
0.8607425285903572,0.4434739149571881,Real,UMAP,Phenotype_A
0.12392944947527144,0.44488802653061665,Real,UMAP,Phenotype_A
0.8671623506771533,0.38085215051723426,Real,UMAP,Phenotype_A
0.17023036372351902,0.5721830625559677,Real,UMAP,Phenotype_A
0.8941726715740796,0.4612785584655781,Real,UMAP,Phenotype_A
0.03832020505059321,0.5321159012408853,Real,UMAP,Phenotype_A
0.14647643551207382,0.20567606888940446,Real,UMAP,Phenotype_A
0.03875402500193777,0.12519690895332425,Real,UMAP,Phenotype_A
0.2530576325599351,0.21014793919380403,Real,UMAP,Phenotype_A
0.10469225417167675,0.43651992181317123,Real,UMAP,Phenotype_A
0.20195146875066045,0.3727821954215389,Real,UMAP,Phenotype_A
0.23552233021974472,0.28663124480976926,Real,UMAP,Phenotype_A
0.1945400078210898,0.5109327020856326,Real,UMAP,Phenotype_A
0.8991365086344826,0.45839149463468365,Real,UMAP,Phenotype_A
0.24527097458464536,0.24605912147145617,Real,UMAP,Phenotype_A
0.1626596491251903,0.3558183733627058,Real,UMAP,Phenotype_A
0.049427573712099306,0.4355584444376988,Real,UMAP,Phenotype_A
0.8718702741976688,0.4393087642534849,Real,UMAP,Phenotype_A
0.08257198227947644,0.7100861659616264,Real,UMAP,Phenotype_A
0.46688831210521464,0.047742555881032864,Real,UMAP,Phenotype_A
0.1509041368413273,0.3663790971654564,Real,UMAP,Phenotype_A
0.08787756423290086,0.5940663655700418,Real,UMAP,Phenotype_A
0.3950468556112871,0.015117377814107887,Real,UMAP,Phenotype_A
0.8344114653445756,0.40477959542761,Real,UMAP,Phenotype_A
0.860421748439655,0.38257697396807916,Real,UMAP,Phenotype_A
0.8396866516871733,0.35149408178177505,Real,UMAP,Phenotype_A
0.14007791778336032,0.5038990206048096,Real,UMAP,Phenotype_A
0.06447014859730983,0.17607545917958037,Real,UMAP,Phenotype_A
0.3413130846403729,0.9489227953851124,Real,UMAP,Phenotype_A
0.09413652600713512,0.7497130330895506,Real,UMAP,Phenotype_A
0.10537880049959046,0.49630224651617616,Real,UMAP,Phenotype_A
0.12927019472235537,0.5601575661910265,Real,UMAP,Phenotype_A
0.23898411206923104,0.5183201757143817,Real,UMAP,Phenotype_A
0.41631751336054945,0.9679797399409804,Real,UMAP,Phenotype_A
0.18269415774415507,0.8079633046619384,Real,UMAP,Phenotype_A
0.19682034480247987,0.8235845386955418,Real,UMAP,Phenotype_A
0.13345488791073162,0.7477688566639853,Real,UMAP,Phenotype_A
0.17418171475813102,0.7391667226796009,Real,UMAP,Phenotype_A
0.08642719592874892,0.2833419773939025,Real,UMAP,Phenotype_A
0.11458421638874385,0.5836453579009677,Real,UMAP,Phenotype_A
0.2809667857612068,0.1251654043880894,Real,UMAP,Phenotype_A
0.09141113562991789,0.34237288677653877,Real,UMAP,Phenotype_A
0.16525389556914546,0.3577848799769299,Real,UMAP,Phenotype_A
0.8493727022544452,0.44119768301593876,Real,UMAP,Phenotype_A
0.4854021650191427,0.9568571756905311,Real,UMAP,Phenotype_A
0.8584053712793166,0.40122014939733697,Real,UMAP,Phenotype_A
0.04957501920200588,0.3982643292378844,Real,UMAP,Phenotype_A
0.053968811203495594,0.7135968543136103,Real,UMAP,Phenotype_A
0.10632214859323444,0.2348213259670904,Real,UMAP,Phenotype_A
0.10374530092608256,0.14336146989503537,Real,UMAP,Phenotype_A
0.05029385515173471,0.5857218621734898,Real,UMAP,Phenotype_A
0.336284289534142,0.927341322584632,Real,UMAP,Phenotype_A
0.10233338757606641,0.3619521447171853,Real,UMAP,Phenotype_A
0.031216697245582924,0.2635876067588459,Real,UMAP,Phenotype_A
0.040278220548200974,0.22461262177392602,Real,UMAP,Phenotype_A
0.9685405819807243,0.5235051051272434,Real,UMAP,Phenotype_A
0.35491568868865025,0.9566674110966321,Real,UMAP,Phenotype_A
0.24933445106976745,0.22742805228933896,Real,UMAP,Phenotype_A
0.08586719565914626,0.40270904501380084,Real,UMAP,Phenotype_A
0.06009605431009892,0.16760465565054866,Real,UMAP,Phenotype_A
0.07197550022332348,0.4416484877591863,Real,UMAP,Phenotype_A
0.4983068325492868,0.9019856332244153,Real,UMAP,Phenotype_A
0.8764171153491617,0.4642697142039406,Real,UMAP,Phenotype_A
0.8545668118645968,0.36067979013579704,Real,UMAP,Phenotype_A
0.34290042259434417,0.9350831195807486,Real,UMAP,Phenotype_A
0.4690480854905879,0.06182492308159314,Real,UMAP,Phenotype_A
0.19553826917125106,0.8598679973894359,Real,UMAP,Phenotype_A
0.010123005433355854,0.3057153466044236,Real,UMAP,Phenotype_A
0.2358851966008224,0.22188301030132068,Real,UMAP,Phenotype_A
0.3871105315814838,0.9623807737590605,Real,UMAP,Phenotype_A
0.11381940168950483,0.43835057447588155,Real,UMAP,Phenotype_A
0.14907089095034495,0.5537146657762417,Real,UMAP,Phenotype_A
0.84867228392881,0.40150707158778237,Real,UMAP,Phenotype_A
0.13058853086740244,0.12690867145270088,Real,UMAP,Phenotype_A
0.31548298076993664,0.9322165293807716,Real,UMAP,Phenotype_A
0.39130920126473956,0.06714516167501079,Real,UMAP,Phenotype_A
0.9699137268851307,0.5251254545178587,Real,UMAP,Phenotype_A
0.98987772604675,0.5246382395604539,Real,UMAP,Phenotype_A
0.4872388331920488,0.13413204163893122,Real,UMAP,Phenotype_A
0.23044141715597244,0.262349431812022,Real,UMAP,Phenotype_A
0.18036846899620265,0.6194146178580798,Real,UMAP,Phenotype_A
0.22162081205107204,0.562673876796118,Real,UMAP,Phenotype_A
0.8445000912129568,0.38684436340938805,Real,UMAP,Phenotype_A
0.08197702771053023,0.3312918335310048,Real,UMAP,Phenotype_A
0.23568827170661336,0.8561766510625473,Real,UMAP,Phenotype_A
0.8555007421518781,0.42352442145866354,Real,UMAP,Phenotype_A
0.815309084436917,0.36809319323595036,Real,UMAP,Phenotype_A
0.4773525007593678,0,Real,UMAP,Phenotype_A
0.19741394090837236,0.17053724715580776,Real,UMAP,Phenotype_A
0.041316661055604685,0.3792662924460595,Real,UMAP,Phenotype_A
0.9921696099640966,0.5262688989447163,Real,UMAP,Phenotype_A
0.1676667349468513,0.7933496096079167,Real,UMAP,Phenotype_A
0.13045738693414038,0.39829743559235303,Real,UMAP,Phenotype_A
0.11661334220235546,0.1258081148648209,Real,UMAP,Phenotype_A
0.1666348777604002,0.7825907030093039,Real,UMAP,Phenotype_A
0.1927736401112132,0.8461497431716619,Real,UMAP,Phenotype_A
0.23786818691918685,0.8872287040630699,Real,UMAP,Phenotype_A
0.17852911002147862,0.5785249228647689,Real,UMAP,Phenotype_A
0.20031196059056883,0.5076390873433174,Real,UMAP,Phenotype_A
0.9637057335997,0.5037376057831368,Real,UMAP,Phenotype_A
0.2890181089133646,0.1216305184484923,Real,UMAP,Phenotype_A
0.8034841468537225,0.3273206212882397,Real,UMAP,Phenotype_A
0.9540676211036504,0.5143090678074513,Real,UMAP,Phenotype_A
0.10955978403885852,0.43964347586637553,Real,UMAP,Phenotype_A
0.14087575358452029,0.5970574562611258,Real,UMAP,Phenotype_A
0.7194716141046398,0.27311806297877506,Real,UMAP,Phenotype_A
0.043157169499066485,0.6202376177084711,Real,UMAP,Phenotype_A
0.16656758159066254,0.7214397130981368,Real,UMAP,Phenotype_A
0.04562617609918536,0.3885116884538912,Real,UMAP,Phenotype_A
0.8594727966859145,0.431181030912635,Real,UMAP,Phenotype_A
0.8265542195390719,0.3736219788249426,Real,UMAP,Phenotype_A
0.8949133996784048,0.45407788977955477,Real,UMAP,Phenotype_A
0.11861310431457532,0.7270346246663617,Real,UMAP,Phenotype_A
0.3778183046783404,0.06295201895911345,Real,UMAP,Phenotype_A
0.16170052196069168,0.7296793169168457,Real,UMAP,Phenotype_A
0.058310563620312394,0.7417379982350505,Real,UMAP,Phenotype_A
0.152266518538462,0.3592846506852731,Real,UMAP,Phenotype_A
0.7264462948743126,0.26988148385851785,Real,UMAP,Phenotype_A
0.46575595477707843,0.09651433316782415,Real,UMAP,Phenotype_A
0.11324064418004516,0.13280505547448737,Real,UMAP,Phenotype_A
0.14890991307848025,0.6968839318044332,Real,UMAP,Phenotype_A
0.9897425328486164,0.5290040177535705,Real,UMAP,Phenotype_A
0.09047191517401403,0.18520681782208703,Real,UMAP,Phenotype_A
0.06759419563221211,0.2010753182438102,Real,UMAP,Phenotype_A
0.4587863862043061,0.9692589163557045,Real,UMAP,Phenotype_A
0.005520166867331688,0.3673948971494114,Real,UMAP,Phenotype_A
0.4938305269794289,0.9088045394327444,Real,UMAP,Phenotype_A
0.12340476924506524,0.2349569929076784,Real,UMAP,Phenotype_A
0.2859811863839263,0.12732835649377822,Real,UMAP,Phenotype_A
0.213863779020069,0.5438518396454489,Real,UMAP,Phenotype_A
0.8376632340308161,0.33495259679577105,Real,UMAP,Phenotype_A
0.19884586546414124,0.7139511668397647,Real,UMAP,Phenotype_A
0.38225893753089363,0.0689309262949287,Real,UMAP,Phenotype_A
0.8374153928963824,0.4376041813474761,Real,UMAP,Phenotype_A
0.09773310919041271,0.44333137468750206,Real,UMAP,Phenotype_A
0.2251870388099571,0.8691251357861939,Real,UMAP,Phenotype_A
0.10014924022859485,0.4622326665264536,Real,UMAP,Phenotype_A
0.7022965438783044,0.25531220525451914,Real,UMAP,Phenotype_A
0.32308326806397303,0.957312506640243,Real,UMAP,Phenotype_A
0.8778770712675581,0.37805648624358473,Real,UMAP,Phenotype_A
0.17307451512077796,0.7540704201837369,Real,UMAP,Phenotype_A
0.21499793892418034,0.425168448058664,Real,UMAP,Phenotype_A
0.09690617093075593,0.4193808528999161,Real,UMAP,Phenotype_A
0.03870909122400734,0.15111551746194193,Real,UMAP,Phenotype_A
0.17814727740622796,0.7357782364815494,Real,UMAP,Phenotype_A
0.8668273066643872,0.4227976292435218,Real,UMAP,Phenotype_A
0.4757929590494186,0.14482585759416136,Real,UMAP,Phenotype_A
0.23894461214351545,0.4295088252895146,Real,UMAP,Phenotype_A
0.6929422430100741,0.24375864857774127,Real,UMAP,Phenotype_A
0.23149918963760202,0.41331896962942566,Real,UMAP,Phenotype_A
0.13593021658890816,0.30483532739379404,Real,UMAP,Phenotype_A
0.4722870271506867,0.02275501243487141,Real,UMAP,Phenotype_A
0.15977187016447567,0.38690529780270294,Real,UMAP,Phenotype_A
0.9300925769059243,0.5058738451397757,Real,UMAP,Phenotype_A
0.03641584884360702,0.1888674835159355,Real,UMAP,Phenotype_A
0.24985876555992073,0.23741657144467837,Real,UMAP,Phenotype_A
0.09949555825686514,0.44360303380507066,Real,UMAP,Phenotype_A
0.017427670267473275,0.3482572533136168,Real,UMAP,Phenotype_A
0.8328127502625295,0.37873571941205936,Real,UMAP,Phenotype_A
0.8663260468597128,0.440764367859706,Real,UMAP,Phenotype_A
0.14017494339454262,0.3059632092592633,Real,UMAP,Phenotype_A
0.2964070245811016,0.9118893415697643,Real,UMAP,Phenotype_A
0.2668580236039748,0.8886946962617329,Real,UMAP,Phenotype_A
0.23843926388753514,0.5524614757492904,Real,UMAP,Phenotype_A
0.07231830315006944,0.16261932381185726,Real,UMAP,Phenotype_A
0.9681761481422769,0.5386751712369607,Real,UMAP,Phenotype_A
0.1502162320503599,0.3819505063388573,Real,UMAP,Phenotype_A
0.12602540122140982,0.6586020255722534,Real,UMAP,Phenotype_A
0.4923923848427604,0.14287970806781394,Real,UMAP,Phenotype_A
0.13505729957974116,0.6724372347968248,Real,UMAP,Phenotype_A
0.8624558248061258,0.4137349483307784,Real,UMAP,Phenotype_A
0.07222294949341476,0.12497353659885127,Real,UMAP,Phenotype_A
0.3898725220882827,0.05264434533166523,Real,UMAP,Phenotype_A
0.863765161133442,0.42369891349362426,Real,UMAP,Phenotype_A
0.9758310613256462,0.5176114314087289,Real,UMAP,Phenotype_A
0.14963851951248,0.37576897266496534,Real,UMAP,Phenotype_A
0.3826785981173322,0.035940052428106495,Real,UMAP,Phenotype_A
0.4911400778394105,0.9297418707163657,Real,UMAP,Phenotype_A
0.07637498731992298,0.5486384954130827,Real,UMAP,Phenotype_A
0.180376149537314,0.5772882656877774,Real,UMAP,Phenotype_A
0.21135250331954816,0.5047551945672513,Real,UMAP,Phenotype_A
0.0298662282244577,0.26389049941132214,Real,UMAP,Phenotype_A
0.8535158708846701,0.35266628523665283,Real,UMAP,Phenotype_A
0.08954669733727919,0.608805970472872,Real,UMAP,Phenotype_A
0.13364716268141066,0.10744095333291415,Real,UMAP,Phenotype_A
0.24331692997904075,0.21013139550263116,Real,UMAP,Phenotype_A
0.04752875585448593,0.6646026153342455,Real,UMAP,Phenotype_A
0.11281847566181512,0.4249195094134253,Real,UMAP,Phenotype_A
0.7997194538675483,0.5389874523799715,Real,UMAP,Phenotype_A
0.08995914761981728,0.2865534591058601,Real,UMAP,Phenotype_A
0.07523805824112526,0.30053127364739607,Real,UMAP,Phenotype_A
0.251518702914397,0.21944018143854224,Real,UMAP,Phenotype_A
0.21780311288151358,0.8617031112113321,Real,UMAP,Phenotype_A
0.17174975240051524,0.8162336758433921,Real,UMAP,Phenotype_A
0.20917028916949917,0.2812958176768148,Real,UMAP,Phenotype_A
0.26215510288489746,0.9109621576615937,Real,UMAP,Phenotype_A
0.8930823743520294,0.4633609928816595,Real,UMAP,Phenotype_A
0.08382887409563261,0.38263185625418744,Real,UMAP,Phenotype_A
0.3503649158315885,0.9227188461480086,Real,UMAP,Phenotype_A
0.43381308065641877,0.08902426913961965,Real,UMAP,Phenotype_A
0.38312605494779284,0.8885293894445613,Real,UMAP,Phenotype_A
0.3061651781873782,0.11298352352434828,Real,UMAP,Phenotype_A
0.06634602932874709,0.42609694104331497,Real,UMAP,Phenotype_A
0.9930635831505961,0.5202697185404258,Real,UMAP,Phenotype_A
0.15110612984769828,0.14417607864649623,Real,UMAP,Phenotype_A
0.7004807581970248,0.25383597895070065,Real,UMAP,Phenotype_A
0.007898051945693976,0.3836665741549816,Real,UMAP,Phenotype_A
0.31210228871504103,0.0990957777811506,Real,UMAP,Phenotype_A
0.04554681050770127,0.6442654536071968,Real,UMAP,Phenotype_A
0.8790564000682053,0.42813861791879065,Real,UMAP,Phenotype_A
0.20542808919657962,0.49659811406257115,Real,UMAP,Phenotype_A
0.06496802530649473,0.2707979349657309,Real,UMAP,Phenotype_A
0.2910089365185774,0.12663885534135727,Real,UMAP,Phenotype_A
0.13762531723704394,0.4629310737354267,Real,UMAP,Phenotype_A
0.0753115719917626,0.5304677224562719,Real,UMAP,Phenotype_A
0.8606825080352436,0.38939576905397405,Real,UMAP,Phenotype_A
0.003448824201897078,0.35216823990737267,Real,UMAP,Phenotype_A
0.44918017146572914,0.09021610874170376,Real,UMAP,Phenotype_A
0.8473633917144151,0.4104216974412569,Real,UMAP,Phenotype_A
0.03491819557547016,0.5130645073861185,Real,UMAP,Phenotype_A
0.20465251129006887,0.4593900354074019,Real,UMAP,Phenotype_A
0.21939000672256342,0.4073013266392456,Real,UMAP,Phenotype_A
0.08612519914219328,0.5253087469075439,Real,UMAP,Phenotype_A
0.7620737061299052,0.34553199458806644,Real,UMAP,Phenotype_A
0.46033579168993144,0.9923379076025091,Real,UMAP,Phenotype_A
0.11668889364757336,0.4657221819892759,Real,UMAP,Phenotype_A
0.0655050362013423,0.7199207073674716,Real,UMAP,Phenotype_A
0.0385192198879618,0.21274063698631623,Real,UMAP,Phenotype_A
0.17123541738894885,0.6988701070895029,Real,UMAP,Phenotype_A
0.05836390941946003,0.16141133080227146,Real,UMAP,Phenotype_A
0.05629544042586981,0.20317630197548586,Real,UMAP,Phenotype_A
0.26024499933422246,0.8981896041439453,Real,UMAP,Phenotype_A
0.8079217101022601,0.5242347621329436,Real,UMAP,Phenotype_A
0.8730733499774664,0.41082214203940565,Real,UMAP,Phenotype_A
0.0954689170199302,0.583960403553316,Real,UMAP,Phenotype_A
0.11035584338833289,0.27301534248476267,Real,UMAP,Phenotype_A
0.1959811281267607,0.6886272855987493,Real,UMAP,Phenotype_A
0.48745077955271715,0.15615871969609912,Real,UMAP,Phenotype_A
0.7561077674487853,0.4239354633426062,Real,UMAP,Phenotype_A
0.16590120321423854,0.6733802468761044,Real,UMAP,Phenotype_A
0.07136878972410478,0.6609331899402215,Real,UMAP,Phenotype_A
0.038165967245418084,0.1674604024691947,Real,UMAP,Phenotype_A
0.05675658638402554,0.19325054260271507,Real,UMAP,Phenotype_A
0.1527305904170411,0.2708695628606059,Real,UMAP,Phenotype_A
0.02044178629218299,0.32426026608673403,Real,UMAP,Phenotype_A
0.8554560696168426,0.39623484406879944,Real,UMAP,Phenotype_A
0.13430387507072172,0.7027158106083439,Real,UMAP,Phenotype_A
0.09134242874854752,0.4173864179656247,Real,UMAP,Phenotype_A
0.08955824427323572,0.591514929434544,Real,UMAP,Phenotype_A
0.12341067333449099,0.1438073039420819,Real,UMAP,Phenotype_A
0.06151392399811978,0.711122759392285,Real,UMAP,Phenotype_A
0.1849197904633438,0.31209083093561835,Real,UMAP,Phenotype_A
0.28064728570068986,0.14549755747469117,Real,UMAP,Phenotype_A
0.696438962014839,0.24815804537264502,Real,UMAP,Phenotype_A
0.09148914275834825,0.3362791113674456,Real,UMAP,Phenotype_A
0.23451121571915218,0.2329515094220983,Real,UMAP,Phenotype_A
0.24720950136229025,0.5394302183637141,Real,UMAP,Phenotype_A
0.12927019472235537,0.4999603428425227,Real,UMAP,Phenotype_A
0.2299949007999336,0.2527184667055505,Real,UMAP,Phenotype_A
0.04560600814769566,0.6332584783706958,Real,UMAP,Phenotype_A
0.40709399333877644,0.030876078429671966,Real,UMAP,Phenotype_A
0.15283388585770208,0.5588179391721216,Real,UMAP,Phenotype_A
0.8732279796469841,0.40798806328232906,Real,UMAP,Phenotype_A
0.09091973774452759,0.4707885952606553,Real,UMAP,Phenotype_A
0.06442124392737625,0.26846132830879244,Real,UMAP,Phenotype_A
0.7787261968862825,0.3138899573506677,Real,UMAP,Phenotype_A
0.11709402912905302,0.22871833010626558,Real,UMAP,Phenotype_A
0.9069908154574181,0.4868273948781773,Real,UMAP,Phenotype_A
0.3827642335382949,0.01865317441560441,Real,UMAP,Phenotype_A
0.3381149491204644,0.9404731972688816,Real,UMAP,Phenotype_A
0.047801284442491855,0.5331594872539858,Real,UMAP,Phenotype_A
0.8236487805586591,0.3536090777813674,Real,UMAP,Phenotype_A
0.8859741119263311,0.43101037666710756,Real,UMAP,Phenotype_A
0.10878337015508398,0.7450990561639885,Real,UMAP,Phenotype_A
0.21491517717506198,0.47148004783143216,Real,UMAP,Phenotype_A
0.11239750886090182,0.3733509688250076,Real,UMAP,Phenotype_A
0.6888137464339366,0.24323134281433556,Real,UMAP,Phenotype_A
0.0732246592497893,0.35452630132501306,Real,UMAP,Phenotype_A
0.19831616937035212,0.828295436066114,Real,UMAP,Phenotype_A
0.8450502426254201,0.3187699125981401,Real,UMAP,Phenotype_A
0.187589065866727,0.6183589438923858,Real,UMAP,Phenotype_A
0.2657999115065818,0.8830403531633576,Real,UMAP,Phenotype_A
0.8897357483706346,0.4463258261546434,Real,UMAP,Phenotype_A
0.12561033850992226,0.34158978259031275,Real,UMAP,Phenotype_A
0.05499920542973503,0.7119469517761159,Real,UMAP,Phenotype_A
0.2450023123914846,0.8959753947827747,Real,UMAP,Phenotype_A
0.16577016377813444,0.4697833763006745,Real,UMAP,Phenotype_A
0.17743434554592488,0.810679939202477,Real,UMAP,Phenotype_A
0.7918825850078502,0.3104911828413952,Diffusion,UMAP,Phenotype_A
0.0867426728486837,0.5620008326051652,Diffusion,UMAP,Phenotype_A
0.7212478584287133,0.27564956212340336,Diffusion,UMAP,Phenotype_A
0.04365238153072296,0.4671267587157933,Diffusion,UMAP,Phenotype_A
0.09269096457225016,0.5480129899415225,Diffusion,UMAP,Phenotype_A
0.5316319950756759,0.12333649174007975,Diffusion,UMAP,Phenotype_A
0.13954848293246613,0.31222605338646975,Diffusion,UMAP,Phenotype_A
0.11750998006638338,0.6355059919384739,Diffusion,UMAP,Phenotype_A
0.2847260187708767,0.12887899688423535,Diffusion,UMAP,Phenotype_A
0.23079707323314966,0.49962108876134803,Diffusion,UMAP,Phenotype_A
0.010754586256173268,0.2842832223554487,Diffusion,UMAP,Phenotype_A
0.5244499445943006,0.11999119693497223,Diffusion,UMAP,Phenotype_A
0.1658821324829076,0.23062798810935747,Diffusion,UMAP,Phenotype_A
0.37927645802076165,0.02884547585336609,Diffusion,UMAP,Phenotype_A
0.3953020899196477,0.09130482672489121,Diffusion,UMAP,Phenotype_A
0.541833686868989,0.11534649601151771,Diffusion,UMAP,Phenotype_A
0.7325861135607712,0.2845248729951887,Diffusion,UMAP,Phenotype_A
0.11009564546496833,0.48117853201301813,Diffusion,UMAP,Phenotype_A
0.42002716246875893,0.9148434854066431,Diffusion,UMAP,Phenotype_A
0.0787227249682087,0.45326538422343304,Diffusion,UMAP,Phenotype_A
0.05512470651646628,0.7166785992285393,Diffusion,UMAP,Phenotype_A
0.07382933205442745,0.49318880189417674,Diffusion,UMAP,Phenotype_A
0.4007844810643704,0.06867474842965028,Diffusion,UMAP,Phenotype_A
0.2016883971554515,0.6754654458015235,Diffusion,UMAP,Phenotype_A
0.4775013047123281,0.00592637081718896,Diffusion,UMAP,Phenotype_A
0.06436011308995927,0.5386423982497945,Diffusion,UMAP,Phenotype_A
0.8674200276065817,0.39717423967184734,Diffusion,UMAP,Phenotype_A
0.7989166936378186,0.5627459166570903,Diffusion,UMAP,Phenotype_A
0.5095002546203875,0.10649449374787241,Diffusion,UMAP,Phenotype_A
0.11224797342783568,0.6231813322983588,Diffusion,UMAP,Phenotype_A
0.1782418995827768,0.8269410649974089,Diffusion,UMAP,Phenotype_A
0.7034529145308863,0.2551868374663651,Diffusion,UMAP,Phenotype_A
0.11441017637213194,0.6505391552093113,Diffusion,UMAP,Phenotype_A
0.04470848205782491,0.5205570106872679,Diffusion,UMAP,Phenotype_A
0.31035470436931095,0.09166479836427777,Diffusion,UMAP,Phenotype_A
0.12605466042564356,0.7207043319319258,Diffusion,UMAP,Phenotype_A
0.23216154487344387,0.19243840564783837,Diffusion,UMAP,Phenotype_A
0.15343678221065463,0.6668894825055345,Diffusion,UMAP,Phenotype_A
0.09090907903441386,0.3359528721625835,Diffusion,UMAP,Phenotype_A
0.8758427467203371,0.3923101842491267,Diffusion,UMAP,Phenotype_A
0.04774046709654882,0.5283176713941583,Diffusion,UMAP,Phenotype_A
0.015018540538875646,0.4125637110990171,Diffusion,UMAP,Phenotype_A
0.1002925580807613,0.6231606472637863,Diffusion,UMAP,Phenotype_A
0.1174451918284372,0.3635488927869073,Diffusion,UMAP,Phenotype_A
0.04243420591159754,0.4413716573829745,Diffusion,UMAP,Phenotype_A
0.887430736997817,0.4256659811406257,Diffusion,UMAP,Phenotype_A
0.04581777163833753,0.6834008885458247,Diffusion,UMAP,Phenotype_A
0.17581793125774633,0.8052520907279441,Diffusion,UMAP,Phenotype_A
0.08414487350135727,0.4105507593727708,Diffusion,UMAP,Phenotype_A
0.19417708919143312,0.5640753204120528,Diffusion,UMAP,Phenotype_A
0.052936118039780655,0.5664285574898689,Diffusion,UMAP,Phenotype_A
0.0576117911249153,0.6676002107531824,Diffusion,UMAP,Phenotype_A
0.3020535023881389,0.0791769351023302,Diffusion,UMAP,Phenotype_A
0.23129212851906916,0.3789390653356548,Diffusion,UMAP,Phenotype_A
0.7328315349328904,0.256093694099995,Diffusion,UMAP,Phenotype_A
0.23314585585301514,0.5792034743919706,Diffusion,UMAP,Phenotype_A
0.7951577022778265,0.5543960902249118,Diffusion,UMAP,Phenotype_A
0.1654929850665985,0.5643793947567557,Diffusion,UMAP,Phenotype_A
0.7090615925319852,0.2573316522225571,Diffusion,UMAP,Phenotype_A
0.39021655285663487,0.9489333330442343,Diffusion,UMAP,Phenotype_A
0.07239787773586949,0.7299244150623478,Diffusion,UMAP,Phenotype_A
0.10875902231727516,0.3758397427488546,Diffusion,UMAP,Phenotype_A
0.09129315833856103,0.7356797549018544,Diffusion,UMAP,Phenotype_A
0.09995085237417413,0.28052855250291087,Diffusion,UMAP,Phenotype_A
0.09550089315027138,0.5705927758492464,Diffusion,UMAP,Phenotype_A
0.4295242821744072,0.9636927773670163,Diffusion,UMAP,Phenotype_A
0.4811771489899318,0.19529218153394493,Diffusion,UMAP,Phenotype_A
0.11025510812804236,0.22633410884144292,Diffusion,UMAP,Phenotype_A
0.12794172235298445,0.6043971526637945,Diffusion,UMAP,Phenotype_A
0.05398208234255877,0.4584135131384661,Diffusion,UMAP,Phenotype_A
0.11960958921305097,0.6954706495838058,Diffusion,UMAP,Phenotype_A
0.06685921487157574,0.274887760920896,Diffusion,UMAP,Phenotype_A
0.3310878548622253,0.9386278059769776,Diffusion,UMAP,Phenotype_A
0.04116482668506304,0.5403011580583821,Diffusion,UMAP,Phenotype_A
0.11643601052526724,0.6764132496969881,Diffusion,UMAP,Phenotype_A
0.03308573341317265,0.39137165026842846,Diffusion,UMAP,Phenotype_A
0.44065268088895626,0.9778083837269055,Diffusion,UMAP,Phenotype_A
0.25696943142025247,0.17993146185085526,Diffusion,UMAP,Phenotype_A
0.23411339503873096,0.21183370446419472,Diffusion,UMAP,Phenotype_A
0.1814616660143867,0.8098235267333473,Diffusion,UMAP,Phenotype_A
0.31683585322569535,0.9199094975531382,Diffusion,UMAP,Phenotype_A
0.40578359897773564,0.08812793932389859,Diffusion,UMAP,Phenotype_A
0.08793080553489052,0.24496169799415876,Diffusion,UMAP,Phenotype_A
0.050016049457250904,0.598945930533843,Diffusion,UMAP,Phenotype_A
0.27607096328850256,0.9168128134465734,Diffusion,UMAP,Phenotype_A
0.17130161633852775,0.6925681099212277,Diffusion,UMAP,Phenotype_A
0.13877086733137484,0.7564851486221902,Diffusion,UMAP,Phenotype_A
0.29134641009026646,0.18998026899217915,Diffusion,UMAP,Phenotype_A
0.4124569964805096,0.9443829723570749,Diffusion,UMAP,Phenotype_A
0.46399799908841904,0.9643139788769804,Diffusion,UMAP,Phenotype_A
0.8601705764583107,0.3570896736361212,Diffusion,UMAP,Phenotype_A
0.810403739660692,0.5552681682469541,Diffusion,UMAP,Phenotype_A
0.09431244697259063,0.5793684776551757,Diffusion,UMAP,Phenotype_A
0.005571109231845833,0.3145280548912301,Diffusion,UMAP,Phenotype_A
0.05690941347756798,0.46426561622539314,Diffusion,UMAP,Phenotype_A
0.29189744972857257,0.11658503955958656,Diffusion,UMAP,Phenotype_A
0.8082982198935262,0.5274252552563622,Diffusion,UMAP,Phenotype_A
0.8311660187363926,0.3606997054442404,Diffusion,UMAP,Phenotype_A
0.49489558813782747,0.8815951760938242,Diffusion,UMAP,Phenotype_A
0.3671600125532436,0.9510052189599807,Diffusion,UMAP,Phenotype_A
0.14978288233622625,0.657769919102868,Diffusion,UMAP,Phenotype_A
0.10624476844775194,0.6176665372948571,Diffusion,UMAP,Phenotype_A
0.5128829321212848,0.09203368148082298,Diffusion,UMAP,Phenotype_A
0.057135284084536844,0.7297238959850652,Diffusion,UMAP,Phenotype_A
0.1909978154085396,0.7913995789272836,Diffusion,UMAP,Phenotype_A
0.28461977128550286,0.8551172477195508,Diffusion,UMAP,Phenotype_A
0.039364654144580645,0.16500421723189138,Diffusion,UMAP,Phenotype_A
0.09064010334977918,0.6883077083193301,Diffusion,UMAP,Phenotype_A
0.14279902377710046,0.5782619584000971,Diffusion,UMAP,Phenotype_A
0.4203375974008213,0.9687103943382849,Diffusion,UMAP,Phenotype_A
0.07080440057386704,0.16854088113043497,Diffusion,UMAP,Phenotype_A
0.44720107366649936,0.9724568140276625,Diffusion,UMAP,Phenotype_A
0.028166059464159995,0.38027976970011035,Diffusion,UMAP,Phenotype_A
0.3419555070433305,0.1024436961598255,Diffusion,UMAP,Phenotype_A
0.22349763325693112,0.8564892682831639,Diffusion,UMAP,Phenotype_A
0.09536593507074313,0.5120902942955705,Diffusion,UMAP,Phenotype_A
0.7522168484268462,0.28945323425910063,Diffusion,UMAP,Phenotype_A
0.03841869362198723,0.19796189530423697,Diffusion,UMAP,Phenotype_A
0.02278644127430836,0.4543616314291104,Diffusion,UMAP,Phenotype_A
0.8006783981620204,0.3740475208313909,Diffusion,UMAP,Phenotype_A
0.38815464105970776,0.07363742213298699,Diffusion,UMAP,Phenotype_A
0.35813540287168116,0.06612277023349805,Diffusion,UMAP,Phenotype_A
0.2253771713888976,0.8558002441441187,Diffusion,UMAP,Phenotype_A
0.05122988844432024,0.3979085655137217,Diffusion,UMAP,Phenotype_A
0.3294858873061372,0.9288924399884649,Diffusion,UMAP,Phenotype_A
0.4611431628567569,0.9883220620854591,Diffusion,UMAP,Phenotype_A
0.828953147732622,0.36484861601073715,Diffusion,UMAP,Phenotype_A
0.14004212750675293,0.5961435636802016,Diffusion,UMAP,Phenotype_A
0.23750741048126872,0.5324637632452521,Diffusion,UMAP,Phenotype_A
0.7823507199971744,0.5682564835874875,Diffusion,UMAP,Phenotype_A
0.8516115016155391,0.445863079815179,Diffusion,UMAP,Phenotype_A
0.05411249479571498,0.5483835534460964,Diffusion,UMAP,Phenotype_A
0.48879175239461115,0.9392714271156085,Diffusion,UMAP,Phenotype_A
0.48127080456776933,0.014916208264039913,Diffusion,UMAP,Phenotype_A
0.4204758471408258,0.984994720329226,Diffusion,UMAP,Phenotype_A
0.08887979647506529,0.3761992007857711,Diffusion,UMAP,Phenotype_A
0.37647684853709074,0.0686785645366574,Diffusion,UMAP,Phenotype_A
0.4998903171705576,0.8797060296658955,Diffusion,UMAP,Phenotype_A
0.5029974748523017,0.8989957133843448,Diffusion,UMAP,Phenotype_A
0.844731212802114,0.3877140129996986,Diffusion,UMAP,Phenotype_A
0.08387375562498404,0.5784836395253283,Diffusion,UMAP,Phenotype_A
0.8680287104896572,0.41603564346936167,Diffusion,UMAP,Phenotype_A
0.865143439460734,0.5055906509714811,Diffusion,UMAP,Phenotype_A
0.7158376633907766,0.26217685054086814,Diffusion,UMAP,Phenotype_A
0.3567510506470817,0.0638593634473323,Diffusion,UMAP,Phenotype_A
0.06651923336809519,0.7032258463192997,Diffusion,UMAP,Phenotype_A
0.8842813885885393,0.47201618918350485,Diffusion,UMAP,Phenotype_A
0.39812638685689083,0.9404204222435674,Diffusion,UMAP,Phenotype_A
0.24284115441876813,0.21303877034624666,Diffusion,UMAP,Phenotype_A
0.4326874895192616,0.9034282951325121,Diffusion,UMAP,Phenotype_A
0.06774242485080353,0.5039940655199554,Diffusion,UMAP,Phenotype_A
0.4892643016051312,0.07319690028035378,Diffusion,UMAP,Phenotype_A
0.16525128314019602,0.5757336032072645,Diffusion,UMAP,Phenotype_A
0.4167049365737519,0.9650542169066549,Diffusion,UMAP,Phenotype_A
0.12727053710729347,0.42748126096317673,Diffusion,UMAP,Phenotype_A
0.11548843029672516,0.3688464867964866,Diffusion,UMAP,Phenotype_A
0.4731529167259797,0.9493488550594857,Diffusion,UMAP,Phenotype_A
0.09190723588741717,0.2634239911709161,Diffusion,UMAP,Phenotype_A
0.8677808562930788,0.4123162102696643,Diffusion,UMAP,Phenotype_A
0.08041218276981368,0.5534280891494635,Diffusion,UMAP,Phenotype_A
0.48562722577313727,0.9439970251711286,Diffusion,UMAP,Phenotype_A
0.440930852323493,0.9642108138932314,Diffusion,UMAP,Phenotype_A
0.32938656275747935,0.09362285154259621,Diffusion,UMAP,Phenotype_A
0.736592910134299,0.274316624132974,Diffusion,UMAP,Phenotype_A
0.8867663310052498,0.4312200782518761,Diffusion,UMAP,Phenotype_A
0.23650899238537046,0.3346463054229916,Diffusion,UMAP,Phenotype_A
0.10284531915299933,0.5168250856997895,Diffusion,UMAP,Phenotype_A
0.15426680313647176,0.17347257064676508,Diffusion,UMAP,Phenotype_A
0.037530624524913465,0.4708878465664794,Diffusion,UMAP,Phenotype_A
0.7039358560552008,0.2540151516794123,Diffusion,UMAP,Phenotype_A
0.16847084057748996,0.46945468156104797,Diffusion,UMAP,Phenotype_A
0.34926490037384644,0.11746558456905094,Diffusion,UMAP,Phenotype_A
0.039932805192505576,0.4546026478578847,Diffusion,UMAP,Phenotype_A
0.1278626702529743,0.556612934000863,Diffusion,UMAP,Phenotype_A
0.8667113017568872,0.40987413080574064,Diffusion,UMAP,Phenotype_A
0.8574294592588179,0.42949983521356105,Diffusion,UMAP,Phenotype_A
0.41154254185104644,0.958228328957097,Diffusion,UMAP,Phenotype_A
0.5258779766309348,0.12048451549534586,Diffusion,UMAP,Phenotype_A
0.1095861695712479,0.27613742755359355,Diffusion,UMAP,Phenotype_A
0.8713565139204713,0.4452905228283424,Diffusion,UMAP,Phenotype_A
0.22030770076392386,0.8142445734307886,Diffusion,UMAP,Phenotype_A
0.1672895002065517,0.8007278356819014,Diffusion,UMAP,Phenotype_A
0.2165560437982073,0.4449032692762189,Diffusion,UMAP,Phenotype_A
0.8052425989038823,0.3314777332324378,Diffusion,UMAP,Phenotype_A
0.10773865981820159,0.5756503968968112,Diffusion,UMAP,Phenotype_A
0.05934644394734566,0.575834491536265,Diffusion,UMAP,Phenotype_A
0.1027356493857017,0.682213992536909,Diffusion,UMAP,Phenotype_A
0.19796814158570727,0.8113963699282095,Diffusion,UMAP,Phenotype_A
0.10483369107499962,0.4075115784155784,Diffusion,UMAP,Phenotype_A
0.1821952360633904,0.6523768926047749,Diffusion,UMAP,Phenotype_A
0.8703551176555707,0.41879399364271264,Diffusion,UMAP,Phenotype_A
0.09447274561292847,0.33577319531746325,Diffusion,UMAP,Phenotype_A
0.037406481901235925,0.28347309102499335,Diffusion,UMAP,Phenotype_A
0.14695221107234643,0.22542989746380662,Diffusion,UMAP,Phenotype_A
0.17455628482090219,0.6173784862630989,Diffusion,UMAP,Phenotype_A
0.20511961358622935,0.26594392274117906,Diffusion,UMAP,Phenotype_A
0.11944046056286402,0.3320118147540237,Diffusion,UMAP,Phenotype_A
0.08067640383376039,0.283921516121968,Diffusion,UMAP,Phenotype_A
0.5386497499004207,0.10757521091580063,Diffusion,UMAP,Phenotype_A
0.10480646956534642,0.4301757550362855,Diffusion,UMAP,Phenotype_A
0.37727371773953944,0.9518469741090149,Diffusion,UMAP,Phenotype_A
0.11469461763614733,0.603734450990128,Diffusion,UMAP,Phenotype_A
0.14804404962747678,0.32664831429977687,Diffusion,UMAP,Phenotype_A
0.47971876052890505,0.09954742271841249,Diffusion,UMAP,Phenotype_A
0.06704814573319948,0.3990381916287405,Diffusion,UMAP,Phenotype_A
0.10271746688021358,0.49735560046226934,Diffusion,UMAP,Phenotype_A
0.07429857654232645,0.38027802155449986,Diffusion,UMAP,Phenotype_A
0.23764153258353313,0.8777410814760529,Diffusion,UMAP,Phenotype_A
0.3069171919847649,0.9303693601299211,Diffusion,UMAP,Phenotype_A
0.02008926512974511,0.31695867112746445,Diffusion,UMAP,Phenotype_A
0.8739703535815474,0.43893527091107387,Diffusion,UMAP,Phenotype_A
0.48219382796418664,0.9504030112553474,Diffusion,UMAP,Phenotype_A
0.25354662701069186,0.157809793084607,Diffusion,UMAP,Phenotype_A
0.2706685124696328,0.1589790612810411,Diffusion,UMAP,Phenotype_A
0.8763258762681024,0.4363007856627125,Diffusion,UMAP,Phenotype_A
0.8525899999406978,0.4291541333209021,Diffusion,UMAP,Phenotype_A
0.13026673186941,0.6483413594447565,Diffusion,UMAP,Phenotype_A
0.1533655151489138,0.6744321697820699,Diffusion,UMAP,Phenotype_A
0.5070832092320731,0.10698661977480632,Diffusion,UMAP,Phenotype_A
0.03939401784597239,0.36046292521948037,Diffusion,UMAP,Phenotype_A
0.08037879592783981,0.36861692139903685,Diffusion,UMAP,Phenotype_A
0.11422040953324437,0.5347067668683855,Diffusion,UMAP,Phenotype_A
0.056135612022742865,0.18329748505538776,Diffusion,UMAP,Phenotype_A
0.13390809208488105,0.7192053173981956,Diffusion,UMAP,Phenotype_A
0.236769399303051,0.2002514294139457,Diffusion,UMAP,Phenotype_A
0.10074330657169826,0.48462783741649557,Diffusion,UMAP,Phenotype_A
0.4546407749530135,1,Diffusion,UMAP,Phenotype_A
0.9052101316368986,0.478308125706034,Diffusion,UMAP,Phenotype_A
0.8846578787865884,0.44697264003052883,Diffusion,UMAP,Phenotype_A
0.3532716087778971,0.9422571405650007,Diffusion,UMAP,Phenotype_A
0.13799508043054814,0.3986193555901631,Diffusion,UMAP,Phenotype_A
0.11955984856585357,0.3898033925679148,Diffusion,UMAP,Phenotype_A
0.3485910765749165,0.07928356927426751,Diffusion,UMAP,Phenotype_A
0.28051384282995234,0.13656754184166192,Diffusion,UMAP,Phenotype_A
0.82471192158177975,0.3517343610080594,Diffusion,UMAP,Phenotype_A
0.37657661719866997,0.06923317931583273,Diffusion,UMAP,Phenotype_A
0.8552515033679564,0.4481945585783267,Diffusion,UMAP,Phenotype_A
0.4223752397328081,0.983192997443642,Diffusion,UMAP,Phenotype_A
0.10645214305775874,0.25782265076332983,Diffusion,UMAP,Phenotype_A
0.0978312320217538,0.54265829797291,Diffusion,UMAP,Phenotype_A
0.08244778740721992,0.5021584638434702,Diffusion,UMAP,Phenotype_A
0.14999062268628596,0.25347624581800204,Diffusion,UMAP,Phenotype_A
0.10169914207572057,0.35289583437228295,Diffusion,UMAP,Phenotype_A
0.15026466648308257,0.23644472173858366,Diffusion,UMAP,Phenotype_A
0.06124395559048431,0.621931990902054,Diffusion,UMAP,Phenotype_A
0.1044738028629243,0.3120958504172783,Diffusion,UMAP,Phenotype_A
0.032170599552182655,0.20081554109578645,Diffusion,UMAP,Phenotype_A
0.07091830247606278,0.37049473875928823,Diffusion,UMAP,Phenotype_A
0.21411363172479378,0.23821941747993833,Diffusion,UMAP,Phenotype_A
0.22487323384454996,0.30103846896052283,Diffusion,UMAP,Phenotype_A
0.8789858514244255,0.4373099697963803,Diffusion,UMAP,Phenotype_A
0.18766482630626086,0.3065636552667697,Diffusion,UMAP,Phenotype_A
0.5114949486204455,0.09986344407993877,Diffusion,UMAP,Phenotype_A
0.09475285024488779,0.14967398304000623,Diffusion,UMAP,Phenotype_A
0.43641863891772503,0.944701053549088,Diffusion,UMAP,Phenotype_A
0.12125134406203912,0.325668962474225,Diffusion,UMAP,Phenotype_A
0.06760051771026977,0.23939220907062617,Diffusion,UMAP,Phenotype_A
0.8342957347421153,0.46128604974382215,Diffusion,UMAP,Phenotype_A
0.5021713464456193,0.11128370804179505,Diffusion,UMAP,Phenotype_A
0.23372022448183974,0.5690270228077441,Diffusion,UMAP,Phenotype_A
0.12227452798437809,0.2854463219016355,Diffusion,UMAP,Phenotype_A
0.8343340329505141,0.4256569856440656,Diffusion,UMAP,Phenotype_A
0.32341457630334147,0.09258439342328649,Diffusion,UMAP,Phenotype_A
0.1160255979373097,0.20811959158982055,Diffusion,UMAP,Phenotype_A
0.07012527354416977,0.14488667679958717,Diffusion,UMAP,Phenotype_A
0.1298955057156941,0.5438094179786341,Diffusion,UMAP,Phenotype_A
0.3150691981486343,0.930835488927869,Diffusion,UMAP,Phenotype_A
0.09336073910630843,0.4554204222435674,Diffusion,UMAP,Phenotype_A
0.5004965966189997,0.1167343664286659,Diffusion,UMAP,Phenotype_A
0.23706089412522988,0.8793717300191022,Diffusion,UMAP,Phenotype_A
0.3706062243261912,0.1333536208567594,Diffusion,UMAP,Phenotype_A
0.17327922505325632,0.48047289371491514,Diffusion,UMAP,Phenotype_A
0.09250250394783732,0.33342105862277566,Diffusion,UMAP,Phenotype_A
0.2951155442056548,0.09465367744789172,Diffusion,UMAP,Phenotype_A
0.35068263944041983,0.09206605334310489,Diffusion,UMAP,Phenotype_A
0.7098410258121565,0.261887216691999,Diffusion,UMAP,Phenotype_A
0.8386181029361272,0.3953664557011771,Diffusion,UMAP,Phenotype_A
0.37560252081629103,0.9609842520538678,Diffusion,UMAP,Phenotype_A
0.4067818342036074,0.1010939000830437,Diffusion,UMAP,Phenotype_A
0.12422329548350482,0.697515150595291,Diffusion,UMAP,Phenotype_A
0.2057702128917987,0.28641758618222346,Diffusion,UMAP,Phenotype_A
0.10920501618752412,0.558760448219114,Diffusion,UMAP,Phenotype_A
0.07764232885187693,0.6818118919434609,Diffusion,UMAP,Phenotype_A
0.07372243146181623,0.7337472869864247,Diffusion,UMAP,Phenotype_A
0.4334853775690006,0.959950694162874,Diffusion,UMAP,Phenotype_A
0.24452847002863456,0.21524738564146373,Diffusion,UMAP,Phenotype_A
0.7759208269967781,0.5598792830922609,Diffusion,UMAP,Phenotype_A
0.07753271133315828,0.29041696389659216,Diffusion,UMAP,Phenotype_A
0.05264096581707255,0.5298103763418711,Diffusion,UMAP,Phenotype_A
0.12592712164433176,0.3272226221425273,Diffusion,UMAP,Phenotype_A
0.02950592202375048,0.2640915822316854,Diffusion,UMAP,Phenotype_A
0.08636413189390936,0.48295500029271277,Diffusion,UMAP,Phenotype_A
0.855436411088998,0.370675616268758,Diffusion,UMAP,Phenotype_A
0.4055629009800867,0.0876672311324948,Diffusion,UMAP,Phenotype_A
0.7237820026791504,0.26729084589649243,Diffusion,UMAP,Phenotype_A
0.30731639725252935,0.9370782930726816,Diffusion,UMAP,Phenotype_A
0.0651723172503412,0.17828611262285804,Diffusion,UMAP,Phenotype_A
0.1866040756556289,0.5644740927530827,Diffusion,UMAP,Phenotype_A
0.48379305246987786,0.1613323634061357,Diffusion,UMAP,Phenotype_A
0.8668775828595193,0.3756038094938671,Diffusion,UMAP,Phenotype_A
0.25626428459821876,0.899987250733408,Diffusion,UMAP,Phenotype_A
0.12092019256840769,0.4303699645275508,Diffusion,UMAP,Phenotype_A
0.06344978609823626,0.7126477711550011,Diffusion,UMAP,Phenotype_A
0.16318145568355208,0.22790365630752618,Diffusion,UMAP,Phenotype_A
0.7809464741261248,0.3081404717662288,Diffusion,UMAP,Phenotype_A
0.10589977108068845,0.4641736827384037,Diffusion,UMAP,Phenotype_A
0.27252372888807996,0.9141080608755797,Diffusion,UMAP,Phenotype_A
0.882563429187096,0.3852427943877208,Diffusion,UMAP,Phenotype_A
0.14356624191097297,0.22702820666821336,Diffusion,UMAP,Phenotype_A
0.15356280578317577,0.704235054845697,Diffusion,UMAP,Phenotype_A
0.03690881418636697,0.4557938153047573,Diffusion,UMAP,Phenotype_A
0.4268573057084995,0.972151438737389,Diffusion,UMAP,Phenotype_A
0.34733400188873387,0.11212429233981566,Diffusion,UMAP,Phenotype_A
0.07957688473751869,0.32354346675975654,Diffusion,UMAP,Phenotype_A
0.07342100940962946,0.5525608679908847,Diffusion,UMAP,Phenotype_A
0.3501486589631536,0.9564241342749288,Diffusion,UMAP,Phenotype_A
0.36371534211337614,0.07352859803600584,Diffusion,UMAP,Phenotype_A
0.06272724049939923,0.1528744175558268,Diffusion,UMAP,Phenotype_A
0.10339612367269996,0.2917625644239088,Diffusion,UMAP,Phenotype_A
0.4881072176369885,0.11347094446480184,Diffusion,UMAP,Phenotype_A
0.4237087018414724,0.9491649447206545,Diffusion,UMAP,Phenotype_A
0.83178752864561,0.38298687481434424,Diffusion,UMAP,Phenotype_A
0.2505030950360114,0.23012257075517722,Diffusion,UMAP,Phenotype_A
0.09925432656767355,0.2938720476666457,Diffusion,UMAP,Phenotype_A
0.8790300667843949,0.45633160994182603,Diffusion,UMAP,Phenotype_A
0.08481010240904352,0.23100206416697203,Diffusion,UMAP,Phenotype_A
0.3560945995006656,0.06784901659356075,Diffusion,UMAP,Phenotype_A
0.48625209265355457,0.18019837251709117,Diffusion,UMAP,Phenotype_A
0.040667211218773085,0.46823322918541294,Diffusion,UMAP,Phenotype_A
0.03945196152007104,0.2872638295934762,Diffusion,UMAP,Phenotype_A
0.025092850296613876,0.4554729208179478,Diffusion,UMAP,Phenotype_A
0.12809131003462956,0.5268950548890619,Diffusion,UMAP,Phenotype_A
0.23950435117022317,0.18917461508272929,Diffusion,UMAP,Phenotype_A
0.1172311816488988,0.22628833723978378,Diffusion,UMAP,Phenotype_A
0.03303829170345075,0.3519473691628198,Diffusion,UMAP,Phenotype_A
0.12828233083941287,0.377976263977034,Diffusion,UMAP,Phenotype_A
0.2682143444659468,0.9105897403095817,Diffusion,UMAP,Phenotype_A
0.10773453218046147,0.6078810849018762,Diffusion,UMAP,Phenotype_A
0.1932053701193982,0.8554454329221622,Diffusion,UMAP,Phenotype_A
0.33574949920390146,0.9437956387967988,Diffusion,UMAP,Phenotype_A
0.15120493191056622,0.7856755918760285,Diffusion,UMAP,Phenotype_A
0.7100842241705165,0.26106365309852714,Diffusion,UMAP,Phenotype_A
0.7291681111221733,0.26214735160005465,Diffusion,UMAP,Phenotype_A
0.09043032530513889,0.5697712070389829,Diffusion,UMAP,Phenotype_A
0.05995513989256595,0.3976314273486946,Diffusion,UMAP,Phenotype_A
0.4628332215170202,0.9686659887294748,Diffusion,UMAP,Phenotype_A
0.067402338850165,0.47471689256141003,Diffusion,UMAP,Phenotype_A
0.029318976608128315,0.3546192376242132,Diffusion,UMAP,Phenotype_A
0.46693128656143296,0.08047120248567334,Diffusion,UMAP,Phenotype_A
0.32375855482311466,0.08622437408256234,Diffusion,UMAP,Phenotype_A
0.11382023766676864,0.5025859545579712,Diffusion,UMAP,Phenotype_A
0.8474407979841871,0.3801296636188403,Diffusion,UMAP,Phenotype_A
0.820280771846313,0.4048491790762419,Diffusion,UMAP,Phenotype_A
0.48164550525198796,0.1522846121989666,Diffusion,UMAP,Phenotype_A
0.16076783257716143,0.31780284928762387,Diffusion,UMAP,Phenotype_A
0.13396786445924433,0.30674128854322286,Diffusion,UMAP,Phenotype_A
0.43595250322027584,0.08414212396710342,Diffusion,UMAP,Phenotype_A
0.2834817711108359,0.19972413449175308,Diffusion,UMAP,Phenotype_A
0.46640631896404233,0.970609037668879,Diffusion,UMAP,Phenotype_A
0.17339417192703183,0.32536881806926665,Diffusion,UMAP,Phenotype_A
0.06962102250834822,0.44668626396619276,Diffusion,UMAP,Phenotype_A
0.25296672003249443,0.20741708098169354,Diffusion,UMAP,Phenotype_A
0.10508615620867383,0.43120335568068724,Diffusion,UMAP,Phenotype_A
0.17982403880313866,0.5152721252897314,Diffusion,UMAP,Phenotype_A
0.8021563537158785,0.5387641017079247,Diffusion,UMAP,Phenotype_A
0.36004310298772263,0.09881065387692621,Diffusion,UMAP,Phenotype_A
0.34618714557992825,0.09558181538281407,Diffusion,UMAP,Phenotype_A
0.4858515158605917,0.13347859836124223,Diffusion,UMAP,Phenotype_A
0.20112348551942388,0.274965655036936,Diffusion,UMAP,Phenotype_A
0.36325119186192856,0.9567041844914278,Diffusion,UMAP,Phenotype_A
0.7827516559991179,0.33336580095966417,Diffusion,UMAP,Phenotype_A
0.0417145339846049,0.4636075058054696,Diffusion,UMAP,Phenotype_A
0.23763860666310976,0.19084849838357512,Diffusion,UMAP,Phenotype_A
0.17712210803788744,0.8023142954404026,Diffusion,UMAP,Phenotype_A
0.45655278557682155,0.09184738607511227,Diffusion,UMAP,Phenotype_A
0.3480805557096163,0.07617066671292251,Diffusion,UMAP,Phenotype_A
0.15286324955909383,0.2529210998193854,Diffusion,UMAP,Phenotype_A
0.35908507304338283,0.9478902782505751,Diffusion,UMAP,Phenotype_A
0.45466418231640054,0.09531958812063235,Diffusion,UMAP,Phenotype_A
0.46347292699387044,0.9892385348750984,Diffusion,UMAP,Phenotype_A
0.35418036831225047,0.9389533892884478,Diffusion,UMAP,Phenotype_A
0.1387085347766411,0.5923150543253188,Diffusion,UMAP,Phenotype_A
0.0621595596886852,0.6797709251674425,Diffusion,UMAP,Phenotype_A
0.8325420895612224,0.33174902916936794,Diffusion,UMAP,Phenotype_A
0.036795330272803156,0.4092731169896987,Diffusion,UMAP,Phenotype_A
0.1412473454782891,0.24690702358831143,Diffusion,UMAP,Phenotype_A
0.18083598928099504,0.5459559998525595,Diffusion,UMAP,Phenotype_A
0.03588495103250115,0.40639253349392784,Diffusion,UMAP,Phenotype_A
0.851650413744741,0.36183578326680443,Diffusion,UMAP,Phenotype_A
0.2593876001530152,0.9051399492197579,Diffusion,UMAP,Phenotype_A
0.43496082519106716,0.08746612662970536,Diffusion,UMAP,Phenotype_A
0.43323069187071933,0.9287340715476698,Diffusion,UMAP,Phenotype_A
0.305161744227897,0.9255355234029267,Diffusion,UMAP,Phenotype_A
0.03018922893976687,0.3939887440935716,Diffusion,UMAP,Phenotype_A
0.41955640277206924,0.963408520759839,Diffusion,UMAP,Phenotype_A
0.4993321325390748,0.9006952686777839,Diffusion,UMAP,Phenotype_A
0.19378992722112562,0.3175501351899272,Diffusion,UMAP,Phenotype_A
0.12025888230414561,0.5025247775925135,Diffusion,UMAP,Phenotype_A
0.4560312402613547,0.9704054396870793,Diffusion,UMAP,Phenotype_A
0.26363849229097036,0.9054569029256098,Diffusion,UMAP,Phenotype_A
0.08186610397733686,0.48451613497743945,GAN,UMAP,Phenotype_A
0.05623817598329801,0.5764571349275699,GAN,UMAP,Phenotype_A
0.8892668826849333,0.3827331335117074,GAN,UMAP,Phenotype_A
0.13188319840616755,0.41176880896264767,GAN,UMAP,Phenotype_A
0.054785351995933596,0.39758544315762256,GAN,UMAP,Phenotype_A
0.5068384507637997,0.11474745394110619,GAN,UMAP,Phenotype_A
0.10542963836694663,0.49157422002892437,GAN,UMAP,Phenotype_A
0.10279181660811473,0.47185219415311697,GAN,UMAP,Phenotype_A
0.1519477499580509,0.23322772184916404,GAN,UMAP,Phenotype_A
0.23080161885952166,0.29375391096762166,GAN,UMAP,Phenotype_A
0.5005529858978734,0.915681294354113,GAN,UMAP,Phenotype_A
0.06985415566779653,0.5371945976066937,GAN,UMAP,Phenotype_A
0.08436243658426691,0.4042382380968901,GAN,UMAP,Phenotype_A
0.9892534861492805,0.5054941099689291,GAN,UMAP,Phenotype_A
0.058380263224683544,0.6016429424786915,GAN,UMAP,Phenotype_A
0.28412158108484403,0.8229949067980911,GAN,UMAP,Phenotype_A
0.07860375495385105,0.5036153168994998,GAN,UMAP,Phenotype_A
0.184308847829227,0.3183989317068623,GAN,UMAP,Phenotype_A
0.7451038281149238,0.2832373922112389,GAN,UMAP,Phenotype_A
0.9963743666068046,0.5418470283150804,GAN,UMAP,Phenotype_A
0.9096866331389277,0.43322497360164614,GAN,UMAP,Phenotype_A
0.16622953328460457,0.7970570009301761,GAN,UMAP,Phenotype_A
0.17430580513322957,0.1623159866696444,GAN,UMAP,Phenotype_A
0.2652425759145075,0.9102686669427562,GAN,UMAP,Phenotype_A
0.2855599844644075,0.1276710689219281,GAN,UMAP,Phenotype_A
0.7534388610509911,0.2946440504506692,GAN,UMAP,Phenotype_A
0.49667107322473764,0.9162492004605347,GAN,UMAP,Phenotype_A
0.9292360137019808,0.4889333222030212,GAN,UMAP,Phenotype_A
0.9412100034188857,0.5261374600772328,GAN,UMAP,Phenotype_A
0.6831304366442483,0.23965323295815508,GAN,UMAP,Phenotype_A
0.3865805219962207,0.9565466399828275,GAN,UMAP,Phenotype_A
0.078552342352126,0.721856796248073,GAN,UMAP,Phenotype_A
0.11459968196812455,0.5760763373178405,GAN,UMAP,Phenotype_A
0.295321090115397,0.11037846674891534,GAN,UMAP,Phenotype_A
0.08336443647700058,0.6535302242179691,GAN,UMAP,Phenotype_A
0.4878465886628473,0.08446957196722485,GAN,UMAP,Phenotype_A
0.1134465035812613,0.5155861735504756,GAN,UMAP,Phenotype_A
0.1724773661115142,0.5496796421532384,GAN,UMAP,Phenotype_A
0.26303204303464656,0.9091381886067523,GAN,UMAP,Phenotype_A
0.8526831852813245,0.36315840313267694,GAN,UMAP,Phenotype_A
0,0.3777078626439984,GAN,UMAP,Phenotype_A
0.8252693877953015,0.4651836067848648,GAN,UMAP,Phenotype_A
0.7862007806303442,0.3091882804318272,GAN,UMAP,Phenotype_A
0.9885341277137618,0.5521887216691999,GAN,UMAP,Phenotype_A
0.955862150797602,0.5478840445530493,GAN,UMAP,Phenotype_A
0.1703708601524201,0.44824938259291464,GAN,UMAP,Phenotype_A
0.19694945104116135,0.4731691901396999,GAN,UMAP,Phenotype_A
0.917493563562865,0.40026223471551575,GAN,UMAP,Phenotype_A
0.059567821176521485,0.1998797492644237,GAN,UMAP,Phenotype_A
0.16416153452822524,0.3524822556444776,GAN,UMAP,Phenotype_A
0.9589939567464841,0.5339366829790786,GAN,UMAP,Phenotype_A
0.009950637371271585,0.3698914740363788,GAN,UMAP,Phenotype_A
0.46547948142135886,0.970812548920974,GAN,UMAP,Phenotype_A
0.055801952597319966,0.4163006623439136,GAN,UMAP,Phenotype_A
0.16569001445796552,0.20253716909907352,GAN,UMAP,Phenotype_A
0.2763095564244552,0.17338881143444426,GAN,UMAP,Phenotype_A
0.006238898319902531,0.36558243875256663,GAN,UMAP,Phenotype_A
0.09371670867495958,0.45986775888274795,GAN,UMAP,Phenotype_A
0.1262698200739197,0.4414669028605625,GAN,UMAP,Phenotype_A
0.3747723953933159,0.06979570818056258,GAN,UMAP,Phenotype_A
0.9697943650064306,0.47532951325121475,GAN,UMAP,Phenotype_A
0.17927286854338512,0.5482345518134097,GAN,UMAP,Phenotype_A
0.29157656508071245,0.925439513619816,GAN,UMAP,Phenotype_A
0.02972996393045474,0.2614561592183919,GAN,UMAP,Phenotype_A
0.8302195618522988,0.33934417165543157,GAN,UMAP,Phenotype_A
0.3099342600541875,0.9332279278322128,GAN,UMAP,Phenotype_A
0.825582813958511,0.5143302081729737,GAN,UMAP,Phenotype_A
0.09409321193515335,0.4977358885349835,GAN,UMAP,Phenotype_A
0.29570647563401886,0.9246096404403267,GAN,UMAP,Phenotype_A
0.1538155844083239,0.3995968620379746,GAN,UMAP,Phenotype_A
0.29773340700731293,0.10825439123336145,GAN,UMAP,Phenotype_A
0.9490977623945189,0.5542143698111244,GAN,UMAP,Phenotype_A
0.2233917253873207,0.345422769366201,GAN,UMAP,Phenotype_A
0.08801873989332878,0.19525729451022653,GAN,UMAP,Phenotype_A
0.0590463803582126,0.6156842214816469,GAN,UMAP,Phenotype_A
0.172487711330154,0.5532650915106797,GAN,UMAP,Phenotype_A
0.8722558687106067,0.3487136195991787,GAN,UMAP,Phenotype_A
0.045355319465707075,0.5600161534075017,GAN,UMAP,Phenotype_A
0.09794978404747953,0.29500862960561836,GAN,UMAP,Phenotype_A
0.9774563056236739,0.5383634104721782,GAN,UMAP,Phenotype_A
0.4431520439134677,0.9955793002213775,GAN,UMAP,Phenotype_A
0.3237545839311115,0.9266926277582757,GAN,UMAP,Phenotype_A
0.06769874503876884,0.3449516915544782,GAN,UMAP,Phenotype_A
0.10191613042426134,0.19766100827618208,GAN,UMAP,Phenotype_A
0.532289125453619,0.12143923608476094,GAN,UMAP,Phenotype_A
0.06385053269908086,0.7036196859083744,GAN,UMAP,Phenotype_A
0.8772479200036637,0.3493883387575536,GAN,UMAP,Phenotype_A
0.09511169348538331,0.4461152410110082,GAN,UMAP,Phenotype_A
0.06513276507604664,0.6965526026500262,GAN,UMAP,Phenotype_A
1,0.5493481070157826,GAN,UMAP,Phenotype_A
0.13070091756080748,0.7423731415450463,GAN,UMAP,Phenotype_A
0.09071685651231383,0.40083462874536807,GAN,UMAP,Phenotype_A
0.16802228652687054,0.35892612092722725,GAN,UMAP,Phenotype_A
0.9546714579310247,0.4882762904838,GAN,UMAP,Phenotype_A
0.10325761268980048,0.3731355308833637,GAN,UMAP,Phenotype_A
0.42541730874727685,0.9653461490926989,GAN,UMAP,Phenotype_A
0.9582748073052814,0.5617481672929274,GAN,UMAP,Phenotype_A
0.9759165138765825,0.5177388481861567,GAN,UMAP,Phenotype_A
0.4638799434241937,0.08796859517392558,GAN,UMAP,Phenotype_A
0.10973784719605258,0.1596837401317858,GAN,UMAP,Phenotype_A
0.8352629343120677,0.4142963022790398,GAN,UMAP,Phenotype_A
0.9844197349884151,0.4799061367770808,GAN,UMAP,Phenotype_A
0.0488015834872337,0.5636613703726993,GAN,UMAP,Phenotype_A
0.09842033474985326,0.4227190575516638,GAN,UMAP,Phenotype_A
0.9527360138195401,0.5015261175664513,GAN,UMAP,Phenotype_A
0.2785613656817174,0.9076802189057747,GAN,UMAP,Phenotype_A
0.18677848141229372,0.8248183121098518,GAN,UMAP,Phenotype_A
0.19670440520570356,0.6842022493348916,GAN,UMAP,Phenotype_A
0.15838608110395397,0.5377230091738345,GAN,UMAP,Phenotype_A
0.2261340443041303,0.5211892810757952,GAN,UMAP,Phenotype_A
0.42257605714615176,0.9478585351786524,GAN,UMAP,Phenotype_A
0.13632098371116588,0.4511068770151105,GAN,UMAP,Phenotype_A
0.9505958075269982,0.4448322430686704,GAN,UMAP,Phenotype_A
0.29850208810139717,0.9262526913311492,GAN,UMAP,Phenotype_A
0.7171313569833739,0.28147544573647615,GAN,UMAP,Phenotype_A
0.14966417356476353,0.39349444008386764,GAN,UMAP,Phenotype_A
0.04205989709172131,0.37762983030249153,GAN,UMAP,Phenotype_A
0.13737802471268964,0.46370013855070324,GAN,UMAP,Phenotype_A
0.16450407621207624,0.7814411441382645,GAN,UMAP,Phenotype_A
0.47370372124568033,0.0926783433759104,GAN,UMAP,Phenotype_A
0.16874169721096824,0.4076256306875714,GAN,UMAP,Phenotype_A
0.48279452987682164,0.939674806972201,GAN,UMAP,Phenotype_A
0.08352536210028629,0.7380975405623987,GAN,UMAP,Phenotype_A
0.9904958006118988,0.5112124704305913,GAN,UMAP,Phenotype_A
0.49503360275922653,0.885927238114236,GAN,UMAP,Phenotype_A
0.10803584973549027,0.14860735944909292,GAN,UMAP,Phenotype_A
0.7612409552158359,0.2993954722757658,GAN,UMAP,Phenotype_A
0.3622255000077981,0.9550744032454256,GAN,UMAP,Phenotype_A
0.07912963690137399,0.4608150207175582,GAN,UMAP,Phenotype_A
0.39372533230292167,0.10831061376443779,GAN,UMAP,Phenotype_A
0.49983049254761536,0.08687181132820038,GAN,UMAP,Phenotype_A
0.07608370149206006,0.46975992133615785,GAN,UMAP,Phenotype_A
0.8229537960852387,0.5030481154719288,GAN,UMAP,Phenotype_A
0.819664774162179,0.5152594627528442,GAN,UMAP,Phenotype_A
0.46487606258261643,0.9767468555061437,GAN,UMAP,Phenotype_A
0.7950688992867625,0.5586917040869205,GAN,UMAP,Phenotype_A
0.3643717410112132,0.052141052855250294,GAN,UMAP,Phenotype_A
0.0700570369000103,0.4253326626236169,GAN,UMAP,Phenotype_A
0.7385755771645809,0.2778916442434243,GAN,UMAP,Phenotype_A
0.361953755148477,0.952048533942754,GAN,UMAP,Phenotype_A
0.16014576099571998,0.6882297383147985,GAN,UMAP,Phenotype_A
0.04888450198208903,0.43106636069149595,GAN,UMAP,Phenotype_A
0.9944051176647142,0.5318960305982399,GAN,UMAP,Phenotype_A
0.10069351367592187,0.45873807195529953,GAN,UMAP,Phenotype_A
0.2510442335685991,0.2673358369308092,GAN,UMAP,Phenotype_A
0.4226239690930846,0.9677145205039863,GAN,UMAP,Phenotype_A
0.3664596987247663,0.0763710773780743,GAN,UMAP,Phenotype_A
0.9659634730706774,0.5151241752547143,GAN,UMAP,Phenotype_A
0.7882126840061064,0.5634393314874361,GAN,UMAP,Phenotype_A
0.30767866277494865,0.09910191390775862,GAN,UMAP,Phenotype_A
0.7257374939172857,0.28699707070422353,GAN,UMAP,Phenotype_A
0.10101254349922788,0.45684416081421847,GAN,UMAP,Phenotype_A
0.8639030059469593,0.4573397560293407,GAN,UMAP,Phenotype_A
0.11327162758738556,0.3891209293955156,GAN,UMAP,Phenotype_A
0.8291945884161295,0.3602355497470745,GAN,UMAP,Phenotype_A
0.9513364572584548,0.4794029689746164,GAN,UMAP,Phenotype_A
0.15291565488381967,0.557130710337964,GAN,UMAP,Phenotype_A
0.5371215442757201,0.12501974184903394,GAN,UMAP,Phenotype_A
0.15738750626231873,0.7132337820872804,GAN,UMAP,Phenotype_A
0.35494068963369646,0.9470831282537191,GAN,UMAP,Phenotype_A
0.9078011517311012,0.46780959252216486,GAN,UMAP,Phenotype_A
0.1247259790619567,0.6553223417887568,GAN,UMAP,Phenotype_A
0.08484385499107032,0.5017731671303092,GAN,UMAP,Phenotype_A
0.9382657437442842,0.5020007241930343,GAN,UMAP,Phenotype_A
0.12310120500113993,0.378241960427404,GAN,UMAP,Phenotype_A
0.10098401577509997,0.3637581905364883,GAN,UMAP,Phenotype_A
0.8094239939007098,0.5390443579074724,GAN,UMAP,Phenotype_A
0.1395828624974408,0.4663668547255764,GAN,UMAP,Phenotype_A
0.16140871364703885,0.45611228135983506,GAN,UMAP,Phenotype_A
0.026915750968956428,0.2515420216260519,GAN,UMAP,Phenotype_A
0.19509619394442626,0.4628607359449093,GAN,UMAP,Phenotype_A
0.05104022610259066,0.4178897416105273,GAN,UMAP,Phenotype_A
0.39091741529519153,0.07854647519638858,GAN,UMAP,Phenotype_A
0.95555014840817,0.4770341964384447,GAN,UMAP,Phenotype_A
0.09545548913513005,0.5198999356031943,GAN,UMAP,Phenotype_A
0.9690284008384539,0.47171880928788407,GAN,UMAP,Phenotype_A
0.8442001843695607,0.3985661306545057,GAN,UMAP,Phenotype_A
0.06033890570523917,0.6134156976429035,GAN,UMAP,Phenotype_A
0.13777537515589997,0.3656317229072664,GAN,UMAP,Phenotype_A
0.09308387388624643,0.5003343430116456,GAN,UMAP,Phenotype_A
0.13846369793549929,0.5297059212537646,GAN,UMAP,Phenotype_A
0.9010766159316419,0.4393616991866922,GAN,UMAP,Phenotype_A
0.06992202657190306,0.6583791519135825,GAN,UMAP,Phenotype_A
0.9183943551889227,0.46407732061586765,GAN,UMAP,Phenotype_A
0.2968939029644093,0.8635099077846414,GAN,UMAP,Phenotype_A
0.527329468279535,0.1183724520438939,GAN,UMAP,Phenotype_A
0.15020149795108503,0.2275928604107085,GAN,UMAP,Phenotype_A
0.9520297436530581,0.46326881546737553,GAN,UMAP,Phenotype_A
0.15866613348733427,0.4653125955381903,GAN,UMAP,Phenotype_A
0.07693587581536847,0.29912344455695217,GAN,UMAP,Phenotype_A
0.1296689558771984,0.4120602709110739,GAN,UMAP,Phenotype_A
0.0892073428167465,0.5023289636017112,GAN,UMAP,Phenotype_A
0.9647792851521843,0.5154097761723145,GAN,UMAP,Phenotype_A
0.2331750628086699,0.36324117850491,GAN,UMAP,Phenotype_A
0.2411861806792958,0.23390598066361235,GAN,UMAP,Phenotype_A
0.048335787405547954,0.2239467111011854,GAN,UMAP,Phenotype_A
0.7805421484976195,0.5729863313985382,GAN,UMAP,Phenotype_A
0.07497848730070857,0.6727275624833317,GAN,UMAP,Phenotype_A
0.4048946416548191,0.09139422336801799,GAN,UMAP,Phenotype_A
0.9201115569859707,0.45198972578235613,GAN,UMAP,Phenotype_A
0.9758143940289488,0.48997264761937803,GAN,UMAP,Phenotype_A
0.2621779355139156,0.20159845014017688,GAN,UMAP,Phenotype_A
0.061035065771686825,0.3839694098910892,GAN,UMAP,Phenotype_A
0.13324516211467033,0.3571773465263669,GAN,UMAP,Phenotype_A
0.1984228609686474,0.4688004848190493,GAN,UMAP,Phenotype_A
0.0895930418268423,0.6847757061424146,GAN,UMAP,Phenotype_A
0.01873764663988213,0.38883649390832237,GAN,UMAP,Phenotype_A
0.2027153429754777,0.8193841757317277,GAN,UMAP,Phenotype_A
0.9536946968711174,0.5379947550211078,GAN,UMAP,Phenotype_A
0.13273944811863708,0.7482645386088121,GAN,UMAP,Phenotype_A
0.927766731412235,0.470409212429234,GAN,UMAP,Phenotype_A
0.24317690378735057,0.2096771053093757,GAN,UMAP,Phenotype_A
0.21512166355922596,0.2416536752796491,GAN,UMAP,Phenotype_A
0.04559106505410484,0.5525761866249785,GAN,UMAP,Phenotype_A
0.21536723188047363,0.25450135840399996,GAN,UMAP,Phenotype_A
0.4824732272403296,0.15792325722078998,GAN,UMAP,Phenotype_A
0.9522955060500851,0.5156617368057016,GAN,UMAP,Phenotype_A
0.1837493177968352,0.46372366398310505,GAN,UMAP,Phenotype_A
0.12865167604428515,0.28865379236475047,GAN,UMAP,Phenotype_A
0.23447364899085918,0.3782239599482224,GAN,UMAP,Phenotype_A
0.10426752547307627,0.45813659603254964,GAN,UMAP,Phenotype_A
0.060094173361255325,0.15515597253270252,GAN,UMAP,Phenotype_A
0.7559770121143294,0.29653021554499864,GAN,UMAP,Phenotype_A
0.5299444182229145,0.12595427609967844,GAN,UMAP,Phenotype_A
0.1321466879900084,0.40446160977378726,GAN,UMAP,Phenotype_A
0.3901340523504115,0.08393262836538358,GAN,UMAP,Phenotype_A
0.0936715136541342,0.46793073223721443,GAN,UMAP,Phenotype_A
0.12978379825381592,0.6709000158281712,GAN,UMAP,Phenotype_A
0.9653672122872565,0.5641576702666722,GAN,UMAP,Phenotype_A
0.11491118799605617,0.6403129424570092,GAN,UMAP,Phenotype_A
0.1493537647569907,0.4755843739091029,GAN,UMAP,Phenotype_A
0.9020123749191877,0.37944874599688205,GAN,UMAP,Phenotype_A
0.8273761811215801,0.4527093221423104,GAN,UMAP,Phenotype_A
0.960277625959372,0.5765890616496423,GAN,UMAP,Phenotype_A
0.18028173635508113,0.6894461657881671,GAN,UMAP,Phenotype_A
0.8704771703360887,0.4558596919360889,GAN,UMAP,Phenotype_A
0.9286961291352889,0.4910053382133247,GAN,UMAP,Phenotype_A
0.0883584079053354,0.20639245625028457,GAN,UMAP,Phenotype_A
0.9872420203553671,0.49628190840042236,GAN,UMAP,Phenotype_A
0.07503157185696126,0.24586722115857876,GAN,UMAP,Phenotype_A
0.22599694403286352,0.8377122004843854,GAN,UMAP,Phenotype_A
0.32280405165785653,0.13398434095181513,GAN,UMAP,Phenotype_A
0.09336005987478158,0.40967605100140286,GAN,UMAP,Phenotype_A
0.4057649462350366,0.9668885935260612,GAN,UMAP,Phenotype_A
0.115634674069315,0.14344898016708477,GAN,UMAP,Phenotype_A
0.4118952458835108,0.965170868359486,GAN,UMAP,Phenotype_A
0.5027283816083643,0.8823100456848719,GAN,UMAP,Phenotype_A
0.35125447401316345,0.94640490196291,GAN,UMAP,Phenotype_A
0.1930819589758265,0.8234722670927986,GAN,UMAP,Phenotype_A
0.034086241452230444,0.21146401909788098,GAN,UMAP,Phenotype_A
0.9946320854918419,0.5313780808017294,GAN,UMAP,Phenotype_A
0.053622977859168294,0.14738748446996225,GAN,UMAP,Phenotype_A
0.05396698250323099,0.48056044193121034,GAN,UMAP,Phenotype_A
0.46462404156186365,0.08652133659147924,GAN,UMAP,Phenotype_A
0.13872870272813081,0.5302482204148715,GAN,UMAP,Phenotype_A
0.9536617541420649,0.5456027497652878,GAN,UMAP,Phenotype_A
0.10609868142089907,0.3214756029340659,GAN,UMAP,Phenotype_A
0.031942952493528166,0.43799522932418045,GAN,UMAP,Phenotype_A
0.02020948910999849,0.3547685915963253,GAN,UMAP,Phenotype_A
0.16562480823138742,0.7842142830814197,GAN,UMAP,Phenotype_A
0.24171258511260862,0.2109964809422315,GAN,UMAP,Phenotype_A
0.8792429405573403,0.4145086111755561,GAN,UMAP,Phenotype_A
0.34635619585724675,0.9467176492780837,GAN,UMAP,Phenotype_A
0.0773965515363133,0.6207866817865452,GAN,UMAP,Phenotype_A
0.14845587292706702,0.7696671530757606,GAN,UMAP,Phenotype_A
0.921648200756178,0.4723269688185029,GAN,UMAP,Phenotype_A
0.9771609444066498,0.5361358989425481,GAN,UMAP,Phenotype_A
0.17659230744694032,0.13842802410218494,GAN,UMAP,Phenotype_A
0.2817068868825841,0.9172289859346101,GAN,UMAP,Phenotype_A
0.8355429997575927,0.3366658824855866,GAN,UMAP,Phenotype_A
0.8632396188016825,0.4491288868459225,GAN,UMAP,Phenotype_A
0.1434783598011137,0.49537547457410297,GAN,UMAP,Phenotype_A
0.09370693819068866,0.35164507548736673,GAN,UMAP,Phenotype_A
0.954201011725809,0.55903369015379345,GAN,UMAP,Phenotype_A
0.9873254090874334,0.524253701732209,GAN,UMAP,Phenotype_A
0.18776315813191788,0.5989328343484323,GAN,UMAP,Phenotype_A
0.4302082421976609,0.09497618185484483,GAN,UMAP,Phenotype_A
0.4748000793028932,0.14540792232487645,GAN,UMAP,Phenotype_A
0.10179298052358458,0.46287352315574704,GAN,UMAP,Phenotype_A
0.1122882570822361,0.5406416588790619,GAN,UMAP,Phenotype_A
0.23644326367300247,0.19893853682651674,GAN,UMAP,Phenotype_A
0.4868968662425667,0.9542357703657608,GAN,UMAP,Phenotype_A
0.11155432129317949,0.29145770951186356,GAN,UMAP,Phenotype_A
0.42926776777586134,0.06405630492429581,GAN,UMAP,Phenotype_A
0.4367393145712692,0.08333545098362326,GAN,UMAP,Phenotype_A
0.14016313521569115,0.7355052981008363,GAN,UMAP,Phenotype_A
0.08225676660243662,0.44511819632569605,GAN,UMAP,Phenotype_A
0.12314906469949373,0.4262766233090418,GAN,UMAP,Phenotype_A
0.9272263504840426,0.490305440337552,GAN,UMAP,Phenotype_A
0.9787937125000519,0.5507689780855719,GAN,UMAP,Phenotype_A
0.34757165455026473,0.9450118494459055,GAN,UMAP,Phenotype_A
0.10270341201246556,0.3234943885881055,GAN,UMAP,Phenotype_A
0.06652466722031003,0.21865697968139844,GAN,UMAP,Phenotype_A
0.7424379880556091,0.29672218090515456,GAN,UMAP,Phenotype_A
0.15582187759291738,0.4344450925080713,GAN,UMAP,Phenotype_A
0.474310536242057,0.030588829647682256,GAN,UMAP,Phenotype_A
0.4833424346003884,0.9535802238927327,GAN,UMAP,Phenotype_A
0.8094360306670945,0.5512483223222746,GAN,UMAP,Phenotype_A
0.2151332627437615,0.8171577374821933,GAN,UMAP,Phenotype_A
0.8198730892466076,0.5090481198084141,GAN,UMAP,Phenotype_A
0.46437209891397935,0.05812856811425771,GAN,UMAP,Phenotype_A
0.3830980758337443,0.08096432590421138,GAN,UMAP,Phenotype_A
0.9475098758304683,0.5590285839424288,GAN,UMAP,Phenotype_A
0.23525100334905555,0.22846410365934305,GAN,UMAP,Phenotype_A
0.15165353820976463,0.222653516997938,GAN,UMAP,Phenotype_A
0.8548412736500254,0.3667128032558331,GAN,UMAP,Phenotype_A
0.06267426044030452,0.5415854515256839,GAN,UMAP,Phenotype_A
0.058456441652849314,0.2549230815931379,GAN,UMAP,Phenotype_A
0.4443439384973617,0.9763696246555205,GAN,UMAP,Phenotype_A
0.7384179529983801,0.2783992298402222,GAN,UMAP,Phenotype_A
0.1486361305245786,0.7014504458990943,GAN,UMAP,Phenotype_A
0.9689077849938581,0.47939007335164774,GAN,UMAP,Phenotype_A
0.39020158363875457,0.08064435834112094,GAN,UMAP,Phenotype_A
0.0788921671098696,0.4398260120814479,GAN,UMAP,Phenotype_A
0.06681736375980565,0.6314786764179765,GAN,UMAP,Phenotype_A
0.0986303740373885,0.6029290139049399,GAN,UMAP,Phenotype_A
0.1170669121165578,0.43473203773609453,GAN,UMAP,Phenotype_A
0.09253651777275906,0.7311867008670803,GAN,UMAP,Phenotype_A
0.2641581566575936,0.8817899276457438,GAN,UMAP,Phenotype_A
0.11928695423779473,0.43000854558621693,GAN,UMAP,Phenotype_A
0.12629134648846313,0.5332106144149106,GAN,UMAP,Phenotype_A
0.48595803765100526,0.8953731003484365,GAN,UMAP,Phenotype_A
0.6811642687355501,0.23807452466701215,GAN,UMAP,Phenotype_A
0.9744629845334017,0.5248634982860042,GAN,UMAP,Phenotype_A
0.7925825657516364,0.5609477713718254,GAN,UMAP,Phenotype_A
0.2914642045115969,0.8371283361122976,GAN,UMAP,Phenotype_A
0.1092956674720698,0.4202702416289573,GAN,UMAP,Phenotype_A
0.9904440483944104,0.5279750456957132,GAN,UMAP,Phenotype_A
0.913453755684025,0.40549058183164466,GAN,UMAP,Phenotype_A
0.24941695157599086,0.22652890375821494,GAN,UMAP,Phenotype_A
0.4154763112388287,0.09041396088056669,GAN,UMAP,Phenotype_A
0.8653505789521354,0.4013591547539804,GAN,UMAP,Phenotype_A
0.32569256209867703,0.935903929506096,GAN,UMAP,Phenotype_A
0.429888742137144,0.08960156373657586,GAN,UMAP,Phenotype_A
0.2329761524684593,0.18964200146139554,GAN,UMAP,Phenotype_A
0.4895861136652684,0.9297699711406907,GAN,UMAP,Phenotype_A
0.10772664264503415,0.23884252704340606,GAN,UMAP,Phenotype_A
0.12109057518449039,0.5019172360110407,GAN,UMAP,Phenotype_A
0.07610449642649762,0.6597459470124869,GAN,UMAP,Phenotype_A
0.22747871373298775,0.3103630017584448,GAN,UMAP,Phenotype_A
0.07384542461675601,0.7364500881390624,GAN,UMAP,Phenotype_A
0.22447499517549685,0.1775203760599996,GAN,UMAP,Phenotype_A
0.9536742154281537,0.47995754038893934,GAN,UMAP,Phenotype_A
0.13858460114727952,0.343040407369423,GAN,UMAP,Phenotype_A
0.9508878770835459,0.5485466486557979,GAN,UMAP,Phenotype_A
0.387344030480985,0.9654866078494719,GAN,UMAP,Phenotype_A
0.10979688809030999,0.3876236636849717,GAN,UMAP,Phenotype_A
0.4263731181270097,0.08536464420222765,GAN,UMAP,Phenotype_A
0.15079843796603284,0.2005779667521677,GAN,UMAP,Phenotype_A
0.0953604489699493,0.5671063501321544,GAN,UMAP,Phenotype_A
0.1207042491914467,0.21823365199272338,GAN,UMAP,Phenotype_A
0.12858589508333818,0.6095314427703202,GAN,UMAP,Phenotype_A
0.4896916035462469,0.1444596197336097,GAN,UMAP,Phenotype_A
0.949724039986569,0.45966701756059697,GAN,UMAP,Phenotype_A
0.8384841114553102,0.3556785596581115,GAN,UMAP,Phenotype_A
0.9139129553826133,0.5232926390331373,GAN,UMAP,Phenotype_A
0.4777161247448408,0.11880510317582496,GAN,UMAP,Phenotype_A
0.37872421666513884,0.07199636602537278,GAN,UMAP,Phenotype_A
0.2628801564155259,0.16494153333781436,GAN,UMAP,Phenotype_A
0.8303619522921882,0.372336582264209,GAN,UMAP,Phenotype_A
0.12836080820505413,0.3052063028644653,GAN,UMAP,Phenotype_A
0.9461833627828095,0.4942816286971247,GAN,UMAP,Phenotype_A
0.001833716128193247,0.3708852636474611,GAN,UMAP,Phenotype_A
0.9764790743265557,0.5075945516399503,GAN,UMAP,Phenotype_A
0.15643527591024667,0.5707705717438959,GAN,UMAP,Phenotype_A
0.0543273409525172,0.5717368057016108,GAN,UMAP,Phenotype_A
0.3829650248273491,0.06597897238309378,GAN,UMAP,Phenotype_A
0.10398318870621885,0.46333411209380687,GAN,UMAP,Phenotype_A
0.5283778621412362,0.12213847264653525,GAN,UMAP,Phenotype_A
0.024557250113399008,0.3659378868957921,GAN,UMAP,Phenotype_A
0.8666504060380756,0.4449133841280304,GAN,UMAP,Phenotype_A
0.1547903338979402,0.47845148990791475,GAN,UMAP,Phenotype_A
0.3759628270169983,0.9656507004507776,GAN,UMAP,Phenotype_A
0.08262485784141319,0.24330503053969726,GAN,UMAP,Phenotype_A
0.09947805498290388,0.4148565002829557,GAN,UMAP,Phenotype_A
0.06948679590892581,0.19624397499582613,GAN,UMAP,Phenotype_A
0.33243153156808203,0.9383010951793462,GAN,UMAP,Phenotype_A
0.10457108971700158,0.5637433733084998,GAN,UMAP,Phenotype_A
0.39892108774331153,0.958769782503583,GAN,UMAP,Phenotype_A
0.9838548494766769,0.4949378690077905,GAN,UMAP,Phenotype_A
0.9118926726409956,0.49287445007946606,GAN,UMAP,Phenotype_A
0.3472672804533651,0.08912164491557947,GAN,UMAP,Phenotype_A
0.7465851439055181,0.2838621171154567,GAN,UMAP,Phenotype_A
0.14187281321736483,0.31578135333031226,GAN,UMAP,Phenotype_A
0.16145516263375995,0.3565521012439208,GAN,UMAP,Phenotype_A
0.2343615235403491,0.25725602392005253,GAN,UMAP,Phenotype_A
0.4811520174234381,0.952639163231809,GAN,UMAP,Phenotype_A
0.8429016112495161,0.4316129394214695,GAN,UMAP,Phenotype_A
0.36540806545116794,0.9634007584512677,GAN,UMAP,Phenotype_A
0.13556567825330285,0.7452477759251349,GAN,UMAP,Phenotype_A
0.022424410870494505,0.42755628757835484,GAN,UMAP,Phenotype_A
0.9775038779548433,0.5078148125662669,GAN,UMAP,Phenotype_A
0.930462627466613,0.5052134092796448,GAN,UMAP,Phenotype_A
0.9643534592334251,0.5183824584835744,GAN,UMAP,Phenotype_A
0.9730045699480856,0.5101783271140907,GAN,UMAP,Phenotype_A
0.15066985421314125,0.20170831499361452,GAN,UMAP,Phenotype_A
0.1107936342316806,0.6052825328542962,GAN,UMAP,Phenotype_A
0.06431758274666234,0.36332650969312863,GAN,UMAP,Phenotype_A
0.15087707207741108,0.2585120868684722,GAN,UMAP,Phenotype_A
0.9570332243227689,0.5722086911837087,GAN,UMAP,Phenotype_A
0.808368070914247,0.4797491335975546,Real,t-SNE,Phenotype_A
0.5352858193284351,0.7708504521622319,Real,t-SNE,Phenotype_A
0.5168351818068976,0.8035024633552418,Real,t-SNE,Phenotype_A
0.2390163007838017,0.836882602552933,Real,t-SNE,Phenotype_A
0.5412239970626477,0.5158181828935504,Real,t-SNE,Phenotype_A
0.5328326855035065,0.5226075361980075,Real,t-SNE,Phenotype_A
0.27774254639954854,0.425808698629857,Real,t-SNE,Phenotype_A
0.8724326880014414,0.3750306274388202,Real,t-SNE,Phenotype_A
0.4913574501165504,0.05533041056999728,Real,t-SNE,Phenotype_A
0.4942668240167602,0.049537616363264744,Real,t-SNE,Phenotype_A
0.5113945703139423,0.17090907917287881,Real,t-SNE,Phenotype_A
0.5121658601049613,0.7537723125106766,Real,t-SNE,Phenotype_A
0.7706024643928204,0.3558939780847886,Real,t-SNE,Phenotype_A
0.6602849095965811,0.8267354315813912,Real,t-SNE,Phenotype_A
0.5531732735861326,0.6115689789265532,Real,t-SNE,Phenotype_A
0.5572026461658095,0.7696938728554777,Real,t-SNE,Phenotype_A
0.7294931169186881,0.805078512369668,Real,t-SNE,Phenotype_A
0.4787848071183231,0.05467058624174426,Real,t-SNE,Phenotype_A
0.5633222184698785,0.22022592291063478,Real,t-SNE,Phenotype_A
0.505123875208238,0.8143399611051868,Real,t-SNE,Phenotype_A
0.9070118782164551,0.7128404624334254,Real,t-SNE,Phenotype_A
0.09460858645285077,0.4417804355038508,Real,t-SNE,Phenotype_A
0.8895354564559808,0.4851357053485698,Real,t-SNE,Phenotype_A
0.5782085927246691,0.28978247053191086,Real,t-SNE,Phenotype_A
0.06516971728195663,0.46803008054535455,Real,t-SNE,Phenotype_A
0.22192367569096805,0.8873086123770791,Real,t-SNE,Phenotype_A
0.49417970660747446,0.15936479591674613,Real,t-SNE,Phenotype_A
0.4763882864669819,0.7734394040736979,Real,t-SNE,Phenotype_A
0.6111415164161295,0.8229930880185179,Real,t-SNE,Phenotype_A
0.5232689478363939,0.21435673337990335,Real,t-SNE,Phenotype_A
0.0749776977075607,0.7862361400860107,Real,t-SNE,Phenotype_A
0.7894376929722323,0.49380168438710453,Real,t-SNE,Phenotype_A
0.8386922870625947,0.3410410403912283,Real,t-SNE,Phenotype_A
0.11139277627485598,0.6434077362869007,Real,t-SNE,Phenotype_A
0.8224659422584799,0.6342829859199617,Real,t-SNE,Phenotype_A
0.4788609725606317,0.8949716746497453,Real,t-SNE,Phenotype_A
0.9358197157245093,0.5390234430468788,Real,t-SNE,Phenotype_A
0.7756422042188247,0.7602421651264324,Real,t-SNE,Phenotype_A
0.7246055512386209,0.9073409356851937,Real,t-SNE,Phenotype_A
0.11280675715278668,0.664055447263971,Real,t-SNE,Phenotype_A
0.046374622599958344,0.5161133720450816,Real,t-SNE,Phenotype_A
0.5558805421814913,0.8169771638267822,Real,t-SNE,Phenotype_A
0.4172519415354242,0.808003520683772,Real,t-SNE,Phenotype_A
0.10979349540250612,0.4835662075890334,Real,t-SNE,Phenotype_A
0.46807022369790924,0.5799034005828165,Real,t-SNE,Phenotype_A
0.45354030530884615,0.1901584131583912,Real,t-SNE,Phenotype_A
0.5836704136088149,0.7855603728761229,Real,t-SNE,Phenotype_A
0.3183893005338572,0.8358875816701454,Real,t-SNE,Phenotype_A
0.8941598635889473,0.6513820687914823,Real,t-SNE,Phenotype_A
0.7556689135020815,0.8181932764469533,Real,t-SNE,Phenotype_A
0.19068192259951494,0.4355388783329453,Real,t-SNE,Phenotype_A
0.6304588336183641,0.8875505607360132,Real,t-SNE,Phenotype_A
0.5819707856989674,0.6395588978307606,Real,t-SNE,Phenotype_A
0.7396102986244492,0.606411142705367,Real,t-SNE,Phenotype_A
0.5044633784973114,0.23158849864175352,Real,t-SNE,Phenotype_A
0.5313292842961923,0.26883219723140056,Real,t-SNE,Phenotype_A
0.897814474588146,0.625255310410486,Real,t-SNE,Phenotype_A
0.791455059373953,0.8654741341119095,Real,t-SNE,Phenotype_A
0.06499947831538236,0.6715222570506636,Real,t-SNE,Phenotype_A
0.8292188277804716,0.3214775024359192,Real,t-SNE,Phenotype_A
0.6322904920530431,0.9063527394379601,Real,t-SNE,Phenotype_A
0.9902382388168918,0.6341343049557192,Real,t-SNE,Phenotype_A
0.4808889903224841,0.80280096103493,Real,t-SNE,Phenotype_A
0.5070847478548899,0.0640086217126332,Real,t-SNE,Phenotype_A
0.6306725750312882,0.5715305533649325,Real,t-SNE,Phenotype_A
0.10878235918815553,0.7180707011330888,Real,t-SNE,Phenotype_A
0.8987445502258298,0.742628997713515,Real,t-SNE,Phenotype_A
0.5051790055819341,0.14417730414700425,Real,t-SNE,Phenotype_A
0.5092765487176997,0.17228805181547663,Real,t-SNE,Phenotype_A
0.8704443197894115,0.43226055398032076,Real,t-SNE,Phenotype_A
0.5286587545346599,0.1762755113312856,Real,t-SNE,Phenotype_A
0.482590528727424,0.8594650338447576,Real,t-SNE,Phenotype_A
0.5755028916309324,0.2858383998053346,Real,t-SNE,Phenotype_A
0.4910983564492738,0.8223471066003336,Real,t-SNE,Phenotype_A
0.5342672094659847,0.5457538525195146,Real,t-SNE,Phenotype_A
0.10540871621171477,0.7243918845452643,Real,t-SNE,Phenotype_A
0.8775580273020592,0.6489452981121185,Real,t-SNE,Phenotype_A
0.3269044871309802,0.8969994780908129,Real,t-SNE,Phenotype_A
0.15303877668406007,0.6796804835939063,Real,t-SNE,Phenotype_A
0.2426287608141424,0.9330262016384399,Real,t-SNE,Phenotype_A
0.49477128145591054,0.04104690054993778,Real,t-SNE,Phenotype_A
0.6798397862287502,0.6470253698699383,Real,t-SNE,Phenotype_A
0.4857887405654536,0.040365313095524546,Real,t-SNE,Phenotype_A
0.947098714087998,0.5380078001386119,Real,t-SNE,Phenotype_A
0.14877188208267778,0.6291256615481812,Real,t-SNE,Phenotype_A
0.498376833580183,0.026842896466261642,Real,t-SNE,Phenotype_A
0.5035378433865245,0.08384669991216509,Real,t-SNE,Phenotype_A
0.8014164958806872,0.28533883805121646,Real,t-SNE,Phenotype_A
0.6286543939410404,0.6927359966550549,Real,t-SNE,Phenotype_A
0.3419913391454647,0.6736389162493296,Real,t-SNE,Phenotype_A
0.9049074524249884,0.8217209128708797,Real,t-SNE,Phenotype_A
0.6344024886824029,0.744628498614467,Real,t-SNE,Phenotype_A
0.9866323071008558,0.5329115590027688,Real,t-SNE,Phenotype_A
0.3310049100397382,0.946471612373552,Real,t-SNE,Phenotype_A
0.6628720176217074,0.6851201238568772,Real,t-SNE,Phenotype_A
0.4090753655669019,0.7955896142815146,Real,t-SNE,Phenotype_A
0.024466065454688622,0.48596843880197454,Real,t-SNE,Phenotype_A
0.45649463479826846,0.7331009257751157,Real,t-SNE,Phenotype_A
0.8746706890395801,0.4240719349451675,Real,t-SNE,Phenotype_A
0.23603727419056397,0.7023200014437716,Real,t-SNE,Phenotype_A
0.029432367939353922,0.7220787277829602,Real,t-SNE,Phenotype_A
0.3906569821585711,0.9585068931327286,Real,t-SNE,Phenotype_A
0.4637935623228923,0.7927050209778735,Real,t-SNE,Phenotype_A
0.36129538024563396,0.9444045525596532,Real,t-SNE,Phenotype_A
0.052748809907262745,0.4543201007878578,Real,t-SNE,Phenotype_A
0.6987740718596954,0.7659926109927477,Real,t-SNE,Phenotype_A
0.5596741930338344,0.5993579148767855,Real,t-SNE,Phenotype_A
0.6569850683529195,0.7736719522245187,Real,t-SNE,Phenotype_A
0.254720418244934,0.3298901322892703,Real,t-SNE,Phenotype_A
0.4200226540465153,0.898327133511862,Real,t-SNE,Phenotype_A
0.5963947370028135,0.6991710944287863,Real,t-SNE,Phenotype_A
0.9321241397430076,0.4910660794387775,Real,t-SNE,Phenotype_A
0.4218236131107426,0.2053014057816857,Real,t-SNE,Phenotype_A
0.5036055512046388,0.8263100019701294,Real,t-SNE,Phenotype_A
0.5073131082208889,0.19374002936724086,Real,t-SNE,Phenotype_A
0.8149648819548299,0.84610501072867494,Real,t-SNE,Phenotype_A
0.5098048661538631,0.14811115201335634,Real,t-SNE,Phenotype_A
0.5975837589779268,0.9212277131853657,Real,t-SNE,Phenotype_A
0.11715323770113706,0.80902052147967,Real,t-SNE,Phenotype_A
0.4090633399299268,0.6114361962904701,Real,t-SNE,Phenotype_A
0.10751766651138392,0.6564710422044969,Real,t-SNE,Phenotype_A
0.4790018805313683,0.8142519154091151,Real,t-SNE,Phenotype_A
0.4595397880834934,0.5622768095453918,Real,t-SNE,Phenotype_A
0.21216140219413523,0.629977509579292,Real,t-SNE,Phenotype_A
0.5584977711842631,0.6111594488542672,Real,t-SNE,Phenotype_A
0.43438901579698325,0.1513596864338129,Real,t-SNE,Phenotype_A
0.18235451428141722,0.6322243666891746,Real,t-SNE,Phenotype_A
0.3111572257440427,0.7267195492024944,Real,t-SNE,Phenotype_A
0.4310262329949266,0.8970588234312123,Real,t-SNE,Phenotype_A
0.535762203388675,0.19218079220186424,Real,t-SNE,Phenotype_A
0.960550179109202,0.7660103404517798,Real,t-SNE,Phenotype_A
0.2061274710592411,0.4199521288118008,Real,t-SNE,Phenotype_A
0.3412080964695805,0.7240182339119349,Real,t-SNE,Phenotype_A
0.5497973567213371,0.740030653059167,Real,t-SNE,Phenotype_A
0.15864619317106257,0.4725097012933641,Real,t-SNE,Phenotype_A
0.5267327314063627,0.22938192726577428,Real,t-SNE,Phenotype_A
0.491767076004451,0.2047348138730324,Real,t-SNE,Phenotype_A
0.4490283969834267,0.25876844403723975,Real,t-SNE,Phenotype_A
0.5840068680486914,0.7897332597887775,Real,t-SNE,Phenotype_A
0.289810346524585,0.8230627523808938,Real,t-SNE,Phenotype_A
0.9509265200236126,0.5032398429035169,Real,t-SNE,Phenotype_A
0.6139752306635287,0.7119963862521672,Real,t-SNE,Phenotype_A
0.416354417588478,0.7156990379871065,Real,t-SNE,Phenotype_A
0.5401495128950291,0.7131137812844967,Real,t-SNE,Phenotype_A
0.5376549839306025,0.5219917305665608,Real,t-SNE,Phenotype_A
0.8820947576777124,0.42082427895520186,Real,t-SNE,Phenotype_A
0.8297146460082168,0.6704112340623786,Real,t-SNE,Phenotype_A
0.8489593114319761,0.6562788318116503,Real,t-SNE,Phenotype_A
0.6020635191959294,0.7040001484495304,Real,t-SNE,Phenotype_A
0.775683344518765,0.656089637950792,Real,t-SNE,Phenotype_A
0.6089344991582961,0.8556536796723839,Real,t-SNE,Phenotype_A
0.7888705232040335,0.7677122551938583,Real,t-SNE,Phenotype_A
0.0823787223693759,0.5958331914203611,Real,t-SNE,Phenotype_A
0.4643035069259149,0.783258748768488,Real,t-SNE,Phenotype_A
0.3338242775453664,0.7223187836403262,Real,t-SNE,Phenotype_A
0.519458640435308,0.2417245422427272,Real,t-SNE,Phenotype_A
0.897201427819322,0.3495051929883707,Real,t-SNE,Phenotype_A
0.49191328752935093,0.21699603563226932,Real,t-SNE,Phenotype_A
0.4574170750676292,0.8945469096553574,Real,t-SNE,Phenotype_A
0.6927436441235829,0.7226949303843316,Real,t-SNE,Phenotype_A
0.4407871313819077,0.6654205564928837,Real,t-SNE,Phenotype_A
0.2884644645722511,0.5880225055088388,Real,t-SNE,Phenotype_A
0.35415367360966443,0.6858606790422308,Real,t-SNE,Phenotype_A
0.966239036836901,0.5081747824577616,Real,t-SNE,Phenotype_A
0.42932207913504433,0.777647187530126,Real,t-SNE,Phenotype_A
0.27278056429225633,0.905865785912188,Real,t-SNE,Phenotype_A
0.1709116579166549,0.8553004967195438,Real,t-SNE,Phenotype_A
0.48858021755563463,0.04968711428401047,Real,t-SNE,Phenotype_A
0.9512188045581534,0.48108355332063907,Real,t-SNE,Phenotype_A
0.12246041877096041,0.6834358672393008,Real,t-SNE,Phenotype_A
0.5029210984055632,0.8125511879650547,Real,t-SNE,Phenotype_A
0.2558668986157217,0.8373183504766372,Real,t-SNE,Phenotype_A
0.5150593796104838,0.8377737315037208,Real,t-SNE,Phenotype_A
0.8519510315427552,0.32592096562170203,Real,t-SNE,Phenotype_A
0.5257058416083566,0.17280588847542486,Real,t-SNE,Phenotype_A
0.4384090759857242,0.22637795077286677,Real,t-SNE,Phenotype_A
0.9781129731460882,0.49842272672220456,Real,t-SNE,Phenotype_A
0.16805626003414964,0.41104746855693464,Real,t-SNE,Phenotype_A
0.9706926395183281,0.6250803810095971,Real,t-SNE,Phenotype_A
0.2879134795853516,0.9462328117634202,Real,t-SNE,Phenotype_A
0.16898980981051412,0.6690786568076035,Real,t-SNE,Phenotype_A
0.9135801733545436,0.45462938046670026,Real,t-SNE,Phenotype_A
0.565613284636137,0.8618694003495545,Real,t-SNE,Phenotype_A
0.7643907518739783,0.8640756098965621,Real,t-SNE,Phenotype_A
0.5484588672471888,0.23928703748087415,Real,t-SNE,Phenotype_A
0.22585004613748086,0.5787356494395287,Real,t-SNE,Phenotype_A
0.9560542989854062,0.5335182737700409,Real,t-SNE,Phenotype_A
0.024687228918631107,0.45476461660582873,Real,t-SNE,Phenotype_A
0.4971217703135973,0.0436273545580159,Real,t-SNE,Phenotype_A
0.48634967860082207,0.030157654629822842,Real,t-SNE,Phenotype_A
0.09929980443218338,0.3743244989933651,Real,t-SNE,Phenotype_A
0.19366415304001888,0.6576072231706122,Real,t-SNE,Phenotype_A
0.7004176741104777,0.6283360249397355,Real,t-SNE,Phenotype_A
0.6448767044269467,0.538367884504733,Real,t-SNE,Phenotype_A
0.5094416142814735,0.21509112673795375,Real,t-SNE,Phenotype_A
0.4053507196786407,0.8371483546610886,Real,t-SNE,Phenotype_A
0.8189057303088795,0.5980956917017204,Real,t-SNE,Phenotype_A
0.5200145982201132,0.18394724413902563,Real,t-SNE,Phenotype_A
0.5121108259275345,0.26412107120174205,Real,t-SNE,Phenotype_A
0.273303378013903,0.42994580464514015,Real,t-SNE,Phenotype_A
0.08847346777568815,0.757759969450122,Real,t-SNE,Phenotype_A
0.7969592045177591,0.7859486002763018,Real,t-SNE,Phenotype_A
0.4944255062509012,0.030637277790607226,Real,t-SNE,Phenotype_A
0.889528446299189,0.7198588095113145,Real,t-SNE,Phenotype_A
0.3127010715901689,0.7657279931479237,Real,t-SNE,Phenotype_A
0.2366988120024319,0.5511780025505035,Real,t-SNE,Phenotype_A
0.8967397279067141,0.7338467911298439,Real,t-SNE,Phenotype_A
0.8878482031030848,0.6545404268232448,Real,t-SNE,Phenotype_A
0.8820497639317738,0.6155945762197295,Real,t-SNE,Phenotype_A
0.8181968235387678,0.7216574691462491,Real,t-SNE,Phenotype_A
0.5731369562447743,0.5939982016513463,Real,t-SNE,Phenotype_A
0.4993308323766627,0.04745261610088177,Real,t-SNE,Phenotype_A
0.10383063245453605,0.5826826420491344,Real,t-SNE,Phenotype_A
0.3926303265944308,0.220010367323752,Real,t-SNE,Phenotype_A
0.49233102015723024,0.063589228047817,Real,t-SNE,Phenotype_A
0.4170307913322692,0.7147767843904697,Real,t-SNE,Phenotype_A
0.7651595323655619,0.8572446891039526,Real,t-SNE,Phenotype_A
0.26822185949447647,0.2900218527454351,Real,t-SNE,Phenotype_A
0.7253866696302301,0.9050504163101778,Real,t-SNE,Phenotype_A
0.8020197166403202,0.6801821627186185,Real,t-SNE,Phenotype_A
0.4705938796631911,0.870902406357664,Real,t-SNE,Phenotype_A
0.5594744237277018,0.16959971968105683,Real,t-SNE,Phenotype_A
0.5044779174293713,0.2548001597569049,Real,t-SNE,Phenotype_A
0.5110201467746545,0.14979913967492348,Real,t-SNE,Phenotype_A
0.613302646886128,0.6823270315181118,Real,t-SNE,Phenotype_A
0.08261951531790646,0.482304723538353,Real,t-SNE,Phenotype_A
0.7887513252300509,0.6895487738151526,Real,t-SNE,Phenotype_A
0.5630442601450247,0.6731858791673385,Real,t-SNE,Phenotype_A
0.3844720406943463,0.7306728880403998,Real,t-SNE,Phenotype_A
0.27460922651258757,0.2797955467040424,Real,t-SNE,Phenotype_A
0.11272428924704891,0.40178903068347666,Real,t-SNE,Phenotype_A
0.25589125314392674,0.5693474898305648,Real,t-SNE,Phenotype_A
0.7641291916886989,0.7172833696241205,Real,t-SNE,Phenotype_A
0.4862814804286538,0.028687979581815015,Real,t-SNE,Phenotype_A
0.44782421302467373,0.6428674815683592,Real,t-SNE,Phenotype_A
0.30035133646896855,0.8267315841200963,Real,t-SNE,Phenotype_A
0.8760508575477358,0.3786990007267275,Real,t-SNE,Phenotype_A
0.3877693597719926,0.9324685954124878,Real,t-SNE,Phenotype_A
0.7987763627395443,0.3477799391025518,Real,t-SNE,Phenotype_A
0.20182861100733018,0.8173115119669735,Real,t-SNE,Phenotype_A
0.08165827694833518,0.5919195543212489,Real,t-SNE,Phenotype_A
0.6242535814361719,0.5759115531368717,Real,t-SNE,Phenotype_A
0.4857658849588428,0.2303903123219257,Real,t-SNE,Phenotype_A
0.7769950483860706,0.6117213832973616,Real,t-SNE,Phenotype_A
0.11872855828669145,0.4685058038102767,Real,t-SNE,Phenotype_A
0.5551883295448485,0.255448632671133,Real,t-SNE,Phenotype_A
0.5073549922403274,0.8122941453197927,Real,t-SNE,Phenotype_A
0.9285160284882655,0.6410755605586811,Real,t-SNE,Phenotype_A
0.5276863862156924,0.793489147254352,Real,t-SNE,Phenotype_A
0.2548322891539049,0.31371516211594574,Real,t-SNE,Phenotype_A
0.8920507893094117,0.5340511520014953,Real,t-SNE,Phenotype_A
0.5012255329142647,0.1841330425067468,Real,t-SNE,Phenotype_A
0.7478249989461216,0.651778158156844,Real,t-SNE,Phenotype_A
0.47832050578786994,0.5625105556502328,Real,t-SNE,Phenotype_A
0.515175855732927,0.8326577901940265,Real,t-SNE,Phenotype_A
0.39294478420067935,0.6031152599003993,Real,t-SNE,Phenotype_A
0.8485828016426764,0.723996904721867,Real,t-SNE,Phenotype_A
0.5117982663645725,0.2126057675574578,Real,t-SNE,Phenotype_A
0.042555408671169206,0.4071665196192339,Real,t-SNE,Phenotype_A
0.4895197606659711,0.5210272717292356,Real,t-SNE,Phenotype_A
0.22115446864308408,0.31796863880173004,Real,t-SNE,Phenotype_A
0.4564917902781503,0.5359745521036093,Real,t-SNE,Phenotype_A
0.1634255363644809,0.7334529903323511,Real,t-SNE,Phenotype_A
0.25590491661296333,0.43548266090967525,Real,t-SNE,Phenotype_A
0.3505390891879473,0.7226930657694075,Real,t-SNE,Phenotype_A
0.504933125323301,0.08641577411313965,Real,t-SNE,Phenotype_A
0.22004795843178956,0.9094202011289328,Real,t-SNE,Phenotype_A
0.11846538951784844,0.6899116227044866,Real,t-SNE,Phenotype_A
0.6709452597663571,0.8075530106875712,Real,t-SNE,Phenotype_A
0.2703331420205269,0.7710156264870937,Real,t-SNE,Phenotype_A
0.5085959644330188,0.2542335213957016,Real,t-SNE,Phenotype_A
0.5103489126952464,0.18404734194219943,Real,t-SNE,Phenotype_A
0.4365451572939624,0.8203734814389749,Real,t-SNE,Phenotype_A
0.8848736880840024,0.5454749936367008,Real,t-SNE,Phenotype_A
0.954798508056731,0.6047107644995173,Real,t-SNE,Phenotype_A
0.6427614370698729,0.5501981124373434,Real,t-SNE,Phenotype_A
0.21719657092403497,0.8283426097567262,Real,t-SNE,Phenotype_A
0.4897463086947439,0.045485400399083525,Real,t-SNE,Phenotype_A
0.3698623823515783,0.7351032472157494,Real,t-SNE,Phenotype_A
0.8379543871590269,0.7661324336535561,Real,t-SNE,Phenotype_A
0.10143484498216553,0.3704438563189539,Real,t-SNE,Phenotype_A
0.49701625532820876,0.7125067386697387,Real,t-SNE,Phenotype_A
0.5296647191457637,0.19458468336271947,Real,t-SNE,Phenotype_A
0.17878990612931694,0.595504658221072,Real,t-SNE,Phenotype_A
0.1179795516924269,0.4689952842353542,Real,t-SNE,Phenotype_A
0.5321902352346551,0.18641716321890353,Real,t-SNE,Phenotype_A
0.49337750764375143,0.0405673385057679,Real,t-SNE,Phenotype_A
0.4716342946346318,0.6052747600045904,Real,t-SNE,Phenotype_A
0.14224402063661368,0.4890563170753376,Real,t-SNE,Phenotype_A
0.8743053213139766,0.3403821728281986,Real,t-SNE,Phenotype_A
0.362703114607316,0.6933365930221312,Real,t-SNE,Phenotype_A
0.8301971356332484,0.8621848075676799,Real,t-SNE,Phenotype_A
0.5528859210197078,0.5933915049836561,Real,t-SNE,Phenotype_A
0.2741295124453084,0.9081060507296806,Real,t-SNE,Phenotype_A
0.5180848496270567,0.25147554453732646,Real,t-SNE,Phenotype_A
0.6930549528255027,0.8367135015929255,Real,t-SNE,Phenotype_A
0.23125325218459414,0.5533824918711668,Real,t-SNE,Phenotype_A
0.13104963215780938,0.6620054735258302,Real,t-SNE,Phenotype_A
0.6016785036842158,0.5449204283057673,Real,t-SNE,Phenotype_A
0.5338269519643284,0.8568389797973067,Real,t-SNE,Phenotype_A
0.71071725618655,0.2676077661450799,Real,t-SNE,Phenotype_A
0.45275586809346446,0.7286932549963901,Real,t-SNE,Phenotype_A
0.36323120677876225,0.8010607923590514,Real,t-SNE,Phenotype_A
0.12659897081048838,0.6556605070650736,Real,t-SNE,Phenotype_A
0.9524019702604847,0.6492201915489526,Real,t-SNE,Phenotype_A
0.9288765141508016,0.723136699918368,Real,t-SNE,Phenotype_A
0.2524283777805525,0.6697964763072158,Real,t-SNE,Phenotype_A
0.9549612377085066,0.5970252038926667,Real,t-SNE,Phenotype_A
0.5185773190135913,0.14354413587731593,Real,t-SNE,Phenotype_A
0.6599127299916953,0.9549005865386242,Real,t-SNE,Phenotype_A
0.8501100540654897,0.5094200798937137,Real,t-SNE,Phenotype_A
0.10421077076818874,0.42951466511078434,Real,t-SNE,Phenotype_A
0.7959000785074755,0.4914540920150955,Real,t-SNE,Phenotype_A
0.008512599753549514,0.5920440672322704,Real,t-SNE,Phenotype_A
0.5349453573422203,0.8205467387949551,Real,t-SNE,Phenotype_A
0.4944392523843106,0.026453279771108444,Real,t-SNE,Phenotype_A
0.14563640272755163,0.5751059804211277,Real,t-SNE,Phenotype_A
0.2300967441566159,0.31077607188391365,Real,t-SNE,Phenotype_A
0.39131779070570016,0.9573431662985215,Real,t-SNE,Phenotype_A
0.0725678602425363,0.5661728373674225,Real,t-SNE,Phenotype_A
0.7108329218191581,0.7378040326509909,Real,t-SNE,Phenotype_A
0.5572090086616205,0.18122271441889856,Real,t-SNE,Phenotype_A
0.5721032635862472,0.5916026127508408,Real,t-SNE,Phenotype_A
0.3226523814224202,0.8617884845745386,Real,t-SNE,Phenotype_A
0.03238026871828209,0.5842666406859898,Real,t-SNE,Phenotype_A
0.574484885422689,0.887341070099216,Real,t-SNE,Phenotype_A
0.4670513818357977,0.7312333383481615,Real,t-SNE,Phenotype_A
0.5064008462300487,0.20292240255886618,Real,t-SNE,Phenotype_A
0.37482850475415846,0.9386982484081585,Real,t-SNE,Phenotype_A
0.11832099342107512,0.42044896948921306,Real,t-SNE,Phenotype_A
0.4043819576115947,0.20504465619934018,Real,t-SNE,Phenotype_A
0.35836301795332004,0.8849846808976893,Real,t-SNE,Phenotype_A
0.5034940357562896,0.5723116445901243,Real,t-SNE,Phenotype_A
0.43665181871033854,0.5716476442311484,Real,t-SNE,Phenotype_A
0.6371367378165206,0.8608565838846283,Real,t-SNE,Phenotype_A
0.3422835121895678,0.22801256301804043,Real,t-SNE,Phenotype_A
0.8318952340620063,0.37699607550075465,Real,t-SNE,Phenotype_A
0.5621200813723182,0.8695336420315314,Real,t-SNE,Phenotype_A
0.6507299861682537,0.7352710035501993,Real,t-SNE,Phenotype_A
0.25331768785462716,0.8801456324937911,Real,t-SNE,Phenotype_A
0.8445739042821077,0.6808214590733119,Real,t-SNE,Phenotype_A
0.23823971165539365,0.8526889678436749,Real,t-SNE,Phenotype_A
0.2963765034599727,0.8355683628423094,Real,t-SNE,Phenotype_A
0.924837637065251,0.60135615251743,Real,t-SNE,Phenotype_A
0.7034254869534351,0.24485424103160283,Real,t-SNE,Phenotype_A
0.5145086805498502,0.19011370003075762,Real,t-SNE,Phenotype_A
0.6408180727595977,0.8639482730687494,Real,t-SNE,Phenotype_A
0.24050561008878046,0.7869331632280429,Real,t-SNE,Phenotype_A
0.7661864085966937,0.6118902027297338,Real,t-SNE,Phenotype_A
0.07433342791904089,0.3706903488247951,Real,t-SNE,Phenotype_A
0.7641837933422763,0.3148955435543073,Real,t-SNE,Phenotype_A
0.8050442452903683,0.6557560630496545,Real,t-SNE,Phenotype_A
0.5119943106132485,0.677558264375286,Real,t-SNE,Phenotype_A
0.2160808171015219,0.8851873090584973,Real,t-SNE,Phenotype_A
0.32472361863236165,0.8318530087194544,Real,t-SNE,Phenotype_A
0.15751500250021355,0.7644798999782669,Real,t-SNE,Phenotype_A
0.3517662801650071,0.9427937660169079,Real,t-SNE,Phenotype_A
0.39426608914684147,0.20060077755115857,Real,t-SNE,Phenotype_A
0.6525622191764388,0.6814425421050542,Real,t-SNE,Phenotype_A
0.5182086201191768,0.8262068327156442,Real,t-SNE,Phenotype_A
0.610248395110689,0.7561575488589487,Real,t-SNE,Phenotype_A
0.23650012927553263,0.5906537438604201,Real,t-SNE,Phenotype_A
0.6835933010568576,0.7368570216289567,Real,t-SNE,Phenotype_A
0.27773204623110764,0.7015274975085307,Real,t-SNE,Phenotype_A
0.06019084518072291,0.60240890481252,Real,t-SNE,Phenotype_A
0.22635852368861117,0.3109048846246929,Real,t-SNE,Phenotype_A
0.6205640016360873,0.9650313356339214,Real,t-SNE,Phenotype_A
0.18346900694117252,0.6737252941775579,Real,t-SNE,Phenotype_A
0.5679356365708406,0.5090257956437096,Real,t-SNE,Phenotype_A
0.5625226462870025,0.8885046399887339,Real,t-SNE,Phenotype_A
0.17351360190034942,0.6628533801138473,Real,t-SNE,Phenotype_A
0.7384482223526527,0.9127324239901571,Real,t-SNE,Phenotype_A
0.16556274213150013,0.46998811195093315,Real,t-SNE,Phenotype_A
0.46876222299289166,0.9804595962048579,Real,t-SNE,Phenotype_A
0.508385515229279,0.17710726476019176,Real,t-SNE,Phenotype_A
0.5161371007258019,0.8111843292106331,Real,t-SNE,Phenotype_A
0.31606034182406273,0.8577963146150462,Real,t-SNE,Phenotype_A
0.3652204973476817,0.28271519148631913,Real,t-SNE,Phenotype_A
0.4756311980905781,0.6978776083680643,Real,t-SNE,Phenotype_A
0.5073211278050784,0.12476449768271831,Real,t-SNE,Phenotype_A
0.15583626483480925,0.49143308426892796,Real,t-SNE,Phenotype_A
0.9230712033922319,0.5060164988464275,Real,t-SNE,Phenotype_A
0.3494952772777673,0.6374079562680345,Real,t-SNE,Phenotype_A
0.4923052475759942,0.24535418436138923,Real,t-SNE,Phenotype_A
0.5127970894661005,0.15044943609793032,Real,t-SNE,Phenotype_A
0.6257492747751723,0.698480752563253,Real,t-SNE,Phenotype_A
0.5435823479752981,0.5860593343913509,Real,t-SNE,Phenotype_A
0.4875534852117451,0.7868268278992612,Real,t-SNE,Phenotype_A
0.21103405235765088,0.32083051950118474,Real,t-SNE,Phenotype_A
0.48455433332966485,0.8081330028255947,Real,t-SNE,Phenotype_A
0.8878696973053817,0.6518677163776514,Real,t-SNE,Phenotype_A
0.48267002511506735,0.23220178682861461,Real,t-SNE,Phenotype_A
0.8194239987987709,0.7234801481874708,Real,t-SNE,Phenotype_A
0.8689758747416856,0.5816595405145075,Real,t-SNE,Phenotype_A
0.510956590245416,0.15804623339297436,Real,t-SNE,Phenotype_A
0.43911104661035444,0.7394783626898033,Real,t-SNE,Phenotype_A
0.6727821883483823,0.7326191782357415,Real,t-SNE,Phenotype_A
0.9569790588021969,0.6164320264464309,Real,t-SNE,Phenotype_A
0.9091897740517716,0.8415192640371699,Real,t-SNE,Phenotype_A
0.8824386720556782,0.7180519556492458,Real,t-SNE,Phenotype_A
0.34846437498668575,0.257044766981915,Diffusion,t-SNE,Phenotype_A
0.6548870508210309,0.8350634173596062,Diffusion,t-SNE,Phenotype_A
0.2675159644560758,0.2871435328763752,Diffusion,t-SNE,Phenotype_A
0.5155865257334484,0.91615722635752606,Diffusion,t-SNE,Phenotype_A
0.5323105232827678,0.7287448687319198,Diffusion,t-SNE,Phenotype_A
0.1574253901347804,0.32844584574386204,Diffusion,t-SNE,Phenotype_A
0.573654415776422,1,Diffusion,t-SNE,Phenotype_A
0.5032336015610052,0.7499744467059054,Diffusion,t-SNE,Phenotype_A
0.07781365077267252,0.5987531256182439,Diffusion,t-SNE,Phenotype_A
0.5418652236063342,0.5388420935266314,Diffusion,t-SNE,Phenotype_A
0.2650261129689669,0.9374954930172362,Diffusion,t-SNE,Phenotype_A
0.15210042983370964,0.3463893803923901,Diffusion,t-SNE,Phenotype_A
0.15094111475840719,0.7693577898460038,Diffusion,t-SNE,Phenotype_A
0.14986072890217497,0.49039176806532914,Diffusion,t-SNE,Phenotype_A
0.05781041381435681,0.465872939085699,Diffusion,t-SNE,Phenotype_A
0.20502411445711854,0.3428340618148656,Diffusion,t-SNE,Phenotype_A
0.2866196225952677,0.27566477771590536,Diffusion,t-SNE,Phenotype_A
0.5579898017559993,0.8391084183583003,Diffusion,t-SNE,Phenotype_A
0.9350584487364516,0.394881386808058,Diffusion,t-SNE,Phenotype_A
0.5789305881999515,0.8104274243852843,Diffusion,t-SNE,Phenotype_A
0.5434242209451441,0.6737568211872098,Diffusion,t-SNE,Phenotype_A
0.6348025186844568,0.7774097590055963,Diffusion,t-SNE,Phenotype_A
0.08224520226451427,0.4553707961414726,Diffusion,t-SNE,Phenotype_A
0.7429708079115682,0.6053914075249938,Diffusion,t-SNE,Phenotype_A
0.2637208280294445,0.43102488703651615,Diffusion,t-SNE,Phenotype_A
0.6850073547089569,0.873439909823659,Diffusion,t-SNE,Phenotype_A
0.5173598286929715,0.19955705852874173,Diffusion,t-SNE,Phenotype_A
0.768909245760382,0.2596880826998692,Diffusion,t-SNE,Phenotype_A
0.1464490204945064,0.3625952304296656,Diffusion,t-SNE,Phenotype_A
0.2914620479312914,0.6419033419314822,Diffusion,t-SNE,Phenotype_A
0.912433678800136,0.7041260550050426,Diffusion,t-SNE,Phenotype_A
0.2302238646727005,0.30872803597130577,Diffusion,t-SNE,Phenotype_A
0.837229928705858,0.7650091483559098,Diffusion,t-SNE,Phenotype_A
0.5084336815895975,0.9131747124705608,Diffusion,t-SNE,Phenotype_A
0.10944567271236164,0.5549925102413119,Diffusion,t-SNE,Phenotype_A
0.6365892610652246,0.6897770677319833,Diffusion,t-SNE,Phenotype_A
0.0868422870491295,0.6748335582136735,Diffusion,t-SNE,Phenotype_A
0.7685335875049503,0.8175491514252797,Diffusion,t-SNE,Phenotype_A
0.8130543703917249,0.9047816688537763,Diffusion,t-SNE,Phenotype_A
0.5939195454411675,0.1885250310407508,Diffusion,t-SNE,Phenotype_A
0.5830825628170663,0.9061138546747052,Diffusion,t-SNE,Phenotype_A
0.4078671987741994,0.9604666230485543,Diffusion,t-SNE,Phenotype_A
0.6537638540800342,0.7901228593652039,Diffusion,t-SNE,Phenotype_A
0.39547006747446134,0.7831059632129729,Diffusion,t-SNE,Phenotype_A
0.6887090286822367,0.7751513365837586,Diffusion,t-SNE,Phenotype_A
0.48597247936980587,0.16649166537955723,Diffusion,t-SNE,Phenotype_A
0.706971016362615,0.7210674666182229,Diffusion,t-SNE,Phenotype_A
0.8858019411543376,0.7182172641565007,Diffusion,t-SNE,Phenotype_A
0.5596675296486077,0.8248585735658195,Diffusion,t-SNE,Phenotype_A
0.6263242675363369,0.6078270487149657,Diffusion,t-SNE,Phenotype_A
0.648108815963968,0.9063102232850552,Diffusion,t-SNE,Phenotype_A
0.6729201860715461,0.748131903244513,Diffusion,t-SNE,Phenotype_A
0.10867332496685317,0.5580922884738861,Diffusion,t-SNE,Phenotype_A
0.45717561835201304,0.5366624558777695,Diffusion,t-SNE,Phenotype_A
0.20898951291708892,0.2735136965459869,Diffusion,t-SNE,Phenotype_A
0.6458853854849592,0.5395822685758108,Diffusion,t-SNE,Phenotype_A
0.7607786231651591,0.2705250449166139,Diffusion,t-SNE,Phenotype_A
0.7362952500760208,0.8950037155771168,Diffusion,t-SNE,Phenotype_A
0.23870908628324217,0.2932950084869917,Diffusion,t-SNE,Phenotype_A
0.9042184301489801,0.45046842331933445,Diffusion,t-SNE,Phenotype_A
0.692990178555772,0.7061257214078056,Diffusion,t-SNE,Phenotype_A
0.4979460980670704,0.815643951912025,Diffusion,t-SNE,Phenotype_A
0.6023977087220375,0.7140036412228657,Diffusion,t-SNE,Phenotype_A
0.38036728093899225,0.791644321167731,Diffusion,t-SNE,Phenotype_A
0.6003156341448505,0.7631760401610969,Diffusion,t-SNE,Phenotype_A
0.8873847996341925,0.40596820527033195,Diffusion,t-SNE,Phenotype_A
0.02239675109786764,0.3848235758242605,Diffusion,t-SNE,Phenotype_A
0.4354957571760663,0.6946828230011337,Diffusion,t-SNE,Phenotype_A
0.5483405895004408,0.7108888312034399,Diffusion,t-SNE,Phenotype_A
0.4572513882570036,0.9316643108808054,Diffusion,t-SNE,Phenotype_A
0.5825778237442109,0.6937728526404049,Diffusion,t-SNE,Phenotype_A
0.3332813521886092,0.8613899291588997,Diffusion,t-SNE,Phenotype_A
0.9516624045113549,0.5199660601492674,Diffusion,t-SNE,Phenotype_A
0.3591120288298382,0.6740526094192624,Diffusion,t-SNE,Phenotype_A
0.6375999671055449,0.6564889651679803,Diffusion,t-SNE,Phenotype_A
0.39814999251546407,0.9017565545650543,Diffusion,t-SNE,Phenotype_A
0.8833362562620317,0.39779270561590013,Diffusion,t-SNE,Phenotype_A
0.11727240426129194,0.6442816348837916,Diffusion,t-SNE,Phenotype_A
0.15302288622175483,0.6936276682158716,Diffusion,t-SNE,Phenotype_A
0.9113918128901622,0.6785009289015616,Diffusion,t-SNE,Phenotype_A
0.9756048400403657,0.5305040812646173,Diffusion,t-SNE,Phenotype_A
0.04736408041253846,0.4430911080638316,Diffusion,t-SNE,Phenotype_A
0.42183109655989215,0.7018651531580783,Diffusion,t-SNE,Phenotype_A
0.38247403270062147,0.6782657484205377,Diffusion,t-SNE,Phenotype_A
0.9377570598542744,0.5812358753970659,Diffusion,t-SNE,Phenotype_A
0.700496601169789,0.6378399051637911,Diffusion,t-SNE,Phenotype_A
0.7102392932612832,0.6812581879322088,Diffusion,t-SNE,Phenotype_A
0.1819468481464986,0.5439344221453025,Diffusion,t-SNE,Phenotype_A
0.8707402836799655,0.45007784448119537,Diffusion,t-SNE,Phenotype_A
0.8734122272262578,0.36815888212362274,Diffusion,t-SNE,Phenotype_A
0.4683394157920818,0.24413111870576829,Diffusion,t-SNE,Phenotype_A
0.7701068125748406,0.25468862017847105,Diffusion,t-SNE,Phenotype_A
0.6305399893071527,0.8505699594302496,Diffusion,t-SNE,Phenotype_A
0.2860240152995612,0.9455776284932611,Diffusion,t-SNE,Phenotype_A
0.3409304146458586,0.641542897447488,Diffusion,t-SNE,Phenotype_A
0.07356070290152329,0.5866605866742727,Diffusion,t-SNE,Phenotype_A
0.7040305356223772,0.2459722639678352,Diffusion,t-SNE,Phenotype_A
0.5567220195113491,0.2665515961671957,Diffusion,t-SNE,Phenotype_A
0.8366454378791766,0.32342510656843304,Diffusion,t-SNE,Phenotype_A
0.963090099455372,0.46826513469967407,Diffusion,t-SNE,Phenotype_A
0.7740804707543797,0.745255600011113,Diffusion,t-SNE,Phenotype_A
0.5809857693183422,0.8212009565955896,Diffusion,t-SNE,Phenotype_A
0.19007111330548246,0.3584666885497003,Diffusion,t-SNE,Phenotype_A
0.5502945938170685,0.6742614061288201,Diffusion,t-SNE,Phenotype_A
0.9507166993683915,0.6724251816798147,Diffusion,t-SNE,Phenotype_A
0.8398453279776442,0.5600713711872342,Diffusion,t-SNE,Phenotype_A
0.3946818181522171,0.6025795092357988,Diffusion,t-SNE,Phenotype_A
0.6906428228735079,0.7636093551051698,Diffusion,t-SNE,Phenotype_A
0.7691847402353797,0.8208233180058346,Diffusion,t-SNE,Phenotype_A
0.8638502000713141,0.4235824353825697,Diffusion,t-SNE,Phenotype_A
0.29830244806041534,0.8007384598446845,Diffusion,t-SNE,Phenotype_A
0.8871545662987086,0.38377118273971345,Diffusion,t-SNE,Phenotype_A
0.40547499402364934,0.9244228529215388,Diffusion,t-SNE,Phenotype_A
0.018352273281012257,0.5736505436829599,Diffusion,t-SNE,Phenotype_A
0.9040501213700183,0.6242814423163684,Diffusion,t-SNE,Phenotype_A
0.5855366178091038,0.7370190201881416,Diffusion,t-SNE,Phenotype_A
0.3611172746232234,0.2894931919162454,Diffusion,t-SNE,Phenotype_A
0.2265746033263803,0.8579567594130139,Diffusion,t-SNE,Phenotype_A
0.4981932640132062,0.9355355178892923,Diffusion,t-SNE,Phenotype_A
0.3567642041070402,0.22236368223363778,Diffusion,t-SNE,Phenotype_A
0.07429075382485387,0.4770360186554734,Diffusion,t-SNE,Phenotype_A
0.10410147850490442,0.5164578101187757,Diffusion,t-SNE,Phenotype_A
0.41714617404665877,0.6155897564456402,Diffusion,t-SNE,Phenotype_A
0.512796795975517,0.8201925543267348,Diffusion,t-SNE,Phenotype_A
0.9962672183518009,0.514710110548895,Diffusion,t-SNE,Phenotype_A
0.8120802826812005,0.3807907366134523,Diffusion,t-SNE,Phenotype_A
0.5636781320915447,0.2770488055987666,Diffusion,t-SNE,Phenotype_A
0.79061090910844245,0.7512385498499108,Diffusion,t-SNE,Phenotype_A
0.5512513096391711,0.5394477754515696,Diffusion,t-SNE,Phenotype_A
0.7783263416699256,0.2837656271128031,Diffusion,t-SNE,Phenotype_A
0.47542902360789263,0.1840077562110725,Diffusion,t-SNE,Phenotype_A
0.6283149470132038,0.9057965245756499,Diffusion,t-SNE,Phenotype_A
0.8886257761243945,0.343954559777222,Diffusion,t-SNE,Phenotype_A
0.27478950914218925,0.4281055097610359,Diffusion,t-SNE,Phenotype_A
0.8531358343152484,0.41147490686809857,Diffusion,t-SNE,Phenotype_A
0.4178475523977051,0.8372822498203027,Diffusion,t-SNE,Phenotype_A
0.07517453228864106,0.48457033771450947,Diffusion,t-SNE,Phenotype_A
0.8424207792201558,0.3220516010864643,Diffusion,t-SNE,Phenotype_A
0.8512365365584452,0.32469266967705296,Diffusion,t-SNE,Phenotype_A
0.5844139562302251,0.22930666085248952,Diffusion,t-SNE,Phenotype_A
0.5542536242566481,0.7329376530425303,Diffusion,t-SNE,Phenotype_A
0.5670667682605237,0.2003867320771449,Diffusion,t-SNE,Phenotype_A
0.5778688734507372,0.14775463204925549,Diffusion,t-SNE,Phenotype_A
0.2643194460747879,0.2882400708235522,Diffusion,t-SNE,Phenotype_A
0.08850037647353476,0.5120136946807554,Diffusion,t-SNE,Phenotype_A
0.6678363859826169,0.7390627678059181,Diffusion,t-SNE,Phenotype_A
0.5638610979742037,0.15076163155607847,Diffusion,t-SNE,Phenotype_A
0.8731023322165077,0.4571919985882213,Diffusion,t-SNE,Phenotype_A
0.12572392688135542,0.6744088311496013,Diffusion,t-SNE,Phenotype_A
0.808404784599295,0.43431590807771153,Diffusion,t-SNE,Phenotype_A
0.6563614544918747,0.9022480735591332,Diffusion,t-SNE,Phenotype_A
0.17540662290837455,0.38803660025702147,Diffusion,t-SNE,Phenotype_A
0.5204238146432986,0.7019506896850047,Diffusion,t-SNE,Phenotype_A
0.889701765897288,0.4258966520278878,Diffusion,t-SNE,Phenotype_A
0.5108749006799156,0.8498029236381759,Diffusion,t-SNE,Phenotype_A
0.53673565668054,0.9420779355622326,Diffusion,t-SNE,Phenotype_A
0.8767967390430595,0.36268712588196833,Diffusion,t-SNE,Phenotype_A
0.24468060610517137,0.7202460113453556,Diffusion,t-SNE,Phenotype_A
0.6122827960343066,0.17526962722978595,Diffusion,t-SNE,Phenotype_A
0.6662204942740901,0.8567764222693928,Diffusion,t-SNE,Phenotype_A
0.8757844404840911,0.34764516580977295,Diffusion,t-SNE,Phenotype_A
0.8785691945534543,0.393174294854336,Diffusion,t-SNE,Phenotype_A
0.08945584805122922,0.5512847428572726,Diffusion,t-SNE,Phenotype_A
0.2791294268731143,0.27004747427725834,Diffusion,t-SNE,Phenotype_A
0.5519171063650222,0.189240447836369,Diffusion,t-SNE,Phenotype_A
0.41471302941816496,0.5325728610730073,Diffusion,t-SNE,Phenotype_A
0.5230809869882806,0.891921885825119,Diffusion,t-SNE,Phenotype_A
0.10870339298083052,0.7853137848284444,Diffusion,t-SNE,Phenotype_A
0.381932344627789,0.8902937043756247,Diffusion,t-SNE,Phenotype_A
0.220723252489553,0.2973048841038208,Diffusion,t-SNE,Phenotype_A
0.9075451613560279,0.83107475382492,Diffusion,t-SNE,Phenotype_A
0.06357744969056968,0.5113265258790191,Diffusion,t-SNE,Phenotype_A
0.3839896117169588,0.8914825979435876,Diffusion,t-SNE,Phenotype_A
0.596379453435642,0.7717417491770688,Diffusion,t-SNE,Phenotype_A
0.48875218037397883,0.19203423697512093,Diffusion,t-SNE,Phenotype_A
0.5339653387054606,0.18325431905316827,Diffusion,t-SNE,Phenotype_A
0.9072798313895233,0.42231132603408145,Diffusion,t-SNE,Phenotype_A
0.155662820602503,0.34406603536135433,Diffusion,t-SNE,Phenotype_A
0.34161305735170383,0.7442468345525651,Diffusion,t-SNE,Phenotype_A
0.5632277550403325,0.18129920303328367,Diffusion,t-SNE,Phenotype_A
0.8356680420196282,0.6098191363286125,Diffusion,t-SNE,Phenotype_A
0.9100001015888745,0.69231101777618,Diffusion,t-SNE,Phenotype_A
0.4840248904146561,0.559413908144119,Diffusion,t-SNE,Phenotype_A
0.3682785285165718,0.2762007338957311,Diffusion,t-SNE,Phenotype_A
0.7727601457402071,0.7637407930647173,Diffusion,t-SNE,Phenotype_A
0.35731690403235616,0.6882324991498802,Diffusion,t-SNE,Phenotype_A
0.957903254648243,0.708579876661987,Diffusion,t-SNE,Phenotype_A
0.855619807156315,0.6475811324185308,Diffusion,t-SNE,Phenotype_A
0.4058910788148091,0.8599056136223234,Diffusion,t-SNE,Phenotype_A
0.7567979404284948,0.6329217524837609,Diffusion,t-SNE,Phenotype_A
0.495369774060552,0.1684614281800345,Diffusion,t-SNE,Phenotype_A
0.4659408062124446,0.7530012535786845,Diffusion,t-SNE,Phenotype_A
0.2873484206080339,0.8920973980547895,Diffusion,t-SNE,Phenotype_A
0.18859342980255323,0.7856804604623937,Diffusion,t-SNE,Phenotype_A
0.8042480536444946,0.7171022142071556,Diffusion,t-SNE,Phenotype_A
0.25443378592413435,0.6966294307920489,Diffusion,t-SNE,Phenotype_A
0.47381815863124127,0.8368426962040941,Diffusion,t-SNE,Phenotype_A
0.36813125464322854,0.7714327519586307,Diffusion,t-SNE,Phenotype_A
0.19905532734526551,0.3528484353050142,Diffusion,t-SNE,Phenotype_A
0.5046372244373472,0.8098545833613936,Diffusion,t-SNE,Phenotype_A
0.9263721201707467,0.46579284552713424,Diffusion,t-SNE,Phenotype_A
0.4992602824074603,0.7459316350276135,Diffusion,t-SNE,Phenotype_A
0.12796600593264612,0.7327080027268615,Diffusion,t-SNE,Phenotype_A
0.1338197093050596,0.39297960857347347,Diffusion,t-SNE,Phenotype_A
0.4481865958295044,0.7888450274486006,Diffusion,t-SNE,Phenotype_A
0.6194870721104572,0.8528742050314921,Diffusion,t-SNE,Phenotype_A
0.4502076960693399,0.7998359320518512,Diffusion,t-SNE,Phenotype_A
0.9523727000967002,0.6466394983781579,Diffusion,t-SNE,Phenotype_A
0.9528559488811468,0.5553195403667971,Diffusion,t-SNE,Phenotype_A
0.27001367824141365,0.77132582829825,Diffusion,t-SNE,Phenotype_A
0.5844118416121084,0.18965977503275727,Diffusion,t-SNE,Phenotype_A
0.8766324734975635,0.3508321864576753,Diffusion,t-SNE,Phenotype_A
0.13076338855677258,0.6231315368425214,Diffusion,t-SNE,Phenotype_A
0.08489792740922278,0.6165628341334123,Diffusion,t-SNE,Phenotype_A
0.5424468047737849,0.1718787178530843,Diffusion,t-SNE,Phenotype_A
0.5455328815326606,0.23471870989187862,Diffusion,t-SNE,Phenotype_A
0.4950427637939112,0.7254593211793281,Diffusion,t-SNE,Phenotype_A
0.7377426730386049,0.6506632895773732,Diffusion,t-SNE,Phenotype_A
0.14750194977081726,0.36154743891886426,Diffusion,t-SNE,Phenotype_A
0.43429709856875465,0.949671101398918,Diffusion,t-SNE,Phenotype_A
0.42068937348927016,0.8369780427483983,Diffusion,t-SNE,Phenotype_A
0.55284985308205,0.7504176738129533,Diffusion,t-SNE,Phenotype_A
0.3136854627209555,0.8286296342173958,Diffusion,t-SNE,Phenotype_A
0.6503731941502701,0.6843038137475844,Diffusion,t-SNE,Phenotype_A
0.15230003972878667,0.6238360716680371,Diffusion,t-SNE,Phenotype_A
0.6068174479583329,0.8036684498674864,Diffusion,t-SNE,Phenotype_A
0.823697880921038,0.3889355588060654,Diffusion,t-SNE,Phenotype_A
0.5140838488148519,0.13101598672056397,Diffusion,t-SNE,Phenotype_A
0.5409579066870234,0.15487045697589724,Diffusion,t-SNE,Phenotype_A
0.9465961745889439,0.49215510055087897,Diffusion,t-SNE,Phenotype_A
0.44235032670252505,0.8137157597440033,Diffusion,t-SNE,Phenotype_A
0.45127939639030096,0.8397218545286327,Diffusion,t-SNE,Phenotype_A
0.07434955317913235,0.5348788541214532,Diffusion,t-SNE,Phenotype_A
0.0755810850066495,0.5990751036901631,Diffusion,t-SNE,Phenotype_A
0.48512635803844484,0.2551690858274321,Diffusion,t-SNE,Phenotype_A
0.07040175953268332,0.48825236519668985,Diffusion,t-SNE,Phenotype_A
0.5394389946236744,0.207634815068433,Diffusion,t-SNE,Phenotype_A
0.9137775653608218,0.410540044168412,Diffusion,t-SNE,Phenotype_A
0.38623965310665853,0.7713173023074392,Diffusion,t-SNE,Phenotype_A
0.646645223276511,0.7683512651899559,Diffusion,t-SNE,Phenotype_A
0.6050613247111604,0.8387990075805261,Diffusion,t-SNE,Phenotype_A
0.15712468166310362,0.7888909046197491,Diffusion,t-SNE,Phenotype_A
0.40245114918700775,0.8620208599872698,Diffusion,t-SNE,Phenotype_A
0.16751241957540847,0.7823469676294517,Diffusion,t-SNE,Phenotype_A
0.6927084177612457,0.9360015327813425,Diffusion,t-SNE,Phenotype_A
0.42126802893929244,0.7741006598349395,Diffusion,t-SNE,Phenotype_A
0.20711683549150656,0.8893129063824665,Diffusion,t-SNE,Phenotype_A
0.38510851127483553,0.8126231567830456,Diffusion,t-SNE,Phenotype_A
0.2207384909932147,0.6897921855802074,Diffusion,t-SNE,Phenotype_A
0.22934410567059704,0.6407057133413454,Diffusion,t-SNE,Phenotype_A
0.4984601942909864,0.18182454768205428,Diffusion,t-SNE,Phenotype_A
0.21489042104255418,0.6582909376516927,Diffusion,t-SNE,Phenotype_A
0.19277170140692104,0.36417910026558603,Diffusion,t-SNE,Phenotype_A
0.31298501887182983,0.7929477017265424,Diffusion,t-SNE,Phenotype_A
0.7926854116901029,0.40850964815335794,Diffusion,t-SNE,Phenotype_A
0.5590477787522821,0.9950281312116622,Diffusion,t-SNE,Phenotype_A
0.3280435296158431,0.8334783363292355,Diffusion,t-SNE,Phenotype_A
0.6061541806458437,0.2213967854009277,Diffusion,t-SNE,Phenotype_A
0.13779859475963593,0.3697920452214215,Diffusion,t-SNE,Phenotype_A
0.6483701519378237,0.5542297353637471,Diffusion,t-SNE,Phenotype_A
0.47992505168479505,0.7519334126022207,Diffusion,t-SNE,Phenotype_A
0.5360449220341916,0.22469562845421634,Diffusion,t-SNE,Phenotype_A
0.0806232955963486,0.5507829708061195,Diffusion,t-SNE,Phenotype_A
0.45433380781186933,0.6922625116682971,Diffusion,t-SNE,Phenotype_A
0.28051587303437114,0.7962881371683912,Diffusion,t-SNE,Phenotype_A
0.5048567549065588,0.7750260274001364,Diffusion,t-SNE,Phenotype_A
0.9473183508327425,0.5339017139823401,Diffusion,t-SNE,Phenotype_A
0.5410814798953016,0.8157870787026511,Diffusion,t-SNE,Phenotype_A
0.13359364464398496,0.3670777479179602,Diffusion,t-SNE,Phenotype_A
0.9133422650491327,0.6205328155659736,Diffusion,t-SNE,Phenotype_A
0,0.49981469361458525,Diffusion,t-SNE,Phenotype_A
0.5657696918789185,0.6312285024083307,Diffusion,t-SNE,Phenotype_A
0.3862692319623474,0.7797565845278683,Diffusion,t-SNE,Phenotype_A
0.1330782986676206,0.569574082390425,Diffusion,t-SNE,Phenotype_A
0.06302608728163428,0.5230418351699115,Diffusion,t-SNE,Phenotype_A
0.2562141266728185,0.3063083409238459,Diffusion,t-SNE,Phenotype_A
0.5277888879447893,0.22148414756789367,Diffusion,t-SNE,Phenotype_A
0.9579129656300223,0.4567513876117145,Diffusion,t-SNE,Phenotype_A
0.022665499698572733,0.47381780480253466,Diffusion,t-SNE,Phenotype_A
0.6670639432454778,0.6746613638191422,Diffusion,t-SNE,Phenotype_A
0.24743691053391642,0.6651783305882775,Diffusion,t-SNE,Phenotype_A
0.58090686990345,0.7252016476387316,Diffusion,t-SNE,Phenotype_A
0.6172529963308938,0.7366708174366672,Diffusion,t-SNE,Phenotype_A
0.6928477292477604,0.7031235236549045,Diffusion,t-SNE,Phenotype_A
0.8984977551306478,0.40102272157401586,Diffusion,t-SNE,Phenotype_A
0.16795137208734554,0.6415069258266108,Diffusion,t-SNE,Phenotype_A
0.7938674993051783,0.298253684128621,Diffusion,t-SNE,Phenotype_A
0.3510474109229563,0.8402045581791613,Diffusion,t-SNE,Phenotype_A
0.5897425235891821,0.9023991965871977,Diffusion,t-SNE,Phenotype_A
0.5408821206707183,0.987696601061656,Diffusion,t-SNE,Phenotype_A
0.2324551085455279,0.9293824815574407,Diffusion,t-SNE,Phenotype_A
0.5619648380596037,0.8156232442450283,Diffusion,t-SNE,Phenotype_A
0.4466356074232922,0.22225005842870355,Diffusion,t-SNE,Phenotype_A
0.07856452875686563,0.44941118506727395,Diffusion,t-SNE,Phenotype_A
0.28140342560094195,0.29233830367571534,Diffusion,t-SNE,Phenotype_A
0.9566976598119026,0.5555739421242152,Diffusion,t-SNE,Phenotype_A
0.24320952347758928,0.8346408569164041,Diffusion,t-SNE,Phenotype_A
0.6283185312782327,0.6092659532470701,Diffusion,t-SNE,Phenotype_A
0.052106266188782904,0.376297383256791,Diffusion,t-SNE,Phenotype_A
0.47756479326446094,0.21524579925277834,Diffusion,t-SNE,Phenotype_A
0.9087220158902286,0.5998899521771344,Diffusion,t-SNE,Phenotype_A
0.42284169934596033,0.7675479289361421,Diffusion,t-SNE,Phenotype_A
0.6724790017497484,0.7294768366338806,Diffusion,t-SNE,Phenotype_A
0.15290614858081492,0.7696585233507762,Diffusion,t-SNE,Phenotype_A
0.3449976282890908,0.2559723970899755,Diffusion,t-SNE,Phenotype_A
0.5117568016597225,0.8055234905979056,Diffusion,t-SNE,Phenotype_A
0.9440485275686102,0.5868187916514201,Diffusion,t-SNE,Phenotype_A
0.4638053780127848,0.1668723062747614,Diffusion,t-SNE,Phenotype_A
0.3761038111477622,0.8651462264147448,Diffusion,t-SNE,Phenotype_A
0.7997320164351979,0.6860737273868606,Diffusion,t-SNE,Phenotype_A
0.4997377379666944,0.921246714078725,Diffusion,t-SNE,Phenotype_A
0.8651155135659672,0.40725839933959473,Diffusion,t-SNE,Phenotype_A
0.10420698227395409,0.5308513445494485,Diffusion,t-SNE,Phenotype_A
0.4524418246664468,0.7725547653908285,Diffusion,t-SNE,Phenotype_A
0.6749449988408439,0.8599273410830816,Diffusion,t-SNE,Phenotype_A
0.9210709803946082,0.49128532272047987,Diffusion,t-SNE,Phenotype_A
0.06307873325671419,0.5003894967441943,Diffusion,t-SNE,Phenotype_A
0.27252271977058945,0.8163894534631574,Diffusion,t-SNE,Phenotype_A
0.37999505992467414,0.7882199960086225,Diffusion,t-SNE,Phenotype_A
0.11865769407054708,0.3804592593576121,Diffusion,t-SNE,Phenotype_A
0.8356432602517916,0.4301341687858891,Diffusion,t-SNE,Phenotype_A
0.5415139249021617,0.2735709679089293,Diffusion,t-SNE,Phenotype_A
0.1416428339401235,0.6618771495120421,Diffusion,t-SNE,Phenotype_A
0.4406780040067856,0.6673541814859529,Diffusion,t-SNE,Phenotype_A
0.5294771002625555,0.16167999437218686,Diffusion,t-SNE,Phenotype_A
0.24280195194469942,0.7246483199565104,Diffusion,t-SNE,Phenotype_A
0.02277403141481124,0.5305513064803536,Diffusion,t-SNE,Phenotype_A
0.04348432793594273,0.37603629373044367,Diffusion,t-SNE,Phenotype_A
0.3980612848873009,0.8837581009169466,Diffusion,t-SNE,Phenotype_A
0.2886989472232644,0.8880986623919415,Diffusion,t-SNE,Phenotype_A
0.48844440946729706,0.9225355219230128,Diffusion,t-SNE,Phenotype_A
0.4980997974577803,0.7927451811264702,Diffusion,t-SNE,Phenotype_A
0.14809762631036885,0.6402346805493286,Diffusion,t-SNE,Phenotype_A
0.4682217387426951,0.6976963059658863,Diffusion,t-SNE,Phenotype_A
0.4094544586858003,0.9354660520910063,Diffusion,t-SNE,Phenotype_A
0.31419297524164297,0.7656024319078776,Diffusion,t-SNE,Phenotype_A
0.9500477969162042,0.5969170025210023,Diffusion,t-SNE,Phenotype_A
0.5318832425199701,0.74458543157086,Diffusion,t-SNE,Phenotype_A
0.9611406017994,0.6221552101796245,Diffusion,t-SNE,Phenotype_A
0.9498643624942374,0.5062057164592373,Diffusion,t-SNE,Phenotype_A
0.9116586899495119,0.6555095152705559,Diffusion,t-SNE,Phenotype_A
0.24761274386129536,0.2979364977468766,Diffusion,t-SNE,Phenotype_A
0.21023452586564909,0.2737500329007341,Diffusion,t-SNE,Phenotype_A
0.6316715377200648,0.844367638971024,Diffusion,t-SNE,Phenotype_A
0.4408081159442549,0.8814910924917458,Diffusion,t-SNE,Phenotype_A
0.8772942358655297,0.37096884881620434,Diffusion,t-SNE,Phenotype_A
0.7733234669768267,0.7761989325457036,Diffusion,t-SNE,Phenotype_A
0.340065685151566,0.9179333542584779,Diffusion,t-SNE,Phenotype_A
0.1933927126357276,0.4307905507388805,Diffusion,t-SNE,Phenotype_A
0.11509674733943732,0.5478318005851843,Diffusion,t-SNE,Phenotype_A
0.7250880045665239,0.8487048729100205,Diffusion,t-SNE,Phenotype_A
0.47962030731613775,0.24548091512087852,Diffusion,t-SNE,Phenotype_A
0.36812631552956854,0.21856334093564314,Diffusion,t-SNE,Phenotype_A
0.063950925729818,0.37821625138713716,Diffusion,t-SNE,Phenotype_A
0.5033034004665995,0.6510333312862872,Diffusion,t-SNE,Phenotype_A
0.4282277688979264,0.8657770410739117,Diffusion,t-SNE,Phenotype_A
0.1226142965457484,0.44060651254936467,Diffusion,t-SNE,Phenotype_A
0.18244898514465013,0.544045670646185,Diffusion,t-SNE,Phenotype_A
0.8414325485550938,0.36407113473423963,Diffusion,t-SNE,Phenotype_A
0.2916603651509513,0.7196503550585733,Diffusion,t-SNE,Phenotype_A
0.7106293339137179,0.8890899314040387,Diffusion,t-SNE,Phenotype_A
0.09103026961890863,0.6507024429717705,Diffusion,t-SNE,Phenotype_A
0.5083083073159088,0.8095860142551231,Diffusion,t-SNE,Phenotype_A
0.568857348661453,0.6302354374310731,Diffusion,t-SNE,Phenotype_A
0.7213013967496169,0.25323129868610406,Diffusion,t-SNE,Phenotype_A
0.006324707169741188,0.5032900819793874,Diffusion,t-SNE,Phenotype_A
0.05053631604643675,0.5142928093352919,Diffusion,t-SNE,Phenotype_A
0.10421839118153119,0.3764854087625886,Diffusion,t-SNE,Phenotype_A
0.24933533810134612,0.7041615845854904,Diffusion,t-SNE,Phenotype_A
0.9205976454019253,0.4750273262782087,Diffusion,t-SNE,Phenotype_A
0.2775733638833076,0.3139932539819273,Diffusion,t-SNE,Phenotype_A
0.46572375272125893,0.9419127655221788,Diffusion,t-SNE,Phenotype_A
0.09525666439894885,0.6671367394609968,Diffusion,t-SNE,Phenotype_A
0.8887109869564731,0.6997653043563549,Diffusion,t-SNE,Phenotype_A
0.12364892395341705,0.4079958755520178,Diffusion,t-SNE,Phenotype_A
0.21805241963348215,0.7307427007918418,Diffusion,t-SNE,Phenotype_A
0.15918781097624324,0.8001005980964109,Diffusion,t-SNE,Phenotype_A
0.9124168733281244,0.4762764530526717,Diffusion,t-SNE,Phenotype_A
0.12067157796688081,0.41151796091029996,Diffusion,t-SNE,Phenotype_A
0.8014426629007573,0.3812237466200955,Diffusion,t-SNE,Phenotype_A
0.9347518614105893,0.48771444209419157,Diffusion,t-SNE,Phenotype_A
0.7602662966584335,0.8183524622836841,Diffusion,t-SNE,Phenotype_A
0.6502726761007745,0.6081302293733712,Diffusion,t-SNE,Phenotype_A
0.4243451349623233,0.24174319458705648,Diffusion,t-SNE,Phenotype_A
0.4293552135156275,0.8978325682686918,Diffusion,t-SNE,Phenotype_A
0.20866452457546208,0.785616790139068,Diffusion,t-SNE,Phenotype_A
0.6197278842989378,0.6195380055628102,Diffusion,t-SNE,Phenotype_A
0.42691599875204,0.9355026715566759,Diffusion,t-SNE,Phenotype_A
0.5079131767645586,0.22727088981887927,Diffusion,t-SNE,Phenotype_A
0.9224677513863687,0.603931226222804,Diffusion,t-SNE,Phenotype_A
0.09882783054939631,0.4260308349175923,Diffusion,t-SNE,Phenotype_A
0.8308280233801932,0.43100902297381993,Diffusion,t-SNE,Phenotype_A
0.9591962833425035,0.5571122145366044,Diffusion,t-SNE,Phenotype_A
0.4187105731338719,0.9040730939456182,Diffusion,t-SNE,Phenotype_A
0.9216234178653352,0.42006610966187197,Diffusion,t-SNE,Phenotype_A
0.8499981907742199,0.32437413206626436,Diffusion,t-SNE,Phenotype_A
0.29044212677776626,0.6742856644891803,Diffusion,t-SNE,Phenotype_A
0.4597506491430942,0.7561563691224015,Diffusion,t-SNE,Phenotype_A
0.8876264710853622,0.3746621906559234,Diffusion,t-SNE,Phenotype_A
0.9366656690949844,0.5940611744561552,Diffusion,t-SNE,Phenotype_A
0.5777108046276221,0.842483947948031,GAN,t-SNE,Phenotype_A
0.609203860488533,0.9086495731808729,GAN,t-SNE,Phenotype_A
0.36986996574164066,0.13712742913990206,GAN,t-SNE,Phenotype_A
0.4780469691694672,0.8377426546900362,GAN,t-SNE,Phenotype_A
0.4651338761130927,0.8887466519454389,GAN,t-SNE,Phenotype_A
0.14465905287508343,0.3604811856095784,GAN,t-SNE,Phenotype_A
0.7554497582300563,0.7523110637631892,GAN,t-SNE,Phenotype_A
0.5082421484131,0.794649314676366,GAN,t-SNE,Phenotype_A
0.18150437810751857,0.7735524901700874,GAN,t-SNE,Phenotype_A
0.21280887849490884,0.6290898489504447,GAN,t-SNE,Phenotype_A
0.8664304656493218,0.3158497652067138,GAN,t-SNE,Phenotype_A
0.5331498068238705,0.8066890035715333,GAN,t-SNE,Phenotype_A
0.6798868059521593,0.8068982630089329,GAN,t-SNE,Phenotype_A
0.4396940789308377,0.0036016915042645786,GAN,t-SNE,Phenotype_A
0.3683084878461264,0.6944945477720418,GAN,t-SNE,Phenotype_A
0.8357678813039241,0.5587476018771556,GAN,t-SNE,Phenotype_A
0.5808872500259279,0.9435232079059067,GAN,t-SNE,Phenotype_A
0.28792242392966055,0.6920468775162996,GAN,t-SNE,Phenotype_A
0.28429884854503806,0.2559382454338812,GAN,t-SNE,Phenotype_A
0.5328911193304735,0.0110548818466959,GAN,t-SNE,Phenotype_A
0.4684337002998577,0.1498719644394576,GAN,t-SNE,Phenotype_A
0.8612750872261563,0.6639963163163636,GAN,t-SNE,Phenotype_A
0.09085210268059807,0.7627690035536916,GAN,t-SNE,Phenotype_A
0.9064853529638129,0.5871919472777114,GAN,t-SNE,Phenotype_A
0.07886097089116353,0.5934564204612691,GAN,t-SNE,Phenotype_A
0.2904461251893606,0.2465277210929409,GAN,t-SNE,Phenotype_A
0.8644611781032789,0.32545262580412343,GAN,t-SNE,Phenotype_A
0.6185876100593575,0.07319011704316658,GAN,t-SNE,Phenotype_A
0.5178290461408054,0.08466676348857873,GAN,t-SNE,Phenotype_A
0.2031032769172193,0.32134118714119364,GAN,t-SNE,Phenotype_A
0.8625108970663294,0.4807762165913178,GAN,t-SNE,Phenotype_A
0.5969126792377,0.7217501762785683,GAN,t-SNE,Phenotype_A
0.7254103362785468,0.8484007575409399,GAN,t-SNE,Phenotype_A
0.0832462788733443,0.5790039150878741,GAN,t-SNE,Phenotype_A
0.9627558855476145,0.7673819133643075,GAN,t-SNE,Phenotype_A
0.13988707279966323,0.38738971163283936,GAN,t-SNE,Phenotype_A
0.834157064370589,0.8069352969192058,GAN,t-SNE,Phenotype_A
0.49318215484453226,0.6322744143066897,GAN,t-SNE,Phenotype_A
0.9086882189858859,0.5924761360531188,GAN,t-SNE,Phenotype_A
0.47032421953943054,0.21985794163041067,GAN,t-SNE,Phenotype_A
0.029014634112761527,0.722641033872174,GAN,t-SNE,Phenotype_A
0.6470490907463928,0.22281083219421072,GAN,t-SNE,Phenotype_A
0.3460585055817612,0.25519828453375076,GAN,t-SNE,Phenotype_A
0.5400855152286717,0.01803768181683181,GAN,t-SNE,Phenotype_A
0.47282548716007156,0.031894523704990844,GAN,t-SNE,Phenotype_A
0.5617137437625769,0.6368634570166612,GAN,t-SNE,Phenotype_A
0.5025423717619802,0.5745866672311072,GAN,t-SNE,Phenotype_A
0.37567468698445594,0.12949760284923356,GAN,t-SNE,Phenotype_A
0.29119995821162364,0.842613499756365,GAN,t-SNE,Phenotype_A
0.31596594021293145,0.7135769931563906,GAN,t-SNE,Phenotype_A
0.597154268983501,0.0432805958082495,GAN,t-SNE,Phenotype_A
0.39465353806992753,0.9322779780414923,GAN,t-SNE,Phenotype_A
0.8604519604429997,0.3698872959232743,GAN,t-SNE,Phenotype_A
0.2752261589441033,0.8677367388198503,GAN,t-SNE,Phenotype_A
0.10873688108487543,0.7649313925580614,GAN,t-SNE,Phenotype_A
0.04928739006556202,0.6062967762163781,GAN,t-SNE,Phenotype_A
0.38076683702975145,0.9360581423115543,GAN,t-SNE,Phenotype_A
0.5476191278179947,0.7917960786284077,GAN,t-SNE,Phenotype_A
0.5674102149263093,0.7835394140216287,GAN,t-SNE,Phenotype_A
0.05673524698639412,0.4872756098631132,GAN,t-SNE,Phenotype_A
0.3940285319781483,0.025102214210164942,GAN,t-SNE,Phenotype_A
0.49126067608176377,0.6326079953705174,GAN,t-SNE,Phenotype_A
0.9997128645997312,0.5652094852909554,GAN,t-SNE,Phenotype_A
0.2751793854641897,0.9081204888566035,GAN,t-SNE,Phenotype_A
0.48588597679841405,0.26756948284669796,GAN,t-SNE,Phenotype_A
0.9474220011240493,0.5383796635127859,GAN,t-SNE,Phenotype_A
0.666403763441364,0.22340828229424564,GAN,t-SNE,Phenotype_A
0.7271821670470291,0.7881289131922387,GAN,t-SNE,Phenotype_A
1,0.5645224220481689,GAN,t-SNE,Phenotype_A
0.4042647975133063,0.7469566623315986,GAN,t-SNE,Phenotype_A
0.08535231044074634,0.5801866505841362,GAN,t-SNE,Phenotype_A
0.4508435364231459,0.09005361592847222,GAN,t-SNE,Phenotype_A
0.3910841382504652,0.552432794108268,GAN,t-SNE,Phenotype_A
0.29745756676779833,0.5916455001078438,GAN,t-SNE,Phenotype_A
0.6171227247907489,0.7367078336936679,GAN,t-SNE,Phenotype_A
0.7998952667928093,0.8696337106742531,GAN,t-SNE,Phenotype_A
0.4330552363002834,0.18016883224518537,GAN,t-SNE,Phenotype_A
0.372037896440652,0.6447924784082498,GAN,t-SNE,Phenotype_A
0.3482886392810382,0.7823842731836749,GAN,t-SNE,Phenotype_A
0.42460339744680775,0.056628711939542935,GAN,t-SNE,Phenotype_A
0.832376103344671,0.396447102218732,GAN,t-SNE,Phenotype_A
0.9292851460512888,0.5244990262297575,GAN,t-SNE,Phenotype_A
0.539509854437958,0.980348396221087,GAN,t-SNE,Phenotype_A
0.318908262570664,0.7892801722298817,GAN,t-SNE,Phenotype_A
0.16943622351839444,0.3366846350666286,GAN,t-SNE,Phenotype_A
0.526640550395658,0.676329202018651,GAN,t-SNE,Phenotype_A
0.4625254448592768,0.17517943471429065,GAN,t-SNE,Phenotype_A
0.6557019303930005,0.8122310721859521,GAN,t-SNE,Phenotype_A
0.6354144011244278,0.7339524047937778,GAN,t-SNE,Phenotype_A
0.540685308424826,0.008779190679089851,GAN,t-SNE,Phenotype_A
0.7127984464795145,0.6732418269648115,GAN,t-SNE,Phenotype_A
0.3806146162779718,0.8270304503084689,GAN,t-SNE,Phenotype_A
0.32288126844181747,0.7160866313891918,GAN,t-SNE,Phenotype_A
0.5383823808453327,0.06524933309097083,GAN,t-SNE,Phenotype_A
0.4704964229722804,0.7744834648135972,GAN,t-SNE,Phenotype_A
0.8822326286378162,0.41799038448850523,GAN,t-SNE,Phenotype_A
0.4552150123473901,0.07473857113809457,GAN,t-SNE,Phenotype_A
0.4732634367438245,0.05935279621456942,GAN,t-SNE,Phenotype_A
0.13644406091900055,0.40103779769353787,GAN,t-SNE,Phenotype_A
0.27223113703635904,0.5851720008242701,GAN,t-SNE,Phenotype_A
0.5882169899204989,0.2588034043478647,GAN,t-SNE,Phenotype_A
0.4037170119034376,0.01886207482892975,GAN,t-SNE,Phenotype_A
0.6685895160194969,0.9126197440282096,GAN,t-SNE,Phenotype_A
0.6475091932419257,0.8138798037161,GAN,t-SNE,Phenotype_A
0.5793834535993554,0.05624277700720153,GAN,t-SNE,Phenotype_A
0.9303798319876433,0.5753288165764948,GAN,t-SNE,Phenotype_A
0.9103599980517671,0.6776460103140712,GAN,t-SNE,Phenotype_A
0.7670933138450324,0.6240618519731354,GAN,t-SNE,Phenotype_A
0.5987012920311783,0.7881188014410038,GAN,t-SNE,Phenotype_A
0.6071500130425467,0.5448393992386892,GAN,t-SNE,Phenotype_A
0.9439128126745998,0.4338496093490734,GAN,t-SNE,Phenotype_A
0.5109152200528944,0.766249128822588,GAN,t-SNE,Phenotype_A
0.4152386429748718,0.0326916964068462,GAN,t-SNE,Phenotype_A
0.9623630105066565,0.5603845994832952,GAN,t-SNE,Phenotype_A
0.7471965765253028,0.35289413287155774,GAN,t-SNE,Phenotype_A
0.33989888084825826,0.7240998065950752,GAN,t-SNE,Phenotype_A
0.44459670859508427,0.9595102226219052,GAN,t-SNE,Phenotype_A
0.5790783873744871,0.863429275403906,GAN,t-SNE,Phenotype_A
0.8995611806202115,0.7187984065673694,GAN,t-SNE,Phenotype_A
0.13522408570771113,0.3963091749770817,GAN,t-SNE,Phenotype_A
0.5458320294994278,0.6355309568293639,GAN,t-SNE,Phenotype_A
0.9262782291300222,0.3357173412682799,GAN,t-SNE,Phenotype_A
0.6293080199907664,0.7149891514255099,GAN,t-SNE,Phenotype_A
0.46833958045790997,0.017984251853764,GAN,t-SNE,Phenotype_A
0.8311920936522457,0.33688851742512693,GAN,t-SNE,Phenotype_A
0.2591219969954901,0.57992589195822,GAN,t-SNE,Phenotype_A
0.2907148649140715,0.2414703921502446,GAN,t-SNE,Phenotype_A
0.9101108144111548,0.4731493465502644,GAN,t-SNE,Phenotype_A
0.48316709904448685,0.7989359913681273,GAN,t-SNE,Phenotype_A
0.023412636255737397,0.47718691992726064,GAN,t-SNE,Phenotype_A
0.18303151889149588,0.3820456145304337,GAN,t-SNE,Phenotype_A
0.5870624287381703,0.946670752304246,GAN,t-SNE,Phenotype_A
0.656199812479422,0.22279335805419423,GAN,t-SNE,Phenotype_A
0.7013114432714228,0.23684872280494934,GAN,t-SNE,Phenotype_A
0.8465570827252324,0.3736950313208395,GAN,t-SNE,Phenotype_A
0.7598527730108264,0.2689071648250238,GAN,t-SNE,Phenotype_A
0.12042619434044358,0.5146092332300061,GAN,t-SNE,Phenotype_A
0.5400073661465218,0.7645930071391511,GAN,t-SNE,Phenotype_A
0.268375630044259,0.268748502001778,GAN,t-SNE,Phenotype_A
0.9362689109645606,0.4693166642477477,GAN,t-SNE,Phenotype_A
0.8071964699845166,0.6692057500575153,GAN,t-SNE,Phenotype_A
0.7952624753202191,0.7844624663753242,GAN,t-SNE,Phenotype_A
0.49215911044593386,0.01129746317752777,GAN,t-SNE,Phenotype_A
0.8336563527598867,0.8073798807231599,GAN,t-SNE,Phenotype_A
0.3749301992753104,0.5478694590738066,GAN,t-SNE,Phenotype_A
0.881815478899355,0.41473771911990914,GAN,t-SNE,Phenotype_A
0.06795591246539295,0.4933034488626726,GAN,t-SNE,Phenotype_A
0.5568973953663937,0.03749397376720408,GAN,t-SNE,Phenotype_A
0.822361446164766,0.29729441166404064,GAN,t-SNE,Phenotype_A
0.09108539043196509,0.5688215913405172,GAN,t-SNE,Phenotype_A
0.7429707414665648,0.344332861290765,GAN,t-SNE,Phenotype_A
0.5303103415696625,0.7939583990906288,GAN,t-SNE,Phenotype_A
0.5931452631557766,0.2507543580660944,GAN,t-SNE,Phenotype_A
0.4560871962911222,0.824414375005644,GAN,t-SNE,Phenotype_A
0.4686216092591511,0.2816418046222445,GAN,t-SNE,Phenotype_A
0.5041594939117945,0.07004782207680998,GAN,t-SNE,Phenotype_A
0.7819688586857142,0.862136225707414,GAN,t-SNE,Phenotype_A
0.17837302345353692,0.33102904885778517,GAN,t-SNE,Phenotype_A
0.8046544018931189,0.6760842852132694,GAN,t-SNE,Phenotype_A
0.9531957135132851,0.4850467124919732,GAN,t-SNE,Phenotype_A
0.4970844358636585,0.13618854947591158,GAN,t-SNE,Phenotype_A
0.8824242642256133,0.7783698427606376,GAN,t-SNE,Phenotype_A
0.574004814946327,0.940467137576639,GAN,t-SNE,Phenotype_A
0.5584232986262442,0.08169869302580612,GAN,t-SNE,Phenotype_A
0.5174759909523976,0.8514641297189397,GAN,t-SNE,Phenotype_A
0.5609271301404735,0.804659424423685,GAN,t-SNE,Phenotype_A
0.7032277050479421,0.24429685542982527,GAN,t-SNE,Phenotype_A
0.5617467118944199,0.8880181254083188,GAN,t-SNE,Phenotype_A
0.9118497534354055,0.8427845287997806,GAN,t-SNE,Phenotype_A
0.2413761451406037,0.8956679680405227,GAN,t-SNE,Phenotype_A
0.5026098943496067,0.5732920172511997,GAN,t-SNE,Phenotype_A
0.432089602977812,0.8832769841471824,GAN,t-SNE,Phenotype_A
0.08154782131349708,0.46830845430608425,GAN,t-SNE,Phenotype_A
0.5455733056348303,0.09776193520729667,GAN,t-SNE,Phenotype_A
0.5826042640033734,0.7561485503790364,GAN,t-SNE,Phenotype_A
0.42589500958769805,0.028328738350114947,GAN,t-SNE,Phenotype_A
0.504881271704318,0.2704376282278083,GAN,t-SNE,Phenotype_A
0.6444726021394567,0.9266046612084862,GAN,t-SNE,Phenotype_A
0.1460437122238676,0.7283062273373585,GAN,t-SNE,Phenotype_A
0.5836839685206654,0.8245688085109509,GAN,t-SNE,Phenotype_A
0.7569157688822833,0.8683301410431216,GAN,t-SNE,Phenotype_A
0.4722819506268939,0.14674525168810398,GAN,t-SNE,Phenotype_A
0.643887449069377,0.7562701007814299,GAN,t-SNE,Phenotype_A
0.625167276363902,0.07773788811330223,GAN,t-SNE,Phenotype_A
0.8203696492747212,0.5393402978250832,GAN,t-SNE,Phenotype_A
0.1603439369880873,0.34006948904152917,GAN,t-SNE,Phenotype_A
0.09289366134900955,0.8021106841015192,GAN,t-SNE,Phenotype_A
0.4064317144938083,0.028994968724463537,GAN,t-SNE,Phenotype_A
0.9163989477885539,0.84233900139884,GAN,t-SNE,Phenotype_A
0.3585334560011559,0.819900197497293,GAN,t-SNE,Phenotype_A
0.48444929702382616,0.8520980324324099,GAN,t-SNE,Phenotype_A
0.7292259348809494,0.790682280191931,GAN,t-SNE,Phenotype_A
0.5237604236995278,0.04675078519643348,GAN,t-SNE,Phenotype_A
0.42145616651252377,0.5326406957684174,GAN,t-SNE,Phenotype_A
0.13361517944370016,0.6738553723979164,GAN,t-SNE,Phenotype_A
0.26899801229781173,0.8451917754689775,GAN,t-SNE,Phenotype_A
0.8220180520515917,0.30082060683593614,GAN,t-SNE,Phenotype_A
0.604931686661489,0.6643184991863329,GAN,t-SNE,Phenotype_A
0.06905781005567745,0.44919524644312986,GAN,t-SNE,Phenotype_A
0.4556851170377207,0.13059076109318082,GAN,t-SNE,Phenotype_A
0.43424817482515876,0.024705800313306964,GAN,t-SNE,Phenotype_A
0.07613687691278632,0.6429991814032335,GAN,t-SNE,Phenotype_A
0.4663262013005053,0.8947407526337661,GAN,t-SNE,Phenotype_A
0.46047388018003543,0.8252377023469728,GAN,t-SNE,Phenotype_A
0.5158829152937785,0.5649820713733869,GAN,t-SNE,Phenotype_A
0.6800661633777488,0.6958038130712078,GAN,t-SNE,Phenotype_A
0.4174047500710921,0.9137291983814315,GAN,t-SNE,Phenotype_A
0.9540108415509668,0.6648242916313384,GAN,t-SNE,Phenotype_A
0.4898708180058954,0.07157807026461252,GAN,t-SNE,Phenotype_A
0.7110645797752304,0.675999720281066,GAN,t-SNE,Phenotype_A
0.48267297682776766,0.10983499945409697,GAN,t-SNE,Phenotype_A
0.14051673066888562,0.6651238099125474,GAN,t-SNE,Phenotype_A
0.21487209705711285,0.6760318393208986,GAN,t-SNE,Phenotype_A
0.6125476942510256,0.9215618152210272,GAN,t-SNE,Phenotype_A
0.2014044641555738,0.6830109644794479,GAN,t-SNE,Phenotype_A
0.05235367297636732,0.3776058868139083,GAN,t-SNE,Phenotype_A
0.5913962696811998,0.04870273495436019,GAN,t-SNE,Phenotype_A
0.5536823269283503,0.9004021892505952,GAN,t-SNE,Phenotype_A
0.22112298811393705,0.7930970347668591,GAN,t-SNE,Phenotype_A
0.373348287761819,0.5451629301746428,GAN,t-SNE,Phenotype_A
0.5557500057109012,0.8316626698428123,GAN,t-SNE,Phenotype_A
0.29661590701048074,0.8144227156459579,GAN,t-SNE,Phenotype_A
0.29032307659035256,0.24264808351080716,GAN,t-SNE,Phenotype_A
0.16279816179761528,0.3395655596747694,GAN,t-SNE,Phenotype_A
0.4717227777032192,0.8239210418345978,GAN,t-SNE,Phenotype_A
0.08561067102079335,0.4628575458238901,GAN,t-SNE,Phenotype_A
0.522930557449198,0.7832454939531963,GAN,t-SNE,Phenotype_A
0.8820980439518482,0.7780604472472578,GAN,t-SNE,Phenotype_A
0.464355569891101,0.04012590829679615,GAN,t-SNE,Phenotype_A
0.051280026527473224,0.6988134895519886,GAN,t-SNE,Phenotype_A
0.6755947470288297,0.6469549411047085,GAN,t-SNE,Phenotype_A
0.3714572241761057,0.13514178980629377,GAN,t-SNE,Phenotype_A
0.8002368829826138,0.3790328062724218,GAN,t-SNE,Phenotype_A
0.46535947110508247,0.06261108380946542,GAN,t-SNE,Phenotype_A
0.822802992193152,0.7013896514107493,GAN,t-SNE,Phenotype_A
0.546947770494724,0.211506911156786,GAN,t-SNE,Phenotype_A
0.5542656357438956,0.09785528277169814,GAN,t-SNE,Phenotype_A
0.16766541538019378,0.8124173806774637,GAN,t-SNE,Phenotype_A
0.44967374854831277,0.009482693401693273,GAN,t-SNE,Phenotype_A
0.3499394453940785,0.811293493591891,GAN,t-SNE,Phenotype_A
0.9663146422677177,0.6568534455101552,GAN,t-SNE,Phenotype_A
0.03493157377059047,0.550701293639612,GAN,t-SNE,Phenotype_A
0.4524263461087775,0.8578129385239285,GAN,t-SNE,Phenotype_A
0.9015901885346715,0.4367561425450222,GAN,t-SNE,Phenotype_A
0.25846648824365187,0.5813491198565123,GAN,t-SNE,Phenotype_A
0.905450408678108,0.43819009348366,GAN,t-SNE,Phenotype_A
0.830180305529721,0.3126258940216123,GAN,t-SNE,Phenotype_A
0.9349064854549989,0.48637595773644465,GAN,t-SNE,Phenotype_A
0.8411693913364566,0.6166656016421528,GAN,t-SNE,Phenotype_A
0.23644533879997037,0.8933557373112931,GAN,t-SNE,Phenotype_A
0.5057359201428845,0.010889302465758798,GAN,t-SNE,Phenotype_A
0.25473443381122385,0.866043581891642,GAN,t-SNE,Phenotype_A
0.37543062605838884,0.6457373982490964,GAN,t-SNE,Phenotype_A
0.1303265496718463,0.4031274908962906,GAN,t-SNE,Phenotype_A
0.7503454071506368,0.870595906432783,GAN,t-SNE,Phenotype_A
0.4829062491146774,0.08850660468341921,GAN,t-SNE,Phenotype_A
0.5236469764337471,0.8747156241612739,GAN,t-SNE,Phenotype_A
0.5579611170182309,0.9146448980617544,GAN,t-SNE,Phenotype_A
0.3452676102116244,0.9547393102610621,GAN,t-SNE,Phenotype_A
0.899619743085188,0.7391107216294666,GAN,t-SNE,Phenotype_A
0.13624930392229337,0.6679836388323607,GAN,t-SNE,Phenotype_A
0.5765855931501297,0.20462995075786425,GAN,t-SNE,Phenotype_A
0.9241047381204902,0.5026097010901022,GAN,t-SNE,Phenotype_A
0.6378308304257345,0.7623558684644428,GAN,t-SNE,Phenotype_A
0.9436245249110602,0.7609630858545564,GAN,t-SNE,Phenotype_A
0.5459714199940564,0.11464993453415226,GAN,t-SNE,Phenotype_A
0.47094021467653335,0.05400134567594073,GAN,t-SNE,Phenotype_A
0.10710144105141595,0.6002147267694405,GAN,t-SNE,Phenotype_A
0.9472910233778012,0.5730248301846609,GAN,t-SNE,Phenotype_A
0.4340203416749322,0.23812593562698134,GAN,t-SNE,Phenotype_A
0.6075444197716535,0.2347450860316508,GAN,t-SNE,Phenotype_A
0.5986118490358145,0.790676284568165,GAN,t-SNE,Phenotype_A
0.39792049815924335,0.850109848575332,GAN,t-SNE,Phenotype_A
0.48317672897958064,0.11061488443111125,GAN,t-SNE,Phenotype_A
0.4857147404029367,0,GAN,t-SNE,Phenotype_A
0.8225224339627099,0.7309667306301271,GAN,t-SNE,Phenotype_A
0.1081911319124971,0.43020340915699956,GAN,t-SNE,Phenotype_A
0.04851473576179331,0.40448781557743435,GAN,t-SNE,Phenotype_A
0.613089193906189,0.8050261471443014,GAN,t-SNE,Phenotype_A
0.7522062590518394,0.7660702058851367,GAN,t-SNE,Phenotype_A
0.1518216877220983,0.656611330363349,GAN,t-SNE,Phenotype_A
0.8906121091237919,0.34863952977734863,GAN,t-SNE,Phenotype_A
0.5424093904502066,0.8712500920027574,GAN,t-SNE,Phenotype_A
0.16192652612773584,0.44505795547831273,GAN,t-SNE,Phenotype_A
0.11357696536996545,0.42487486209082737,GAN,t-SNE,Phenotype_A
0.8617203272237584,0.7530057757916758,GAN,t-SNE,Phenotype_A
0.7013791658256702,0.8153213220071324,GAN,t-SNE,Phenotype_A
0.46434029730219817,0.8453935030212423,GAN,t-SNE,Phenotype_A
0.4691880466616353,0.11881843850402163,GAN,t-SNE,Phenotype_A
0.5852522258350145,0.038358062568431106,GAN,t-SNE,Phenotype_A
0.9016973916455883,0.495793912800144,GAN,t-SNE,Phenotype_A
0.42390394965589695,0.7583555308614823,GAN,t-SNE,Phenotype_A
0.3486987411553571,0.8258140971322641,GAN,t-SNE,Phenotype_A
0.3032150019519775,0.26948873936238704,GAN,t-SNE,Phenotype_A
0.37648344225380453,0.7421097428783798,GAN,t-SNE,Phenotype_A
0.25052938728661356,0.43007631716966954,GAN,t-SNE,Phenotype_A
0.8815598214680693,0.34907176500905135,GAN,t-SNE,Phenotype_A
0.7690975095748653,0.2553569610735668,GAN,t-SNE,Phenotype_A
0.8222204076487976,0.6370429470587904,GAN,t-SNE,Phenotype_A
0.6847791579122802,0.23470895870853326,GAN,t-SNE,Phenotype_A
0.20398963994538571,0.4249519123901902,GAN,t-SNE,Phenotype_A
0.051224336778147014,0.4687588768181053,GAN,t-SNE,Phenotype_A
0.6007078101506027,0.0483269153669914,GAN,t-SNE,Phenotype_A
0.1714717010477699,0.6869656651788009,GAN,t-SNE,Phenotype_A
0.20065530427526967,0.7846908905300982,GAN,t-SNE,Phenotype_A
0.4564091788928071,0.19842817751779002,GAN,t-SNE,Phenotype_A
0.6038488427622086,0.877536669626233,GAN,t-SNE,Phenotype_A
0.2899768683361688,0.8473016389169136,GAN,t-SNE,Phenotype_A
0.8870919092789994,0.3946625816174049,GAN,t-SNE,Phenotype_A
0.2762141127360845,0.26905295942788754,GAN,t-SNE,Phenotype_A
0.7623259304714853,0.7159935425926794,GAN,t-SNE,Phenotype_A
0.43054150999384194,0.027285420969265825,GAN,t-SNE,Phenotype_A
0.07259004471914803,0.46977772934825873,GAN,t-SNE,Phenotype_A
0.6650346510646385,0.8891565361393033,GAN,t-SNE,Phenotype_A
0.6297716956421,0.7584974793325899,GAN,t-SNE,Phenotype_A
0.62366960704347,0.8297237241196089,GAN,t-SNE,Phenotype_A
0.19267844002005885,0.7490437644552913,GAN,t-SNE,Phenotype_A
0.6498783442590953,0.7038262884587034,GAN,t-SNE,Phenotype_A
0.8501828775416025,0.6069913897242714,GAN,t-SNE,Phenotype_A
0.5075603251677505,0.8528441803974888,GAN,t-SNE,Phenotype_A
0.3686587069892597,0.7084878917996938,GAN,t-SNE,Phenotype_A
0.7690675071769666,0.3487120341131866,GAN,t-SNE,Phenotype_A
0.20061311822326988,0.3232869977532248,GAN,t-SNE,Phenotype_A
0.5499467200926178,0.03686079215179377,GAN,t-SNE,Phenotype_A
0.765398810056012,0.2711554585632492,GAN,t-SNE,Phenotype_A
0.8345674585470649,0.5569282810446083,GAN,t-SNE,Phenotype_A
0.3009622455903952,0.7474137800483602,GAN,t-SNE,Phenotype_A
0.5132428120703669,0.01879680453721398,GAN,t-SNE,Phenotype_A
0.37512802589406047,0.13186451899276375,GAN,t-SNE,Phenotype_A
0.13305665642797504,0.6510656184024349,GAN,t-SNE,Phenotype_A
0.05869193882113432,0.43085712167050644,GAN,t-SNE,Phenotype_A
0.5769094678991055,0.16600323594999333,GAN,t-SNE,Phenotype_A
0.9591852570785828,0.5206324498676762,GAN,t-SNE,Phenotype_A
0.10384121223043748,0.4392804241821152,GAN,t-SNE,Phenotype_A
0.148729375774343,0.6552711357910267,GAN,t-SNE,Phenotype_A
0.890505044790921,0.3312381831815089,GAN,t-SNE,Phenotype_A
0.4803601164052146,0.6985027489260304,GAN,t-SNE,Phenotype_A
0.5403731045274079,0.8459130664266572,GAN,t-SNE,Phenotype_A
0.6330773889533551,0.746458999451354,GAN,t-SNE,Phenotype_A
0.24799798110087581,0.6239680321595419,GAN,t-SNE,Phenotype_A
0.6463942360136721,0.7178724544878292,GAN,t-SNE,Phenotype_A
0.0733021866709426,0.6858928671683489,GAN,t-SNE,Phenotype_A
0.531748011798193,0.06894941119126005,GAN,t-SNE,Phenotype_A
0.1442790403654485,0.7302250575091144,GAN,t-SNE,Phenotype_A
0.545906504447324,0.08281123861008352,GAN,t-SNE,Phenotype_A
0.9140636273287643,0.45558091041802085,GAN,t-SNE,Phenotype_A
0.5223569752045523,0.874098189254198,GAN,t-SNE,Phenotype_A
0.10285956694649655,0.4388931861700428,GAN,t-SNE,Phenotype_A
0.1045968410820399,0.7888340971319316,GAN,t-SNE,Phenotype_A
0.7500659434334256,0.7667764908667802,GAN,t-SNE,Phenotype_A
0.45425551650056306,0.6883497109184612,GAN,t-SNE,Phenotype_A
0.5531496432813544,0.7085631264874299,GAN,t-SNE,Phenotype_A
0.09661258153218859,0.36913116153290676,GAN,t-SNE,Phenotype_A
0.4481050978054841,0.05216296209998673,GAN,t-SNE,Phenotype_A
0.4454774075747338,0.2653317564255702,GAN,t-SNE,Phenotype_A
0.4444941007852049,0.20277228786688206,GAN,t-SNE,Phenotype_A
0.10093175599125875,0.39463383302131816,GAN,t-SNE,Phenotype_A
0.07596297300749724,0.48298408403928106,GAN,t-SNE,Phenotype_A
0.116964570193565,0.6203757018534098,GAN,t-SNE,Phenotype_A
0.4757732227408092,0.27582369753112296,GAN,t-SNE,Phenotype_A
0.21227213337001777,0.7850941457907838,GAN,t-SNE,Phenotype_A
0.6051199132836501,0.03978528924388994,GAN,t-SNE,Phenotype_A
0.3671662493555181,0.9101089638316756,GAN,t-SNE,Phenotype_A
0.5165010847512216,0.03291404426208541,GAN,t-SNE,Phenotype_A
0.7997598327197027,0.8724839676839128,GAN,t-SNE,Phenotype_A
0.6727727844555383,0.9091433108521054,GAN,t-SNE,Phenotype_A
0.08342238245216696,0.47537239256816766,GAN,t-SNE,Phenotype_A
0.5225101808945781,0.8939060142970578,GAN,t-SNE,Phenotype_A
0.15621423417155264,0.3385337858535551,GAN,t-SNE,Phenotype_A
0.3435373983656316,0.9567750486117097,GAN,t-SNE,Phenotype_A
0.6194202091236467,0.17483401263495482,GAN,t-SNE,Phenotype_A
0.5625207764825997,0.8940501723782864,GAN,t-SNE,Phenotype_A
0.9520416069439627,0.4586688819516715,GAN,t-SNE,Phenotype_A
0.35958116033669535,0.8004155783941168,GAN,t-SNE,Phenotype_A
0.5349510350307293,0.8170881982502454,GAN,t-SNE,Phenotype_A
0.30867896772429243,0.811586385205686,GAN,t-SNE,Phenotype_A
0.9693537670966964,0.5151418633968518,GAN,t-SNE,Phenotype_A
0.5334302857009672,0.765657742677282,GAN,t-SNE,Phenotype_A
0.9349883133966594,0.44338193929879327,GAN,t-SNE,Phenotype_A
0.429530298806146,0.010330876112308082,GAN,t-SNE,Phenotype_A
0.5486941880046634,0.13306269905013218,GAN,t-SNE,Phenotype_A
0.06924265256339265,0.523915308332016,GAN,t-SNE,Phenotype_A
0.28278640496109925,0.2562713858143951,GAN,t-SNE,Phenotype_A
0.16495071614333076,0.763259205718869,GAN,t-SNE,Phenotype_A
0.281588977767769,0.7079266669468857,GAN,t-SNE,Phenotype_A
0.18421207158767872,0.6594438580116175,GAN,t-SNE,Phenotype_A
0.8793528713398194,0.35320439588012015,GAN,t-SNE,Phenotype_A
0.5849970475637976,0.24684212788899687,GAN,t-SNE,Phenotype_A
0.9292019799178125,0.47381231371947524,GAN,t-SNE,Phenotype_A
0.7371616155484549,0.6919237429398631,GAN,t-SNE,Phenotype_A
0.43970665438718726,0.9206640849756907,GAN,t-SNE,Phenotype_A
0.5175447201255827,0.053991726868290554,GAN,t-SNE,Phenotype_A
0.4428544613439476,0.09890019479951632,GAN,t-SNE,Phenotype_A
0.5487738793089767,0.05695021425125984,GAN,t-SNE,Phenotype_A
0.44194626571473467,0.04274445019627188,GAN,t-SNE,Phenotype_A
0.11331661295523039,0.8062163571750391,GAN,t-SNE,Phenotype_A
0.5371010670424208,0.7476431968114737,GAN,t-SNE,Phenotype_A
0.25398633331447473,0.7438954702960251,GAN,t-SNE,Phenotype_A
0.14580060541047335,0.7779380188585107,GAN,t-SNE,Phenotype_A
0.4503313684003183,0.07707619985730776,GAN,t-SNE,Phenotype_A
0.19613861940192118,0.8925069447416144,Real,UMAP,Phenotype_B
0.9548859108069766,0.6871181688831833,Real,UMAP,Phenotype_B
0.798774463988181,0.5430690170818436,Real,UMAP,Phenotype_B
0.028463471950771767,0.777322173571427,Real,UMAP,Phenotype_B
0.21549377406199538,0.8037546771979561,Real,UMAP,Phenotype_B
0.27357675277166676,0.6116762746626397,Real,UMAP,Phenotype_B
0.04588689921423096,0.9080579205780446,Real,UMAP,Phenotype_B
0.8257677952941086,0.17656254456342904,Real,UMAP,Phenotype_B
0.22000658979945917,0.8970864115862842,Real,UMAP,Phenotype_B
0.09576483815606683,0.8169889281476328,Real,UMAP,Phenotype_B
0.13296606084084361,0.9663179655210339,Real,UMAP,Phenotype_B
0.2517599169870755,0.5937128237466872,Real,UMAP,Phenotype_B
0.06611556575678013,0.96376410961426,Real,UMAP,Phenotype_B
0.14348586479869624,0.8331528534970732,Real,UMAP,Phenotype_B
0.13397376876308473,0.681276111490549,Real,UMAP,Phenotype_B
0.9347706356881756,0.5883425301631932,Real,UMAP,Phenotype_B
0.05318386762448946,0.7397510455601323,Real,UMAP,Phenotype_B
0.788762978837507,0.5513092563137959,Real,UMAP,Phenotype_B
0.01749699539359482,0.9376088477139956,Real,UMAP,Phenotype_B
0.05505408980838886,0.8304303183141627,Real,UMAP,Phenotype_B
0.09488512248749013,0.9826609149439182,Real,UMAP,Phenotype_B
0.15921637909820385,0.7059596884100714,Real,UMAP,Phenotype_B
0.6987418753117951,0.007111104026656168,Real,UMAP,Phenotype_B
0.16141016945923728,0.9604613042836289,Real,UMAP,Phenotype_B
0.08846103931464581,0.8312978332480303,Real,UMAP,Phenotype_B
0.620641288032577,0.9337157286306433,Real,UMAP,Phenotype_B
0.14926378291711673,0.672809830328411,Real,UMAP,Phenotype_B
0.09507421263458064,0.6835042713586991,Real,UMAP,Phenotype_B
0.0036093502210835108,0.8657109077929177,Real,UMAP,Phenotype_B
0.03534372139561124,0.8531086625618172,Real,UMAP,Phenotype_B
0.0190914937507508,0.9365317376875423,Real,UMAP,Phenotype_B
0.07344859759028655,0.746972849343863,Real,UMAP,Phenotype_B
0.13699297599817822,0.6928578885873671,Real,UMAP,Phenotype_B
0.118053694332691,0.8124451178383623,Real,UMAP,Phenotype_B
0.8209182831654875,0.1483083429828784,Real,UMAP,Phenotype_B
0.008246398341847037,0.9273696762319397,Real,UMAP,Phenotype_B
0.832412708186372,0.8955733604486728,Real,UMAP,Phenotype_B
0.8361060288456001,0.46561742696833747,Real,UMAP,Phenotype_B
0.17318934199574043,0.9336282438498327,Real,UMAP,Phenotype_B
0,0.8413451220620052,Real,UMAP,Phenotype_B
0.9098112062560232,0.8180625860468772,Real,UMAP,Phenotype_B
0.04833958798212583,0.8806305961385803,Real,UMAP,Phenotype_B
0.0663466097906899,0.7858089966281058,Real,UMAP,Phenotype_B
0.16824849634951053,0.736715997294181,Real,UMAP,Phenotype_B
0.16645394155670037,0.7091592180843831,Real,UMAP,Phenotype_B
0.02477334718135365,0.8971154882282114,Real,UMAP,Phenotype_B
0.11262287491343682,0.7424137766936605,Real,UMAP,Phenotype_B
0.1815375701599643,0.8799120555533919,Real,UMAP,Phenotype_B
0.20209770060741333,0.8531038319005886,Real,UMAP,Phenotype_B
1,0.7521555232888495,Real,UMAP,Phenotype_B
0.11273676765323368,0.6967485304363977,Real,UMAP,Phenotype_B
0.11295415082481843,0.8894892526823434,Real,UMAP,Phenotype_B
0.12965066981777223,0.8946170053686139,Real,UMAP,Phenotype_B
0.16159481042639626,0.9248250646121212,Real,UMAP,Phenotype_B
0.03779998204035256,0.8321628343845678,Real,UMAP,Phenotype_B
0.09193769744410905,0.9026797612416148,Real,UMAP,Phenotype_B
0.8330183919698694,0.4473271997759685,Real,UMAP,Phenotype_B
0.9324608533263917,0.5765481406205716,Real,UMAP,Phenotype_B
0.14664891840749186,0.8314662808377771,Real,UMAP,Phenotype_B
0.08261024237565655,0.8820621052512809,Real,UMAP,Phenotype_B
0.7799885850335728,0.9487758768501577,Real,UMAP,Phenotype_B
0.20140209325769393,0.8130767991959926,Real,UMAP,Phenotype_B
0.9126397253991212,0.5145069737950877,Real,UMAP,Phenotype_B
0.9533390374744399,0.6903291625991708,Real,UMAP,Phenotype_B
0.15845572599117547,0.9392424684488895,Real,UMAP,Phenotype_B
0.820740441297238,0.4731441532097612,Real,UMAP,Phenotype_B
0.6006953098891421,0.9242581048474979,Real,UMAP,Phenotype_B
0.1942972228908177,0.8093121849687755,Real,UMAP,Phenotype_B
0.13019359509843248,0.7053887190228636,Real,UMAP,Phenotype_B
0.8822020395166135,0.43775380230381067,Real,UMAP,Phenotype_B
0.16547515330401427,0.8834100334988401,Real,UMAP,Phenotype_B
0.06480850948900417,0.7326203148001752,Real,UMAP,Phenotype_B
0.10315793391864907,0.8696141284028678,Real,UMAP,Phenotype_B
0.8434999392467614,0.7331664575426697,Real,UMAP,Phenotype_B
0.06275963079827625,0.8051607239764113,Real,UMAP,Phenotype_B
0.07379002515165281,0.9754593373820221,Real,UMAP,Phenotype_B
0.060607982317580335,0.9395331421936063,Real,UMAP,Phenotype_B
0.13413512986623571,0.6677014944096507,Real,UMAP,Phenotype_B
0.07533605251335741,0.9210003625196942,Real,UMAP,Phenotype_B
0.15198805965435386,0.8698639558370524,Real,UMAP,Phenotype_B
0.1016956890015708,0.99202676774804055,Real,UMAP,Phenotype_B
0.25872933802406406,0.8396795054366717,Real,UMAP,Phenotype_B
0.14121615638854926,0.7064266248160729,Real,UMAP,Phenotype_B
0.9969020548130194,0.7474872568431066,Real,UMAP,Phenotype_B
0.14140039003641874,0.9250026058926699,Real,UMAP,Phenotype_B
0.018749157554046412,0.7858854125916409,Real,UMAP,Phenotype_B
0.04290663796966499,0.9153123689741063,Real,UMAP,Phenotype_B
0.8222464103734322,0.6009062864927784,Real,UMAP,Phenotype_B
0.10094478022523753,0.7211987955412325,Real,UMAP,Phenotype_B
0.19434973574691108,0.8161320476190598,Real,UMAP,Phenotype_B
0.1683138240970969,0.9106415250172762,Real,UMAP,Phenotype_B
0.16280539468706504,0.8259114953820385,Real,UMAP,Phenotype_B
0.7383978076947878,0.008909361110183723,Real,UMAP,Phenotype_B
0.07672532461310777,0.8493670895460714,Real,UMAP,Phenotype_B
0.1810875450095648,0.8510074871078688,Real,UMAP,Phenotype_B
0.9516701876808223,0.6905765361034266,Real,UMAP,Phenotype_B
0.11705660804423011,0.9190484973596903,Real,UMAP,Phenotype_B
0.15019187558438568,0.8492162848749124,Real,UMAP,Phenotype_B
0.180357879500792,0.9453630204843436,Real,UMAP,Phenotype_B
0.5896369928682935,0.9207886938339193,Real,UMAP,Phenotype_B
0.09874779397439415,0.7288931092366807,Real,UMAP,Phenotype_B
0.07685945798836784,0.79693622783465,Real,UMAP,Phenotype_B
0.8834784841731703,0.4444553311304746,Real,UMAP,Phenotype_B
0.09097197474094024,0.897355770183134,Real,UMAP,Phenotype_B
0.13627136287843644,0.8808150532578662,Real,UMAP,Phenotype_B
0.08013887958495042,0.8351142641363393,Real,UMAP,Phenotype_B
0.1341913085959347,0.6951160167280354,Real,UMAP,Phenotype_B
0.7503466130492442,0.015311226760204332,Real,UMAP,Phenotype_B
0.1602223324142748,0.9020128751370454,Real,UMAP,Phenotype_B
0.14611564346076766,0.7197785550753186,Real,UMAP,Phenotype_B
0.16031222464824377,0.7699657194500701,Real,UMAP,Phenotype_B
0.1534434741402696,0.964597161197636,Real,UMAP,Phenotype_B
0.1221491017951689,0.7138302358060056,Real,UMAP,Phenotype_B
0.057581599996540916,0.8033294168293703,Real,UMAP,Phenotype_B
0.13270515716978767,0.7949526563921939,Real,UMAP,Phenotype_B
0.14245096048081723,0.9233169483946138,Real,UMAP,Phenotype_B
0.0705396485536374,0.7015594251957976,Real,UMAP,Phenotype_B
0.016198649492163708,0.8691636258021069,Real,UMAP,Phenotype_B
0.06487668847161708,0.7569383586543775,Real,UMAP,Phenotype_B
0.054296789252435626,0.9141515043177192,Real,UMAP,Phenotype_B
0.2158294678210555,0.8103367948592868,Real,UMAP,Phenotype_B
0.031760439609056196,0.9100004256078982,Real,UMAP,Phenotype_B
0.029948808738339782,0.844958456660964,Real,UMAP,Phenotype_B
0.09435476144029856,0.829537653822676,Real,UMAP,Phenotype_B
0.9554793436795357,0.7139258904281386,Real,UMAP,Phenotype_B
0.12284044795847499,0.7673804294923522,Real,UMAP,Phenotype_B
0.7644555422588436,0.027840363350984977,Real,UMAP,Phenotype_B
0.023404441046078653,0.8280388513980409,Real,UMAP,Phenotype_B
0.8386203011568432,0.25029914767442585,Real,UMAP,Phenotype_B
0.056961660037910776,0.9206715300265678,Real,UMAP,Phenotype_B
0.02722948249708281,0.8153914041522788,Real,UMAP,Phenotype_B
0.7220241754024643,0,Real,UMAP,Phenotype_B
0.9922618108024459,0.7577849465150811,Real,UMAP,Phenotype_B
0.8461921474230131,0.6999669563078623,Real,UMAP,Phenotype_B
0.8301251717242458,0.7910009901581243,Real,UMAP,Phenotype_B
0.77217665537849145,0.534266915185845,Real,UMAP,Phenotype_B
0.6045523591948915,0.9262880946581621,Real,UMAP,Phenotype_B
0.04835688338580337,0.921017229288876,Real,UMAP,Phenotype_B
0.090653858375835,0.8769754768992104,Real,UMAP,Phenotype_B
0.8069508817428653,0.5523941278343094,Real,UMAP,Phenotype_B
0.06811399952011521,0.7169596760032652,Real,UMAP,Phenotype_B
0.04765974075568506,0.9412690524696229,Real,UMAP,Phenotype_B
0.1217767179678001,0.9685633309997108,Real,UMAP,Phenotype_B
0.23551094789653113,0.9089735451907663,Real,UMAP,Phenotype_B
0.21962458697040738,0.8391251378273372,Real,UMAP,Phenotype_B
0.5669584954020231,0.9077017259222757,Real,UMAP,Phenotype_B
0.01083676102959538,0.8839982968270109,Real,UMAP,Phenotype_B
0.08490272933376287,0.7961808259448351,Real,UMAP,Phenotype_B
0.05538896892886996,0.8422093586334563,Real,UMAP,Phenotype_B
0.9479788722857887,0.7106020421811485,Real,UMAP,Phenotype_B
0.2259892641914897,0.6158590654470726,Real,UMAP,Phenotype_B
0.21349659358878184,0.8864018925256418,Real,UMAP,Phenotype_B
0.09525117719974506,0.7151788301519355,Real,UMAP,Phenotype_B
0.1594823272619991,0.6739298428821064,Real,UMAP,Phenotype_B
0.9325622758294791,0.5758420300101991,Real,UMAP,Phenotype_B
0.12050064929827972,0.8602415798620785,Real,UMAP,Phenotype_B
0.03409149657065357,0.9157605431266491,Real,UMAP,Phenotype_B
0.19341923049615814,0.9198037023160739,Real,UMAP,Phenotype_B
0.1280195753890667,0.9108647548539052,Real,UMAP,Phenotype_B
0.8221036919608394,0.17088970330773792,Real,UMAP,Phenotype_B
0.12735664757926698,0.7530168695725871,Real,UMAP,Phenotype_B
0.815016304991159,0.12195744509501726,Real,UMAP,Phenotype_B
0.0868213911808606,0.7636096697836441,Real,UMAP,Phenotype_B
0.14009186115274994,0.9189553825996061,Real,UMAP,Phenotype_B
0.032966668686552576,0.8383614879020433,Real,UMAP,Phenotype_B
0.05867133575723821,0.8002309357259556,Real,UMAP,Phenotype_B
0.17350711370606223,0.9409784250621841,Real,UMAP,Phenotype_B
0.07875405666513159,0.7089930062682984,Real,UMAP,Phenotype_B
0.8117973703090683,0.9184792902370854,Real,UMAP,Phenotype_B
0.061105287837815735,0.9477169078680304,Real,UMAP,Phenotype_B
0.19663407631922727,0.7893111623050507,Real,UMAP,Phenotype_B
0.7149138532235593,0.0015769502439344908,Real,UMAP,Phenotype_B
0.1675328676900992,0.7432527246956585,Real,UMAP,Phenotype_B
0.021460274745007158,0.8622458293148294,Real,UMAP,Phenotype_B
0.865214318563915,0.4099980971596801,Real,UMAP,Phenotype_B
0.054311390082351814,0.943605887735016,Real,UMAP,Phenotype_B
0.22655371472998773,0.6167899466085666,Real,UMAP,Phenotype_B
0.0859750756940235,0.9674104363551347,Real,UMAP,Phenotype_B
0.09743917109396624,0.8641087037324886,Real,UMAP,Phenotype_B
0.6829987889457555,0.9516777488831384,Real,UMAP,Phenotype_B
0.27073084422813215,0.7646737126977093,Real,UMAP,Phenotype_B
0.931666956698889,0.5742629482514778,Real,UMAP,Phenotype_B
0.8549279712234562,0.8718930536551157,Real,UMAP,Phenotype_B
0.10709617879988322,0.9493849340318183,Real,UMAP,Phenotype_B
0.26743810642400795,0.5909486081822412,Real,UMAP,Phenotype_B
0.025113866107381772,0.8786114608352809,Real,UMAP,Phenotype_B
0.07486187019586481,0.9233770710127821,Real,UMAP,Phenotype_B
0.8333816111132243,0.7845387702035456,Real,UMAP,Phenotype_B
0.03420880452603168,0.87550740767419,Real,UMAP,Phenotype_B
0.13893927289245636,0.9095243795826554,Real,UMAP,Phenotype_B
0.09175011124516441,0.94996929344432,Real,UMAP,Phenotype_B
0.06080261827345876,0.7575389361141693,Real,UMAP,Phenotype_B
0.16800698734308572,0.7301837732969063,Real,UMAP,Phenotype_B
0.8717819661201841,0.8503070528140478,Real,UMAP,Phenotype_B
0.20917998041984842,0.7516465662119273,Real,UMAP,Phenotype_B
0.06447701425185128,0.8729705112111538,Real,UMAP,Phenotype_B
0.13315740691015296,0.7921385239950528,Real,UMAP,Phenotype_B
0.7796108277248078,0.53100737728852,Real,UMAP,Phenotype_B
0.5456807486553606,0.8993474390649155,Real,UMAP,Phenotype_B
0.15126224801270485,0.9002762234645812,Real,UMAP,Phenotype_B
0.06407251486511747,0.9263515303917055,Real,UMAP,Phenotype_B
0.12787961421474137,0.7560355289225357,Real,UMAP,Phenotype_B
0.048788203181138586,0.9303269676493745,Real,UMAP,Phenotype_B
0.6498446554727388,0.9449822439026108,Real,UMAP,Phenotype_B
0.0195065834390118,0.8758638803536266,Real,UMAP,Phenotype_B
0.7426233693363897,0.010265653236416754,Real,UMAP,Phenotype_B
0.7476251875470337,0.01173635210196203,Real,UMAP,Phenotype_B
0.6793220038830687,0.9518470884654862,Real,UMAP,Phenotype_B
0.8736795726932396,0.782375914040457,Real,UMAP,Phenotype_B
0.034720272224640726,0.7469649372536493,Real,UMAP,Phenotype_B
0.1506390808320117,0.8630772359248375,Real,UMAP,Phenotype_B
0.8273755315281737,0.9014781661178904,Real,UMAP,Phenotype_B
0.09012935645996173,0.7290089147825717,Real,UMAP,Phenotype_B
0.15560887748004965,0.9365709853619844,Real,UMAP,Phenotype_B
0.8618282106457346,0.3971622541260045,Real,UMAP,Phenotype_B
0.13204749317849854,0.7539411360876505,Real,UMAP,Phenotype_B
0.13506836102300307,0.746650701003084,Real,UMAP,Phenotype_B
0.18692483774749424,0.9201624918594091,Real,UMAP,Phenotype_B
0.7548924843136642,0.01799874254528768,Real,UMAP,Phenotype_B
0.11646464778756381,0.8021414216967307,Real,UMAP,Phenotype_B
0.10131650607529254,0.9271015919102341,Real,UMAP,Phenotype_B
0.1830693726787892,0.6473491352641444,Real,UMAP,Phenotype_B
0.08396965483826072,0.782222137991348,Real,UMAP,Phenotype_B
0.5388961996608973,0.8958263388177595,Real,UMAP,Phenotype_B
0.033237880668858376,0.844635416327584,Real,UMAP,Phenotype_B
0.7197689816585378,0.0026997488264678903,Real,UMAP,Phenotype_B
0.61694812599288,0.9307872126628289,Real,UMAP,Phenotype_B
0.8338764100532166,0.7907526571011543,Real,UMAP,Phenotype_B
0.8511011438340288,0.32899497479170986,Real,UMAP,Phenotype_B
0.21430766029095005,0.90227595503273,Real,UMAP,Phenotype_B
0.18771381521126992,0.9018258578831514,Real,UMAP,Phenotype_B
0.1379682237062709,0.9297380440149926,Real,UMAP,Phenotype_B
0.9197705075392607,0.7210987823188902,Real,UMAP,Phenotype_B
0.05959457192528611,0.9657395604487515,Real,UMAP,Phenotype_B
0.08344123639075757,0.9578719308532896,Real,UMAP,Phenotype_B
0.06874067591314875,0.927108496164652,Real,UMAP,Phenotype_B
0.15054480208261725,0.9625317002006845,Real,UMAP,Phenotype_B
0.18442395997442537,0.65495897899793,Real,UMAP,Phenotype_B
0.9972273462640706,0.7481413538589557,Real,UMAP,Phenotype_B
0.18419181931165923,0.7208186445127522,Real,UMAP,Phenotype_B
0.14232306222391194,0.9564135808723239,Real,UMAP,Phenotype_B
0.7745964139484423,0.5408415030395053,Real,UMAP,Phenotype_B
0.24523077676979135,0.8677706461360398,Real,UMAP,Phenotype_B
0.09455137132811843,0.9501216967515691,Real,UMAP,Phenotype_B
0.17556191419261452,0.8508792602754014,Real,UMAP,Phenotype_B
0.16142148040258436,0.8105075824815712,Real,UMAP,Phenotype_B
0.19033748408399875,0.9282063421229976,Real,UMAP,Phenotype_B
0.027484903023856942,0.8341431274646074,Real,UMAP,Phenotype_B
0.16186169855778265,0.7074134929936762,Real,UMAP,Phenotype_B
0.14917899784039312,0.7580936860060471,Real,UMAP,Phenotype_B
0.8500842242293942,0.7457454617327877,Real,UMAP,Phenotype_B
0.8246364503013756,0.17305180069789963,Real,UMAP,Phenotype_B
0.8997340017045999,0.8204864079673427,Real,UMAP,Phenotype_B
0.13170080179862173,0.7450721173701009,Real,UMAP,Phenotype_B
0.6913028386331944,0.008989200240129043,Real,UMAP,Phenotype_B
0.1956272770323243,0.8392587745370078,Real,UMAP,Phenotype_B
0.6988920586336744,0.006740822838383938,Real,UMAP,Phenotype_B
0.0798969632592361,0.769530461813762,Real,UMAP,Phenotype_B
0.1809951461953527,0.7809643067886453,Real,UMAP,Phenotype_B
0.12012297032014732,1,Real,UMAP,Phenotype_B
0.07099960602825028,0.7349614912892983,Real,UMAP,Phenotype_B
0.09928573742682117,0.8631039261969492,Real,UMAP,Phenotype_B
0.8436952958444597,0.27710521664380344,Real,UMAP,Phenotype_B
0.10540464445506538,0.7023249300602503,Real,UMAP,Phenotype_B
0.20698813265850344,0.8447647320860836,Real,UMAP,Phenotype_B
0.09027567808165399,0.8810075035576025,Real,UMAP,Phenotype_B
0.13210370324045054,0.9046157327152744,Real,UMAP,Phenotype_B
0.8507581966583901,0.7340889516568507,Real,UMAP,Phenotype_B
0.8949936198133137,0.4599216719286893,Real,UMAP,Phenotype_B
0.7550132388168765,0.97717831138294,Real,UMAP,Phenotype_B
0.03145889800580862,0.7862629919011938,Real,UMAP,Phenotype_B
0.11209245120173916,0.940281373389655,Real,UMAP,Phenotype_B
0.8910748322612168,0.45567414217477015,Real,UMAP,Phenotype_B
0.06636440651041606,0.8020548173242015,Real,UMAP,Phenotype_B
0.05190851959678899,0.8093716588650522,Real,UMAP,Phenotype_B
0.8741830819995767,0.8417541412146617,Real,UMAP,Phenotype_B
0.09305707351618125,0.7502153177464153,Real,UMAP,Phenotype_B
0.08145420756752868,0.6958507760845338,Real,UMAP,Phenotype_B
0.18980411514051543,0.8707369964913182,Real,UMAP,Phenotype_B
0.9945244381234061,0.7526177492209372,Real,UMAP,Phenotype_B
0.8750622650198518,0.42740411641379217,Real,UMAP,Phenotype_B
0.1885418013300792,0.8809593127885118,Real,UMAP,Phenotype_B
0.05001956072557227,0.9100131683593404,Real,UMAP,Phenotype_B
0.5014661066172653,0.8798567404278131,Real,UMAP,Phenotype_B
0.019890842190282403,0.7659471363944496,Real,UMAP,Phenotype_B
0.0536248377537607,0.75938087766650475,Real,UMAP,Phenotype_B
0.13387695210119416,0.8144095056477381,Real,UMAP,Phenotype_B
0.2427187760468936,0.5842361205893369,Real,UMAP,Phenotype_B
0.019773471570398216,0.8243231925050009,Real,UMAP,Phenotype_B
0.1857252824398952,0.8933393707717379,Real,UMAP,Phenotype_B
0.7442738427636,0.976830712292235,Real,UMAP,Phenotype_B
0.8385545974222204,0.24944464193134885,Real,UMAP,Phenotype_B
0.6866549808851324,0.01389928356312723,Real,UMAP,Phenotype_B
0.08255234037204043,0.7534948617635046,Real,UMAP,Phenotype_B
0.03271832924896527,0.9137476517715564,Real,UMAP,Phenotype_B
0.17213667229038832,0.9135681179880548,Real,UMAP,Phenotype_B
0.04095213202509062,0.8003718010509897,Real,UMAP,Phenotype_B
0.9991144878646111,0.7511935556059962,Real,UMAP,Phenotype_B
0.05134347374548322,0.837086100663149,Real,UMAP,Phenotype_B
0.1701113867861988,0.9215162122667147,Real,UMAP,Phenotype_B
0.6897314008142751,0.010720129258763648,Real,UMAP,Phenotype_B
0.7920170369752545,0.06255805916125866,Real,UMAP,Phenotype_B
0.07174907352094376,0.8161146363868619,Real,UMAP,Phenotype_B
0.06315097063873366,0.723828163834621,Real,UMAP,Phenotype_B
0.029280491781017378,0.8883051035437753,Real,UMAP,Phenotype_B
0.8514473495639835,0.32870091842570115,Real,UMAP,Phenotype_B
0.8195395543688848,0.6175114817403439,Real,UMAP,Phenotype_B
0.1385234938946285,0.8523249485951615,Real,UMAP,Phenotype_B
0.1842505046216013,0.8692810097115289,Real,UMAP,Phenotype_B
0.16920206213850023,0.8875619231110256,Real,UMAP,Phenotype_B
0.12259781099094078,0.9464355662889167,Real,UMAP,Phenotype_B
0.08164567896585016,0.7395720909926055,Real,UMAP,Phenotype_B
0.043207803585876094,0.7510601737513546,Real,UMAP,Phenotype_B
0.13115703054712943,0.7768261156342602,Real,UMAP,Phenotype_B
0.07273926671373607,0.8423398328239051,Real,UMAP,Phenotype_B
0.07957505569151316,0.8007824651770143,Real,UMAP,Phenotype_B
0.1603022923240304,0.9733035186930256,Real,UMAP,Phenotype_B
0.06315654777977461,0.9457877711428717,Real,UMAP,Phenotype_B
0.006474998084032727,0.8757315758406978,Real,UMAP,Phenotype_B
0.12915120237207714,0.9340662238012216,Real,UMAP,Phenotype_B
0.13885583510261343,0.8173917149364022,Real,UMAP,Phenotype_B
0.855173522090523,0.7541742068036886,Real,UMAP,Phenotype_B
0.08445264151885729,0.9383923879158588,Real,UMAP,Phenotype_B
0.11471790601289121,0.9314909832406638,Real,UMAP,Phenotype_B
0.061609361124707565,0.9210505457917376,Real,UMAP,Phenotype_B
0.12158894377533722,0.9144283927222393,Real,UMAP,Phenotype_B
0.9110038371357007,0.5096448148018318,Real,UMAP,Phenotype_B
0.2438468311530576,0.7081841152312648,Real,UMAP,Phenotype_B
0.06184466634503064,0.8290321952102407,Real,UMAP,Phenotype_B
0.18730646458950959,0.777721380805473,Real,UMAP,Phenotype_B
0.8049680827737967,0.08672526648742326,Real,UMAP,Phenotype_B
0.10896047918795823,0.9430753027336005,Real,UMAP,Phenotype_B
0.15918470219038142,0.8782941663243693,Real,UMAP,Phenotype_B
0.02727610488960488,0.8828939288967907,Real,UMAP,Phenotype_B
0.11821449145528727,0.7682576347094756,Real,UMAP,Phenotype_B
0.013812635758735887,0.86229493524516,Real,UMAP,Phenotype_B
0.11549698248470656,0.7642371923705764,Real,UMAP,Phenotype_B
0.06779202928788619,0.8629776802831152,Real,UMAP,Phenotype_B
0.10041069063993432,0.7630374101928528,Real,UMAP,Phenotype_B
0.08697614117862035,0.9832520859362817,Real,UMAP,Phenotype_B
0.1015776604043728,0.8226148992466555,Real,UMAP,Phenotype_B
0.14810542952226396,0.8851471253754449,Real,UMAP,Phenotype_B
0.09872244618168559,0.7698084449364743,Real,UMAP,Phenotype_B
0.02678506581997728,0.8638219686563994,Real,UMAP,Phenotype_B
0.0068712257559642356,0.9165067123138281,Real,UMAP,Phenotype_B
0.12395556284413388,0.8600532651644013,Real,UMAP,Phenotype_B
0.10440774616012273,0.8393077877927824,Real,UMAP,Phenotype_B
0.07893274450421316,0.774461269484333,Real,UMAP,Phenotype_B
0.5878416946688234,0.9184150899384556,Real,UMAP,Phenotype_B
0.13752869486063946,0.8223471856231738,Real,UMAP,Phenotype_B
0.10358442854701627,0.9426083619834792,Real,UMAP,Phenotype_B
0.06563850087200794,0.8059760283823242,Real,UMAP,Phenotype_B
0.76212266802657,0.9702494287019078,Real,UMAP,Phenotype_B
0.8099278531008622,0.49099739670221765,Real,UMAP,Phenotype_B
0.08579701450000272,0.8266193668089739,Real,UMAP,Phenotype_B
0.04829459486676179,0.8853983197593297,Real,UMAP,Phenotype_B
0.21754951451613883,0.8733882996936666,Real,UMAP,Phenotype_B
0.06632342392344102,0.7827995294356748,Real,UMAP,Phenotype_B
0.08468020767267972,0.7580724577405763,Real,UMAP,Phenotype_B
0.13699485593336055,0.9630662470393665,Real,UMAP,Phenotype_B
0.07090451264027685,0.8971435222813844,Real,UMAP,Phenotype_B
0.008945608900665918,0.8723393163949421,Real,UMAP,Phenotype_B
0.7536212251449853,0.9738502985730921,Real,UMAP,Phenotype_B
0.846711542181641,0.6891884742072404,Real,UMAP,Phenotype_B
0.8754267531194547,0.795764439164981,Real,UMAP,Phenotype_B
0.08221044282687859,0.8374354953233755,Real,UMAP,Phenotype_B
0.7172618139356712,0.002339986200295247,Real,UMAP,Phenotype_B
0.26605553942640797,0.6540517703933199,Real,UMAP,Phenotype_B
0.17132698420735384,0.7838853740390257,Real,UMAP,Phenotype_B
0.020805555985503696,0.8277536802050832,Real,UMAP,Phenotype_B
0.157249434249173,0.8872524132628132,Real,UMAP,Phenotype_B
0.04505615585715425,0.9013848891773333,Real,UMAP,Phenotype_B
0.06184673427373122,0.8143151629497876,Real,UMAP,Phenotype_B
0.24428802060810012,0.5796594571499845,Real,UMAP,Phenotype_B
0.10469756950073371,0.7415362181547926,Real,UMAP,Phenotype_B
0.18512176058185748,0.8739197766876831,Real,UMAP,Phenotype_B
0.030873423525521405,0.8278225258158297,Real,UMAP,Phenotype_B
0.047602152074599335,0.9426033343888193,Real,UMAP,Phenotype_B
0.7645783960230097,0.9592104989706984,Real,UMAP,Phenotype_B
0.05601761925384495,0.7199139468093922,Real,UMAP,Phenotype_B
0.22875207959996482,0.9190205559810734,Real,UMAP,Phenotype_B
0.14361589364880817,0.7990470646110555,Real,UMAP,Phenotype_B
0.8811274685663871,0.7766532080815086,Real,UMAP,Phenotype_B
0.20124098281256728,0.8822121453573535,Real,UMAP,Phenotype_B
0.2502704756743594,0.6685014047029973,Real,UMAP,Phenotype_B
0.13413447188892189,0.9780336743656595,Real,UMAP,Phenotype_B
0.07360867407106293,0.8639061519061546,Real,UMAP,Phenotype_B
0.15720885898148745,0.9162196528767932,Real,UMAP,Phenotype_B
0.09615624066103033,0.8947090080340268,Real,UMAP,Phenotype_B
0.09457267726018498,0.7762290424311149,Real,UMAP,Phenotype_B
0.08524277827599541,0.9113293787401279,Real,UMAP,Phenotype_B
0.9969303478375137,0.7473089915425896,Real,UMAP,Phenotype_B
0.034147330645569116,0.8903567328632525,Real,UMAP,Phenotype_B
0.8793101665578706,0.7925256835368262,Real,UMAP,Phenotype_B
0.048534349267016406,0.8235049456819368,Real,UMAP,Phenotype_B
0.10024597698570817,0.827387580956148,Real,UMAP,Phenotype_B
0.1462545706707427,0.7458335141452535,Real,UMAP,Phenotype_B
0.7731163253132582,0.03787409851115314,Real,UMAP,Phenotype_B
0.12729630165991385,0.9789285398778499,Real,UMAP,Phenotype_B
0.14310461394371737,0.7889077963003066,Real,UMAP,Phenotype_B
0.12904529935680525,0.7738187625801366,Diffusion,UMAP,Phenotype_B
0.03572089905769502,0.9431072291181231,Diffusion,UMAP,Phenotype_B
0.8377119791412418,0.7585697146548106,Diffusion,UMAP,Phenotype_B
0.26103100533231083,0.7774167305792881,Diffusion,UMAP,Phenotype_B
0.09733643263625127,0.7042818590159126,Diffusion,UMAP,Phenotype_B
0.059137559682458894,0.9054539740737833,Diffusion,UMAP,Phenotype_B
0.1512874078118952,0.7257907734509547,Diffusion,UMAP,Phenotype_B
0.6844398219275264,0.9536851724394304,Diffusion,UMAP,Phenotype_B
0.253699258121179,0.597463258766845,Diffusion,UMAP,Phenotype_B
0.028854185146168408,0.9381710347389878,Diffusion,UMAP,Phenotype_B
0.11740073017935772,0.7522073051969829,Diffusion,UMAP,Phenotype_B
0.1073531659393093,0.7738686620363524,Diffusion,UMAP,Phenotype_B
0.07983442408217022,0.7456412839475877,Diffusion,UMAP,Phenotype_B
0.7011602630956755,0.005947065266727914,Diffusion,UMAP,Phenotype_B
0.14474676865774572,0.7337627690768083,Diffusion,UMAP,Phenotype_B
0.26891755274800466,0.760253790893256,Diffusion,UMAP,Phenotype_B
0.8167511718419298,0.912813445910368,Diffusion,UMAP,Phenotype_B
0.6801486505480606,0.9520717315890932,Diffusion,UMAP,Phenotype_B
0.5095048034537166,0.8832814243838295,Diffusion,UMAP,Phenotype_B
0.18730630792824438,0.7993985560331102,Diffusion,UMAP,Phenotype_B
0.17646772962797275,0.8816027522304275,Diffusion,UMAP,Phenotype_B
0.03746322298468912,0.8359099678736701,Diffusion,UMAP,Phenotype_B
0.07171861857098984,0.8694353823530918,Diffusion,UMAP,Phenotype_B
0.03236032692574137,0.8106110420389626,Diffusion,UMAP,Phenotype_B
0.7941289091607173,0.5216335544725864,Diffusion,UMAP,Phenotype_B
0.13987501062946683,0.7620185577091294,Diffusion,UMAP,Phenotype_B
0.16299633343708486,0.7652176312508612,Diffusion,UMAP,Phenotype_B
0.09661998933826094,0.8800377222512512,Diffusion,UMAP,Phenotype_B
0.01118379706425562,0.8392515227530052,Diffusion,UMAP,Phenotype_B
0.18057999384258563,0.8149836361061275,Diffusion,UMAP,Phenotype_B
0.1146148855648989,0.854045324298738,Diffusion,UMAP,Phenotype_B
0.01826538756712387,0.8379305396325867,Diffusion,UMAP,Phenotype_B
0.2707249537645608,0.7513028768290511,Diffusion,UMAP,Phenotype_B
0.07808291980503568,0.7679202703650425,Diffusion,UMAP,Phenotype_B
0.19569567534070847,0.8887128252526488,Diffusion,UMAP,Phenotype_B
0.07237148872756399,0.7191516117043608,Diffusion,UMAP,Phenotype_B
0.10492620095115947,0.7177081215092246,Diffusion,UMAP,Phenotype_B
0.5798336466506416,0.9137030289728696,Diffusion,UMAP,Phenotype_B
0.12295528066586302,0.9303527775132048,Diffusion,UMAP,Phenotype_B
0.03934284484450022,0.9178865206086319,Diffusion,UMAP,Phenotype_B
0.17013585727582228,0.6692994470248259,Diffusion,UMAP,Phenotype_B
0.8725348488284589,0.42526583638450793,Diffusion,UMAP,Phenotype_B
0.09779049964729283,0.7046763485358452,Diffusion,UMAP,Phenotype_B
0.130829921825402,0.8728900928652339,Diffusion,UMAP,Phenotype_B
0.11221687157855713,0.7841352420183286,Diffusion,UMAP,Phenotype_B
0.16604189109698417,0.7807681031693934,Diffusion,UMAP,Phenotype_B
0.2772326940530193,0.6251759571248581,Diffusion,UMAP,Phenotype_B
0.2510383351995868,0.8553689138910425,Diffusion,UMAP,Phenotype_B
0.11737014990039163,0.7627363453135508,Diffusion,UMAP,Phenotype_B
0.9469647099194216,0.7048709042856491,Diffusion,UMAP,Phenotype_B
0.12358023378497941,0.9177756818397234,Diffusion,UMAP,Phenotype_B
0.08530243488578172,0.9049950265041121,Diffusion,UMAP,Phenotype_B
0.1223546413751049,0.7356949698544729,Diffusion,UMAP,Phenotype_B
0.14290521548537702,0.8421838036246548,Diffusion,UMAP,Phenotype_B
0.25682433703929136,0.578466411254046,Diffusion,UMAP,Phenotype_B
0.11957327727283067,0.8220947864700616,Diffusion,UMAP,Phenotype_B
0.11553204327585724,0.7279598098484926,Diffusion,UMAP,Phenotype_B
0.1508881409114189,0.7849202939738856,Diffusion,UMAP,Phenotype_B
0.14808531421581292,0.8696882448789836,Diffusion,UMAP,Phenotype_B
0.1300362445236705,0.7372911761334845,Diffusion,UMAP,Phenotype_B
0.8397503458610752,0.7093072092139453,Diffusion,UMAP,Phenotype_B
0.7000445528972088,0.005193621126907309,Diffusion,UMAP,Phenotype_B
0.907486635070805,0.8175064923739382,Diffusion,UMAP,Phenotype_B
0.604351343208988,0.9258712213368894,Diffusion,UMAP,Phenotype_B
0.8247756908338809,0.48400014336753805,Diffusion,UMAP,Phenotype_B
0.08328491978034587,0.8652024604260532,Diffusion,UMAP,Phenotype_B
0.12560536262790373,0.7110149362886755,Diffusion,UMAP,Phenotype_B
0.1322815764409531,0.857400015796378,Diffusion,UMAP,Phenotype_B
0.18169758397623462,0.8557680168662132,Diffusion,UMAP,Phenotype_B
0.054401626971104206,0.7639347084121366,Diffusion,UMAP,Phenotype_B
0.11820737903384741,0.8050360535300283,Diffusion,UMAP,Phenotype_B
0.1486974837756894,0.968318577497464,Diffusion,UMAP,Phenotype_B
0.1787611252214172,0.7344096982949712,Diffusion,UMAP,Phenotype_B
0.04642819521773315,0.9493537490437434,Diffusion,UMAP,Phenotype_B
0.6179758689326736,0.9312171762651288,Diffusion,UMAP,Phenotype_B
0.10310166119219097,0.847390793056257,Diffusion,UMAP,Phenotype_B
0.1002804424640511,0.7423361733373773,Diffusion,UMAP,Phenotype_B
0.28151916559452916,0.5868450367666608,Diffusion,UMAP,Phenotype_B
0.8175343685050198,0.13736347792595177,Diffusion,UMAP,Phenotype_B
0.13034420923879106,0.7981445650323192,Diffusion,UMAP,Phenotype_B
0.04371676470424202,0.8157085364827175,Diffusion,UMAP,Phenotype_B
0.056014924680083594,0.9275928597312906,Diffusion,UMAP,Phenotype_B
0.15995757487609505,0.8421966622192919,Diffusion,UMAP,Phenotype_B
0.07461826192848639,0.8106206570241417,Diffusion,UMAP,Phenotype_B
0.055418734569257035,0.8753699713077258,Diffusion,UMAP,Phenotype_B
0.08640395157362167,0.8538199397786834,Diffusion,UMAP,Phenotype_B
0.8217590528435367,0.46997137028111874,Diffusion,UMAP,Phenotype_B
0.11677066990299598,0.9808375198870909,Diffusion,UMAP,Phenotype_B
0.013161739534103184,0.8906655939895731,Diffusion,UMAP,Phenotype_B
0.08792406716206301,0.9422324276472944,Diffusion,UMAP,Phenotype_B
0.030407199600300715,0.8229761330814037,Diffusion,UMAP,Phenotype_B
0.11601224138593333,0.8508639110520733,Diffusion,UMAP,Phenotype_B
0.06424158370251605,0.810115847133598,Diffusion,UMAP,Phenotype_B
0.11508186146419253,0.8329026437803453,Diffusion,UMAP,Phenotype_B
0.25121749302246393,0.6647944890750948,Diffusion,UMAP,Phenotype_B
0.10478125794860094,0.7883106709677237,Diffusion,UMAP,Phenotype_B
0.8395557099051968,0.25490924345983496,Diffusion,UMAP,Phenotype_B
0.8417303562596233,0.529381158933782,Diffusion,UMAP,Phenotype_B
0.11154943192431982,0.9639892161106467,Diffusion,UMAP,Phenotype_B
0.7215185433359839,0.0032515331325554523,Diffusion,UMAP,Phenotype_B
0.08283809051975634,0.8822844778482674,Diffusion,UMAP,Phenotype_B
0.11397269970661104,0.9604369772126936,Diffusion,UMAP,Phenotype_B
0.6901732169143784,0.011417875990462213,Diffusion,UMAP,Phenotype_B
0.10858840868311982,0.8314473983970035,Diffusion,UMAP,Phenotype_B
0.07725662562789051,0.9924061078741562,Diffusion,UMAP,Phenotype_B
0.049391537045658046,0.8835402528342602,Diffusion,UMAP,Phenotype_B
0.024933267000864835,0.8197469113481917,Diffusion,UMAP,Phenotype_B
0.24444546517962124,0.6967139432784917,Diffusion,UMAP,Phenotype_B
0.16376654288129017,0.8961252142606773,Diffusion,UMAP,Phenotype_B
0.9176542018399928,0.5269065166037009,Diffusion,UMAP,Phenotype_B
0.04447826378210248,0.8439049902305958,Diffusion,UMAP,Phenotype_B
0.17751560549860987,0.8996587328983298,Diffusion,UMAP,Phenotype_B
0.8257398469243978,0.17687879648558621,Diffusion,UMAP,Phenotype_B
0.23479456726304687,0.7883302600519863,Diffusion,UMAP,Phenotype_B
0.21534425655049313,0.8219626788905642,Diffusion,UMAP,Phenotype_B
0.2531747562053057,0.5765749930731562,Diffusion,UMAP,Phenotype_B
0.11491984238372774,0.8539008678346611,Diffusion,UMAP,Phenotype_B
0.2719359453445191,0.7577114266314191,Diffusion,UMAP,Phenotype_B
0.25525427783950577,0.6677377330571045,Diffusion,UMAP,Phenotype_B
0.8128754348055085,0.1131171728662894,Diffusion,UMAP,Phenotype_B
0.21153995705100082,0.7426000641354265,Diffusion,UMAP,Phenotype_B
0.13889365313203156,0.7087791756588981,Diffusion,UMAP,Phenotype_B
0.10034840212089274,0.7706980801284136,Diffusion,UMAP,Phenotype_B
0.7851524223246815,0.9445811020872094,Diffusion,UMAP,Phenotype_B
0.7415085991055143,0.966122399039354,Diffusion,UMAP,Phenotype_B
0.08353369786947572,0.9404008308922662,Diffusion,UMAP,Phenotype_B
0.10424967494354084,0.7303586820408503,Diffusion,UMAP,Phenotype_B
0.8371397582039901,0.7177695994927736,Diffusion,UMAP,Phenotype_B
0.9378442043822919,0.7240795435676177,Diffusion,UMAP,Phenotype_B
0.08031612614039219,0.8830707171965725,Diffusion,UMAP,Phenotype_B
0.12390527457800625,0.8115052704135808,Diffusion,UMAP,Phenotype_B
0.1256329663428311,0.9008904472527358,Diffusion,UMAP,Phenotype_B
0.1930352537351649,0.861714444995369,Diffusion,UMAP,Phenotype_B
0.093250362185179,0.7383862071021934,Diffusion,UMAP,Phenotype_B
0.6870819219981054,0.011484694345297471,Diffusion,UMAP,Phenotype_B
0.13790371059726356,0.7257355741685708,Diffusion,UMAP,Phenotype_B
0.07514210586704584,0.767230290919564,Diffusion,UMAP,Phenotype_B
0.7514282337564044,0.9739950098921979,Diffusion,UMAP,Phenotype_B
0.13379921678140433,0.8969775189830506,Diffusion,UMAP,Phenotype_B
0.1732354004077078,0.8215113653874389,Diffusion,UMAP,Phenotype_B
0.22374847545089777,0.6158836126200782,Diffusion,UMAP,Phenotype_B
0.1115176923519913,0.8849826280386452,Diffusion,UMAP,Phenotype_B
0.16210775074089812,0.7452940555551063,Diffusion,UMAP,Phenotype_B
0.03265441145276566,0.8055706235373493,Diffusion,UMAP,Phenotype_B
0.15123862349391343,0.7951182079020674,Diffusion,UMAP,Phenotype_B
0.11922536393508534,0.9757921085437762,Diffusion,UMAP,Phenotype_B
0.1305110848184769,0.8693860794893299,Diffusion,UMAP,Phenotype_B
0.1454234199943765,0.8481539564401321,Diffusion,UMAP,Phenotype_B
0.11969484641462208,0.9971678887390059,Diffusion,UMAP,Phenotype_B
0.06535707457521141,0.8238755396468354,Diffusion,UMAP,Phenotype_B
0.1430519757586118,0.7783973953538028,Diffusion,UMAP,Phenotype_B
0.24410811081115005,0.697484162960978,Diffusion,UMAP,Phenotype_B
0.04799944504313417,0.9625988660851045,Diffusion,UMAP,Phenotype_B
0.09868935932247637,0.8084365030896654,Diffusion,UMAP,Phenotype_B
0.8441146467191339,0.7793142363200714,Diffusion,UMAP,Phenotype_B
0.11395468366111361,0.895200623384668,Diffusion,UMAP,Phenotype_B
0.08437728745029843,0.940217474283332,Diffusion,UMAP,Phenotype_B
0.13113400134114575,0.9518974570866414,Diffusion,UMAP,Phenotype_B
0.8900686596193745,0.8253032954400203,Diffusion,UMAP,Phenotype_B
0.09108802940619679,0.8117011380875674,Diffusion,UMAP,Phenotype_B
0.05456129613259108,0.8756664487965086,Diffusion,UMAP,Phenotype_B
0.21242766244410247,0.8656387838197547,Diffusion,UMAP,Phenotype_B
0.8526502417565313,0.873867276551741,Diffusion,UMAP,Phenotype_B
0.1988855180258525,0.8566687440440669,Diffusion,UMAP,Phenotype_B
0.18744623777031666,0.6524050304166001,Diffusion,UMAP,Phenotype_B
0.14487278697946868,0.7343021697453579,Diffusion,UMAP,Phenotype_B
0.24454243850277702,0.7914075997723264,Diffusion,UMAP,Phenotype_B
0.8476820273872717,0.7224552945471936,Diffusion,UMAP,Phenotype_B
0.12619716622330485,0.8055526794264548,Diffusion,UMAP,Phenotype_B
0.11235611211106256,0.8003429560954523,Diffusion,UMAP,Phenotype_B
0.0423264899723944,0.913415413488499,Diffusion,UMAP,Phenotype_B
0.12742927574181145,0.9268421494908703,Diffusion,UMAP,Phenotype_B
0.839483254070044,0.6312810209251501,Diffusion,UMAP,Phenotype_B
0.10133781200735907,0.8079116175734404,Diffusion,UMAP,Phenotype_B
0.1535368442543259,0.8841784214108065,Diffusion,UMAP,Phenotype_B
0.042863086137940744,0.742591416440925,Diffusion,UMAP,Phenotype_B
0.11726988669066675,0.6962540276941229,Diffusion,UMAP,Phenotype_B
0.1665133788407154,0.9598668433445293,Diffusion,UMAP,Phenotype_B
0.09794907217992334,0.9571772887192151,Diffusion,UMAP,Phenotype_B
0.03915234474602295,0.898178905589024,Diffusion,UMAP,Phenotype_B
0.14451293605331547,0.7284177293098087,Diffusion,UMAP,Phenotype_B
0.2324603144116395,0.7899624095783045,Diffusion,UMAP,Phenotype_B
0.21610393835767736,0.8811297181282529,Diffusion,UMAP,Phenotype_B
0.035515171484240785,0.7921740299342986,Diffusion,UMAP,Phenotype_B
0.025825233580379792,0.8339448965894443,Diffusion,UMAP,Phenotype_B
0.8503744392231681,0.6758213407051926,Diffusion,UMAP,Phenotype_B
0.7158015194513446,0.0015347369837022294,Diffusion,UMAP,Phenotype_B
0.8188226097548458,0.4756971287082536,Diffusion,UMAP,Phenotype_B
0.8237025141689148,0.906067827163714,Diffusion,UMAP,Phenotype_B
0.8231037704794656,0.1633349198445023,Diffusion,UMAP,Phenotype_B
0.11594794760269725,0.8493319427207299,Diffusion,UMAP,Phenotype_B
0.10786519761847305,0.7982818392183105,Diffusion,UMAP,Phenotype_B
0.09618697760126162,0.7658620379834545,Diffusion,UMAP,Phenotype_B
0.04463617833741916,0.794168397962522,Diffusion,UMAP,Phenotype_B
0.5075987998368466,0.8822781759784631,Diffusion,UMAP,Phenotype_B
0.1400285700016111,0.962045297793815,Diffusion,UMAP,Phenotype_B
0.28063493808151485,0.6041831255712662,Diffusion,UMAP,Phenotype_B
0.6423978601449793,0.9423854796764352,Diffusion,UMAP,Phenotype_B
0.08807828451152108,0.757295862338249,Diffusion,UMAP,Phenotype_B
0.09214402033037103,0.804144269446823,Diffusion,UMAP,Phenotype_B
0.07465589196438625,0.8953463077866112,Diffusion,UMAP,Phenotype_B
0.054325990912268,0.7756565337774545,Diffusion,UMAP,Phenotype_B
0.0862054930828725,0.9123013031455852,Diffusion,UMAP,Phenotype_B
0.23812957227652068,0.8731577485671181,Diffusion,UMAP,Phenotype_B
0.08902317126641897,0.9417294364949111,Diffusion,UMAP,Phenotype_B
0.13774683000629714,0.8292039559153624,Diffusion,UMAP,Phenotype_B
0.7916893486068458,0.06281560175222563,Diffusion,UMAP,Phenotype_B
0.1365803615579073,0.8471862023896922,Diffusion,UMAP,Phenotype_B
0.16431028280052942,0.8619754860508227,Diffusion,UMAP,Phenotype_B
0.06951201331846346,0.797727425271698,Diffusion,UMAP,Phenotype_B
0.04125893744684875,0.8187761685433226,Diffusion,UMAP,Phenotype_B
0.8341886046224974,0.22952702636797317,Diffusion,UMAP,Phenotype_B
0.1774154049533911,0.7372257536891482,Diffusion,UMAP,Phenotype_B
0.07044424184313357,0.9641841107017959,Diffusion,UMAP,Phenotype_B
0.11530466511555304,0.7104490393853656,Diffusion,UMAP,Phenotype_B
0.11579122367299605,0.8669012082051364,Diffusion,UMAP,Phenotype_B
0.17367389528898897,0.8013480116546595,Diffusion,UMAP,Phenotype_B
0.17694100331012722,0.9079455295103241,Diffusion,UMAP,Phenotype_B
0.8880968582711226,0.44946054488514875,Diffusion,UMAP,Phenotype_B
0.09096558296132028,0.7920387598355796,Diffusion,UMAP,Phenotype_B
0.7847027888274449,0.5463645822127917,Diffusion,UMAP,Phenotype_B
0.7821431004154218,0.04906306834843492,Diffusion,UMAP,Phenotype_B
0.20082805504976595,0.6710439456257065,Diffusion,UMAP,Phenotype_B
0.5050035258184344,0.8806759371650756,Diffusion,UMAP,Phenotype_B
0.6563588737045132,0.9486898285249642,Diffusion,UMAP,Phenotype_B
0.13571769063498382,0.8465394150794431,Diffusion,UMAP,Phenotype_B
0.11988390522945956,0.7849021181766013,Diffusion,UMAP,Phenotype_B
0.11688302736239392,0.9036173033868171,Diffusion,UMAP,Phenotype_B
0.09190075671777605,0.7139656883577566,Diffusion,UMAP,Phenotype_B
0.09242585394645707,0.8271124649525102,Diffusion,UMAP,Phenotype_B
0.09755923628761179,0.8053157221712267,Diffusion,UMAP,Phenotype_B
0.07866704699844222,0.9032812191096881,Diffusion,UMAP,Phenotype_B
0.16501488250687102,0.8004394187238699,Diffusion,UMAP,Phenotype_B
0.01008748153042014,0.8363684984078396,Diffusion,UMAP,Phenotype_B
0.7445132211768181,0.975131593814928,Diffusion,UMAP,Phenotype_B
0.9295211673495113,0.5722271778653867,Diffusion,UMAP,Phenotype_B
0.08759811773369804,0.7774203275104906,Diffusion,UMAP,Phenotype_B
0.9490819869185337,0.6845463254243168,Diffusion,UMAP,Phenotype_B
0.063764644146756,0.8693894157733438,Diffusion,UMAP,Phenotype_B
0.18008491291231601,0.8040752964085621,Diffusion,UMAP,Phenotype_B
0.1183230577120675,0.9133962993613356,Diffusion,UMAP,Phenotype_B
0.14370381195083567,0.8245713517971786,Diffusion,UMAP,Phenotype_B
0.11796129551847892,0.8795721832037886,Diffusion,UMAP,Phenotype_B
0.7977859940693058,0.5281281410158285,Diffusion,UMAP,Phenotype_B
0.109173851831154,0.8625602161615482,Diffusion,UMAP,Phenotype_B
0.09556371642380933,0.9731607303709556,Diffusion,UMAP,Phenotype_B
0.08257179770117766,0.9550056921870692,Diffusion,UMAP,Phenotype_B
0.07966554323828987,0.8783217833420405,Diffusion,UMAP,Phenotype_B
0.19800993821467694,0.8631293537782362,Diffusion,UMAP,Phenotype_B
0.04126940241936378,0.8183636277575401,Diffusion,UMAP,Phenotype_B
0.10746286015719893,0.8343137644907384,Diffusion,UMAP,Phenotype_B
0.15633531576675944,0.9011346215390079,Diffusion,UMAP,Phenotype_B
0.6788741641573187,0.9566370887326205,Diffusion,UMAP,Phenotype_B
0.16742871928099748,0.7915516623695406,Diffusion,UMAP,Phenotype_B
0.16341439968938457,0.6969148624397972,Diffusion,UMAP,Phenotype_B
0.05107006850546469,0.8148853779081884,Diffusion,UMAP,Phenotype_B
0.8296858935366387,0.6230060287347191,Diffusion,UMAP,Phenotype_B
0.17477826321185547,0.8913642906354702,Diffusion,UMAP,Phenotype_B
0.14864211968456945,0.8579021381247994,Diffusion,UMAP,Phenotype_B
0.9260390574080193,0.5581018958132717,Diffusion,UMAP,Phenotype_B
0.16317019610919842,0.8990540314207984,Diffusion,UMAP,Phenotype_B
0.07613549494964814,0.8638763802050577,Diffusion,UMAP,Phenotype_B
0.07723322043487037,0.9439373614529869,Diffusion,UMAP,Phenotype_B
0.09725017494363485,0.8842678060200141,Diffusion,UMAP,Phenotype_B
0.8967337504825951,0.819841624744366,Diffusion,UMAP,Phenotype_B
0.7673107878137839,0.030928372229578137,Diffusion,UMAP,Phenotype_B
0.152827983361571,0.8769468636300628,Diffusion,UMAP,Phenotype_B
0.17896951603637976,0.8563510324976537,Diffusion,UMAP,Phenotype_B
0.1711781873376715,0.9563118010412589,Diffusion,UMAP,Phenotype_B
0.8532439409532412,0.33929934282387203,Diffusion,UMAP,Phenotype_B
0.10454375947056513,0.8510750468591516,Diffusion,UMAP,Phenotype_B
0.024540109889731147,0.897729573004532,Diffusion,UMAP,Phenotype_B
0.09233950225708151,0.7160009577220298,Diffusion,UMAP,Phenotype_B
0.133246578502302,0.8643035056490819,Diffusion,UMAP,Phenotype_B
0.7860154692346414,0.054620668793810306,Diffusion,UMAP,Phenotype_B
0.20772287399226858,0.9452089026978097,Diffusion,UMAP,Phenotype_B
0.20269185412179236,0.8704196903960871,Diffusion,UMAP,Phenotype_B
0.7660350951313,0.5471048433970294,Diffusion,UMAP,Phenotype_B
0.10931099310270581,0.9655172341890431,Diffusion,UMAP,Phenotype_B
0.13983966784803883,0.7464861689133258,Diffusion,UMAP,Phenotype_B
0.48903858360168884,0.8751710917106711,Diffusion,UMAP,Phenotype_B
0.5373650747020444,0.8930627140536076,Diffusion,UMAP,Phenotype_B
0.02165033619194188,0.8914708432061662,Diffusion,UMAP,Phenotype_B
0.10054911653386074,0.7354577287834173,Diffusion,UMAP,Phenotype_B
0.5480712703166946,0.8959487850747998,Diffusion,UMAP,Phenotype_B
0.05996648576885934,0.7401587846454849,Diffusion,UMAP,Phenotype_B
0.1045608355484714,0.8221128000868732,Diffusion,UMAP,Phenotype_B
0.07294768886095165,0.7098043705575438,Diffusion,UMAP,Phenotype_B
0.12115756131549592,0.7733062143641716,Diffusion,UMAP,Phenotype_B
0.8221373897989829,0.5673024751311884,Diffusion,UMAP,Phenotype_B
0.20208880224755024,0.9048993631937394,Diffusion,UMAP,Phenotype_B
0.11508565266681026,0.8694453680364946,Diffusion,UMAP,Phenotype_B
0.10852768677673019,0.6920096564773155,Diffusion,UMAP,Phenotype_B
0.10571875029178161,0.7143299514920523,Diffusion,UMAP,Phenotype_B
0.2518659453313596,0.8577534417997881,Diffusion,UMAP,Phenotype_B
0.04096472759081231,0.7700579306332339,Diffusion,UMAP,Phenotype_B
0.10669581527055055,0.8768488950401111,Diffusion,UMAP,Phenotype_B
0.20610334116493442,0.801516876279908,Diffusion,UMAP,Phenotype_B
0.02967916336868593,0.7908967428670074,Diffusion,UMAP,Phenotype_B
0.8033968956129018,0.5083075672968451,Diffusion,UMAP,Phenotype_B
0.28039132981413645,0.6036307562570443,Diffusion,UMAP,Phenotype_B
0.07622350724843475,0.9532258541715355,Diffusion,UMAP,Phenotype_B
0.25124158752505094,0.8189762413252851,Diffusion,UMAP,Phenotype_B
0.12904191547347701,0.8743850261271583,Diffusion,UMAP,Phenotype_B
0.8302776501336603,0.8980478869355589,Diffusion,UMAP,Phenotype_B
0.2706607226458308,0.6411152335585317,Diffusion,UMAP,Phenotype_B
0.16282742126095148,0.8714901046858734,Diffusion,UMAP,Phenotype_B
0.10720217581191424,0.917971595850988,Diffusion,UMAP,Phenotype_B
0.10071777805196981,0.8913063227007275,Diffusion,UMAP,Phenotype_B
0.1428440235951918,0.8624301242536425,Diffusion,UMAP,Phenotype_B
0.0948816446074028,0.81178218198674,Diffusion,UMAP,Phenotype_B
0.742296370277548,0.9604651271090615,Diffusion,UMAP,Phenotype_B
0.11127195349140621,0.8109173777836338,Diffusion,UMAP,Phenotype_B
0.12120214711157046,0.8729672676016957,Diffusion,UMAP,Phenotype_B
0.2170464751935973,0.8570188453477825,Diffusion,UMAP,Phenotype_B
0.03404337022998563,0.8000513208522176,Diffusion,UMAP,Phenotype_B
0.06091911159025785,0.87652537974963185,Diffusion,UMAP,Phenotype_B
0.1266652074192018,0.7145853220231143,Diffusion,UMAP,Phenotype_B
0.09416554596419588,0.7463920984468834,Diffusion,UMAP,Phenotype_B
0.07465401202920391,0.9298765924761281,Diffusion,UMAP,Phenotype_B
0.9985128772740087,0.7492436192351879,Diffusion,UMAP,Phenotype_B
0.24762311961833305,0.8589853067503475,Diffusion,UMAP,Phenotype_B
0.17841161393876687,0.9412587192566352,Diffusion,UMAP,Phenotype_B
0.7622038498941941,0.9687538467180916,Diffusion,UMAP,Phenotype_B
0.5023162289728467,0.8811581228796496,Diffusion,UMAP,Phenotype_B
0.12296123379394043,0.7275165126944564,Diffusion,UMAP,Phenotype_B
0.5386973142682004,0.8961625852753615,Diffusion,UMAP,Phenotype_B
0.14320434450514058,0.7428260336636154,Diffusion,UMAP,Phenotype_B
0.15114371809945823,0.7658618873873011,Diffusion,UMAP,Phenotype_B
0.09517688842778953,0.7205939463636276,Diffusion,UMAP,Phenotype_B
0.25580998667940597,0.5792262731068656,Diffusion,UMAP,Phenotype_B
0.8457098030536038,0.6848298418696369,Diffusion,UMAP,Phenotype_B
0.18730834452469192,0.8850318845651292,Diffusion,UMAP,Phenotype_B
0.11870123800624853,0.771250553701511,Diffusion,UMAP,Phenotype_B
0.05468549718363777,0.9212862403561409,Diffusion,UMAP,Phenotype_B
0.07888339620567669,0.8382863288371732,Diffusion,UMAP,Phenotype_B
0.8528812701243145,0.5878364228288663,Diffusion,UMAP,Phenotype_B
0.1514908794631306,0.8683362505352824,Diffusion,UMAP,Phenotype_B
0.1422936412383083,0.8924914912594109,Diffusion,UMAP,Phenotype_B
0.8695353495805269,0.4202613871949203,Diffusion,UMAP,Phenotype_B
0.8007946110028721,0.07847551652916736,Diffusion,UMAP,Phenotype_B
0.6915506375894168,0.009101846162878359,Diffusion,UMAP,Phenotype_B
0.22983680220017588,0.7385324156945936,Diffusion,UMAP,Phenotype_B
0.11221991080710192,0.7171292994014405,Diffusion,UMAP,Phenotype_B
0.8048481115769103,0.5068898319400216,Diffusion,UMAP,Phenotype_B
0.10071213824642278,0.7493341506920252,Diffusion,UMAP,Phenotype_B
0.8576811362979953,0.8676944908196932,Diffusion,UMAP,Phenotype_B
0.20221695116247984,0.7096256563646464,Diffusion,UMAP,Phenotype_B
0.13402233375529524,0.9050335559507456,Diffusion,UMAP,Phenotype_B
0.14727913534511883,0.8345113234753709,Diffusion,UMAP,Phenotype_B
0.08659435767533984,0.7700996399755682,Diffusion,UMAP,Phenotype_B
0.051117192214035385,0.7600268888273478,Diffusion,UMAP,Phenotype_B
0.11937688671078206,0.8346328082338933,Diffusion,UMAP,Phenotype_B
0.10583828283712549,0.7689418335795272,Diffusion,UMAP,Phenotype_B
0.14358230547355036,0.8474854716994727,Diffusion,UMAP,Phenotype_B
0.8532634139485049,0.33507576944266426,Diffusion,UMAP,Phenotype_B
0.05352563984063915,0.8014650712031356,Diffusion,UMAP,Phenotype_B
0.13836557933931182,0.6898731224334976,Diffusion,UMAP,Phenotype_B
0.12639390144013687,0.7749252851937823,Diffusion,UMAP,Phenotype_B
0.09624014843466884,0.8331765665990752,Diffusion,UMAP,Phenotype_B
0.08748068444930776,0.8207004746072528,Diffusion,UMAP,Phenotype_B
0.02640594555820508,0.9122004963973577,Diffusion,UMAP,Phenotype_B
0.10975656907317378,0.7039101717808618,Diffusion,UMAP,Phenotype_B
0.26186297064725605,0.7697971096798504,Diffusion,UMAP,Phenotype_B
0.05627799027659925,0.7364057547377608,Diffusion,UMAP,Phenotype_B
0.20686697083600153,0.9381046797569322,Diffusion,UMAP,Phenotype_B
0.056593443400196154,0.7309485729659099,Diffusion,UMAP,Phenotype_B
0.28084737075711946,0.6058774191795044,Diffusion,UMAP,Phenotype_B
0.06930841633821588,0.8242823230258298,Diffusion,UMAP,Phenotype_B
0.057708620950361125,0.7888211224218604,Diffusion,UMAP,Phenotype_B
0.1473681816082557,0.9091538898766324,Diffusion,UMAP,Phenotype_B
0.07243055002454256,0.8720125690793243,Diffusion,UMAP,Phenotype_B
0.7685495711021878,0.9533893320882197,Diffusion,UMAP,Phenotype_B
0.12687986468477216,0.8004595986084266,Diffusion,UMAP,Phenotype_B
0.09310438521827019,0.8098265866758594,Diffusion,UMAP,Phenotype_B
0.07290692559974789,0.8512717254355027,Diffusion,UMAP,Phenotype_B
0.08764079226233719,0.8085154038897319,Diffusion,UMAP,Phenotype_B
0.28302060716015925,0.6006138808922975,Diffusion,UMAP,Phenotype_B
0.0974180218231649,0.7183116848273657,Diffusion,UMAP,Phenotype_B
0.1687729982653838,0.7045667203283237,Diffusion,UMAP,Phenotype_B
0.10889903663974872,0.8437117985344121,Diffusion,UMAP,Phenotype_B
0.05904500420698162,0.7606375098921401,Diffusion,UMAP,Phenotype_B
0.825289148130558,0.17628883026244993,Diffusion,UMAP,Phenotype_B
0.7493422733442048,0.009912794864661902,Diffusion,UMAP,Phenotype_B
0.956498456541883,0.6975577747951759,Diffusion,UMAP,Phenotype_B
0.07541563643607653,0.86237192463251,Diffusion,UMAP,Phenotype_B
0.06790009422861779,0.8090882369043381,Diffusion,UMAP,Phenotype_B
0.12388478328451873,0.8600695295489694,Diffusion,UMAP,Phenotype_B
0.8221145485865174,0.569293344694925,Diffusion,UMAP,Phenotype_B
0.07786901451353825,0.9797462538222173,Diffusion,UMAP,Phenotype_B
0.21807226182584194,0.8545883740279279,Diffusion,UMAP,Phenotype_B
0.09181443636065353,0.9701467916312003,Diffusion,UMAP,Phenotype_B
0.12499037316525376,0.8892112521831519,Diffusion,UMAP,Phenotype_B
0.8416803813160261,0.614575047890156,Diffusion,UMAP,Phenotype_B
0.8695182421703677,0.42125682776894835,Diffusion,UMAP,Phenotype_B
0.17718768213830344,0.8232093717700745,Diffusion,UMAP,Phenotype_B
0.788776248046669,0.5496059327285129,Diffusion,UMAP,Phenotype_B
0.9534363241201261,0.6952540091418352,Diffusion,UMAP,Phenotype_B
0.12067235004493358,0.7478685836800153,Diffusion,UMAP,Phenotype_B
0.9146914239926226,0.5246527177404331,Diffusion,UMAP,Phenotype_B
0.28091905895207275,0.6105736965097812,GAN,UMAP,Phenotype_B
0.05219276579635903,0.7376120762638383,GAN,UMAP,Phenotype_B
0.838919618170125,0.251625691268201,GAN,UMAP,Phenotype_B
0.996802950896657,0.7474019846673191,GAN,UMAP,Phenotype_B
0.15465954154522024,0.9077647446203173,GAN,UMAP,Phenotype_B
0.995413960787184,0.7452763083776431,GAN,UMAP,Phenotype_B
0.7423193681512786,0.9631560255154368,GAN,UMAP,Phenotype_B
0.11443541441949137,0.9676588041650633,GAN,UMAP,Phenotype_B
0.17543179134574347,0.8438357739216256,GAN,UMAP,Phenotype_B
0.0312828107437293,0.8023867544149521,GAN,UMAP,Phenotype_B
0.11069437473888484,0.8459738917704369,GAN,UMAP,Phenotype_B
0.08087080101594203,0.7959441235446358,GAN,UMAP,Phenotype_B
0.024558533254518095,0.9050064254744932,GAN,UMAP,Phenotype_B
0.08336227911309922,0.9154550877902593,GAN,UMAP,Phenotype_B
0.17362401434215083,0.7547182180313964,GAN,UMAP,Phenotype_B
0.19712668200150682,0.7166831872577676,GAN,UMAP,Phenotype_B
0.19814585752836023,0.7316553294020941,GAN,UMAP,Phenotype_B
0.06167296559837679,0.9238535109048875,GAN,UMAP,Phenotype_B
0.8203778644650704,0.14612970318448076,GAN,UMAP,Phenotype_B
0.813213039832004,0.4853742985144292,GAN,UMAP,Phenotype_B
0.8321272400289335,0.7989283716735308,GAN,UMAP,Phenotype_B
0.8018164184389808,0.9287390586391997,GAN,UMAP,Phenotype_B
0.9301912075807509,0.7243308364182183,GAN,UMAP,Phenotype_B
0.15612504501661456,0.760957190772867,GAN,UMAP,Phenotype_B
0.6856335024376806,0.9507136323090192,GAN,UMAP,Phenotype_B
0.04671707859075296,0.9066925000080511,GAN,UMAP,Phenotype_B
0.9016163808026785,0.47892069729355313,GAN,UMAP,Phenotype_B
0.9959023052830502,0.7503807244522951,GAN,UMAP,Phenotype_B
0.20928685473496456,0.7512802931981997,GAN,UMAP,Phenotype_B
0.6196141169064012,0.9323920116108244,GAN,UMAP,Phenotype_B
0.879147458167839,0.83800128507173,GAN,UMAP,Phenotype_B
0.17598026243519158,0.7526329710167509,GAN,UMAP,Phenotype_B
0.2697001697644134,0.7414567381387516,GAN,UMAP,Phenotype_B
0.02083626159348194,0.8556883630853797,GAN,UMAP,Phenotype_B
0.059803934040092877,0.9046670049133501,GAN,UMAP,Phenotype_B
0.813250826529169,0.9170637790696045,GAN,UMAP,Phenotype_B
0.7582534167665278,0.020381729739540708,GAN,UMAP,Phenotype_B
0.9147699739509915,0.5233614252308749,GAN,UMAP,Phenotype_B
0.1415135621343957,0.94084274951228275,GAN,UMAP,Phenotype_B
0.2666415778872499,0.7655862269206472,GAN,UMAP,Phenotype_B
0.08947614164860415,0.694084487378687,GAN,UMAP,Phenotype_B
0.806969446102791,0.09202212706965163,GAN,UMAP,Phenotype_B
0.6256111669277792,0.9366928060657721,GAN,UMAP,Phenotype_B
0.8551396519249879,0.35143537711697936,GAN,UMAP,Phenotype_B
0.058232057569631075,0.8646847340192749,GAN,UMAP,Phenotype_B
0.13227831788663702,0.7993470753172836,GAN,UMAP,Phenotype_B
0.8055205957238869,0.08942617374584044,GAN,UMAP,Phenotype_B
0.06534516831905658,0.8555209580843872,GAN,UMAP,Phenotype_B
0.14725710877123238,0.9521077588227161,GAN,UMAP,Phenotype_B
0.10779999519989883,0.7550009970623788,GAN,UMAP,Phenotype_B
0.053922744815655746,0.8651940038728233,GAN,UMAP,Phenotype_B
0.15173082185690348,0.959062103837994,GAN,UMAP,Phenotype_B
0.9524299948170187,0.6918948062757726,GAN,UMAP,Phenotype_B
0.8996452374317403,0.8243638998036991,GAN,UMAP,Phenotype_B
0.7679791517694858,0.9622048370418718,GAN,UMAP,Phenotype_B
0.010674773281383622,0.8362630926847733,GAN,UMAP,Phenotype_B
0.19036023129970508,0.8783757894395166,GAN,UMAP,Phenotype_B
0.11391761760576845,0.817449312172921,GAN,UMAP,Phenotype_B
0.18388050204546347,0.7613775451821475,GAN,UMAP,Phenotype_B
0.7566181394820415,0.9719671052590424,GAN,UMAP,Phenotype_B
0.83726610551437,0.7746772475369593,GAN,UMAP,Phenotype_B
0.17862589521730077,0.7733774579290531,GAN,UMAP,Phenotype_B
0.11462660382753549,0.9514451357477202,GAN,UMAP,Phenotype_B
0.16217987758739397,0.7385466354467711,GAN,UMAP,Phenotype_B
0.18502152870438565,0.7447789008672554,GAN,UMAP,Phenotype_B
0.17983632281670436,0.7878170746984492,GAN,UMAP,Phenotype_B
0.8440542694675278,0.6204661666858928,GAN,UMAP,Phenotype_B
0.8602042913029749,0.8649103733943583,GAN,UMAP,Phenotype_B
0.15942401793909347,0.9657376606203547,GAN,UMAP,Phenotype_B
0.5102613755347867,0.8834564171140897,GAN,UMAP,Phenotype_B
0.10891890128817545,0.9293461464865466,GAN,UMAP,Phenotype_B
0.07570160590956371,0.8586283822824506,GAN,UMAP,Phenotype_B
0.12136056298293577,0.8149173622143083,GAN,UMAP,Phenotype_B
0.09594850782338159,0.8326191638980336,GAN,UMAP,Phenotype_B
0.9454691588173628,0.7021909414768751,GAN,UMAP,Phenotype_B
0.7749100028029834,0.9564143686060493,GAN,UMAP,Phenotype_B
0.13014039293277221,0.7094325732714579,GAN,UMAP,Phenotype_B
0.16176287663169758,0.8019210068497387,GAN,UMAP,Phenotype_B
0.13878023037603027,0.8148668198283607,GAN,UMAP,Phenotype_B
0.8528525697805307,0.33608833164090285,GAN,UMAP,Phenotype_B
0.8757254434876758,0.4291379415123,GAN,UMAP,Phenotype_B
0.04693176718857636,0.8792663108318971,GAN,UMAP,Phenotype_B
0.9961138919878227,0.7461208400216367,GAN,UMAP,Phenotype_B
0.7725220778021201,0.5315711629496022,GAN,UMAP,Phenotype_B
0.009603147562942893,0.8471616783853256,GAN,UMAP,Phenotype_B
0.21844856218484063,0.7712816112620715,GAN,UMAP,Phenotype_B
0.16189387678165373,0.9560138291752616,GAN,UMAP,Phenotype_B
0.15005924615727148,0.7456382025186025,GAN,UMAP,Phenotype_B
0.8439415986855995,0.678488182824101,GAN,UMAP,Phenotype_B
0.05919389507342306,0.8890835466450617,GAN,UMAP,Phenotype_B
0.8297526782339913,0.6036482427873189,GAN,UMAP,Phenotype_B
0.8443130268792506,0.6192395088869455,GAN,UMAP,Phenotype_B
0.8386581818507673,0.24482968073175274,GAN,UMAP,Phenotype_B
0.14151472142775814,0.7550184198788962,GAN,UMAP,Phenotype_B
0.03956943969847845,0.9100997959005086,GAN,UMAP,Phenotype_B
0.19453797992316957,0.8327968673590552,GAN,UMAP,Phenotype_B
0.8353855906853473,0.2414104993274955,GAN,UMAP,Phenotype_B
0.21192468578606702,0.781792545087272,GAN,UMAP,Phenotype_B
0.11931754342352614,0.8998377338031346,GAN,UMAP,Phenotype_B
0.7663413365725035,0.029098281436083992,GAN,UMAP,Phenotype_B
0.1535001541860172,0.9437989983409633,GAN,UMAP,Phenotype_B
0.6881592658527258,0.9540135183911382,GAN,UMAP,Phenotype_B
0.744338105214583,0.9734909761510603,GAN,UMAP,Phenotype_B
0.04822447328446045,0.8367884531580975,GAN,UMAP,Phenotype_B
0.9079575901662346,0.816443179272001,GAN,UMAP,Phenotype_B
0.1941671000439466,0.933875291047339,GAN,UMAP,Phenotype_B
0.16908415887031436,0.8634908888052913,GAN,UMAP,Phenotype_B
0.1552455173415561,0.7358691343058895,GAN,UMAP,Phenotype_B
0.7935239773512929,0.06595115267801781,GAN,UMAP,Phenotype_B
0.1010315392339026,0.6980817639746801,GAN,UMAP,Phenotype_B
0.25388471372691696,0.7396242493911224,GAN,UMAP,Phenotype_B
0.8522913464640958,0.6931319641743103,GAN,UMAP,Phenotype_B
0.02967891271066162,0.9043536259024272,GAN,UMAP,Phenotype_B
0.9027836952219004,0.48211437833456083,GAN,UMAP,Phenotype_B
0.2451960606334241,0.597734279713542,GAN,UMAP,Phenotype_B
0.24273303222202636,0.7429038455376494,GAN,UMAP,Phenotype_B
0.8065184809848003,0.9233290887614424,GAN,UMAP,Phenotype_B
0.11987340892469149,0.9593627632661136,GAN,UMAP,Phenotype_B
0.8731739014614428,0.7822573311539676,GAN,UMAP,Phenotype_B
0.0824088386531217,0.910605961156433,GAN,UMAP,Phenotype_B
0.17704001322973054,0.7344699048994558,GAN,UMAP,Phenotype_B
0.8480097784201864,0.5880428438179109,GAN,UMAP,Phenotype_B
0.033860577865755956,0.8933560521918077,GAN,UMAP,Phenotype_B
0.7594497448520638,0.021838573758972434,GAN,UMAP,Phenotype_B
0.13290041977072686,0.7969265549278733,GAN,UMAP,Phenotype_B
0.9986172450088817,0.7505422909562631,GAN,UMAP,Phenotype_B
0.1212701067684121,0.7834196322659719,GAN,UMAP,Phenotype_B
0.20134669783432094,0.717213728817985,GAN,UMAP,Phenotype_B
0.18738426257380547,0.7341906619819988,GAN,UMAP,Phenotype_B
0.07144753191769619,0.9023344326775303,GAN,UMAP,Phenotype_B
0.7761624312875858,0.04218777472937697,GAN,UMAP,Phenotype_B
0.01687429819669724,0.9170363937383231,GAN,UMAP,Phenotype_B
0.205646172260842,0.761690547702687,GAN,UMAP,Phenotype_B
0.12518005862515202,0.8576012470102898,GAN,UMAP,Phenotype_B
0.18423026398613812,0.8894707409397937,GAN,UMAP,Phenotype_B
0.8572386622205782,0.3694002471120697,GAN,UMAP,Phenotype_B
0.22743032850551356,0.7624914701759493,GAN,UMAP,Phenotype_B
0.10003811881904728,0.9481661941152445,GAN,UMAP,Phenotype_B
0.8619440773174729,0.4142663396768526,GAN,UMAP,Phenotype_B
0.17230539647300347,0.8135767552566688,GAN,UMAP,Phenotype_B
0.8465773304757483,0.7730249586712026,GAN,UMAP,Phenotype_B
0.8053792872626809,0.08901683023223804,GAN,UMAP,Phenotype_B
0.16651052760568885,0.9540424791898705,GAN,UMAP,Phenotype_B
0.6228938498672484,0.9347899657458624,GAN,UMAP,Phenotype_B
0.9556419894050613,0.7289397679795183,GAN,UMAP,Phenotype_B
0.9154958169248936,0.52319727542366,GAN,UMAP,Phenotype_B
0.17929242623619995,0.8116467265389091,GAN,UMAP,Phenotype_B
0.17986737307946604,0.8293821922550808,GAN,UMAP,Phenotype_B
0.9328723084733003,0.7096020764823185,GAN,UMAP,Phenotype_B
0.9152322813445822,0.7120712828704776,GAN,UMAP,Phenotype_B
0.08893716423182683,0.7437837325247355,GAN,UMAP,Phenotype_B
0.7622119179493516,0.9684109740297396,GAN,UMAP,Phenotype_B
0.8556721748976391,0.35394734412446677,GAN,UMAP,Phenotype_B
0.13060796414487358,0.7912248223793669,GAN,UMAP,Phenotype_B
0.8303191340366839,0.796660636873913,GAN,UMAP,Phenotype_B
0.1623585654264755,0.8180711700276214,GAN,UMAP,Phenotype_B
0.15664613171690658,0.8768930081287402,GAN,UMAP,Phenotype_B
0.8069797857462938,0.09176222127750809,GAN,UMAP,Phenotype_B
0.1764609618613163,0.8285907515473233,GAN,UMAP,Phenotype_B
0.14623652329299222,0.819600462381162,GAN,UMAP,Phenotype_B
0.03396717019059472,0.8691488905477119,GAN,UMAP,Phenotype_B
0.037622892146175986,0.8979977036635155,GAN,UMAP,Phenotype_B
0.8338897732591377,0.2311352542745386,GAN,UMAP,Phenotype_B
0.2002370974251969,0.7240802096659886,GAN,UMAP,Phenotype_B
0.6528890460062124,0.9462113633694503,GAN,UMAP,Phenotype_B
0.13876979673576828,0.9415146632115121,GAN,UMAP,Phenotype_B
0.7912448066007282,0.9385058910782507,GAN,UMAP,Phenotype_B
0.19342950747515494,0.7812238013374467,GAN,UMAP,Phenotype_B
0.08165987247647684,0.8690092299919051,GAN,UMAP,Phenotype_B
0.11320794207443453,0.8252900661471594,GAN,UMAP,Phenotype_B
0.23144868995776852,0.7975926532987172,GAN,UMAP,Phenotype_B
0.5435706389091313,0.89956003449625,GAN,UMAP,Phenotype_B
0.9102882711407955,0.5050603782840996,GAN,UMAP,Phenotype_B
0.12810542576239362,0.8364379579875192,GAN,UMAP,Phenotype_B
0.14692125835090708,0.8587567712953909,GAN,UMAP,Phenotype_B
0.15388312831491321,0.7563218933004011,GAN,UMAP,Phenotype_B
0.18226654635917025,0.8481864041190319,GAN,UMAP,Phenotype_B
0.05977473238026051,0.8693611152808226,GAN,UMAP,Phenotype_B
0.09483640083401444,0.9271013370552053,GAN,UMAP,Phenotype_B
0.19332604837562006,0.8389955324608502,GAN,UMAP,Phenotype_B
0.041767835900708594,0.882854078837735,GAN,UMAP,Phenotype_B
0.9485349257804723,0.6823200143411559,GAN,UMAP,Phenotype_B
0.12993178279203837,0.7874919144346019,GAN,UMAP,Phenotype_B
0.9127212205892757,0.5111285344424872,GAN,UMAP,Phenotype_B
0.829026944922975,0.8987080541348225,GAN,UMAP,Phenotype_B
0.5635319571278276,0.9065244578694865,GAN,UMAP,Phenotype_B
0.8855388304685106,0.44086166670601473,GAN,UMAP,Phenotype_B
0.2001653152334845,0.732127008138888,GAN,UMAP,Phenotype_B
0.1695363772784266,0.764689073505357,GAN,UMAP,Phenotype_B
0.8414323708670957,0.639711712161726,GAN,UMAP,Phenotype_B
0.21341252915387815,0.7938781760062655,GAN,UMAP,Phenotype_B
0.08424143080112122,0.9201272291908725,GAN,UMAP,Phenotype_B
0.15587789620464274,0.8585495046510232,GAN,UMAP,Phenotype_B
0.6876106224358859,0.9491832973667244,GAN,UMAP,Phenotype_B
0.7372740451072901,0.9682056072137689,GAN,UMAP,Phenotype_B
0.14851440942118238,0.7209087936870463,GAN,UMAP,Phenotype_B
0.09195521217355787,0.8707114183138778,GAN,UMAP,Phenotype_B
0.8224592817005794,0.16429669638608388,GAN,UMAP,Phenotype_B
0.8516702942104827,0.33076911332205317,GAN,UMAP,Phenotype_B
0.10838788226367006,0.8932839977245616,GAN,UMAP,Phenotype_B
0.5012872699499819,0.8792329248231184,GAN,UMAP,Phenotype_B
0.5808753295056391,0.9148848149102611,GAN,UMAP,Phenotype_B
0.8498402713072324,0.7274815193613481,GAN,UMAP,Phenotype_B
0.2198209148679499,0.8073211184716075,GAN,UMAP,Phenotype_B
0.18260935253967023,0.7582158947845378,GAN,UMAP,Phenotype_B
0.08999353114303757,0.9355024709005949,GAN,UMAP,Phenotype_B
0.2007577454739464,0.7925879955913787,GAN,UMAP,Phenotype_B
0.28103016312134915,0.6111872252387661,GAN,UMAP,Phenotype_B
0.1908753648719197,0.8254304796837333,GAN,UMAP,Phenotype_B
0.06120147785464554,0.8824106542561844,GAN,UMAP,Phenotype_B
0.10801994761623279,0.7685605820406951,GAN,UMAP,Phenotype_B
0.9202502983300473,0.5402164131596665,GAN,UMAP,Phenotype_B
0.5758546541743302,0.9114330815682287,GAN,UMAP,Phenotype_B
0.05108861719926379,0.806457669633882,GAN,UMAP,Phenotype_B
0.7566979427305319,0.9740563141109546,GAN,UMAP,Phenotype_B
0.14172439686509528,0.6964836180461734,GAN,UMAP,Phenotype_B
0.10789239401411092,0.7695110175334932,GAN,UMAP,Phenotype_B
0.8355673804174797,0.5986289598766205,GAN,UMAP,Phenotype_B
0.13751472067578405,0.9118285470670785,GAN,UMAP,Phenotype_B
0.1540293246075933,0.8580483322368002,GAN,UMAP,Phenotype_B
0.894789114197728,0.8239854632545038,GAN,UMAP,Phenotype_B
0.14254777714270783,0.7097145616726349,GAN,UMAP,Phenotype_B
0.8200080498824508,0.15073609198765214,GAN,UMAP,Phenotype_B
0.13510204319502003,0.8581386551758867,GAN,UMAP,Phenotype_B
0.1978302164112451,0.739928019209026,GAN,UMAP,Phenotype_B
0.5578374435087311,0.9042493206897128,GAN,UMAP,Phenotype_B
0.14892555124556045,0.8333411102731529,GAN,UMAP,Phenotype_B
0.23636343583721692,0.7523686458067208,GAN,UMAP,Phenotype_B
0.8161813164897825,0.12758501483012996,GAN,UMAP,Phenotype_B
0.17521274756474764,0.783239443968419,GAN,UMAP,Phenotype_B
0.043894919895021915,0.8544535093803911,GAN,UMAP,Phenotype_B
0.9115983666371161,0.7087571335949829,GAN,UMAP,Phenotype_B
0.017914591662098946,0.9260437118541391,GAN,UMAP,Phenotype_B
0.20721024700029708,0.7870388401149137,GAN,UMAP,Phenotype_B
0.16283735358516485,0.7922789491159461,GAN,UMAP,Phenotype_B
0.22649434011047878,0.7835295153285221,GAN,UMAP,Phenotype_B
0.227410620518352,0.7673474952720337,GAN,UMAP,Phenotype_B
0.2003033964726275,0.799356840898616,GAN,UMAP,Phenotype_B
0.053338147638453626,0.8440058433161014,GAN,UMAP,Phenotype_B
0.8435777528971837,0.6608424463506416,GAN,UMAP,Phenotype_B
0.15978405685876493,0.8232312545495967,GAN,UMAP,Phenotype_B
0.12781911163412302,0.7415763751983149,GAN,UMAP,Phenotype_B
0.15900610834805898,0.8487325584458458,GAN,UMAP,Phenotype_B
0.8258028090868798,0.1753261733125869,GAN,UMAP,Phenotype_B
0.1312226716172462,0.8108612749243295,GAN,UMAP,Phenotype_B
0.13383922806853515,0.8276315003873912,GAN,UMAP,Phenotype_B
0.8091137628362758,0.4958439168641581,GAN,UMAP,Phenotype_B
0.09103962107525149,0.8874993909544027,GAN,UMAP,Phenotype_B
0.15694638869777955,0.7367543964172202,GAN,UMAP,Phenotype_B
0.7728847956294265,0.9507225985723068,GAN,UMAP,Phenotype_B
0.05796943062465797,0.9086756196620469,GAN,UMAP,Phenotype_B
0.6889252846080871,0.9539731817906638,GAN,UMAP,Phenotype_B
0.9448858775947884,0.696611540066234,GAN,UMAP,Phenotype_B
0.8141108185444577,0.5780399924535109,GAN,UMAP,Phenotype_B
0.08659019048568564,0.7816004654857596,GAN,UMAP,Phenotype_B
0.8562275704150089,0.8698128574037691,GAN,UMAP,Phenotype_B
0.17938407307633908,0.753509110476481,GAN,UMAP,Phenotype_B
0.2054115563500858,0.7224459488974427,GAN,UMAP,Phenotype_B
0.9064310201336672,0.49270992982149747,GAN,UMAP,Phenotype_B
0.16038977197451534,0.7492941789976149,GAN,UMAP,Phenotype_B
0.1062857387427758,0.8396671333834532,GAN,UMAP,Phenotype_B
0.16603089347616748,0.836433416934278,GAN,UMAP,Phenotype_B
0.20279405993120564,0.772551739219916,GAN,UMAP,Phenotype_B
0.804900843758775,0.08748371505326481,GAN,UMAP,Phenotype_B
0.14843692475941686,0.83584714610906,GAN,UMAP,Phenotype_B
0.09288700204668543,0.9188874289814605,GAN,UMAP,Phenotype_B
0.18371732367163623,0.7337827549240135,GAN,UMAP,Phenotype_B
0.22259093669462401,0.7936944950363856,GAN,UMAP,Phenotype_B
0.1894068221719806,0.9047941775727436,GAN,UMAP,Phenotype_B
0.6523960134219853,0.9460883842337133,GAN,UMAP,Phenotype_B
0.7083264428486858,0.004313444531833977,GAN,UMAP,Phenotype_B
0.15946891705769842,0.7863535291501907,GAN,UMAP,Phenotype_B
0.1893357606220881,0.82568848564748,GAN,UMAP,Phenotype_B
0.03642029761003213,0.8974524065763441,GAN,UMAP,Phenotype_B
0.5660112822273372,0.9081285154210346,GAN,UMAP,Phenotype_B
0.18320222143167467,0.7498339387800688,GAN,UMAP,Phenotype_B
0.8399270127698357,0.6018097707386716,GAN,UMAP,Phenotype_B
0.15751732501265667,0.7945197735413818,GAN,UMAP,Phenotype_B
0.1349903437129359,0.7560058383116753,GAN,UMAP,Phenotype_B
0.2699154850072976,0.7569282513356199,GAN,UMAP,Phenotype_B
0.8043140846561132,0.09030848185570048,GAN,UMAP,Phenotype_B
0.10901656392089809,0.8928466201577863,GAN,UMAP,Phenotype_B
0.14604163667908948,0.9098656768035563,GAN,UMAP,Phenotype_B
0.1796308772335275,0.8410485750673055,GAN,UMAP,Phenotype_B
0.18098320860694483,0.80599776056569294,GAN,UMAP,Phenotype_B
0.5414321108093955,0.899964999137084,GAN,UMAP,Phenotype_B
0.91136055483655,0.8139834459611073,GAN,UMAP,Phenotype_B
0.20505336603334365,0.8904546435316067,GAN,UMAP,Phenotype_B
0.872327021994051,0.8477382763037671,GAN,UMAP,Phenotype_B
0.21579331040104846,0.7855744952486102,GAN,UMAP,Phenotype_B
0.11779247733910465,0.915690040958215,GAN,UMAP,Phenotype_B
0.14216589964266818,0.8026637470783478,GAN,UMAP,Phenotype_B
0.13317009647263375,0.8163103998019731,GAN,UMAP,Phenotype_B
0.12337033902187097,0.9160502206198895,GAN,UMAP,Phenotype_B
0.10411027774977022,0.7688618901907064,GAN,UMAP,Phenotype_B
0.16125028097197913,0.765832625396262,GAN,UMAP,Phenotype_B
0.7791559304090607,0.5258732184735699,GAN,UMAP,Phenotype_B
0.8192973873851461,0.9067127493985248,GAN,UMAP,Phenotype_B
0.9964202900902914,0.747891827617078,GAN,UMAP,Phenotype_B
0.9101549524041144,0.503859084352682,GAN,UMAP,Phenotype_B
0.1647705535976727,0.8231239489981336,GAN,UMAP,Phenotype_B
0.055425565000419535,0.8651961122189711,GAN,UMAP,Phenotype_B
0.1646443472824315,0.834005331984239,GAN,UMAP,Phenotype_B
0.2550815431285017,0.7782230339689549,GAN,UMAP,Phenotype_B
0.6561260672313699,0.9473194730348667,GAN,UMAP,Phenotype_B
0.7566731119199985,0.9744045850921902,GAN,UMAP,Phenotype_B
0.1281437137756073,0.7315335376591051,GAN,UMAP,Phenotype_B
0.9188369003954568,0.530438262840471,GAN,UMAP,Phenotype_B
0.15146559433492812,0.8213788176038006,GAN,UMAP,Phenotype_B
0.19826604805101794,0.8369986274666579,GAN,UMAP,Phenotype_B
0.0976441153610945,0.9168065840082222,GAN,UMAP,Phenotype_B
0.8467432190894634,0.595017102278397,GAN,UMAP,Phenotype_B
0.9044438659814261,0.488469489671108,GAN,UMAP,Phenotype_B
0.15517132256635968,0.8073682318989853,GAN,UMAP,Phenotype_B
0.12824676555585265,0.862943483371972,GAN,UMAP,Phenotype_B
0.16493846314170882,0.7624608238587308,GAN,UMAP,Phenotype_B
0.1706552520344502,0.675025358944194,GAN,UMAP,Phenotype_B
0.19005981765756694,0.8089814758158912,GAN,UMAP,Phenotype_B
0.1965605395213447,0.8300953924689829,GAN,UMAP,Phenotype_B
0.14571092474826258,0.7897115627240046,GAN,UMAP,Phenotype_B
0.1304663736933902,0.7668557582860378,GAN,UMAP,Phenotype_B
0.8989654528698057,0.8182290295493516,GAN,UMAP,Phenotype_B
0.7558183523909674,0.9729003843746714,GAN,UMAP,Phenotype_B
0.8786502779766158,0.433475967970098,GAN,UMAP,Phenotype_B
0.09206058254052811,0.8154331656240509,GAN,UMAP,Phenotype_B
0.9702556655449929,0.7237220514680658,GAN,UMAP,Phenotype_B
0.0816510054488668,0.8758290578892308,GAN,UMAP,Phenotype_B
0.8056906045288766,0.49774486893999054,GAN,UMAP,Phenotype_B
0.160426430710571,0.8636949234245204,GAN,UMAP,Phenotype_B
0.19907222692171203,0.728210170161374,GAN,UMAP,Phenotype_B
0.06158648857998908,0.8498130395092716,GAN,UMAP,Phenotype_B
0.1261352223590467,0.8181328449446018,GAN,UMAP,Phenotype_B
0.14063174720486538,0.8144203833237419,GAN,UMAP,Phenotype_B
0.17292113790972638,0.8082962749022035,GAN,UMAP,Phenotype_B
0.14736883958556954,0.9510900763552617,GAN,UMAP,Phenotype_B
0.9187564705019057,0.5388737094401986,GAN,UMAP,Phenotype_B
0.8347984085972694,0.23263333847136516,GAN,UMAP,Phenotype_B
0.21884745309828044,0.7551035067055718,GAN,UMAP,Phenotype_B
0.20857849515825827,0.7767226676611882,GAN,UMAP,Phenotype_B
0.1256675571501862,0.8877075611756907,GAN,UMAP,Phenotype_B
0.7918598273956312,0.06348647286270058,GAN,UMAP,Phenotype_B
0.922285359497185,0.5469952673189458,GAN,UMAP,Phenotype_B
0.78262414449633,0.5378706232153052,GAN,UMAP,Phenotype_B
0.06292581706839524,0.8774029035355413,GAN,UMAP,Phenotype_B
0.18388194332910326,0.8012866147613469,GAN,UMAP,Phenotype_B
0.13921095485855775,0.951830963092752,GAN,UMAP,Phenotype_B
0.5455934413322675,0.8984399003071999,GAN,UMAP,Phenotype_B
0.6402141822686143,0.9413707164574928,GAN,UMAP,Phenotype_B
0.1132338538476978,0.8921509586035965,GAN,UMAP,Phenotype_B
0.7706916319134538,0.9534354145111626,GAN,UMAP,Phenotype_B
0.057537296190743735,0.8890231923405035,GAN,UMAP,Phenotype_B
0.1668437461167589,0.8061215737724334,GAN,UMAP,Phenotype_B
0.16117915675758054,0.9257748397987081,GAN,UMAP,Phenotype_B
0.09213346136109689,0.806040228680954,GAN,UMAP,Phenotype_B
0.14444309646129147,0.77937435314608,GAN,UMAP,Phenotype_B
0.852992891275766,0.33836075808991534,GAN,UMAP,Phenotype_B
0.9190511503417378,0.5384018685229318,GAN,UMAP,Phenotype_B
0.09936366074012923,0.8825510793770778,GAN,UMAP,Phenotype_B
0.21732113372373738,0.7838903089591297,GAN,UMAP,Phenotype_B
0.6200090286237051,0.9331153596886024,GAN,UMAP,Phenotype_B
0.06161437428519381,0.8875345377797442,GAN,UMAP,Phenotype_B
0.7636938081890854,0.9668269805195535,GAN,UMAP,Phenotype_B
0.24664827922952987,0.5844480325458212,GAN,UMAP,Phenotype_B
0.8283626228279151,0.8995291738691208,GAN,UMAP,Phenotype_B
0.1215106444749927,0.81425867780794,GAN,UMAP,Phenotype_B
0.9793004096942743,0.7320241191092316,GAN,UMAP,Phenotype_B
0.17744789649979256,0.8724404011668375,GAN,UMAP,Phenotype_B
0.1623837565579189,0.812131426050813,GAN,UMAP,Phenotype_B
0.06854889119229687,0.8969300696104076,GAN,UMAP,Phenotype_B
0.9755450825062819,0.7215585465830856,GAN,UMAP,Phenotype_B
0.09387876185212969,0.8341040651392773,GAN,UMAP,Phenotype_B
0.24240843008054205,0.5817900683597644,GAN,UMAP,Phenotype_B
0.1967780480219416,0.7326735795012037,GAN,UMAP,Phenotype_B
0.03018718451946068,0.8729821071149663,GAN,UMAP,Phenotype_B
0.8464351133792042,0.6869856752200377,GAN,UMAP,Phenotype_B
0.22589946595427984,0.618991824551867,GAN,UMAP,Phenotype_B
0.8198152155311221,0.1458857837532375,GAN,UMAP,Phenotype_B
0.08964079263832422,0.9288582844554211,GAN,UMAP,Phenotype_B
0.7808503943195377,0.5380928104631798,GAN,UMAP,Phenotype_B
0.10796104298051942,0.9190626070608328,GAN,UMAP,Phenotype_B
0.9556500417940923,0.6973821514435232,GAN,UMAP,Phenotype_B
0.5775328067097018,0.912442886698428,GAN,UMAP,Phenotype_B
0.8361383010662303,0.7150068754094623,GAN,UMAP,Phenotype_B
0.10749579035514294,0.9040499313826004,GAN,UMAP,Phenotype_B
0.15952249521039513,0.7777558962854022,GAN,UMAP,Phenotype_B
0.8509683577456494,0.872886501726191,GAN,UMAP,Phenotype_B
0.19291609717685748,0.7174903218223581,GAN,UMAP,Phenotype_B
0.8590569041966858,0.7545047016466624,GAN,UMAP,Phenotype_B
0.8211978451932282,0.1591080796851975,GAN,UMAP,Phenotype_B
0.21504299693752293,0.8247583227137946,GAN,UMAP,Phenotype_B
0.10621499051541368,0.8579062737268583,GAN,UMAP,Phenotype_B
0.2024426060488669,0.8239849303758071,GAN,UMAP,Phenotype_B
0.04222610143365737,0.8378960994507342,GAN,UMAP,Phenotype_B
0.12746555849083066,0.8175232548842445,GAN,UMAP,Phenotype_B
0.031791145217034446,0.8729208492334876,GAN,UMAP,Phenotype_B
0.837621005944543,0.45264444876050447,GAN,UMAP,Phenotype_B
0.8101345833064137,0.49182113449272136,GAN,UMAP,Phenotype_B
0.14432262394835643,0.8410872666944119,GAN,UMAP,Phenotype_B
0.12565320697829432,0.7418458264697205,GAN,UMAP,Phenotype_B
0.04190895636839636,0.8939109410955194,GAN,UMAP,Phenotype_B
0.2958641428728726,0.19002725718940777,Real,t-SNE,Phenotype_B
0.5913619012709571,0.9580017012575749,Real,t-SNE,Phenotype_B
0.4052568177789533,0.7771417666166175,Real,t-SNE,Phenotype_B
0.5279101761060225,0.3729878697839755,Real,t-SNE,Phenotype_B
0.43783755500297444,0.3355480065058691,Real,t-SNE,Phenotype_B
0.7279534265607664,0.6324514426167117,Real,t-SNE,Phenotype_B
0.30926550931215374,0.3846467759141574,Real,t-SNE,Phenotype_B
0.13034646919729387,0.8420002385213748,Real,t-SNE,Phenotype_B
0.45972731611432305,0.18257910713064077,Real,t-SNE,Phenotype_B
0.28603479753980393,0.12588163162785412,Real,t-SNE,Phenotype_B
0.4239598678475513,0.31961275085251445,Real,t-SNE,Phenotype_B
0.6354833067587657,0.7226256419594256,Real,t-SNE,Phenotype_B
0.6170714297181639,0.2149883757862838,Real,t-SNE,Phenotype_B
0.3644004319593036,0.25900391870051814,Real,t-SNE,Phenotype_B
0.5717770903820836,0.3119878267254761,Real,t-SNE,Phenotype_B
0.40009843438603354,0.9267861020254118,Real,t-SNE,Phenotype_B
0.6479728265450193,0.3128354866646392,Real,t-SNE,Phenotype_B
0.41494398666015825,0.7485430269966693,Real,t-SNE,Phenotype_B
0.3044742259257613,0.398862585736038,Real,t-SNE,Phenotype_B
0.6304543984310979,0.1618050146798102,Real,t-SNE,Phenotype_B
0.3866080020163187,0.17622148699866613,Real,t-SNE,Phenotype_B
0.44964519044065493,0.3156138855761134,Real,t-SNE,Phenotype_B
0.007860639490960279,0.6652177764055974,Real,t-SNE,Phenotype_B
0.43869729192681195,0.20570545542043572,Real,t-SNE,Phenotype_B
0.2752599359051207,0.19539748381197025,Real,t-SNE,Phenotype_B
0.9597918087336171,0.7028328868710374,Real,t-SNE,Phenotype_B
0.3427836068554059,0.2668664189311725,Real,t-SNE,Phenotype_B
0.5404220926227741,0.21697513231335364,Real,t-SNE,Phenotype_B
0.5256007917638379,0.2538350714314993,Real,t-SNE,Phenotype_B
0.5379291013723476,0.4954772006303385,Real,t-SNE,Phenotype_B
0.52498336319658645,0.3247220453731636,Real,t-SNE,Phenotype_B
0.38414094410871497,0.3391354679950965,Real,t-SNE,Phenotype_B
0.3416784748579673,0.32888445734701105,Real,t-SNE,Phenotype_B
0.434855970138907,0.37685823556850684,Real,t-SNE,Phenotype_B
0.10330473070155857,0.8303215129812064,Real,t-SNE,Phenotype_B
0.7159376328161788,0.25319580677091574,Real,t-SNE,Phenotype_B
0.765832312539571,0.8530357684856571,Real,t-SNE,Phenotype_B
0.3167284826425341,0.811962016100667,Real,t-SNE,Phenotype_B
0.7584695845046457,0.22247838965355857,Real,t-SNE,Phenotype_B
0.4678035165529231,0.2921266983501084,Real,t-SNE,Phenotype_B
0.6733955643996391,0.9192914679485514,Real,t-SNE,Phenotype_B
0.37650891966149497,0.2851952664799936,Real,t-SNE,Phenotype_B
0.3265820520961597,0.22463816455205673,Real,t-SNE,Phenotype_B
0.5168327063888525,0.4129225675695333,Real,t-SNE,Phenotype_B
0.3298780200170024,0.26579142339745876,Real,t-SNE,Phenotype_B
0.3022960220339515,0.1414542160647116,Real,t-SNE,Phenotype_B
0.4885605573322147,0.33376106770182484,Real,t-SNE,Phenotype_B
0.46151443218849714,0.3247317786694456,Real,t-SNE,Phenotype_B
0.35085915725516176,0.4249954081059809,Real,t-SNE,Phenotype_B
0.6437081794461837,0.9775106252678467,Real,t-SNE,Phenotype_B
0.27405408141719906,0.49211432347233625,Real,t-SNE,Phenotype_B
0.44554580935066646,0.33900079589059234,Real,t-SNE,Phenotype_B
0.26977004488228945,0.28031892860903346,Real,t-SNE,Phenotype_B
0.2935796958217002,0.4414789642094338,Real,t-SNE,Phenotype_B
0.19527498712796462,0.4375142088656229,Real,t-SNE,Phenotype_B
0.3597351384191304,0.16917903792611835,Real,t-SNE,Phenotype_B
0.2961665462204268,0.8120635960433124,Real,t-SNE,Phenotype_B
0.3929382546257012,0.9246433503980043,Real,t-SNE,Phenotype_B
0.44156103938980124,0.05980726261289411,Real,t-SNE,Phenotype_B
0.4299946002364213,0.26696673148568095,Real,t-SNE,Phenotype_B
0.8155698233909954,0.8278438833856401,Real,t-SNE,Phenotype_B
0.41275749017391844,0.33291159020117556,Real,t-SNE,Phenotype_B
0.33156024516538246,0.9077223417342234,Real,t-SNE,Phenotype_B
0.5825523199289062,0.9562834177964024,Real,t-SNE,Phenotype_B
0.41685848667826225,0.22476182340244538,Real,t-SNE,Phenotype_B
0.32120847449375584,0.7957087890138287,Real,t-SNE,Phenotype_B
0.9332693916899861,0.6768054624025559,Real,t-SNE,Phenotype_B
0.3471025817244435,0.3080379944708463,Real,t-SNE,Phenotype_B
0.6447481681642129,0.42576182149298847,Real,t-SNE,Phenotype_B
0.2774470596392676,0.8880222187881202,Real,t-SNE,Phenotype_B
0.5096551456368351,0.30060197308001013,Real,t-SNE,Phenotype_B
0.6671396410310609,0.1818065515056354,Real,t-SNE,Phenotype_B
0.2019957266631449,0.3593755205078291,Real,t-SNE,Phenotype_B
0.6034468748726739,0.803096149255278,Real,t-SNE,Phenotype_B
0.24719238546313596,0.13916316515299193,Real,t-SNE,Phenotype_B
0.27495062274397564,0.14069123095000735,Real,t-SNE,Phenotype_B
0.35108027985140566,0.27481735629910053,Real,t-SNE,Phenotype_B
0.4969991039784556,0.27804657810658157,Real,t-SNE,Phenotype_B
0.34144022946275593,0.2238913832545743,Real,t-SNE,Phenotype_B
0.3958919827481163,0.15375193160810677,Real,t-SNE,Phenotype_B
0.1947021669715613,0.2525075826821987,Real,t-SNE,Phenotype_B
0.4357823143375437,0.6567334233195302,Real,t-SNE,Phenotype_B
0.653627927694417,0.27632755078749693,Real,t-SNE,Phenotype_B
0.6279633437286452,0.9904482201072077,Real,t-SNE,Phenotype_B
0.47513820048341554,0.4146367501082252,Real,t-SNE,Phenotype_B
0.4512667384287359,0.171729264916479,Real,t-SNE,Phenotype_B
0.5584330508773855,0.3236692968482102,Real,t-SNE,Phenotype_B
0.462224457359154,0.7937249993793761,Real,t-SNE,Phenotype_B
0.4946425221016554,0.29524241248141136,Real,t-SNE,Phenotype_B
0.572242810422399,0.21431385706803327,Real,t-SNE,Phenotype_B
0.15183070681066577,0.37090638113832775,Real,t-SNE,Phenotype_B
0.45279564065185124,0.4534592481711396,Real,t-SNE,Phenotype_B
0.01875712260730512,0.7257386789220784,Real,t-SNE,Phenotype_B
0.49781859101912185,0.28082156860094076,Real,t-SNE,Phenotype_B
0.5481015271336304,0.26002054325597634,Real,t-SNE,Phenotype_B
0.5762988902232044,0.9567020067387425,Real,t-SNE,Phenotype_B
0.3919071941031927,0.22533663323933756,Real,t-SNE,Phenotype_B
0.21592601392631067,0.32623001502703525,Real,t-SNE,Phenotype_B
0.2986889755378902,0.31924590066114816,Real,t-SNE,Phenotype_B
0.9745537396516744,0.6758348005354265,Real,t-SNE,Phenotype_B
0.25145858620828637,0.40183539275746966,Real,t-SNE,Phenotype_B
0.39928792676683206,0.398278366379322,Real,t-SNE,Phenotype_B
0.2797949449033772,0.8887785542178825,Real,t-SNE,Phenotype_B
0.13814855288702432,0.24741741414920976,Real,t-SNE,Phenotype_B
0.45310056754915284,0.2883468566481611,Real,t-SNE,Phenotype_B
0.26647115579142594,0.1767568316069674,Real,t-SNE,Phenotype_B
0.4900580819851062,0.2071585173464158,Real,t-SNE,Phenotype_B
0.023038253383732697,0.7387788339438817,Real,t-SNE,Phenotype_B
0.173973554398415,0.1211211561549073,Real,t-SNE,Phenotype_B
0.47674866131313615,0.2279425638944261,Real,t-SNE,Phenotype_B
0.23431997406108362,0.14966208286921184,Real,t-SNE,Phenotype_B
0.5117681808462113,0.40763761338050325,Real,t-SNE,Phenotype_B
0.6485397040646834,0.27861945568746793,Real,t-SNE,Phenotype_B
0.2757783741429431,0.314642640967761,Real,t-SNE,Phenotype_B
0.250814836180846,0.3587171941826042,Real,t-SNE,Phenotype_B
0.2820672837774368,0.25349596178519507,Real,t-SNE,Phenotype_B
0.3210630800446028,0.26053002188397295,Real,t-SNE,Phenotype_B
0.42804596480564533,0.15231449547873777,Real,t-SNE,Phenotype_B
0.55887179433079,0.22024185257384235,Real,t-SNE,Phenotype_B
0.22174889652176283,0.06695327167771889,Real,t-SNE,Phenotype_B
0.6235102827317315,0.24000703680909588,Real,t-SNE,Phenotype_B
0.26911472466005915,0.3186149136110894,Real,t-SNE,Phenotype_B
0.366364470612424,0.19435399926208555,Real,t-SNE,Phenotype_B
0.43158854012550657,0.23475497209801857,Real,t-SNE,Phenotype_B
0.614221226138116,0.9508426508600868,Real,t-SNE,Phenotype_B
0.45006661718898455,0.4150400241605278,Real,t-SNE,Phenotype_B
0.03362739760510811,0.7609967214220946,Real,t-SNE,Phenotype_B
0.46751635081794873,0.16206820746522344,Real,t-SNE,Phenotype_B
0.17417173233997127,0.8547211143753669,Real,t-SNE,Phenotype_B
0.6703379394347478,0.33301564804312567,Real,t-SNE,Phenotype_B
0.5599866534563017,0.07345671269474006,Real,t-SNE,Phenotype_B
0.012419890978313511,0.7062503270399779,Real,t-SNE,Phenotype_B
0.6503785114021854,0.9673424808754006,Real,t-SNE,Phenotype_B
0.5663081065524913,0.8128756300354609,Real,t-SNE,Phenotype_B
0.6637822017230924,0.7880099757020942,Real,t-SNE,Phenotype_B
0.385235185696091,0.7204396465168168,Real,t-SNE,Phenotype_B
0.9393774850876875,0.6787047644750197,Real,t-SNE,Phenotype_B
0.41521416545933715,0.30644690408854786,Real,t-SNE,Phenotype_B
0.3946942433100145,0.24652046603942898,Real,t-SNE,Phenotype_B
0.41260022649049616,0.7837755905500687,Real,t-SNE,Phenotype_B
0.29373497843320867,0.18548530679135222,Real,t-SNE,Phenotype_B
0.2880524768427401,0.16446359404560462,Real,t-SNE,Phenotype_B
0.26574938440838064,0.22368007608615145,Real,t-SNE,Phenotype_B
0.011172229553567692,0.6321204903608582,Real,t-SNE,Phenotype_B
0.47544119231207876,0.3471875840699669,Real,t-SNE,Phenotype_B
0.9860743788889315,0.655788009921517,Real,t-SNE,Phenotype_B
0.7422911802626775,0.3097910643032054,Real,t-SNE,Phenotype_B
0.23688212314738546,0.3898958598772546,Real,t-SNE,Phenotype_B
0.47355941802436335,0.011620102465439807,Real,t-SNE,Phenotype_B
0.5973052476462433,0.9418356212668497,Real,t-SNE,Phenotype_B
0.7990352408539235,0.48133764631334264,Real,t-SNE,Phenotype_B
0.6396910048082803,0.1912726095330909,Real,t-SNE,Phenotype_B
0.5339493595135918,0.31492779197746124,Real,t-SNE,Phenotype_B
0.8571559003799607,0.41066954270547096,Real,t-SNE,Phenotype_B
0.3970188729723055,0.9291025144773779,Real,t-SNE,Phenotype_B
0.23400489318318649,0.392081681374497,Real,t-SNE,Phenotype_B
0.4682727491063376,0.25288388316807714,Real,t-SNE,Phenotype_B
0.6968170629257169,0.42902323421742067,Real,t-SNE,Phenotype_B
0.40902096057084003,0.2331645298498667,Real,t-SNE,Phenotype_B
0.217911352020366,0.6429222424387636,Real,t-SNE,Phenotype_B
0.4112538185794161,0.2961976653507792,Real,t-SNE,Phenotype_B
0.08475393159491085,0.8203044055131155,Real,t-SNE,Phenotype_B
0.46636354553284887,0.24434982760779936,Real,t-SNE,Phenotype_B
0.2448837776538608,0.2836780394603664,Real,t-SNE,Phenotype_B
0.5058986099799998,0.08066319347032536,Real,t-SNE,Phenotype_B
0.5757202633613544,0.14615740800947694,Real,t-SNE,Phenotype_B
0.21745180520665433,0.2729922065787906,Real,t-SNE,Phenotype_B
0.5103664730249534,0.3396161354677704,Real,t-SNE,Phenotype_B
0.7917525095678337,0.8435124644113995,Real,t-SNE,Phenotype_B
0.4548016041025662,0.11850630660970599,Real,t-SNE,Phenotype_B
0.4162867403864213,0.3607043530230144,Real,t-SNE,Phenotype_B
0,0.6954951672243459,Real,t-SNE,Phenotype_B
0.19617202538127126,0.2512377809644849,Real,t-SNE,Phenotype_B
0.7175532572182933,0.24960292022038721,Real,t-SNE,Phenotype_B
0.25352734264008714,0.8763451373390231,Real,t-SNE,Phenotype_B
0.38406914539320575,0.3374954663574675,Real,t-SNE,Phenotype_B
0.7795382228803527,0.4893774434227507,Real,t-SNE,Phenotype_B
0.5982257057209905,0.27329161191558343,Real,t-SNE,Phenotype_B
0.44170803414029414,0.293279860565572,Real,t-SNE,Phenotype_B
0.9214139603685257,0.7517324979511729,Real,t-SNE,Phenotype_B
0.5189253271727134,0.6606916521015719,Real,t-SNE,Phenotype_B
0.3893047132382639,0.923106944425409,Real,t-SNE,Phenotype_B
0.7438618150186502,0.8624284696840985,Real,t-SNE,Phenotype_B
0.3325032399209524,0.4304817289104207,Real,t-SNE,Phenotype_B
0.723039405349305,0.6566019393794282,Real,t-SNE,Phenotype_B
0.43130690410100425,0.14085624867317784,Real,t-SNE,Phenotype_B
0.36755769704870483,0.2243250541516384,Real,t-SNE,Phenotype_B
0.6555431228777601,0.7908849487225588,Real,t-SNE,Phenotype_B
0.540117836273408,0.3060622828087435,Real,t-SNE,Phenotype_B
0.4466248801372667,0.2852321772797512,Real,t-SNE,Phenotype_B
0.19207164510056676,0.29050038869090383,Real,t-SNE,Phenotype_B
0.5898367518438794,0.35093399583820545,Real,t-SNE,Phenotype_B
0.4721159584541517,0.40866401392990215,Real,t-SNE,Phenotype_B
0.7235694381092367,0.8714189273093899,Real,t-SNE,Phenotype_B
0.5277295734078323,0.3346508571880437,Real,t-SNE,Phenotype_B
0.4217471769559377,0.318539473316687,Real,t-SNE,Phenotype_B
0.22276410737334507,0.21638867191426223,Real,t-SNE,Phenotype_B
0.38017944241113033,0.7267998065262075,Real,t-SNE,Phenotype_B
0.9880408458243536,0.6329387483067798,Real,t-SNE,Phenotype_B
0.19807526516790386,0.3038705622244661,Real,t-SNE,Phenotype_B
0.37626240704884173,0.27004865772034464,Real,t-SNE,Phenotype_B
0.6892491112592524,0.444237007860482,Real,t-SNE,Phenotype_B
0.4153878633346889,0.24394080146352815,Real,t-SNE,Phenotype_B
0.9469882619439131,0.7260121643795141,Real,t-SNE,Phenotype_B
0.2859667537872764,0.16402697671585545,Real,t-SNE,Phenotype_B
0.019232371131249783,0.7268624170978465,Real,t-SNE,Phenotype_B
0.022703041679595554,0.7361508321050695,Real,t-SNE,Phenotype_B
0.9235905048669831,0.750498709933477,Real,t-SNE,Phenotype_B
0.6385734337080091,0.8567174918290851,Real,t-SNE,Phenotype_B
0.5285712607558866,0.2933260859407867,Real,t-SNE,Phenotype_B
0.2908574313253814,0.35978973121193636,Real,t-SNE,Phenotype_B
0.7710932985374729,0.8512855308079939,Real,t-SNE,Phenotype_B
0.52264941504656,0.32948587901975834,Real,t-SNE,Phenotype_B
0.5598711061343493,0.2702126880447016,Real,t-SNE,Phenotype_B
0.24193616626358438,0.8724226526380651,Real,t-SNE,Phenotype_B
0.42141270377343676,0.28169351214864163,Real,t-SNE,Phenotype_B
0.14023510986794244,0.27923300113326244,Real,t-SNE,Phenotype_B
0.5844005283237673,0.3894693495977248,Real,t-SNE,Phenotype_B
0.025921717234552853,0.7484461657828531,Real,t-SNE,Phenotype_B
0.6747539746294117,0.4167075423639912,Real,t-SNE,Phenotype_B
0.5601397823804835,0.2969194571776073,Real,t-SNE,Phenotype_B
0.6112464767899379,0.6516853954036956,Real,t-SNE,Phenotype_B
0.20003242528541715,0.12346706387935336,Real,t-SNE,Phenotype_B
0.9869108860010004,0.6223299701178515,Real,t-SNE,Phenotype_B
0.4632399587481922,0.22365643788963135,Real,t-SNE,Phenotype_B
0.012861838076701245,0.7078800970963027,Real,t-SNE,Phenotype_B
0.9599093734169675,0.7006923507362267,Real,t-SNE,Phenotype_B
0.66240724656034,0.7984130284275771,Real,t-SNE,Phenotype_B
0.20459758846571677,0.8639056588239451,Real,t-SNE,Phenotype_B
0.2817662481623863,0.4084640713565088,Real,t-SNE,Phenotype_B
0.564315424615061,0.3382926384574909,Real,t-SNE,Phenotype_B
0.1740523068318066,0.20347527134273816,Real,t-SNE,Phenotype_B
0.6004899449090121,0.907114092036065,Real,t-SNE,Phenotype_B
0.29273538228691565,0.10909710322541176,Real,t-SNE,Phenotype_B
0.5964890778018115,0.3355085495129603,Real,t-SNE,Phenotype_B
0.32438509737900784,0.4085619091744636,Real,t-SNE,Phenotype_B
0.4434595430146872,0.33654642947672675,Real,t-SNE,Phenotype_B
0.6113402797520374,0.6522945498550001,Real,t-SNE,Phenotype_B
0.6441206844039559,0.9780591406903989,Real,t-SNE,Phenotype_B
0.19529691798707416,0.43652510504520636,Real,t-SNE,Phenotype_B
0.722085359674691,0.18546453557775602,Real,t-SNE,Phenotype_B
0.40075777578053956,0.7296330524698194,Real,t-SNE,Phenotype_B
0.35486752517908404,0.6420822499897445,Real,t-SNE,Phenotype_B
0.6095218129259398,0.2824032177980314,Real,t-SNE,Phenotype_B
0.4665993219101313,0.2668893216994604,Real,t-SNE,Phenotype_B
0.42138759552579297,0.41970171413148816,Real,t-SNE,Phenotype_B
0.47477519252047845,0.4244197018686393,Real,t-SNE,Phenotype_B
0.37204782272247927,0.24046069172043674,Real,t-SNE,Phenotype_B
0.6304901793463619,0.38322122394293884,Real,t-SNE,Phenotype_B
0.4894099539387921,0.1664063226802289,Real,t-SNE,Phenotype_B
0.6031974125606429,0.8199387933707841,Real,t-SNE,Phenotype_B
0.12846212612311564,0.8413741377875587,Real,t-SNE,Phenotype_B
0.6874885865004953,0.8990031925262332,Real,t-SNE,Phenotype_B
0.4024422661132758,0.3169791001135928,Real,t-SNE,Phenotype_B
0.00797014242268649,0.6544491438479447,Real,t-SNE,Phenotype_B
0.6281430005856385,0.35807966622076215,Real,t-SNE,Phenotype_B
0.007851979876489557,0.6622584831948898,Real,t-SNE,Phenotype_B
0.40465814574606246,0.2674330279113345,Real,t-SNE,Phenotype_B
0.5558708350205572,0.31510420855711685,Real,t-SNE,Phenotype_B
0.3012674796099187,0.30417059600428,Real,t-SNE,Phenotype_B
0.5820815512077238,0.14957693759980933,Real,t-SNE,Phenotype_B
0.5569304805843521,0.27565671033694583,Real,t-SNE,Phenotype_B
0.19056513961625787,0.8602854829853164,Real,t-SNE,Phenotype_B
0.3654905104319191,0.35400621085535194,Real,t-SNE,Phenotype_B
0.6111558924365004,0.4564072231119917,Real,t-SNE,Phenotype_B
0.6872021089687925,0.2522184436290554,Real,t-SNE,Phenotype_B
0.1814741713438608,0.20581909356877692,Real,t-SNE,Phenotype_B
0.5998358524653271,0.8220669157196259,Real,t-SNE,Phenotype_B
0.28891885705515713,0.8924957532727916,Real,t-SNE,Phenotype_B
0.8401514073981867,0.8213242251867283,Real,t-SNE,Phenotype_B
0.4858253852662214,0.444206581279647,Real,t-SNE,Phenotype_B
0.6994102201974696,0.15680802828983778,Real,t-SNE,Phenotype_B
0.2926766192894442,0.8938889152654008,Real,t-SNE,Phenotype_B
0.45073380013674796,0.12800941412147132,Real,t-SNE,Phenotype_B
0.6474946577464021,0.3437428604912383,Real,t-SNE,Phenotype_B
0.7063152974955248,0.8686859917249999,Real,t-SNE,Phenotype_B
0.4329348821650375,0.2543528360021082,Real,t-SNE,Phenotype_B
0.1720433318044435,0.24837762073355718,Real,t-SNE,Phenotype_B
0.6960071797627082,0.4247120490416874,Real,t-SNE,Phenotype_B
0.6446744119966887,0.9718525848314687,Real,t-SNE,Phenotype_B
0.26513423066937136,0.8815310608719241,Real,t-SNE,Phenotype_B
0.5726682191243497,0.28711732752183555,Real,t-SNE,Phenotype_B
0.31793066646096424,0.29070075288246994,Real,t-SNE,Phenotype_B
0.9817303503354277,0.578355187394754,Real,t-SNE,Phenotype_B
0.2865286232932333,0.22884565858931577,Real,t-SNE,Phenotype_B
0.5038237204587904,0.3209068064818149,Real,t-SNE,Phenotype_B
0.4732749606521525,0.31303087667061896,Real,t-SNE,Phenotype_B
0.6706104121751573,0.6852879164482063,Real,t-SNE,Phenotype_B
0.4744558228151219,0.37094987963245657,Real,t-SNE,Phenotype_B
0.5065317089186028,0.23587305278582404,Real,t-SNE,Phenotype_B
0.8521062473958739,0.8139129805590807,Real,t-SNE,Phenotype_B
0.17307594445036661,0.8558137175505253,Real,t-SNE,Phenotype_B
0.007984899772255907,0.6530277070965189,Real,t-SNE,Phenotype_B
0.27381803851438885,0.19809299534351935,Real,t-SNE,Phenotype_B
0.49907987919803043,0.34878825480760167,Real,t-SNE,Phenotype_B
0.5044981952476542,0.3577259769667746,Real,t-SNE,Phenotype_B
0.3315117580449221,0.26468103076309824,Real,t-SNE,Phenotype_B
0.6437579620471612,0.9781688799350786,Real,t-SNE,Phenotype_B
0.3141181816276752,0.3201006896540675,Real,t-SNE,Phenotype_B
0.34673697997406705,0.1550019426639023,Real,t-SNE,Phenotype_B
0.007949538577770835,0.6535508336321959,Real,t-SNE,Phenotype_B
0.05414426511924336,0.7929528644481292,Real,t-SNE,Phenotype_B
0.522162558137958,0.3520037782629519,Real,t-SNE,Phenotype_B
0.10309805088828947,0.39759731611567045,Real,t-SNE,Phenotype_B
0.32247604798297574,0.1578701826745692,Real,t-SNE,Phenotype_B
0.20531449286268635,0.864115393884001,Real,t-SNE,Phenotype_B
0.49164960002256336,0.7913394666476671,Real,t-SNE,Phenotype_B
0.3286701896800651,0.3740133447300911,Real,t-SNE,Phenotype_B
0.33943072750073555,0.21612885162642692,Real,t-SNE,Phenotype_B
0.6935008922626618,0.3372219001808247,Real,t-SNE,Phenotype_B
0.47776775618986467,0.2526233657682804,Real,t-SNE,Phenotype_B
0.3806109867573785,0.36153457439828973,Real,t-SNE,Phenotype_B
0.5270358137560521,0.21614685099487818,Real,t-SNE,Phenotype_B
0.3150701138480944,0.363755748218738,Real,t-SNE,Phenotype_B
0.36935496080565594,0.3085436437388183,Real,t-SNE,Phenotype_B
0.5220785610479705,0.48580814176486076,Real,t-SNE,Phenotype_B
0.5760162958462853,0.26292497622609523,Real,t-SNE,Phenotype_B
0.48432726392884273,0.30214380225182896,Real,t-SNE,Phenotype_B
0.3071454968666519,0.22707610278491966,Real,t-SNE,Phenotype_B
0.4582128086587778,0.19875203612505243,Real,t-SNE,Phenotype_B
0.34783446206086716,0.1739515404396299,Real,t-SNE,Phenotype_B
0.6131170995082666,0.8306334990686542,Real,t-SNE,Phenotype_B
0.7259037161231001,0.300939180611,Real,t-SNE,Phenotype_B
0.741071057349265,0.14044086813458137,Real,t-SNE,Phenotype_B
0.5368624319472327,0.13281488492126103,Real,t-SNE,Phenotype_B
0.2943065265746212,0.4478684917664741,Real,t-SNE,Phenotype_B
0.33058679486085824,0.9073852675092128,Real,t-SNE,Phenotype_B
0.7984645867576852,0.5667963251067083,Real,t-SNE,Phenotype_B
0.561208383124076,0.3781334680860003,Real,t-SNE,Phenotype_B
0.5916284481149903,0.3505273302493733,Real,t-SNE,Phenotype_B
0.06567682963602792,0.8113767739171626,Real,t-SNE,Phenotype_B
0.43648241174471825,0.2361736345374858,Real,t-SNE,Phenotype_B
0.36110660736137223,0.3778549556717769,Real,t-SNE,Phenotype_B
0.5653820065175149,0.26623166159749656,Real,t-SNE,Phenotype_B
0.5962840501604372,0.33371915089908216,Real,t-SNE,Phenotype_B
0.39812311822948393,0.27134407336549765,Real,t-SNE,Phenotype_B
0.6652216687395024,0.2952405579763981,Real,t-SNE,Phenotype_B
0.4028478923512708,0.43211119708979856,Real,t-SNE,Phenotype_B
0.3784221358701333,0.29968013502708823,Real,t-SNE,Phenotype_B
0.37140060182993667,0.24610012101559736,Real,t-SNE,Phenotype_B
0.35207948144671447,0.2876790258607041,Real,t-SNE,Phenotype_B
0.4042518735136888,0.4927127592323862,Real,t-SNE,Phenotype_B
0.38279896424352505,0.3305477428640869,Real,t-SNE,Phenotype_B
0.4611644153960338,0.35366084601875686,Real,t-SNE,Phenotype_B
0.5037069607781308,0.2374828065345314,Real,t-SNE,Phenotype_B
0.5880431271925378,0.19645001727626166,Real,t-SNE,Phenotype_B
0.555059668532616,0.09328384424361352,Real,t-SNE,Phenotype_B
0.17625221630058382,0.3847546084919352,Real,t-SNE,Phenotype_B
0.9747595852608668,0.6763540047630698,Real,t-SNE,Phenotype_B
0.4739146283100299,0.42878236353874816,Real,t-SNE,Phenotype_B
0.25886818168718745,0.29325569254410333,Real,t-SNE,Phenotype_B
0.37835748520640117,0.2083405977041922,Real,t-SNE,Phenotype_B
0.8324224627269418,0.8262041829431325,Real,t-SNE,Phenotype_B
0.3440831252929747,0.7752529691119876,Real,t-SNE,Phenotype_B
0.6801187068561053,0.20989776097160434,Real,t-SNE,Phenotype_B
0.5395058608732546,0.17118896297541758,Real,t-SNE,Phenotype_B
0.6724359925325313,0.06999045920122841,Real,t-SNE,Phenotype_B
0.2601809452730838,0.27892915636497473,Real,t-SNE,Phenotype_B
0.42273471498736775,0.3525882399513787,Real,t-SNE,Phenotype_B
0.5017924559355157,0.1524967099374544,Real,t-SNE,Phenotype_B
0.49643590111538943,0.11557621429458229,Real,t-SNE,Phenotype_B
0.3095715587736284,0.20876352305272305,Real,t-SNE,Phenotype_B
0.845223422433909,0.8189674498101633,Real,t-SNE,Phenotype_B
0.5539276957744135,0.8196037999046409,Real,t-SNE,Phenotype_B
0.6487712603602487,0.8616426100570823,Real,t-SNE,Phenotype_B
0.627842668081514,0.19769265744288692,Real,t-SNE,Phenotype_B
0.011954522373984177,0.7046992011168016,Real,t-SNE,Phenotype_B
0.7510216201716314,0.5990935225214699,Real,t-SNE,Phenotype_B
0.5720501531909392,0.23693111652519508,Real,t-SNE,Phenotype_B
0.4041347777298711,0.26829623000809594,Real,t-SNE,Phenotype_B
0.14588345103734937,0.3161244527862771,Real,t-SNE,Phenotype_B
0.3566439314981787,0.20379271471022173,Real,t-SNE,Phenotype_B
0.5226702484350165,0.2172493030497169,Real,t-SNE,Phenotype_B
0.672744202481016,0.6865948350894749,Real,t-SNE,Phenotype_B
0.4858677929365649,0.3843970251390459,Real,t-SNE,Phenotype_B
0.37632650209666235,0.40428058379179294,Real,t-SNE,Phenotype_B
0.6270943740099696,0.2645212492856662,Real,t-SNE,Phenotype_B
0.28059825594120197,0.36095888321194236,Real,t-SNE,Phenotype_B
0.8151609475904873,0.8043449198894387,Real,t-SNE,Phenotype_B
0.33786302037829463,0.351960259618197,Real,t-SNE,Phenotype_B
0.010584420247929228,0.6353321675663652,Real,t-SNE,Phenotype_B
0.31433720545533833,0.24900000595151145,Real,t-SNE,Phenotype_B
0.6392141057722378,0.8634438136818366,Real,t-SNE,Phenotype_B
0.26396368622243155,0.4354933116951618,Real,t-SNE,Phenotype_B
0.7458331739628952,0.5789560345820582,Real,t-SNE,Phenotype_B
0.4148141272339254,0.11428969685541945,Real,t-SNE,Phenotype_B
0.4488181073030591,0.26952344505135334,Real,t-SNE,Phenotype_B
0.596656673616494,0.1673479603864161,Real,t-SNE,Phenotype_B
0.37724748665219743,0.35464693285617876,Real,t-SNE,Phenotype_B
0.5394590394453941,0.1822291657907358,Real,t-SNE,Phenotype_B
0.6224636710078199,0.24391548373341876,Real,t-SNE,Phenotype_B
0.6438616514561055,0.9780831407581286,Real,t-SNE,Phenotype_B
0.5096478079088983,0.14999455328235695,Real,t-SNE,Phenotype_B
0.6483104405581419,0.86297323837404,Real,t-SNE,Phenotype_B
0.530924897102465,0.2956960865755512,Real,t-SNE,Phenotype_B
0.36256778517313987,0.5303385241884294,Real,t-SNE,Phenotype_B
0.4619374198908101,0.21309658428837275,Real,t-SNE,Phenotype_B
0.03943203385132791,0.7715973218243699,Real,t-SNE,Phenotype_B
0.34446204108486383,0.39646181420782795,Real,t-SNE,Phenotype_B
0.49372915219929814,0.26309353594772084,Real,t-SNE,Phenotype_B
0.49520383950613245,0.4759638484627527,Diffusion,t-SNE,Phenotype_B
0.5140595660907289,0.19665457792678084,Diffusion,t-SNE,Phenotype_B
0.6357653512088509,0.7917534718022229,Diffusion,t-SNE,Phenotype_B
0.5191962699048541,0.6358684509411309,Diffusion,t-SNE,Phenotype_B
0.6063960663871235,0.30821299439703237,Diffusion,t-SNE,Phenotype_B
0.43919727422813487,0.2091165023693533,Diffusion,t-SNE,Phenotype_B
0.5574872250998685,0.3850696295997527,Diffusion,t-SNE,Phenotype_B
0.9161115361750398,0.7622755091622712,Diffusion,t-SNE,Phenotype_B
0.6301311729080462,0.7363702569245066,Diffusion,t-SNE,Phenotype_B
0.4997832158655516,0.19955637102920712,Diffusion,t-SNE,Phenotype_B
0.40150516295281147,0.40422689480630253,Diffusion,t-SNE,Phenotype_B
0.4757722909326362,0.24104179309406804,Diffusion,t-SNE,Phenotype_B
0.5439198506506989,0.4598246918137197,Diffusion,t-SNE,Phenotype_B
0.007949312088086193,0.667065943927976,Diffusion,t-SNE,Phenotype_B
0.31036954386204924,0.31437260059620276,Diffusion,t-SNE,Phenotype_B
0.5206067297422374,0.6415240235739886,Diffusion,t-SNE,Phenotype_B
0.7887170342945626,0.8445548367603541,Diffusion,t-SNE,Phenotype_B
0.9222326482871274,0.7526267758779849,Diffusion,t-SNE,Phenotype_B
0.9794115277054954,0.5889523826651012,Diffusion,t-SNE,Phenotype_B
0.23716511877886476,0.18442954906587322,Diffusion,t-SNE,Phenotype_B
0.23387227358774634,0.3882365668524607,Diffusion,t-SNE,Phenotype_B
0.4964220425043814,0.17253356406147452,Diffusion,t-SNE,Phenotype_B
0.544907586551554,0.18477254011222977,Diffusion,t-SNE,Phenotype_B
0.41360176113118063,0.26827502785784557,Diffusion,t-SNE,Phenotype_B
0.372976102092065,0.7653045238477488,Diffusion,t-SNE,Phenotype_B
0.6263664087836036,0.458671611119008,Diffusion,t-SNE,Phenotype_B
0.6145334984523415,0.3355797199515309,Diffusion,t-SNE,Phenotype_B
0.41129682225013797,0.33700436451464194,Diffusion,t-SNE,Phenotype_B
0.28451090810724555,0.23624259906726516,Diffusion,t-SNE,Phenotype_B
0.6106327149793489,0.4773107101906503,Diffusion,t-SNE,Phenotype_B
0.5703558617152008,0.3519029480381226,Diffusion,t-SNE,Phenotype_B
0.3077748146029962,0.2690358773750949,Diffusion,t-SNE,Phenotype_B
0.5656261314024026,0.7211243295966682,Diffusion,t-SNE,Phenotype_B
0.4792680236426813,0.2890567802063975,Diffusion,t-SNE,Phenotype_B
0.27084554200868566,0.4303877576709258,Diffusion,t-SNE,Phenotype_B
0.46850155993322345,0.2914806345767776,Diffusion,t-SNE,Phenotype_B
0.4560139544190655,0.3096443134632252,Diffusion,t-SNE,Phenotype_B
0.9811300509252986,0.6680342322121104,Diffusion,t-SNE,Phenotype_B
0.5540966524812065,0.2775697598824156,Diffusion,t-SNE,Phenotype_B
0.3629458425373361,0.10821992054240798,Diffusion,t-SNE,Phenotype_B
0.22001998045710666,0.6388876793259337,Diffusion,t-SNE,Phenotype_B
0.26294925066926844,0.8797966963096462,Diffusion,t-SNE,Phenotype_B
0.4756248529369737,0.010212581667823975,Diffusion,t-SNE,Phenotype_B
0.5131981672696434,0.4867235504909622,Diffusion,t-SNE,Phenotype_B
0.5212335696545086,0.439032164756323,Diffusion,t-SNE,Phenotype_B
0.36863419820906673,0.37786376612244316,Diffusion,t-SNE,Phenotype_B
0.7461849810482691,0.6166929646675716,Diffusion,t-SNE,Phenotype_B
0.4340285191064364,0.6564528121314109,Diffusion,t-SNE,Phenotype_B
0.33642803870894084,0.380780862542107,Diffusion,t-SNE,Phenotype_B
0.5958497053496847,0.946756226575579,Diffusion,t-SNE,Phenotype_B
0.37006190915580395,0.4479502323813825,Diffusion,t-SNE,Phenotype_B
0.5217605676415856,0.24100669851360143,Diffusion,t-SNE,Phenotype_B
0.519993349293783,0.4642403137669234,Diffusion,t-SNE,Phenotype_B
0.21597972763835965,0.3598620816278635,Diffusion,t-SNE,Phenotype_B
0.6858688090613215,0.6971336246109535,Diffusion,t-SNE,Phenotype_B
0.7070328762670193,0.293483254404967,Diffusion,t-SNE,Phenotype_B
0.5436816361704645,0.49941375277507444,Diffusion,t-SNE,Phenotype_B
0.5728197226878821,0.4612754816928678,Diffusion,t-SNE,Phenotype_B
0.22154072080017292,0.1776686023466145,Diffusion,t-SNE,Phenotype_B
0.0813012847434543,0.30322963061294045,Diffusion,t-SNE,Phenotype_B
0.5721872630326406,0.7940157032538223,Diffusion,t-SNE,Phenotype_B
0.00765655667633769,0.6626788412338026,Diffusion,t-SNE,Phenotype_B
0.6747012610638795,0.9179882839521425,Diffusion,t-SNE,Phenotype_B
0.9411343612444852,0.6786594034885708,Diffusion,t-SNE,Phenotype_B
0.32414882738989526,0.807954818572773,Diffusion,t-SNE,Phenotype_B
0.6025623713884146,0.27226062362241193,Diffusion,t-SNE,Phenotype_B
0.4778366946685098,0.42216155783122583,Diffusion,t-SNE,Phenotype_B
0.40648940875724177,0.21360798583484428,Diffusion,t-SNE,Phenotype_B
0.4374497613767237,0.3519616887600291,Diffusion,t-SNE,Phenotype_B
0.7359830721984318,0.37253011869782793,Diffusion,t-SNE,Phenotype_B
0.43344806331958435,0.4670408569553839,Diffusion,t-SNE,Phenotype_B
0.4389436562285658,0.37641877921009764,Diffusion,t-SNE,Phenotype_B
0.39123411815041564,0.455762355189906,Diffusion,t-SNE,Phenotype_B
0.3820520763205025,0.13247275348486015,Diffusion,t-SNE,Phenotype_B
0.9604471638053838,0.7018371963504987,Diffusion,t-SNE,Phenotype_B
0.3885420879193238,0.49637240313541,Diffusion,t-SNE,Phenotype_B
0.6294121885382996,0.4422122934477862,Diffusion,t-SNE,Phenotype_B
0.709485462911625,0.7043538276496972,Diffusion,t-SNE,Phenotype_B
0.09997645848013526,0.8274619149453849,Diffusion,t-SNE,Phenotype_B
0.5363194253520089,0.3366850159119228,Diffusion,t-SNE,Phenotype_B
0.49003636170038567,0.1843837210273707,Diffusion,t-SNE,Phenotype_B
0.3460098296304288,0.2445954963969706,Diffusion,t-SNE,Phenotype_B
0.5833697208175083,0.25819242892263633,Diffusion,t-SNE,Phenotype_B
0.6066732511253365,0.3733306448471051,Diffusion,t-SNE,Phenotype_B
0.35954688412513414,0.2208041515171952,Diffusion,t-SNE,Phenotype_B
0.21181464822725707,0.394934521595992,Diffusion,t-SNE,Phenotype_B
0.3193398792016064,0.7958612060227628,Diffusion,t-SNE,Phenotype_B
0.4936306501692912,0.39554825445630554,Diffusion,t-SNE,Phenotype_B
0.3534111667920831,0.3471758785248428,Diffusion,t-SNE,Phenotype_B
0.4045200059469661,0.3806626333476494,Diffusion,t-SNE,Phenotype_B
0.510207978182912,0.1089328530441601,Diffusion,t-SNE,Phenotype_B
0.6920510672234977,0.39712225929670714,Diffusion,t-SNE,Phenotype_B
0.3087486865822205,0.33191526710446573,Diffusion,t-SNE,Phenotype_B
0.23857079387729407,0.10615281194617616,Diffusion,t-SNE,Phenotype_B
0.7462400673752083,0.5798760445086588,Diffusion,t-SNE,Phenotype_B
0.5455406761365239,0.2816231319285431,Diffusion,t-SNE,Phenotype_B
0.1755058362474642,0.85631315050803,Diffusion,t-SNE,Phenotype_B
0.3895729036740862,0.8314246516133862,Diffusion,t-SNE,Phenotype_B
0.5019486474539367,0.21956096397734118,Diffusion,t-SNE,Phenotype_B
0.010781403266201063,0.703996541195008,Diffusion,t-SNE,Phenotype_B
0.3004464097509254,0.41681624650179533,Diffusion,t-SNE,Phenotype_B
0.47627311305497516,0.12747324294145507,Diffusion,t-SNE,Phenotype_B
0.008139592985786466,0.6537386246071426,Diffusion,t-SNE,Phenotype_B
0.37934655259268335,0.18408309128954178,Diffusion,t-SNE,Phenotype_B
0.6608622199972746,0.23337106895511822,Diffusion,t-SNE,Phenotype_B
0.2418454322071533,0.3650475121418289,Diffusion,t-SNE,Phenotype_B
0.5720799812654405,0.3338175881405431,Diffusion,t-SNE,Phenotype_B
0.7927914539061208,0.5688142608917095,Diffusion,t-SNE,Phenotype_B
0.37029954342612736,0.3906027107628676,Diffusion,t-SNE,Phenotype_B
0.3323931605752108,0.9074692455546784,Diffusion,t-SNE,Phenotype_B
0.22312801161347168,0.06719645014284233,Diffusion,t-SNE,Phenotype_B
0.24114844685176254,0.47917658698453114,Diffusion,t-SNE,Phenotype_B
0.1335524315656128,0.8433779975017538,Diffusion,t-SNE,Phenotype_B
0.8916837958027918,0.4402417926995294,Diffusion,t-SNE,Phenotype_B
0.8069989348297613,0.5622674341805093,Diffusion,t-SNE,Phenotype_B
0.6835313279773851,0.695040202973119,Diffusion,t-SNE,Phenotype_B
0.34479008667253286,0.4014296166249792,Diffusion,t-SNE,Phenotype_B
0.5206067435610102,0.6599312218778001,Diffusion,t-SNE,Phenotype_B
0.7547069094660246,0.5817891883748255,Diffusion,t-SNE,Phenotype_B
0.08363995935274565,0.8194437180852945,Diffusion,t-SNE,Phenotype_B
0.6690931088599125,0.45517278561374036,Diffusion,t-SNE,Phenotype_B
0.43025196102253477,0.42473148592563925,Diffusion,t-SNE,Phenotype_B
0.6046769654299472,0.2496336172440986,Diffusion,t-SNE,Phenotype_B
0.812416372851221,0.8315841888646283,Diffusion,t-SNE,Phenotype_B
0.864909319403616,0.787587689197004,Diffusion,t-SNE,Phenotype_B
0.370757574788785,0.3072045002421164,Diffusion,t-SNE,Phenotype_B
0.740630843877521,0.428312257289842,Diffusion,t-SNE,Phenotype_B
0.5768077946657743,0.7914343141964655,Diffusion,t-SNE,Phenotype_B
0.6125221652391868,0.9271136309810755,Diffusion,t-SNE,Phenotype_B
0.48518464568046793,0.2737153433005021,Diffusion,t-SNE,Phenotype_B
0.694456397263783,0.4467987078405194,Diffusion,t-SNE,Phenotype_B
0.1783899827423638,0.48938944208898816,Diffusion,t-SNE,Phenotype_B
0.1162377109389284,0.3391195745693739,Diffusion,t-SNE,Phenotype_B
0.3929001285839171,0.18245923970375888,Diffusion,t-SNE,Phenotype_B
0.009657747237968563,0.6406180226500462,Diffusion,t-SNE,Phenotype_B
0.46649170214772306,0.4992793090356064,Diffusion,t-SNE,Phenotype_B
0.6428060655365117,0.4491620322829863,Diffusion,t-SNE,Phenotype_B
0.8450358352826848,0.8186641464697856,Diffusion,t-SNE,Phenotype_B
0.4649890033504061,0.4439908498834938,Diffusion,t-SNE,Phenotype_B
0.8586775583023174,0.4120225779626357,Diffusion,t-SNE,Phenotype_B
0.7997135739718442,0.4810091217781311,Diffusion,t-SNE,Phenotype_B
0.29963255078672923,0.2885905817973194,Diffusion,t-SNE,Phenotype_B
0.533720762654301,0.4917715231068532,Diffusion,t-SNE,Phenotype_B
0.20380491236422568,0.17438071333128832,Diffusion,t-SNE,Phenotype_B
0.5894344706858058,0.48777708755510146,Diffusion,t-SNE,Phenotype_B
0.4760803295431069,0.3702937965184218,Diffusion,t-SNE,Phenotype_B
0.36422045500592026,0.47097289011447835,Diffusion,t-SNE,Phenotype_B
0.40666594488652597,0.22545338219669336,Diffusion,t-SNE,Phenotype_B
0.32212261963080807,0.3618262228062278,Diffusion,t-SNE,Phenotype_B
0.28054038240290213,0.3429508437495739,Diffusion,t-SNE,Phenotype_B
0.49669061238872764,0.4905948208582765,Diffusion,t-SNE,Phenotype_B
0.7966380527340197,0.567612256558147,Diffusion,t-SNE,Phenotype_B
0.7030523834774576,0.09233364034560926,Diffusion,t-SNE,Phenotype_B
0.36963174600374976,0.5230910400321293,Diffusion,t-SNE,Phenotype_B
0.6462825195040373,0.8097553537128699,Diffusion,t-SNE,Phenotype_B
0.6504121311877489,0.30216023209033,Diffusion,t-SNE,Phenotype_B
0.4812678042381622,0.3217850235998936,Diffusion,t-SNE,Phenotype_B
0.5095698967614762,0.3701927845450516,Diffusion,t-SNE,Phenotype_B
0.7034977474435142,0.8832657393186052,Diffusion,t-SNE,Phenotype_B
0.38602180964050237,0.5425912232373541,Diffusion,t-SNE,Phenotype_B
0.47079501767883875,0.3755855334721893,Diffusion,t-SNE,Phenotype_B
0.4979551350316428,0.38706483161943106,Diffusion,t-SNE,Phenotype_B
0.7432340629990691,0.8613627393261561,Diffusion,t-SNE,Phenotype_B
0.21365166703048685,0.5174349293349118,Diffusion,t-SNE,Phenotype_B
0.611429050184259,0.6546077490653881,Diffusion,t-SNE,Phenotype_B
0.4695958489647916,0.3906710867056048,Diffusion,t-SNE,Phenotype_B
0.5153606217890614,0.6183478947426485,Diffusion,t-SNE,Phenotype_B
0.5849369517653259,0.8205962196594908,Diffusion,t-SNE,Phenotype_B
0.6575241042429539,0.36769673245736706,Diffusion,t-SNE,Phenotype_B
0.6217145989811298,0.4168360887564487,Diffusion,t-SNE,Phenotype_B
0.3008383230520044,0.3001551558309295,Diffusion,t-SNE,Phenotype_B
0.2336567371900761,0.4383449163435459,Diffusion,t-SNE,Phenotype_B
0.4961463530004963,0.8178390414226633,Diffusion,t-SNE,Phenotype_B
0.1279502818185262,0.2043967487020914,Diffusion,t-SNE,Phenotype_B
0.5211221133184439,0.38142925210181006,Diffusion,t-SNE,Phenotype_B
0.41240837429043203,0.18663538855259296,Diffusion,t-SNE,Phenotype_B
0.3200201602984903,0.3614917444108129,Diffusion,t-SNE,Phenotype_B
0.5065551968282772,0.4575064280683358,Diffusion,t-SNE,Phenotype_B
0.6658831609409951,0.38467982842667275,Diffusion,t-SNE,Phenotype_B
0.5887210142446018,0.29129801935084215,Diffusion,t-SNE,Phenotype_B
0.33641450835542624,0.5577356317590243,Diffusion,t-SNE,Phenotype_B
0.8915609450245215,0.44012692402249404,Diffusion,t-SNE,Phenotype_B
0.5410269024657601,0.3934456007005678,Diffusion,t-SNE,Phenotype_B
0.14550452503764802,0.45376879943387655,Diffusion,t-SNE,Phenotype_B
0.23658555777128884,0.22906636361372612,Diffusion,t-SNE,Phenotype_B
0.5402286362068129,0.8265360504516233,Diffusion,t-SNE,Phenotype_B
0.013346392432731438,0.7068852721363132,Diffusion,t-SNE,Phenotype_B
0.32490132789544546,0.7910528022058263,Diffusion,t-SNE,Phenotype_B
0.7740305536906358,0.8506478537226222,Diffusion,t-SNE,Phenotype_B
0.1220935049872047,0.8382905903271379,Diffusion,t-SNE,Phenotype_B
0.2352512691946994,0.2907419894005404,Diffusion,t-SNE,Phenotype_B
0.3973480288334274,0.41276379492775733,Diffusion,t-SNE,Phenotype_B
0.4637503076951728,0.35520346190441077,Diffusion,t-SNE,Phenotype_B
0.23656214976500878,0.17800884091578328,Diffusion,t-SNE,Phenotype_B
0.9799410133498571,0.5886564179756448,Diffusion,t-SNE,Phenotype_B
0.18822831907539647,0.36475069905570956,Diffusion,t-SNE,Phenotype_B
0.732972160824991,0.6402342458345006,Diffusion,t-SNE,Phenotype_B
0.9518136205827442,0.7190715529084655,Diffusion,t-SNE,Phenotype_B
0.34332052918786343,0.2954779208492427,Diffusion,t-SNE,Phenotype_B
0.599893034458198,0.16675800426450987,Diffusion,t-SNE,Phenotype_B
0.3728110712241087,0.07542250962742794,Diffusion,t-SNE,Phenotype_B
0.5631590041189306,0.38797839737990714,Diffusion,t-SNE,Phenotype_B
0.6945352133125546,0.3648937135296986,Diffusion,t-SNE,Phenotype_B
0.3548390068603671,0.6420018228050056,Diffusion,t-SNE,Phenotype_B
0.44509359112483665,0.3785034743260116,Diffusion,t-SNE,Phenotype_B
0.6473813123023998,0.24512896494780922,Diffusion,t-SNE,Phenotype_B
0.05541068844136532,0.7945153850995375,Diffusion,t-SNE,Phenotype_B
0.5636230987066707,0.15395059614454562,Diffusion,t-SNE,Phenotype_B
0.5249164728744053,0.2724526576908439,Diffusion,t-SNE,Phenotype_B
0.4280548852996598,0.44466897392208987,Diffusion,t-SNE,Phenotype_B
0.6182343271753755,0.38339520352899226,Diffusion,t-SNE,Phenotype_B
0.15558160479866026,0.8498661191196629,Diffusion,t-SNE,Phenotype_B
0.5602689369248268,0.4326044005827912,Diffusion,t-SNE,Phenotype_B
0.6773131711930642,0.17783439380047722,Diffusion,t-SNE,Phenotype_B
0.5785650171109492,0.3112596172514673,Diffusion,t-SNE,Phenotype_B
0.5640029597193817,0.31194032005154543,Diffusion,t-SNE,Phenotype_B
0.40857610209659206,0.4798909658169075,Diffusion,t-SNE,Phenotype_B
0.7259551413375425,0.27240126960617345,Diffusion,t-SNE,Phenotype_B
0.2803732015638526,0.9118045288093839,Diffusion,t-SNE,Phenotype_B
0.7769309952477097,0.26060033386412434,Diffusion,t-SNE,Phenotype_B
0.413053866071335,0.745051965405491,Diffusion,t-SNE,Phenotype_B
0.04886019197270536,0.7850044950876908,Diffusion,t-SNE,Phenotype_B
0.7587885079712025,0.49322891692814735,Diffusion,t-SNE,Phenotype_B
0.9795643575537606,0.583576400245958,Diffusion,t-SNE,Phenotype_B
0.9441197302051575,0.7304182504746739,Diffusion,t-SNE,Phenotype_B
0.5370774197194953,0.316773664893184,Diffusion,t-SNE,Phenotype_B
0.6741937748065595,0.12230052141404647,Diffusion,t-SNE,Phenotype_B
0.41115825157644814,0.5090730842866853,Diffusion,t-SNE,Phenotype_B
0.10225205479458972,0.3982177938798556,Diffusion,t-SNE,Phenotype_B
0.8008569462997133,0.38573451226223615,Diffusion,t-SNE,Phenotype_B
0.4822730148167768,0.4526528357734263,Diffusion,t-SNE,Phenotype_B
0.586154705393287,0.19585292920302713,Diffusion,t-SNE,Phenotype_B
0.33374437005080126,0.5433610874444886,Diffusion,t-SNE,Phenotype_B
0.25926749673953164,0.24094526661901658,Diffusion,t-SNE,Phenotype_B
0.8566041474739964,0.8125140003405038,Diffusion,t-SNE,Phenotype_B
0.38672991305060755,0.9215528528483357,Diffusion,t-SNE,Phenotype_B
0.43402210711601813,0.26934292011587047,Diffusion,t-SNE,Phenotype_B
0.5764757865836372,0.9472029301806724,Diffusion,t-SNE,Phenotype_B
0.3758175699084092,0.37067707587512005,Diffusion,t-SNE,Phenotype_B
0.6101635021529287,0.30377516908594837,Diffusion,t-SNE,Phenotype_B
0.5303263021526031,0.37312945779669227,Diffusion,t-SNE,Phenotype_B
0.7103999036773411,0.21592450603301921,Diffusion,t-SNE,Phenotype_B
0.3700116217750513,0.2935103701091455,Diffusion,t-SNE,Phenotype_B
0.38406609188187124,0.7688747589442801,Diffusion,t-SNE,Phenotype_B
0.5311804606768701,0.3910277042090599,Diffusion,t-SNE,Phenotype_B
0.39838465535585943,0.3798611050597229,Diffusion,t-SNE,Phenotype_B
0.2960644233536247,0.21706441635491713,Diffusion,t-SNE,Phenotype_B
0.4936180780007666,0.15284373886519367,Diffusion,t-SNE,Phenotype_B
0.6471741202952037,0.4326558909704205,Diffusion,t-SNE,Phenotype_B
0.4442189616751087,0.30581086450373934,Diffusion,t-SNE,Phenotype_B
0.5932905810381872,0.2974953391682116,Diffusion,t-SNE,Phenotype_B
0.460054700517142,0.39199335439750693,Diffusion,t-SNE,Phenotype_B
0.9207570709152368,0.7560538457673146,Diffusion,t-SNE,Phenotype_B
0.6186340743028784,0.3206750198822435,Diffusion,t-SNE,Phenotype_B
0.6680188023800271,0.4626045051948775,Diffusion,t-SNE,Phenotype_B
0.5451916524111541,0.41481859012495315,Diffusion,t-SNE,Phenotype_B
0.4919240586044503,0.8012782746745409,Diffusion,t-SNE,Phenotype_B
0.4003291285417166,0.3185667128415807,Diffusion,t-SNE,Phenotype_B
0.33874042424249984,0.32580683218960016,Diffusion,t-SNE,Phenotype_B
0.37774649207642924,0.9191455049683492,Diffusion,t-SNE,Phenotype_B
0.37372708588755504,0.525248914174749,Diffusion,t-SNE,Phenotype_B
0.7109203572267386,0.42680839867531795,Diffusion,t-SNE,Phenotype_B
0.546003093692897,0.2167797754262199,Diffusion,t-SNE,Phenotype_B
0.660814127817909,0.2695169773128806,Diffusion,t-SNE,Phenotype_B
0.6836710589991135,0.8999125507117979,Diffusion,t-SNE,Phenotype_B
0.035390172545057524,0.7643658536621968,Diffusion,t-SNE,Phenotype_B
0.5826643001805673,0.42473577070676977,Diffusion,t-SNE,Phenotype_B
0.32406444515938915,0.1785768473909699,Diffusion,t-SNE,Phenotype_B
0.5480672305701683,0.3534164539802324,Diffusion,t-SNE,Phenotype_B
0.21353752033560544,0.8658257220753962,Diffusion,t-SNE,Phenotype_B
0.36667977180628714,0.22416168127784636,Diffusion,t-SNE,Phenotype_B
0.26919160132902986,0.40004782930761873,Diffusion,t-SNE,Phenotype_B
0.7492312341739602,0.33171981151447827,Diffusion,t-SNE,Phenotype_B
0.4425423275012538,0.34578646146760633,Diffusion,t-SNE,Phenotype_B
0.050813738336940806,0.7887052523497464,Diffusion,t-SNE,Phenotype_B
0.4618164345534785,0.47946372663798964,Diffusion,t-SNE,Phenotype_B
0.36849777372449394,0.38903805814674625,Diffusion,t-SNE,Phenotype_B
0.38968564579380655,0.7166056235337692,Diffusion,t-SNE,Phenotype_B
0.33997338182412684,0.21593865868547382,Diffusion,t-SNE,Phenotype_B
0.2744638773653226,0.3828681633725903,Diffusion,t-SNE,Phenotype_B
0.9548071112064087,0.5617474618597964,Diffusion,t-SNE,Phenotype_B
0.9874754591011016,0.6260483951870572,Diffusion,t-SNE,Phenotype_B
0.507931815758503,0.11050797905428134,Diffusion,t-SNE,Phenotype_B
0.3448995857714717,0.4522161100274654,Diffusion,t-SNE,Phenotype_B
1,0.6368173264337652,Diffusion,t-SNE,Phenotype_B
0.6305405904365744,0.3499141140853943,Diffusion,t-SNE,Phenotype_B
0.5568761685975326,0.41570357660118196,Diffusion,t-SNE,Phenotype_B
0.6299197242510718,0.30284630143977903,Diffusion,t-SNE,Phenotype_B
0.45432820615434916,0.5711825548082597,Diffusion,t-SNE,Phenotype_B
0.4292346007428121,0.8055038579708997,Diffusion,t-SNE,Phenotype_B
0.43721711242294375,0.4645169570765267,Diffusion,t-SNE,Phenotype_B
0.4987665375892573,0.47706705457361903,Diffusion,t-SNE,Phenotype_B
0.36558933658770393,0.3262142703821441,Diffusion,t-SNE,Phenotype_B
0.640157081111021,0.44088423104612945,Diffusion,t-SNE,Phenotype_B
0.3652212881115962,0.6486687987042294,Diffusion,t-SNE,Phenotype_B
0.36408148122491646,0.4280286948492723,Diffusion,t-SNE,Phenotype_B
0.2823206762928986,0.2533671278592568,Diffusion,t-SNE,Phenotype_B
0.9322495741446866,0.5435281482333328,Diffusion,t-SNE,Phenotype_B
0.5770403858479797,0.23671431931977535,Diffusion,t-SNE,Phenotype_B
0.36493929288066207,0.7712062509604747,Diffusion,t-SNE,Phenotype_B
0.7329458570726218,0.65158830004598,Diffusion,t-SNE,Phenotype_B
0.6706076474054489,0.3341731990160626,Diffusion,t-SNE,Phenotype_B
0.43869757036868334,0.6572168501761636,Diffusion,t-SNE,Phenotype_B
0.2516135082515164,0.46497930494193157,Diffusion,t-SNE,Phenotype_B
0.7686147530453288,0.8520654660674845,Diffusion,t-SNE,Phenotype_B
0.7485620007882776,0.6097145334012636,Diffusion,t-SNE,Phenotype_B
0.17204314791106357,0.1608136938300293,Diffusion,t-SNE,Phenotype_B
0.3520627941997664,0.2927670870182566,Diffusion,t-SNE,Phenotype_B
0.6693633777269602,0.29300243717716073,Diffusion,t-SNE,Phenotype_B
0.35081057916469705,0.4314988589905008,Diffusion,t-SNE,Phenotype_B
0.3371451098539385,0.325006758615404,Diffusion,t-SNE,Phenotype_B
0.8665186725574571,0.7853964024360548,Diffusion,t-SNE,Phenotype_B
0.42016320414507907,0.19145040306506986,Diffusion,t-SNE,Phenotype_B
0.550911913668789,0.11856366822951725,Diffusion,t-SNE,Phenotype_B
0.5586260369773494,0.46693406107058194,Diffusion,t-SNE,Phenotype_B
0.4355033810269844,0.20302082200533647,Diffusion,t-SNE,Phenotype_B
0.7104020572219758,0.21511945368123045,Diffusion,t-SNE,Phenotype_B
0.5695557172242758,0.4665892487943546,Diffusion,t-SNE,Phenotype_B
0.41703925307154444,0.2970371674855391,Diffusion,t-SNE,Phenotype_B
0.545647919836439,0.021200532054986985,Diffusion,t-SNE,Phenotype_B
0.6649839166233823,1,Diffusion,t-SNE,Phenotype_B
0.3605651049006927,0.6459098248870033,Diffusion,t-SNE,Phenotype_B
0.4924044654413002,0.23201551623958852,Diffusion,t-SNE,Phenotype_B
0.8538984385584364,0.840251831071557,Diffusion,t-SNE,Phenotype_B
0.957493182868367,0.564455524474569,Diffusion,t-SNE,Phenotype_B
0.5180879978271712,0.4322408477859492,Diffusion,t-SNE,Phenotype_B
0.9867631767868154,0.622809658323698,Diffusion,t-SNE,Phenotype_B
0.4414625686247354,0.46037147744366763,Diffusion,t-SNE,Phenotype_B
0.4023502291568763,0.3592675696871727,Diffusion,t-SNE,Phenotype_B
0.27752841721511873,0.38426231628636975,Diffusion,t-SNE,Phenotype_B
0.684202432467046,0.7012943700936782,Diffusion,t-SNE,Phenotype_B
0.5419446908157045,0.8316743948425078,Diffusion,t-SNE,Phenotype_B
0.5535260996936823,0.39017377315747054,Diffusion,t-SNE,Phenotype_B
0.5592227588073282,0.34352299886266613,Diffusion,t-SNE,Phenotype_B
0.14805751499723346,0.3670891620319457,Diffusion,t-SNE,Phenotype_B
0.39303838365740407,0.3112508434618471,Diffusion,t-SNE,Phenotype_B
0.4370059126182261,0.8418205245683152,Diffusion,t-SNE,Phenotype_B
0.42662184474400505,0.44507548845179196,Diffusion,t-SNE,Phenotype_B
0.6098754598774194,0.4032506677322498,Diffusion,t-SNE,Phenotype_B
0.2638410433367599,0.8804461861881291,Diffusion,t-SNE,Phenotype_B
0.06226776227954033,0.8025414989844761,Diffusion,t-SNE,Phenotype_B
0.008214710316731119,0.6508449581087996,Diffusion,t-SNE,Phenotype_B
0.757667517534177,0.38284529572801584,Diffusion,t-SNE,Phenotype_B
0.6787580572291618,0.4566648596612542,Diffusion,t-SNE,Phenotype_B
0.363302952828784,0.7733633036062515,Diffusion,t-SNE,Phenotype_B
0.49011876961818934,0.4721963459240419,Diffusion,t-SNE,Phenotype_B
0.7421911543426216,0.8627711621158948,Diffusion,t-SNE,Phenotype_B
0.7329767743920736,0.5378678207288893,Diffusion,t-SNE,Phenotype_B
0.36481708565755416,0.46949615645464887,Diffusion,t-SNE,Phenotype_B
0.6463280788305704,0.41179759078977257,Diffusion,t-SNE,Phenotype_B
0.3851201304849733,0.36971186905433234,Diffusion,t-SNE,Phenotype_B
0.6885797044833926,0.3996323885632336,Diffusion,t-SNE,Phenotype_B
0.288207352392586,0.5507618596752053,Diffusion,t-SNE,Phenotype_B
0.44026480204774954,0.19587277575982823,Diffusion,t-SNE,Phenotype_B
0.305730553607176,0.46993658978484504,Diffusion,t-SNE,Phenotype_B
0.20597875864341017,0.8641121391530009,Diffusion,t-SNE,Phenotype_B
0.46403041313840804,0.2693720679074389,Diffusion,t-SNE,Phenotype_B
0.28083321557605967,0.25374266711113974,Diffusion,t-SNE,Phenotype_B
0.396258786671259,0.4291675006805625,Diffusion,t-SNE,Phenotype_B
0.22657527821569112,0.41348363527774,Diffusion,t-SNE,Phenotype_B
0.6139088899375105,0.2841821603891373,Diffusion,t-SNE,Phenotype_B
0.3222481450631322,0.28241556902736537,Diffusion,t-SNE,Phenotype_B
0.49308630847921564,0.4264041497159232,Diffusion,t-SNE,Phenotype_B
0.5197424022782045,0.6377113563799804,Diffusion,t-SNE,Phenotype_B
0.2874844331886046,0.4718606534178326,Diffusion,t-SNE,Phenotype_B
0.45536735853759647,0.48778888246061153,Diffusion,t-SNE,Phenotype_B
0.669393511016449,0.4955332245390558,Diffusion,t-SNE,Phenotype_B
0.7377366453698975,0.6368900740279617,Diffusion,t-SNE,Phenotype_B
0.4064727864146655,0.49269404003954453,Diffusion,t-SNE,Phenotype_B
0.40177453210532377,0.25639810629706694,Diffusion,t-SNE,Phenotype_B
0.1745316703113831,0.31090886272355506,Diffusion,t-SNE,Phenotype_B
0.5419441663938479,0.2414593578203166,Diffusion,t-SNE,Phenotype_B
0.8100205253483231,0.8034960811359969,Diffusion,t-SNE,Phenotype_B
0.1424407711235266,0.318238200930117,Diffusion,t-SNE,Phenotype_B
0.21698192011039003,0.2472931723589088,Diffusion,t-SNE,Phenotype_B
0.6529230894412049,0.37231018974908925,Diffusion,t-SNE,Phenotype_B
0.3007744076914154,0.49081473834583217,Diffusion,t-SNE,Phenotype_B
0.7295568266372248,0.6509428636564835,Diffusion,t-SNE,Phenotype_B
0.3825650683693302,0.5512334968891459,Diffusion,t-SNE,Phenotype_B
0.5244030786887202,0.438618589141303,Diffusion,t-SNE,Phenotype_B
0.3295301026895308,0.1994687998079942,Diffusion,t-SNE,Phenotype_B
0.5075617074704681,0.30591960528108836,Diffusion,t-SNE,Phenotype_B
0.13028070786622878,0.8573374698633349,Diffusion,t-SNE,Phenotype_B
0.026553258773878752,0.7460003419512312,Diffusion,t-SNE,Phenotype_B
0.593609795278218,0.9586861490488181,Diffusion,t-SNE,Phenotype_B
0.21115517137052062,0.2159321880607365,Diffusion,t-SNE,Phenotype_B
0.6477272939574561,0.40927992474666774,Diffusion,t-SNE,Phenotype_B
0.5798113731642016,0.3876928640783412,Diffusion,t-SNE,Phenotype_B
0.42860188275308303,0.8037689468522886,Diffusion,t-SNE,Phenotype_B
0.5716414100724072,0.14301605230450895,Diffusion,t-SNE,Phenotype_B
0.25566343330274627,0.3422948874527374,Diffusion,t-SNE,Phenotype_B
0.7997330506298487,0.25964753472294344,Diffusion,t-SNE,Phenotype_B
0.5897645844582139,0.3528114829814005,Diffusion,t-SNE,Phenotype_B
0.47115078621102996,0.8324352007573859,Diffusion,t-SNE,Phenotype_B
0.2577226674113965,0.8776788615314451,Diffusion,t-SNE,Phenotype_B
0.6298305244357065,0.1984714950029648,Diffusion,t-SNE,Phenotype_B
0.4105664097611226,0.746322285995534,Diffusion,t-SNE,Phenotype_B
0.5899761073067242,0.9572594930116425,Diffusion,t-SNE,Phenotype_B
0.30103111792722204,0.4151289480964169,Diffusion,t-SNE,Phenotype_B
0.3344738386874298,0.9083181823637178,Diffusion,t-SNE,Phenotype_B
0.7415737863658902,0.6273279163604307,GAN,t-SNE,Phenotype_B
0.7517483399989268,0.3790782230119503,GAN,t-SNE,Phenotype_B
0.17502123206925688,0.8558536570173639,GAN,t-SNE,Phenotype_B
0.6440698737770744,0.9783015113824388,GAN,t-SNE,Phenotype_B
0.5524569983902183,0.2529961672332699,GAN,t-SNE,Phenotype_B
0.6589195915877804,0.9928582830321248,GAN,t-SNE,Phenotype_B
0.8656136467168463,0.7855476639155723,GAN,t-SNE,Phenotype_B
0.6523496027203243,0.22241195498859526,GAN,t-SNE,Phenotype_B
0.6248519787351685,0.11883253148946005,GAN,t-SNE,Phenotype_B
0.4443662910401704,0.2644585534961353,GAN,t-SNE,Phenotype_B
0.7573410607504157,0.21600674370459902,GAN,t-SNE,Phenotype_B
0.46179155853649917,0.1977625442593373,GAN,t-SNE,Phenotype_B
0.3357597873871471,0.033365933078650746,GAN,t-SNE,Phenotype_B
0.4347053771119919,0.10880443185789644,GAN,t-SNE,Phenotype_B
0.7780356697812194,0.26454260621782294,GAN,t-SNE,Phenotype_B
0.5783027974041623,0.46916515402633413,GAN,t-SNE,Phenotype_B
0.6017872221334798,0.5882242145496271,GAN,t-SNE,Phenotype_B
0.361876403135646,0.03390703116865261,GAN,t-SNE,Phenotype_B
0.10500544424823989,0.8311148705454822,GAN,t-SNE,Phenotype_B
0.3355661339348411,0.7834312323567761,GAN,t-SNE,Phenotype_B
0.6649513754342223,0.7990093739841796,GAN,t-SNE,Phenotype_B
0.7991790613402147,0.8388762593630651,GAN,t-SNE,Phenotype_B
0.6042618456609433,0.9142226189914057,GAN,t-SNE,Phenotype_B
0.44397958852375136,0.5738613804935063,GAN,t-SNE,Phenotype_B
0.9148441090932261,0.7563083184343126,GAN,t-SNE,Phenotype_B
0.34109563105201346,0.03779414489344491,GAN,t-SNE,Phenotype_B
0.29191012032292,0.9146168308767632,GAN,t-SNE,Phenotype_B
0.6447593256353619,0.9785436299889246,GAN,t-SNE,Phenotype_B
0.45821652984870614,0.5193422524052894,GAN,t-SNE,Phenotype_B
0.9606020529806973,0.7009740782916438,GAN,t-SNE,Phenotype_B
0.7116822165290543,0.8753858629331465,GAN,t-SNE,Phenotype_B
0.7004208116207091,0.5009295307160306,GAN,t-SNE,Phenotype_B
0.5669404766661981,0.7212634997862821,GAN,t-SNE,Phenotype_B
0.3768556086267148,0.030355947419750905,GAN,t-SNE,Phenotype_B
0.27083263275078895,0.19441189892220972,GAN,t-SNE,Phenotype_B
0.7869480458859257,0.8466054426985755,GAN,t-SNE,Phenotype_B
0.030010214952139368,0.753628517147717,GAN,t-SNE,Phenotype_B
0.33585027056766176,0.907994853418906,GAN,t-SNE,Phenotype_B
0.44527835274293415,0.1263583352604836,GAN,t-SNE,Phenotype_B
0.4897437977213186,0.6808184086309764,GAN,t-SNE,Phenotype_B
0.5642056587099531,0.5887312534764141,GAN,t-SNE,Phenotype_B
0.07362556761665627,0.813332943304159,GAN,t-SNE,Phenotype_B
0.959051140769908,0.7066296203155442,GAN,t-SNE,Phenotype_B
0.2196955693199157,0.867075460864419,GAN,t-SNE,Phenotype_B
0.5741705931763975,0.07936375673049484,GAN,t-SNE,Phenotype_B
0.4715576539934256,0.3375460521145011,GAN,t-SNE,Phenotype_B
0.07087323428972621,0.8108601742562412,GAN,t-SNE,Phenotype_B
0.28630810672002305,0.1002088293874603,GAN,t-SNE,Phenotype_B
0.4025663352395158,0.11564751725072489,GAN,t-SNE,Phenotype_B
0.19794653435861784,0.2904297000242859,GAN,t-SNE,Phenotype_B
0.3052693219645454,0.08507146562233422,GAN,t-SNE,Phenotype_B
0.6543070083049699,0.5509030560350482,GAN,t-SNE,Phenotype_B
0.5852272118408559,0.9533840046611483,GAN,t-SNE,Phenotype_B
0.6844981950640889,0.9037730836417229,GAN,t-SNE,Phenotype_B
0.8334894943284227,0.8369815650483355,GAN,t-SNE,Phenotype_B
0.5488500436185525,0.18890062348888775,GAN,t-SNE,Phenotype_B
0.6760472869249587,0.12283310410281129,GAN,t-SNE,Phenotype_B
0.1716291466279284,0.38934064135743796,GAN,t-SNE,Phenotype_B
0.5624801276895102,0.5501814104609017,GAN,t-SNE,Phenotype_B
0.8420067576769431,0.820262059684344,GAN,t-SNE,Phenotype_B
0.6425445036431991,0.7919700975941056,GAN,t-SNE,Phenotype_B
0.730718750572062,0.2916750164100795,GAN,t-SNE,Phenotype_B
0.6332588117497446,0.09707339531839212,GAN,t-SNE,Phenotype_B
0.43853449603423134,0.566905127209103,GAN,t-SNE,Phenotype_B
0.7038067969149354,0.3445296093999534,GAN,t-SNE,Phenotype_B
0.3199420842445866,0.46125535411342156,GAN,t-SNE,Phenotype_B
0.4773833126450059,0.8345147485634209,GAN,t-SNE,Phenotype_B
0.7372698206631993,0.8664832665470387,GAN,t-SNE,Phenotype_B
0.5220178693757475,0.14863950496208742,GAN,t-SNE,Phenotype_B
0.9803827270118489,0.5915368975538303,GAN,t-SNE,Phenotype_B
0.3433392198124547,0.13816685465824435,GAN,t-SNE,Phenotype_B
0.41828394842208694,0.1755545553380985,GAN,t-SNE,Phenotype_B
0.42246796239335466,0.1594094766437921,GAN,t-SNE,Phenotype_B
0.3668485792360678,0.15714224619129466,GAN,t-SNE,Phenotype_B
0.5918614130066145,0.9440992421082347,GAN,t-SNE,Phenotype_B
0.817631592686815,0.8300086382920441,GAN,t-SNE,Phenotype_B
0.3381820958251163,0.09321821385843487,GAN,t-SNE,Phenotype_B
0.7008218484945173,0.32240947382124047,GAN,t-SNE,Phenotype_B
0.30000208987445703,0.3535927596023365,GAN,t-SNE,Phenotype_B
0.21296311202203136,0.8659670339546989,GAN,t-SNE,Phenotype_B
0.26995194407328194,0.8837953593119772,GAN,t-SNE,Phenotype_B
0.5236240109452094,0.18103424791211478,GAN,t-SNE,Phenotype_B
0.6435487259936439,0.9781528860321784,GAN,t-SNE,Phenotype_B
0.36523269568670796,0.7186718389658113,GAN,t-SNE,Phenotype_B
0.6512122116668091,0.1500831165170121,GAN,t-SNE,Phenotype_B
0.5739095080164048,0.5928983843830066,GAN,t-SNE,Phenotype_B
0.4178510576424495,0.18700055753434214,GAN,t-SNE,Phenotype_B
0.5776988877688625,0.5061648706126041,GAN,t-SNE,Phenotype_B
0.5476161308764341,0.8222647078500782,GAN,t-SNE,Phenotype_B
0.25067233694069163,0.2530255395776417,GAN,t-SNE,Phenotype_B
0.4636551202017726,0.8113001543901298,GAN,t-SNE,Phenotype_B
0.47725016296656697,0.8338162226740498,GAN,t-SNE,Phenotype_B
0.17041100207416446,0.85503120853307,GAN,t-SNE,Phenotype_B
0.4784970841618135,0.5493845351494145,GAN,t-SNE,Phenotype_B
0.3252989535093177,0.06393733745149247,GAN,t-SNE,Phenotype_B
0.6308873054973685,0.5211711822159926,GAN,t-SNE,Phenotype_B
0.16967190026379536,0.8548926063627049,GAN,t-SNE,Phenotype_B
0.724406289118247,0.3121248793756256,GAN,t-SNE,Phenotype_B
0.4442372906090578,0.22876121571899616,GAN,t-SNE,Phenotype_B
0.033649456623561905,0.7611404381158693,GAN,t-SNE,Phenotype_B
0.37977066032336276,0.28727409144484495,GAN,t-SNE,Phenotype_B
0.9119620369593809,0.7650074445966298,GAN,t-SNE,Phenotype_B
0.8523428927503778,0.8139580862690953,GAN,t-SNE,Phenotype_B
0.3705596219561913,0.18053810071165086,GAN,t-SNE,Phenotype_B
0.6749055349837809,0.9184977790818405,GAN,t-SNE,Phenotype_B
0.6651469027757136,0.2376416453871425,GAN,t-SNE,Phenotype_B
0.5432815789050913,0.4480924957674756,GAN,t-SNE,Phenotype_B
0.7556554303950006,0.42008454363458203,GAN,t-SNE,Phenotype_B
0.05765959590343843,0.7972633882166542,GAN,t-SNE,Phenotype_B
0.41682732494389246,0.04255277078589439,GAN,t-SNE,Phenotype_B
0.5737440616005409,0.6991604058627715,GAN,t-SNE,Phenotype_B
0.5560147987855797,0.8253767865784348,GAN,t-SNE,Phenotype_B
0.37328495989480326,0.07686281792627932,GAN,t-SNE,Phenotype_B
0.3048579080490587,0.8994629045862172,GAN,t-SNE,Phenotype_B
0.6382082160478534,0.7185965453762907,GAN,t-SNE,Phenotype_B
0.5734663616938834,0.6980377834427811,GAN,t-SNE,Phenotype_B
0.7956296304595459,0.8409162844656853,GAN,t-SNE,Phenotype_B
0.4095720577714056,0,GAN,t-SNE,Phenotype_B
0.6400598631044392,0.8590188502171066,GAN,t-SNE,Phenotype_B
0.4576590847839399,0.15082694126185578,GAN,t-SNE,Phenotype_B
0.4174525683170743,0.4736414940535218,GAN,t-SNE,Phenotype_B
0.43940568072284764,0.8357262191497532,GAN,t-SNE,Phenotype_B
0.38532379004491724,0.02681206930861322,GAN,t-SNE,Phenotype_B
0.030367467829707315,0.754185546025817,GAN,t-SNE,Phenotype_B
0.3213964467020283,0.5007331260417657,GAN,t-SNE,Phenotype_B
0.6445488551172814,0.9768583590179836,GAN,t-SNE,Phenotype_B
0.5693893216845085,0.2174579370581488,GAN,t-SNE,Phenotype_B
0.7331911343903548,0.5293879318216257,GAN,t-SNE,Phenotype_B
0.6658705526054002,0.5442235523031417,GAN,t-SNE,Phenotype_B
0.2485368213780843,0.32050932085225836,GAN,t-SNE,Phenotype_B
0.04236980674698734,0.7762599583485844,GAN,t-SNE,Phenotype_B
0.3419245142422268,0.008071665429646765,GAN,t-SNE,Phenotype_B
0.7142492128568304,0.35430462912716293,GAN,t-SNE,Phenotype_B
0.6138322873368058,0.5235369955968153,GAN,t-SNE,Phenotype_B
0.6044281024966216,0.36870265038738725,GAN,t-SNE,Phenotype_B
0.23210621691636016,0.8699914828215765,GAN,t-SNE,Phenotype_B
0.6097522266570837,0.5756784952502279,GAN,t-SNE,Phenotype_B
0.29432346683568544,0.11353913043304271,GAN,t-SNE,Phenotype_B
0.25420939496313194,0.8710183273500804,GAN,t-SNE,Phenotype_B
0.7446604959666404,0.4965620171533387,GAN,t-SNE,Phenotype_B
0.6420081259820845,0.8106911161275332,GAN,t-SNE,Phenotype_B
0.0738616630673592,0.8133900231269825,GAN,t-SNE,Phenotype_B
0.48020143793363573,0.5026540577534282,GAN,t-SNE,Phenotype_B
0.9758955527586122,0.710259459462603,GAN,t-SNE,Phenotype_B
0.6241025540305402,0.9436954093643033,GAN,t-SNE,Phenotype_B
0.33885826574602257,0.9109501019320975,GAN,t-SNE,Phenotype_B
0.31276746551974155,0.47191568572556086,GAN,t-SNE,Phenotype_B
0.5630520397717741,0.08245484766960902,GAN,t-SNE,Phenotype_B
0.5889498520543074,0.9283376697060667,GAN,t-SNE,Phenotype_B
0.5937414051621082,0.9017997934664685,GAN,t-SNE,Phenotype_B
0.4431011521424413,0.2769181472372159,GAN,t-SNE,Phenotype_B
0.8381770998391362,0.8246710078959886,GAN,t-SNE,Phenotype_B
0.22299641938355613,0.8681035454287518,GAN,t-SNE,Phenotype_B
0.5700515905582132,0.3585774859962014,GAN,t-SNE,Phenotype_B
0.6754338456810363,0.795190788679296,GAN,t-SNE,Phenotype_B
0.7935246524622386,0.2602839787068235,GAN,t-SNE,Phenotype_B
0.2605165316384369,0.5224357093474694,GAN,t-SNE,Phenotype_B
0.06420778663631277,0.8259279239971934,GAN,t-SNE,Phenotype_B
0.5889526183813091,0.4010455764234768,GAN,t-SNE,Phenotype_B
0.7435021212437402,0.49617484741360457,GAN,t-SNE,Phenotype_B
0.3501108948590842,0.018622690322157107,GAN,t-SNE,Phenotype_B
0.3439558370964362,0.03103769189819174,GAN,t-SNE,Phenotype_B
0.15782658763651658,0.851754233664617,GAN,t-SNE,Phenotype_B
0.39354941038323865,0.4308090009464044,GAN,t-SNE,Phenotype_B
0.945954524030611,0.7281356813187445,GAN,t-SNE,Phenotype_B
0.37512775212796967,0.20605717473277346,GAN,t-SNE,Phenotype_B
0.8063604545657996,0.834745281121281,GAN,t-SNE,Phenotype_B
0.20781279849967604,0.46507465162521905,GAN,t-SNE,Phenotype_B
0.4361415346337077,0.056694361096041014,GAN,t-SNE,Phenotype_B
0.5264511577309723,0.2633884879921306,GAN,t-SNE,Phenotype_B
0.8912106388865775,0.43973493120579715,GAN,t-SNE,Phenotype_B
0.9875030830877584,0.6284939231230121,GAN,t-SNE,Phenotype_B
0.3178840514281678,0.9036064155404588,GAN,t-SNE,Phenotype_B
0.32700980174014216,0.16039965507639922,GAN,t-SNE,Phenotype_B
0.3404080174668214,0.5430762435237028,GAN,t-SNE,Phenotype_B
0.4686146468612781,0.09084776242443421,GAN,t-SNE,Phenotype_B
0.4927389596753485,0.5304755970355632,GAN,t-SNE,Phenotype_B
0.34046609524788335,0.05747192716673967,GAN,t-SNE,Phenotype_B
0.3999695708310908,0.13371196408455494,GAN,t-SNE,Phenotype_B
0.5514281371392481,0.5238033256932041,GAN,t-SNE,Phenotype_B
0.3358632143630193,0.04091097032665717,GAN,t-SNE,Phenotype_B
0.5745736773073474,0.9516477098667416,GAN,t-SNE,Phenotype_B
0.31464383332961365,0.47824474767560265,GAN,t-SNE,Phenotype_B
0.3245678687632904,0.905794275171191,GAN,t-SNE,Phenotype_B
0.773112712895798,0.8508633803863365,GAN,t-SNE,Phenotype_B
0.9878079930348712,0.6504594437550926,GAN,t-SNE,Phenotype_B
0.2815105750313043,0.8892816590764856,GAN,t-SNE,Phenotype_B
0.663019988292525,0.5409413312145598,GAN,t-SNE,Phenotype_B
0.39651957227553947,0.26768790339797244,GAN,t-SNE,Phenotype_B
0.4985550027888765,0.8194583051198178,GAN,t-SNE,Phenotype_B
0.7233487282504248,0.31583354182526985,GAN,t-SNE,Phenotype_B
0.34214242906664616,0.13020084849151461,GAN,t-SNE,Phenotype_B
0.553924689037623,0.593209106717053,GAN,t-SNE,Phenotype_B
0.8984797523121324,0.7499458148171824,GAN,t-SNE,Phenotype_B
0.8675957532227296,0.8042163730149756,GAN,t-SNE,Phenotype_B
0.5297731258360288,0.5658136940354033,GAN,t-SNE,Phenotype_B
0.43569970360189525,0.05565174847306557,GAN,t-SNE,Phenotype_B
0.12203578019690811,0.8384116537636171,GAN,t-SNE,Phenotype_B
0.2009691197388538,0.8623994692569564,GAN,t-SNE,Phenotype_B
0.3805409653055543,0.15144852931333183,GAN,t-SNE,Phenotype_B
0.9817050047277242,0.5778117054804043,GAN,t-SNE,Phenotype_B
0.9786005366880061,0.6704847552447231,GAN,t-SNE,Phenotype_B
0.5922609404658986,0.8232668954810923,GAN,t-SNE,Phenotype_B
0.5622608499507608,0.1843024059544761,GAN,t-SNE,Phenotype_B
0.5662182924030654,0.5600819388150008,GAN,t-SNE,Phenotype_B
0.4256106533182386,0.10615725931743823,GAN,t-SNE,Phenotype_B
0.16129630843816764,0.4152705382724124,GAN,t-SNE,Phenotype_B
0.7331692691743782,0.6328522450342334,GAN,t-SNE,Phenotype_B
0.47896233069182775,0.5467034113202119,GAN,t-SNE,Phenotype_B
0.2775982207577927,0.043979160933688366,GAN,t-SNE,Phenotype_B
0.4334123404611373,0.4922123896806378,GAN,t-SNE,Phenotype_B
0.3571599230841643,0.9094303464398047,GAN,t-SNE,Phenotype_B
0.9825507937335666,0.6654871607146473,GAN,t-SNE,Phenotype_B
0.6050835071577743,0.2231190343881291,GAN,t-SNE,Phenotype_B
0.8409087575000125,0.8204334020003882,GAN,t-SNE,Phenotype_B
0.7041090271835971,0.3655986132381901,GAN,t-SNE,Phenotype_B
0.24310534619210922,0.32927582555182683,GAN,t-SNE,Phenotype_B
0.4653642301670357,0.8150693032804212,GAN,t-SNE,Phenotype_B
0.4148404846849756,0.5888138392654979,GAN,t-SNE,Phenotype_B
0.42043614491359466,0.3638943960420666,GAN,t-SNE,Phenotype_B
0.6926885436732821,0.8945521343265825,GAN,t-SNE,Phenotype_B
0.5071704381123221,0.41455017874735994,GAN,t-SNE,Phenotype_B
0.1088002276968398,0.8324398865159361,GAN,t-SNE,Phenotype_B
0.44629970227337523,0.28110305838222033,GAN,t-SNE,Phenotype_B
0.5083434315439717,0.5150172016451138,GAN,t-SNE,Phenotype_B
0.9887408596211873,0.6474898129419352,GAN,t-SNE,Phenotype_B
0.7416799312648217,0.1401657905336654,GAN,t-SNE,Phenotype_B
0.6147364183121806,0.4985834001586679,GAN,t-SNE,Phenotype_B
0.09315332275236901,0.8247198022321768,GAN,t-SNE,Phenotype_B
0.638353040688911,0.5235572090521172,GAN,t-SNE,Phenotype_B
0.6228143235798471,0.12334190207287977,GAN,t-SNE,Phenotype_B
0.5895740969272182,0.8960697785104276,GAN,t-SNE,Phenotype_B
0.3379834523761351,0.02522774283796488,GAN,t-SNE,Phenotype_B
0.6023351546061314,0.582771605601786,GAN,t-SNE,Phenotype_B
0.5959035026592231,0.5179713847202319,GAN,t-SNE,Phenotype_B
0.6080801075832571,0.5035544629899031,GAN,t-SNE,Phenotype_B
0.4562788527775315,0.610480826734314,GAN,t-SNE,Phenotype_B
0.6050126254511086,0.41476925240837786,GAN,t-SNE,Phenotype_B
0.7696038936278483,0.18169164367383298,GAN,t-SNE,Phenotype_B
0.5248847955582571,0.8185800510225296,GAN,t-SNE,Phenotype_B
0.4117030856370202,0.5908325170351546,GAN,t-SNE,Phenotype_B
0.728970529374964,0.46646145080065,GAN,t-SNE,Phenotype_B
0.4451628262977815,0.25009766574350695,GAN,t-SNE,Phenotype_B
0.13063974412922663,0.8420697930460721,GAN,t-SNE,Phenotype_B
0.09517302591944041,0.259777522963501,GAN,t-SNE,Phenotype_B
0.3557245577966661,0.4278240725326033,GAN,t-SNE,Phenotype_B
0.35047343794066943,0.7774553836493485,GAN,t-SNE,Phenotype_B
0.37134145031213694,0.1600694821224884,GAN,t-SNE,Phenotype_B
0.7392392910296229,0.3174366449439073,GAN,t-SNE,Phenotype_B
0.7991803985616794,0.7995164797109355,GAN,t-SNE,Phenotype_B
0.3620841379651969,0.03186479935357542,GAN,t-SNE,Phenotype_B
0.9109080697947056,0.7699837681158076,GAN,t-SNE,Phenotype_B
0.5785274743770608,0.9392347864584768,GAN,t-SNE,Phenotype_B
0.45332229131514973,0.7944083752999069,GAN,t-SNE,Phenotype_B
0.2941797834439274,0.5130234974429188,GAN,t-SNE,Phenotype_B
0.7415256642472159,0.862960268986949,GAN,t-SNE,Phenotype_B
0.5668189050705519,0.41580548979870885,GAN,t-SNE,Phenotype_B
0.6143948193273155,0.5725573823988764,GAN,t-SNE,Phenotype_B
0.3113162160916412,0.9018023203058754,GAN,t-SNE,Phenotype_B
0.6828589048599196,0.5527795785230477,GAN,t-SNE,Phenotype_B
0.4730565851748992,0.19492711455069633,GAN,t-SNE,Phenotype_B
0.5863575418294199,0.5354015497502502,GAN,t-SNE,Phenotype_B
0.5314311525232432,0.5442722353744843,GAN,t-SNE,Phenotype_B
0.06892513786005307,0.8085131055208786,GAN,t-SNE,Phenotype_B
0.4198957223050561,0.3980558855426358,GAN,t-SNE,Phenotype_B
0.619392283511035,0.05355270736630147,GAN,t-SNE,Phenotype_B
0.674546744599735,0.35659016480886985,GAN,t-SNE,Phenotype_B
0.6239489849202267,0.2838018227510663,GAN,t-SNE,Phenotype_B
0.5220988231388872,0.27299025806153904,GAN,t-SNE,Phenotype_B
0.9446602115199413,0.7299588776112566,GAN,t-SNE,Phenotype_B
0.009832146615459697,0.6835476949271649,GAN,t-SNE,Phenotype_B
0.5961967875698047,0.4353566046288371,GAN,t-SNE,Phenotype_B
0.48145751049011376,0.5835730651524067,GAN,t-SNE,Phenotype_B
0.35520815502556013,0.02810694572420817,GAN,t-SNE,Phenotype_B
0.9869750957131325,0.653431711627416,GAN,t-SNE,Phenotype_B
0.44694050273275365,0.41508186757598037,GAN,t-SNE,Phenotype_B
0.45889603118320543,0.8294534420736861,GAN,t-SNE,Phenotype_B
0.53377300112719706,0.5599023989549272,GAN,t-SNE,Phenotype_B
0.6533370554073451,0.48987486538303276,GAN,t-SNE,Phenotype_B
0.522685464973039,0.6607592052528248,GAN,t-SNE,Phenotype_B
0.07153657802896335,0.8117387793145033,GAN,t-SNE,Phenotype_B
0.6193054046314526,0.05356741018308855,GAN,t-SNE,Phenotype_B
0.34014294913715204,0.12839172157732176,GAN,t-SNE,Phenotype_B
0.6988944903866127,0.5016152855258462,GAN,t-SNE,Phenotype_B
0.5287880250807229,0.5349698315445001,GAN,t-SNE,Phenotype_B
0.9871865747946891,0.6277678094752945,GAN,t-SNE,Phenotype_B
0.6706116473366447,0.9226767829718711,GAN,t-SNE,Phenotype_B
0.3507411238706277,0.49692065050661816,GAN,t-SNE,Phenotype_B
0.7177296881460621,0.87241171091005,GAN,t-SNE,Phenotype_B
0.5747913483289421,0.5087634464955868,GAN,t-SNE,Phenotype_B
0.3178269496824021,0.048977721424772365,GAN,t-SNE,Phenotype_B
0.6091704341360767,0.5287215813924454,GAN,t-SNE,Phenotype_B
0.39363267102897614,0.2886637462042418,GAN,t-SNE,Phenotype_B
0.3802623777181083,0.2505294694978177,GAN,t-SNE,Phenotype_B
0.693818724779441,0.2906192469588162,GAN,t-SNE,Phenotype_B
0.4224070024080405,0.546609155942133,GAN,t-SNE,Phenotype_B
0.3642024909302758,0.7183176331932615,GAN,t-SNE,Phenotype_B
0.7836960862176935,0.8457543015187706,GAN,t-SNE,Phenotype_B
0.6416631389114625,0.9768765588792131,GAN,t-SNE,Phenotype_B
0.31922706490308755,0.9040802370458041,GAN,t-SNE,Phenotype_B
0.5431082884029016,0.5630460251699784,GAN,t-SNE,Phenotype_B
0.3664080341185018,0.0700658646820827,GAN,t-SNE,Phenotype_B
0.5877947248092291,0.4484603799810689,GAN,t-SNE,Phenotype_B
0.48685987674061343,0.6811920733285087,GAN,t-SNE,Phenotype_B
0.9425950072698173,0.7319111190736887,GAN,t-SNE,Phenotype_B
0.8430228618308868,0.8200022587698056,GAN,t-SNE,Phenotype_B
0.4698497629540014,0.5813623582561575,GAN,t-SNE,Phenotype_B
0.34600079928569333,0.9251857224332889,GAN,t-SNE,Phenotype_B
0.7290121393018211,0.39910662634496374,GAN,t-SNE,Phenotype_B
0.5705015890669465,0.5405318422915393,GAN,t-SNE,Phenotype_B
0.5720336300563774,0.1268864964672916,GAN,t-SNE,Phenotype_B
0.4460960939447825,0.8380727620111631,GAN,t-SNE,Phenotype_B
0.30947278759780517,0.9012356851446369,GAN,t-SNE,Phenotype_B
0.19588280695090657,0.12217929115933171,GAN,t-SNE,Phenotype_B
0.613776081026889,0.10306722319519263,GAN,t-SNE,Phenotype_B
0.6789624777780623,0.5511573719598103,GAN,t-SNE,Phenotype_B
0.22018398294349345,0.6386241805460736,GAN,t-SNE,Phenotype_B
0.43094311367288946,0.5640964784510704,GAN,t-SNE,Phenotype_B
0.28156076412285863,0.3098785539480829,GAN,t-SNE,Phenotype_B
0.5073082254081118,0.07498552089312392,GAN,t-SNE,Phenotype_B
0.3945148789293292,0.25242727569137624,GAN,t-SNE,Phenotype_B
0.6866935176805076,0.8992552861405357,GAN,t-SNE,Phenotype_B
0.8395254670429387,0.821892142880869,GAN,t-SNE,Phenotype_B
0.2730277349345122,0.8851243843666727,GAN,t-SNE,Phenotype_B
0.29895525872982703,0.10129566810515354,GAN,t-SNE,Phenotype_B
0.6192813164771277,0.965101454005391,GAN,t-SNE,Phenotype_B
0.36292163351631135,0.10938602846043421,GAN,t-SNE,Phenotype_B
0.3507589414386013,0.7716693159533599,GAN,t-SNE,Phenotype_B
0.26831390192374677,0.27695688004026725,GAN,t-SNE,Phenotype_B
0.454690522797193,0.5157985731372376,GAN,t-SNE,Phenotype_B
0.6336005999131531,0.334816947646606,GAN,t-SNE,Phenotype_B
0.4553774409009433,0.3496380134268233,GAN,t-SNE,Phenotype_B
0.17747917488131967,0.33615216348528487,GAN,t-SNE,Phenotype_B
0.47510812230866456,0.3408792373450238,GAN,t-SNE,Phenotype_B
0.12644239773244365,0.16511551760606447,GAN,t-SNE,Phenotype_B
0.3565895653738847,0.9119117364398789,GAN,t-SNE,Phenotype_B
0.16084138485804125,0.852589280004473,GAN,t-SNE,Phenotype_B
0.5943407272506636,0.5594337110665427,GAN,t-SNE,Phenotype_B
0.32809601285267187,0.4844867248362605,GAN,t-SNE,Phenotype_B
0.8015002603073266,0.31053084862789654,GAN,t-SNE,Phenotype_B
0.05644896160848694,0.7961901720612906,GAN,t-SNE,Phenotype_B
0.3628818278218027,0.9143678794591071,GAN,t-SNE,Phenotype_B
0.397153757284732,0.7387441775221059,GAN,t-SNE,Phenotype_B
0.5263761521882977,0.2616335124975521,GAN,t-SNE,Phenotype_B
0.5042873760393913,0.3917886817544511,GAN,t-SNE,Phenotype_B
0.12855966140720035,0.20524897442629833,GAN,t-SNE,Phenotype_B
0.9878271192997392,0.6321616064488313,GAN,t-SNE,Phenotype_B
0.9519378010407195,0.7193294960113585,GAN,t-SNE,Phenotype_B
0.480410580385347,0.053038910002365755,GAN,t-SNE,Phenotype_B
0.8103960892956107,0.8077264291274344,GAN,t-SNE,Phenotype_B
0.38753185140492463,0.041822380597805096,GAN,t-SNE,Phenotype_B
0.6501073431845754,0.48879188378792804,GAN,t-SNE,Phenotype_B
0.5210656765062636,0.5306268085919407,GAN,t-SNE,Phenotype_B
0.40866817412133394,0.08119881662750598,GAN,t-SNE,Phenotype_B
0.5683691799906805,0.5879470677771179,GAN,t-SNE,Phenotype_B
0.2115419403561674,0.8654843517388686,GAN,t-SNE,Phenotype_B
0.3568102116047977,0.9125429312996699,GAN,t-SNE,Phenotype_B
0.3681242673002513,0.07069235309316059,GAN,t-SNE,Phenotype_B
0.7851925928184116,0.3458065910177615,GAN,t-SNE,Phenotype_B
0.9601388484801673,0.6996172166072392,GAN,t-SNE,Phenotype_B
0.41642119145565176,0.09507971554393556,GAN,t-SNE,Phenotype_B
0.8311995237064462,0.8274527978353566,GAN,t-SNE,Phenotype_B
0.6436314421916638,0.713527730950341,GAN,t-SNE,Phenotype_B
0.7683826944015637,0.8519192482225922,GAN,t-SNE,Phenotype_B
0.46943920215098117,0.09104955944229716,GAN,t-SNE,Phenotype_B
0.6270747668885903,0.9693587573167303,GAN,t-SNE,Phenotype_B
0.520891124477044,0.05280441523482671,GAN,t-SNE,Phenotype_B
0.7910322736223203,0.4275798268102288,GAN,t-SNE,Phenotype_B
0.4973869851544285,0.25735922107303844,GAN,t-SNE,Phenotype_B
0.619548473205928,0.9667151516092065,GAN,t-SNE,Phenotype_B
0.33767901838962255,0.07517744228735472,GAN,t-SNE,Phenotype_B
0.6713818667935106,0.6838023085478081,GAN,t-SNE,Phenotype_B
0.5685151819220763,0.4221626230629966,GAN,t-SNE,Phenotype_B
0.3501372116683469,0.023853666851862156,GAN,t-SNE,Phenotype_B
0.5529505889486259,0.8197155711944072,GAN,t-SNE,Phenotype_B
0.8022848930527612,0.48078725392602667,GAN,t-SNE,Phenotype_B
0.0949133219573767,0.8412705604193307,GAN,t-SNE,Phenotype_B
0.5448438455984211,0.028793586669603518,GAN,t-SNE,Phenotype_B
0.39825495212387124,0.7370278418923671,GAN,t-SNE,Phenotype_B
0.43093125475660715,0.0920242224605265,GAN,t-SNE,Phenotype_B
0.5924236218483928,0.9582063978430987,GAN,t-SNE,Phenotype_B
0.999637511723473,0.6693881669852041,GAN,t-SNE,Phenotype_B
0.5760339832180199,0.7887754526332792,GAN,t-SNE,Phenotype_B
0.3174236478779704,0.023669740729573237,GAN,t-SNE,Phenotype_B
0.4272991013439442,0.401400624909667,GAN,t-SNE,Phenotype_B
0.7434158922610665,0.8564833620246998,GAN,t-SNE,Phenotype_B
0.6249970502684133,0.5680614660032536,GAN,t-SNE,Phenotype_B
0.6144218455796706,0.8339387169022819,GAN,t-SNE,Phenotype_B
0.11849841144861394,0.8369091358839206,GAN,t-SNE,Phenotype_B
0.47974220580359617,0.5644275554318442,GAN,t-SNE,Phenotype_B
0.6285688558708504,0.11181861037922111,GAN,t-SNE,Phenotype_B
0.43727291225834064,0.5232172985339815,GAN,t-SNE,Phenotype_B
0.3483534279709612,0.04210929176182162,GAN,t-SNE,Phenotype_B
0.7678959081144149,0.3040451669279477,GAN,t-SNE,Phenotype_B
0.28459931808948635,0.053230937484864856,GAN,t-SNE,Phenotype_B
0.307807942360246,0.8140914090936666,GAN,t-SNE,Phenotype_B
0.3450676842132648,0.7783014562005706,GAN,t-SNE,Phenotype_B
0.5003733213187505,0.2603732136094067,GAN,t-SNE,Phenotype_B
0.4678852348213143,0.31106196486366505,GAN,t-SNE,Phenotype_B
0.35844937800443094,0.009178708138166613,GAN,t-SNE,Phenotype_B
0.1067735980500147,0.8375195229044888,Real,UMAP,Phenotype_C
0.9798111129246858,0.8517657484551744,Real,UMAP,Phenotype_C
0.8038297202866868,0.0523169502452073,Real,UMAP,Phenotype_C
0.0931625505431135,0.8285479177489852,Real,UMAP,Phenotype_C
0.9877611251652388,0.8614902736063252,Real,UMAP,Phenotype_C
0.3856458708799587,0.6771174932698314,Real,UMAP,Phenotype_C
0.009229062898627521,0.8671700152509528,Real,UMAP,Phenotype_C
0.37004527089705974,0.9852273575162089,Real,UMAP,Phenotype_C
0.10850035731915147,0.8289953183033096,Real,UMAP,Phenotype_C
0.9824797643582721,0.8435528905553163,Real,UMAP,Phenotype_C
0.22577961608168987,0.8951280369367209,Real,UMAP,Phenotype_C
0.17727346058315982,0.8603900932526283,Real,UMAP,Phenotype_C
0.41350309654364564,0.879198968372293,Real,UMAP,Phenotype_C
0.5163663876176294,0.3819478753493347,Real,UMAP,Phenotype_C
0.3598171903840418,0.9577213918587857,Real,UMAP,Phenotype_C
0.0641132157135739,0.826615167623034,Real,UMAP,Phenotype_C
0.7686497165953714,0.019782249228616457,Real,UMAP,Phenotype_C
0.2505345156271778,0.9334273549066099,Real,UMAP,Phenotype_C
0.42466208521275345,0.9352317152932511,Real,UMAP,Phenotype_C
0.9632940475195096,0.8456363576939404,Real,UMAP,Phenotype_C
0.4540579434519582,0.5328022245058325,Real,UMAP,Phenotype_C
0.37263773354788116,0.7109330038651203,Real,UMAP,Phenotype_C
0.3728500013920967,0.25659230956229295,Real,UMAP,Phenotype_C
0.9603970664155758,0.8404112690087439,Real,UMAP,Phenotype_C
0.40161882444301394,0.9559365717950735,Real,UMAP,Phenotype_C
0.28044464815004555,0.9565674043597786,Real,UMAP,Phenotype_C
0.39515782847381153,0.977725520345815,Real,UMAP,Phenotype_C
0.034020303267072255,0.8437879128186165,Real,UMAP,Phenotype_C
0.03578914817842539,0.8443822616685498,Real,UMAP,Phenotype_C
0.14319039462777208,0.8436753580249541,Real,UMAP,Phenotype_C
0.4242829943796733,0.9174006163974282,Real,UMAP,Phenotype_C
0.05464958345326809,0.8325025370749917,Real,UMAP,Phenotype_C
0.9272435208228612,0.8438683226726146,Real,UMAP,Phenotype_C
0.12049814339060265,0.8399238060419312,Real,UMAP,Phenotype_C
0.9732426113770917,0.8226258697660596,Real,UMAP,Phenotype_C
0.0012707454137515653,0.8762391003318625,Real,UMAP,Phenotype_C
0.4235975131860815,0.9316525425285469,Real,UMAP,Phenotype_C
0.39086185478310426,0.9781183853473294,Real,UMAP,Phenotype_C
0.40202281218240776,0.9489818319968005,Real,UMAP,Phenotype_C
0.9714660636743717,0.8366882199278864,Real,UMAP,Phenotype_C
0.2558539170350846,0.9124205893310724,Real,UMAP,Phenotype_C
0.9519449096361446,0.86667007434697,Real,UMAP,Phenotype_C
0.095533848410529,0.834995052529582,Real,UMAP,Phenotype_C
0.12356090663833875,0.834540304560477,Real,UMAP,Phenotype_C
0.0034317871995013065,0.8735137161665801,Real,UMAP,Phenotype_C
0.051044160705358804,0.8317059442992486,Real,UMAP,Phenotype_C
0.16843179645145742,0.8680370101950448,Real,UMAP,Phenotype_C
0.5532229640952239,0.23033562610678351,Real,UMAP,Phenotype_C
0.37180781156855125,0.9931660808370175,Real,UMAP,Phenotype_C
0.04155608606797847,0.8590212572110759,Real,UMAP,Phenotype_C
0.3721110498091321,0.9849781471416086,Real,UMAP,Phenotype_C
0.42838827826217624,0.9234661289879202,Real,UMAP,Phenotype_C
0.9751452008446907,0.8600123347892615,Real,UMAP,Phenotype_C
0.07930312028889856,0.8334041472102689,Real,UMAP,Phenotype_C
0.06754194761594089,0.8275278622202646,Real,UMAP,Phenotype_C
0.9891066177778962,0.8414481729196334,Real,UMAP,Phenotype_C
0.08173969823733884,0.8311232816392031,Real,UMAP,Phenotype_C
0.9752192164935783,0.8392075281105122,Real,UMAP,Phenotype_C
0.03423976827249498,0.8464608833138056,Real,UMAP,Phenotype_C
0.048834062036043985,0.8339644509270601,Real,UMAP,Phenotype_C
0.42021446281701236,0.9469441278510978,Real,UMAP,Phenotype_C
0.053011169606902456,0.8202451490277407,Real,UMAP,Phenotype_C
0.4408689787893097,0.5594560246457627,Real,UMAP,Phenotype_C
0.09908698684832287,0.819481556278727,Real,UMAP,Phenotype_C
0.812545041427032,0.030509443138166996,Real,UMAP,Phenotype_C
0.04631503409733118,0.8430716348871975,Real,UMAP,Phenotype_C
0.1487443869135341,0.8585981157934834,Real,UMAP,Phenotype_C
0.9681342406332228,0.8475829158924961,Real,UMAP,Phenotype_C
0.36422380025689455,0.9860260721746689,Real,UMAP,Phenotype_C
0.042273392376878736,0.8387596525078184,Real,UMAP,Phenotype_C
0.4285124965310544,0.9229839232230626,Real,UMAP,Phenotype_C
0.10167830914176317,0.8274696212901731,Real,UMAP,Phenotype_C
0.3655349530510563,0.9801180856234781,Real,UMAP,Phenotype_C
0.09517224753982956,0.8246867562721903,Real,UMAP,Phenotype_C
0.08906797902723557,0.8265549631596822,Real,UMAP,Phenotype_C
0.08800736059808775,0.8230595572574533,Real,UMAP,Phenotype_C
0.31718127194085255,0.502912612603882,Real,UMAP,Phenotype_C
0.09637388299304997,0.8214273227300004,Real,UMAP,Phenotype_C
0.9701565891420162,0.8473543542870202,Real,UMAP,Phenotype_C
0.39272999685132265,0.97860261798523,Real,UMAP,Phenotype_C
0.9558644255359324,0.8339995411666149,Real,UMAP,Phenotype_C
0.7636341881552671,0.017639242694357807,Real,UMAP,Phenotype_C
0.4137440024194511,0.9558577137657489,Real,UMAP,Phenotype_C
0.4035009627843723,0.6437428117264233,Real,UMAP,Phenotype_C
0.9425745715193206,0.8448214913909201,Real,UMAP,Phenotype_C
0.1615546668609434,0.8624279874176789,Real,UMAP,Phenotype_C
0.08808081682637336,0.8199545144353265,Real,UMAP,Phenotype_C
0.9505700689580563,0.8661879635917863,Real,UMAP,Phenotype_C
0.39257611853244695,0.8681980515922798,Real,UMAP,Phenotype_C
0.1864342526521593,0.8728875707457867,Real,UMAP,Phenotype_C
0.12872663951009558,0.8370694937491868,Real,UMAP,Phenotype_C
0.7652733120354738,0.09780897557655988,Real,UMAP,Phenotype_C
0.03515523857158576,0.8472661536397637,Real,UMAP,Phenotype_C
0.35595753248867423,0.9889905006794458,Real,UMAP,Phenotype_C
0.3337763227295732,0.9798980748886519,Real,UMAP,Phenotype_C
0.934426825612117,0.8496097255955934,Real,UMAP,Phenotype_C
0.9466727577529348,0.8693458317925932,Real,UMAP,Phenotype_C
0.3769985838912944,0.996546240004824,Real,UMAP,Phenotype_C
0.0600874959641031,0.8274678161063693,Real,UMAP,Phenotype_C
0.166708716448588,0.8542162379640161,Real,UMAP,Phenotype_C
0.061679951256391974,0.8276851665703269,Real,UMAP,Phenotype_C
0.3334993019506695,0.4107299792764899,Real,UMAP,Phenotype_C
0.149023559310138,0.8517706256184338,Real,UMAP,Phenotype_C
0.00921494828651406,0.8679023181473671,Real,UMAP,Phenotype_C
0.4283624104383753,0.9189868029029382,Real,UMAP,Phenotype_C
0.9701421733034247,0.8584849909417777,Real,UMAP,Phenotype_C
0.16343649321773523,0.8347673143412796,Real,UMAP,Phenotype_C
0.24689729196965926,0.8032975767592656,Real,UMAP,Phenotype_C
0.41965477057321976,0.9357705784936355,Real,UMAP,Phenotype_C
0.7786681219635027,0.09159382274969904,Real,UMAP,Phenotype_C
0.42144806324069173,0.9064734271243498,Real,UMAP,Phenotype_C
0.9808486229797332,0.8616984714716985,Real,UMAP,Phenotype_C
0.9711428906957983,0.8369502882783525,Real,UMAP,Phenotype_C
0.31032240958461343,0.9611327775394091,Real,UMAP,Phenotype_C
0.9193396822981549,0.8503607453977631,Real,UMAP,Phenotype_C
0.022195614839604,0.8636273895408031,Real,UMAP,Phenotype_C
0.4127514826905153,0.9146425805742208,Real,UMAP,Phenotype_C
0.4125910150424327,0.9694940405498754,Real,UMAP,Phenotype_C
0.0976355485801066,0.8255072281459698,Real,UMAP,Phenotype_C
0.6987540713448028,0.119199706914158,Real,UMAP,Phenotype_C
0.09437743996136727,0.8234424779131011,Real,UMAP,Phenotype_C
0.9757047935761646,0.859985003673074,Real,UMAP,Phenotype_C
0.045545572575377516,0.8318706277339826,Real,UMAP,Phenotype_C
0.9690550039118562,0.8649494491529127,Real,UMAP,Phenotype_C
0.97220247634845,0.8618469715919809,Real,UMAP,Phenotype_C
0.08668592307131893,0.8260139780765811,Real,UMAP,Phenotype_C
0,0.8781727055448786,Real,UMAP,Phenotype_C
0.9672353377904237,0.8256207647062624,Real,UMAP,Phenotype_C
0.9139441136236602,0.8411210862823386,Real,UMAP,Phenotype_C
0.9566184814751525,0.8519787284741333,Real,UMAP,Phenotype_C
0.8902661202533109,0.8334684370895978,Real,UMAP,Phenotype_C
0.006173679699603186,0.8709109894902832,Real,UMAP,Phenotype_C
0.9429162484101159,0.8581694638148056,Real,UMAP,Phenotype_C
0.008017185745154051,0.8685298887132687,Real,UMAP,Phenotype_C
0.22006623195669534,0.8793048724887835,Real,UMAP,Phenotype_C
0.12919306719514986,0.8351939394469144,Real,UMAP,Phenotype_C
0.425334914894268,0.9394366851099446,Real,UMAP,Phenotype_C
0.9531368197773601,0.8702374342422212,Real,UMAP,Phenotype_C
0.9320260936145623,0.8566486439649285,Real,UMAP,Phenotype_C
0.7523488027043597,0.015326865581453504,Real,UMAP,Phenotype_C
0.08732237158704484,0.8254238096522988,Real,UMAP,Phenotype_C
0.3031002573377802,0.9607864672780982,Real,UMAP,Phenotype_C
0.4207449576086129,0.9444131334785841,Real,UMAP,Phenotype_C
0.9252146313962591,0.8486572852847877,Real,UMAP,Phenotype_C
0.7808573929734793,0.024483169542989534,Real,UMAP,Phenotype_C
0.9805671913845441,0.8497688351294596,Real,UMAP,Phenotype_C
0.1636543660260598,0.854993702125417,Real,UMAP,Phenotype_C
0.3671807792203992,0.9882033455313086,Real,UMAP,Phenotype_C
0.06855583290863985,0.8161721159781822,Real,UMAP,Phenotype_C
0.8176202987744945,0.03718152915663206,Real,UMAP,Phenotype_C
0.4802972346355024,0.47875578941447816,Real,UMAP,Phenotype_C
0.4198677645884091,0.9400931386167073,Real,UMAP,Phenotype_C
0.20632744290693192,0.8778052397961827,Real,UMAP,Phenotype_C
0.9701977280724444,0.8672005450261613,Real,UMAP,Phenotype_C
0.1633548823583658,0.8495110738842095,Real,UMAP,Phenotype_C
0.39475075854206215,0.975647215399472,Real,UMAP,Phenotype_C
0.36922311625762766,0.7116682203915335,Real,UMAP,Phenotype_C
0.062313000216151514,0.8305291861484003,Real,UMAP,Phenotype_C
0.9359162184165651,0.858545353754586,Real,UMAP,Phenotype_C
0.3433935051870554,0.9856417263739127,Real,UMAP,Phenotype_C
0.9428762713532457,0.8408258278857953,Real,UMAP,Phenotype_C
0.09684056887222829,0.8260517919267873,Real,UMAP,Phenotype_C
0.09683983732221021,0.8277330197760736,Real,UMAP,Phenotype_C
0.3828165312574755,0.9900139132166437,Real,UMAP,Phenotype_C
0.2308207487724268,0.870087540646722,Real,UMAP,Phenotype_C
0.10108932531250418,0.8259292294474757,Real,UMAP,Phenotype_C
0.9273413333635133,0.8416759744477182,Real,UMAP,Phenotype_C
0.9748941070590746,0.8257590671215477,Real,UMAP,Phenotype_C
0.3855604570363041,0.9844114461067759,Real,UMAP,Phenotype_C
0.949475411936891,0.8620279016809491,Real,UMAP,Phenotype_C
0.5267386641698721,0.30355630393620014,Real,UMAP,Phenotype_C
0.9543414674953608,0.8354459367719488,Real,UMAP,Phenotype_C
0.4219436130713185,0.9358904490321871,Real,UMAP,Phenotype_C
0.9732368880740091,0.8548491607415467,Real,UMAP,Phenotype_C
0.28415463951818565,0.9611674244004857,Real,UMAP,Phenotype_C
0.690623280185077,0.12299908043303635,Real,UMAP,Phenotype_C
0.4034933084044038,0.9561517053666404,Real,UMAP,Phenotype_C
0.9424702180608597,0.8383811973068431,Real,UMAP,Phenotype_C
0.06087942037484709,0.8284226633289135,Real,UMAP,Phenotype_C
0.3622608363966273,0.9888485562266617,Real,UMAP,Phenotype_C
0.36003220154082505,0.9948505390152159,Real,UMAP,Phenotype_C
0.0026519548802325676,0.8748642153410727,Real,UMAP,Phenotype_C
0.22613753768612194,0.932655147947164,Real,UMAP,Phenotype_C
0.373360591030448,0.9851208833416751,Real,UMAP,Phenotype_C
0.34293002521825044,0.939368024785617,Real,UMAP,Phenotype_C
0.41271037603435257,0.8685605451680424,Real,UMAP,Phenotype_C
0.40696292642211923,0.9422376019659655,Real,UMAP,Phenotype_C
0.42418928067074013,0.9310255103507973,Real,UMAP,Phenotype_C
0.042812157449014517,0.8512338843007662,Real,UMAP,Phenotype_C
0.34109256521843717,0.3624852069937761,Real,UMAP,Phenotype_C
0.3891261501633788,0.21460981490468692,Real,UMAP,Phenotype_C
0.9232270099971474,0.8468952042030253,Real,UMAP,Phenotype_C
0.9730956989205205,0.8659513895038126,Real,UMAP,Phenotype_C
0.2702281218240778,0.9478089375726904,Real,UMAP,Phenotype_C
0.35310958675212833,0.9811674991414292,Real,UMAP,Phenotype_C
0.7053536637681651,0.11224965425979673,Real,UMAP,Phenotype_C
0.9562214219447535,0.8476282671768306,Real,UMAP,Phenotype_C
0.4658023086287745,0.509255157568477,Real,UMAP,Phenotype_C
0.38341531570535903,0.9819506638832632,Real,UMAP,Phenotype_C
0.9876848718339429,0.8427012238386112,Real,UMAP,Phenotype_C
0.14919702272912996,0.8474830290553518,Real,UMAP,Phenotype_C
0.5193454798320482,0.37450841994731904,Real,UMAP,Phenotype_C
0.05061758098011264,0.8372311052044652,Real,UMAP,Phenotype_C
0.9411560960342716,0.83703826723637,Real,UMAP,Phenotype_C
0.40201162914941085,0.947785596862806,Real,UMAP,Phenotype_C
0.1579955899582969,0.8454286982167191,Real,UMAP,Phenotype_C
0.3234551524767551,0.9776390298726884,Real,UMAP,Phenotype_C
0.003273686330888938,0.8727767261262541,Real,UMAP,Phenotype_C
0.042839396929099334,0.8365889348186766,Real,UMAP,Phenotype_C
0.9749658850255541,0.83016887779513715,Real,UMAP,Phenotype_C
0.9367284110660452,0.8519048109478508,Real,UMAP,Phenotype_C
0.4022693875708533,0.9106962904296249,Real,UMAP,Phenotype_C
0.41294085732240043,0.9514425825504219,Real,UMAP,Phenotype_C
0.03310367109442335,0.8451487363776713,Real,UMAP,Phenotype_C
0.06060457272982064,0.8238511461903718,Real,UMAP,Phenotype_C
0.3655019902678889,0.970159709995005,Real,UMAP,Phenotype_C
0.9888397741507146,0.8295349732509764,Real,UMAP,Phenotype_C
0.8961808742788692,0.8409638769419502,Real,UMAP,Phenotype_C
0.8928607990703634,0.8415523035222113,Real,UMAP,Phenotype_C
0.0559873732745586,0.8291461619955477,Real,UMAP,Phenotype_C
0.9832549922156624,0.8509850539648613,Real,UMAP,Phenotype_C
0.09030339487834947,0.831895805297562,Real,UMAP,Phenotype_C
0.24606267946374286,0.8026053362753396,Real,UMAP,Phenotype_C
0.427709528942464,0.9210795809896031,Real,UMAP,Phenotype_C
0.27382009696136067,0.9466879184305212,Real,UMAP,Phenotype_C
0.9546704928740789,0.8288152749712976,Real,UMAP,Phenotype_C
0.36008281834722283,0.30121529724156515,Real,UMAP,Phenotype_C
0.9289664502124916,0.8451656480996228,Real,UMAP,Phenotype_C
0.38166961682141604,1,Real,UMAP,Phenotype_C
0.28194772524306716,0.9517943400330355,Real,UMAP,Phenotype_C
0.9664839928895059,0.8391511557040071,Real,UMAP,Phenotype_C
0.3982360241995025,0.9671892642108819,Real,UMAP,Phenotype_C
0.9919802323136057,0.840832446893076,Real,UMAP,Phenotype_C
0.41872522869436957,0.9428138673079693,Real,UMAP,Phenotype_C
0.027774974698051656,0.8521368245714779,Real,UMAP,Phenotype_C
0.9752631094946629,0.8359596857485363,Real,UMAP,Phenotype_C
0.07820988333541538,0.828494648991827,Real,UMAP,Phenotype_C
0.37336009615837695,0.9854987051448245,Real,UMAP,Phenotype_C
0.36262614880785965,0.9693173542263407,Real,UMAP,Phenotype_C
0.9464166722142543,0.8659390065763163,Real,UMAP,Phenotype_C
0.9341703958146044,0.8367954541798113,Real,UMAP,Phenotype_C
0.31698780923533704,0.5027364488335536,Real,UMAP,Phenotype_C
0.0724341668456454,0.834736119498354,Real,UMAP,Phenotype_C
0.2690876783782517,0.9312922341752837,Real,UMAP,Phenotype_C
0.15672196137682706,0.8464408362726159,Real,UMAP,Phenotype_C
0.37987631877489986,0.9392853030295545,Real,UMAP,Phenotype_C
0.3058743918291199,0.8803759482123803,Real,UMAP,Phenotype_C
0.7852936628963296,0.0749520866214598,Real,UMAP,Phenotype_C
0.9233956537924909,0.8400797485866678,Real,UMAP,Phenotype_C
0.5172975970001974,0.36734460344418934,Real,UMAP,Phenotype_C
0.3691870874192374,0.9896280472611054,Real,UMAP,Phenotype_C
0.09417914687411474,0.8288434295046588,Real,UMAP,Phenotype_C
0.42856987748559716,0.13620219477413856,Real,UMAP,Phenotype_C
0.43699393682738547,0.15050678793448083,Real,UMAP,Phenotype_C
0.03948683229332023,0.8388716689133288,Real,UMAP,Phenotype_C
0.3255434911004143,0.9638875513638132,Real,UMAP,Phenotype_C
0.15282792063060988,0.8442463028252203,Real,UMAP,Phenotype_C
0.9698974913385554,0.8719100162111839,Real,UMAP,Phenotype_C
0.14433789537965488,0.843137381581526,Real,UMAP,Phenotype_C
0.40245450199969196,0.8928970514444448,Real,UMAP,Phenotype_C
0.9625556983895013,0.8370145148178988,Real,UMAP,Phenotype_C
0.700784294774379,0.11645408568833812,Real,UMAP,Phenotype_C
0.3702075136297451,0.9959071732683822,Real,UMAP,Phenotype_C
0.9470279898352416,0.8336662155607351,Real,UMAP,Phenotype_C
0.08909625128381649,0.830919390879046,Real,UMAP,Phenotype_C
0.38018653363587374,0.9855103279949298,Real,UMAP,Phenotype_C
0.7954368620910738,0.06633781284943767,Real,UMAP,Phenotype_C
0.40099941136042955,0.9487562473611063,Real,UMAP,Phenotype_C
0.77899820163489375,0.07193695462071949,Real,UMAP,Phenotype_C
0.9777910020983006,0.8510911797705909,Real,UMAP,Phenotype_C
0.08471026466662039,0.8302213231351216,Real,UMAP,Phenotype_C
0.3397833488802056,0.3735591862130069,Real,UMAP,Phenotype_C
0.183311911110304,0.877798399099663,Real,UMAP,Phenotype_C
0.40364198518748917,0.9083000831144628,Real,UMAP,Phenotype_C
0.38292918458121494,0.978056502379739,Real,UMAP,Phenotype_C
0.15320066688099648,0.846557761511277,Real,UMAP,Phenotype_C
0.5142281422214136,0.3870363401234847,Real,UMAP,Phenotype_C
0.09086591380989571,0.8317040757756622,Real,UMAP,Phenotype_C
0.33629693210729567,0.9497525188014644,Real,UMAP,Phenotype_C
0.07041977932234283,0.827073684309203,Real,UMAP,Phenotype_C
0.0032887476547904973,0.8738643652029983,Real,UMAP,Phenotype_C
0.18707149726643427,0.8768305988915791,Real,UMAP,Phenotype_C
0.9588906758312958,0.8728688538400313,Real,UMAP,Phenotype_C
0.42298208328576464,0.9365015829245067,Real,UMAP,Phenotype_C
0.3456040019056448,0.9792778834074218,Real,UMAP,Phenotype_C
0.04077345664569944,0.842392759097398,Real,UMAP,Phenotype_C
0.042051259365507736,0.8428567230048697,Real,UMAP,Phenotype_C
0.9705204707274778,0.855361167874113,Real,UMAP,Phenotype_C
0.2445777835402881,0.873352896458584,Real,UMAP,Phenotype_C
0.3554260936748077,0.9927345785681232,Real,UMAP,Phenotype_C
0.9692122441333885,0.8406942394874646,Real,UMAP,Phenotype_C
0.34755204429716097,0.9769409937986553,Real,UMAP,Phenotype_C
0.40609251099767113,0.9652704488371006,Real,UMAP,Phenotype_C
0.39079095360083765,0.982572755557971,Real,UMAP,Phenotype_C
0.06116674740253484,0.8392614936052789,Real,UMAP,Phenotype_C
0.5166941542999929,0.376790805673167,Real,UMAP,Phenotype_C
0.8074998852111956,0.037081452300139865,Real,UMAP,Phenotype_C
0.4062737525146494,0.9507934764584397,Real,UMAP,Phenotype_C
0.9670590342360675,0.8756495336355148,Real,UMAP,Phenotype_C
0.42602820377058953,0.924013416379389,Real,UMAP,Phenotype_C
0.34030143690624226,0.9873259945327634,Real,UMAP,Phenotype_C
0.004599470125412202,0.8731379212364736,Real,UMAP,Phenotype_C
0.008015937806887922,0.8693873193501895,Real,UMAP,Phenotype_C
0.9624288820422501,0.8223590509318992,Real,UMAP,Phenotype_C
0.9708654180771776,0.8427189589777364,Real,UMAP,Phenotype_C
0.4890208139535334,0.4607844666316841,Real,UMAP,Phenotype_C
0.2696427096802012,0.9593104603244036,Real,UMAP,Phenotype_C
0.41194829456111065,0.9647757017952902,Real,UMAP,Phenotype_C
0.9000076554557774,0.8418888277871119,Real,UMAP,Phenotype_C
0.34053375782742384,0.9440279959305456,Real,UMAP,Phenotype_C
0.07841351243456446,0.8194677165362311,Real,UMAP,Phenotype_C
0.7497953488824433,0.05701818725849333,Real,UMAP,Phenotype_C
0.7603083896436788,0.027924008222517217,Real,UMAP,Phenotype_C
0.3210452223135321,0.47224941709189827,Real,UMAP,Phenotype_C
0.13320434958985217,0.8484065864252965,Real,UMAP,Phenotype_C
0.42021503837474716,0.9369764412745839,Real,UMAP,Phenotype_C
0.3612089535353424,0.9789551355452345,Real,UMAP,Phenotype_C
0.9894054774764571,0.8627446546607376,Real,UMAP,Phenotype_C
0.3790311687212966,0.9002025036189185,Real,UMAP,Phenotype_C
0.7639993176789949,0.03815357313014944,Real,UMAP,Phenotype_C
0.04765656773342008,0.8369827182470386,Real,UMAP,Phenotype_C
0.3838052748973474,0.9716496833707609,Real,UMAP,Phenotype_C
0.0763632789603762,0.8354345672809739,Real,UMAP,Phenotype_C
0.9647105865486283,0.8462650050361461,Real,UMAP,Phenotype_C
0.17840473813758295,0.8580833217104832,Real,UMAP,Phenotype_C
0.991452096232909,0.8469297560544281,Real,UMAP,Phenotype_C
0.31365313530073524,0.949062716899168,Real,UMAP,Phenotype_C
0.916142808719164,0.846294299685594,Real,UMAP,Phenotype_C
0.9381158171915028,0.8572238958704108,Real,UMAP,Phenotype_C
0.07128399808781431,0.8240153862466276,Real,UMAP,Phenotype_C
0.5357612578339862,0.26169618173855796,Real,UMAP,Phenotype_C
0.11306763924376835,0.8311193229027913,Real,UMAP,Phenotype_C
0.7721733133221412,0.05151072982251053,Real,UMAP,Phenotype_C
0.08807324313206857,0.8270982918147393,Real,UMAP,Phenotype_C
0.004207230218661592,0.8730804403837732,Real,UMAP,Phenotype_C
0.05392457435300103,0.834482221979842,Real,UMAP,Phenotype_C
0.046336937565519445,0.8326664921022259,Real,UMAP,Phenotype_C
0.9537312687155776,0.8614250969700401,Real,UMAP,Phenotype_C
0.4092165684546423,0.9640839680296248,Real,UMAP,Phenotype_C
0.09393760627108774,0.8223746641883076,Real,UMAP,Phenotype_C
0.9807321343974431,0.8578296775511016,Real,UMAP,Phenotype_C
0.07293243847266298,0.8372094429988195,Real,UMAP,Phenotype_C
0.32403027988802463,0.46349123310704243,Real,UMAP,Phenotype_C
0.9801068312614044,0.8421644508510523,Real,UMAP,Phenotype_C
0.9602605677886736,0.831886240990391,Real,UMAP,Phenotype_C
0.9385653331614334,0.8477867749827621,Real,UMAP,Phenotype_C
0.3853301263614953,0.925180483543501,Real,UMAP,Phenotype_C
0.374171729387255,0.9764036824229443,Real,UMAP,Phenotype_C
0.2745978206952832,0.9424832653127408,Real,UMAP,Phenotype_C
0.9777636765535078,0.8574303835616542,Real,UMAP,Phenotype_C
0.41949690638255444,0.9236421502437379,Real,UMAP,Phenotype_C
0.42723126467053635,0.13921634500824873,Real,UMAP,Phenotype_C
0.06364330240784524,0.8224538389165451,Real,UMAP,Phenotype_C
0.95456519270383,0.8524617259862732,Real,UMAP,Phenotype_C
0.8957000737875774,0.8396744373178744,Real,UMAP,Phenotype_C
0.1635423097762322,0.8665892527843851,Real,UMAP,Phenotype_C
0.007470373622819437,0.8691147365958135,Real,UMAP,Phenotype_C
0.39007769771225803,0.21232931353737103,Real,UMAP,Phenotype_C
0.36689652900602276,0.9635682238498857,Real,UMAP,Phenotype_C
0.3071190596363448,0.9549205700124387,Real,UMAP,Phenotype_C
0.7974955083904699,0.05361867778710561,Real,UMAP,Phenotype_C
0.05434177302507422,0.8306311948682615,Real,UMAP,Phenotype_C
0.257355014639822,0.9303687401451216,Real,UMAP,Phenotype_C
0.5203077424370746,0.3666690054881388,Real,UMAP,Phenotype_C
0.0379372802579738,0.8431452990543498,Real,UMAP,Phenotype_C
0.9460483582963302,0.8509665904182364,Real,UMAP,Phenotype_C
0.9695775027541782,0.8645083825768473,Real,UMAP,Phenotype_C
0.9715008338164074,0.8332133994549992,Real,UMAP,Phenotype_C
0.7808860740374233,0.08743110056799316,Real,UMAP,Phenotype_C
0.9778505158438888,0.8556256114664261,Real,UMAP,Phenotype_C
0.36090877059189586,0.9861601941643031,Real,UMAP,Phenotype_C
0.9469498430803696,0.8623159076723859,Real,UMAP,Phenotype_C
0.045706986935248224,0.8347556281513917,Real,UMAP,Phenotype_C
0.07830227379946295,0.828986989121899,Real,UMAP,Phenotype_C
0.9758172801495323,0.8444100044933242,Real,UMAP,Phenotype_C
0.40077339467910966,0.9730610520763224,Real,UMAP,Phenotype_C
0.06785100598240089,0.8282554463028758,Real,UMAP,Phenotype_C
0.4246107771991695,0.9287237109815855,Real,UMAP,Phenotype_C
0.9807584271657398,0.8591583245006007,Real,UMAP,Phenotype_C
0.03261792188242106,0.8450363399334654,Real,UMAP,Phenotype_C
0.044633329702837066,0.8393646424412267,Real,UMAP,Phenotype_C
0.3218901303101441,0.4883939745244861,Real,UMAP,Phenotype_C
0.06815477136931834,0.8256453722117986,Real,UMAP,Phenotype_C
0.41829217797888996,0.9468096891625505,Real,UMAP,Phenotype_C
0.3307784737878528,0.9728473436498638,Real,UMAP,Phenotype_C
0.05925963953776539,0.8260963514638394,Real,UMAP,Phenotype_C
0.3211855938522946,0.9584742801845417,Real,UMAP,Phenotype_C
0.3949388422033271,0.908042670238017,Real,UMAP,Phenotype_C
0.3860463837567667,0.9535643385876217,Real,UMAP,Phenotype_C
0.9219268734856108,0.8513131540386776,Real,UMAP,Phenotype_C
0.37382085433079115,0.7071567810367785,Real,UMAP,Phenotype_C
0.3614432109124542,0.2954279571412628,Real,UMAP,Phenotype_C
0.009610802911001045,0.8678234284481513,Real,UMAP,Phenotype_C
0.006095575977085099,0.8706430622099276,Real,UMAP,Phenotype_C
0.01318920134059553,0.8638261181086792,Real,UMAP,Phenotype_C
0.37545244217000284,0.9313422726035299,Real,UMAP,Phenotype_C
0.9809466076498013,0.8425474348464828,Real,UMAP,Phenotype_C
0.06394190391228216,0.8220095420115676,Real,UMAP,Phenotype_C
0.03769539539611475,0.8450020731110842,Real,UMAP,Phenotype_C
0.8968530396484188,0.8422706399965645,Real,UMAP,Phenotype_C
0.26014600705584295,0.9463478471377955,Diffusion,UMAP,Phenotype_C
0.3203644181989161,0.9464219546834258,Diffusion,UMAP,Phenotype_C
0.2779299449629102,0.8656634151822672,Diffusion,UMAP,Phenotype_C
0.291373187805371,0.938283616037785,Diffusion,UMAP,Phenotype_C
0.9526948344693803,0.8678714716732457,Diffusion,UMAP,Phenotype_C
0.20459059255078108,0.940241575397207,Diffusion,UMAP,Phenotype_C
0.17550519660858577,0.8591171536419172,Diffusion,UMAP,Phenotype_C
0.25343601512828223,0.9424439629776438,Diffusion,UMAP,Phenotype_C
0.2269418338986422,0.9045283257407936,Diffusion,UMAP,Phenotype_C
0.23694446790903081,0.8463902594562178,Diffusion,UMAP,Phenotype_C
0.250661353490606,0.9144605737089484,Diffusion,UMAP,Phenotype_C
0.3341261865257179,0.8874472648805102,Diffusion,UMAP,Phenotype_C
0.1785934565260695,0.87871296222048,Diffusion,UMAP,Phenotype_C
0.9505248849863517,0.8571918776103116,Diffusion,UMAP,Phenotype_C
0.37051552846162045,0.9304924110706285,Diffusion,UMAP,Phenotype_C
0.1872794296009838,0.8794383927504832,Diffusion,UMAP,Phenotype_C
0.34190189621637596,0.9435900330038272,Diffusion,UMAP,Phenotype_C
0.32774801707988555,0.9470032555381456,Diffusion,UMAP,Phenotype_C
0.21555674248350645,0.8988164708263928,Diffusion,UMAP,Phenotype_C
0.17418791170397838,0.853276972327989,Diffusion,UMAP,Phenotype_C
0.9381133643473246,0.8326010937767017,Diffusion,UMAP,Phenotype_C
0.37142527545762866,0.9857251131976924,Diffusion,UMAP,Phenotype_C
0.40757768125238264,0.6274987544231754,Diffusion,UMAP,Phenotype_C
0.18241333101015997,0.8865779897042451,Diffusion,UMAP,Phenotype_C
0.2242683628414074,0.9211465311398006,Diffusion,UMAP,Phenotype_C
0.2678559848257592,0.9448811828020329,Diffusion,UMAP,Phenotype_C
0.949842607013611,0.8399116764735652,Diffusion,UMAP,Phenotype_C
0.9670705669069407,0.8562197386271203,Diffusion,UMAP,Phenotype_C
0.20995743712897774,0.9100284674318873,Diffusion,UMAP,Phenotype_C
0.2233431241979576,0.9348657696993374,Diffusion,UMAP,Phenotype_C
0.3090452523501152,0.9028490614247676,Diffusion,UMAP,Phenotype_C
0.30517936552150543,0.971173368205684,Diffusion,UMAP,Phenotype_C
0.23812323166609786,0.9218165393600376,Diffusion,UMAP,Phenotype_C
0.21372752317948507,0.9143729747896264,Diffusion,UMAP,Phenotype_C
0.9378583546174942,0.8428086481098839,Diffusion,UMAP,Phenotype_C
0.14777400733073365,0.8403842229215779,Diffusion,UMAP,Phenotype_C
0.2609588021582791,0.9299245382498179,Diffusion,UMAP,Phenotype_C
0.3924267747478745,0.9060640621094707,Diffusion,UMAP,Phenotype_C
0.3291215129969113,0.9643383722663975,Diffusion,UMAP,Phenotype_C
0.3679066059353923,0.9853291128769398,Diffusion,UMAP,Phenotype_C
0.9470778213011788,0.8519479453397945,Diffusion,UMAP,Phenotype_C
0.9750142964238091,0.8419643921477418,Diffusion,UMAP,Phenotype_C
0.26017699035072617,0.9364234216327907,Diffusion,UMAP,Phenotype_C
0.2765802351795605,0.9102584225125803,Diffusion,UMAP,Phenotype_C
0.22979550293827064,0.9312785527822443,Diffusion,UMAP,Phenotype_C
0.494547811505724,0.4419571532023391,Diffusion,UMAP,Phenotype_C
0.8985570778346412,0.8408766263914325,Diffusion,UMAP,Phenotype_C
0.20706351132217812,0.8586565150730314,Diffusion,UMAP,Phenotype_C
0.36823331832508266,0.9140812000811256,Diffusion,UMAP,Phenotype_C
0.32513686762933774,0.4509587032297462,Diffusion,UMAP,Phenotype_C
0.9695619680743827,0.8432674814949658,Diffusion,UMAP,Phenotype_C
0.9611483682841395,0.8415922709250255,Diffusion,UMAP,Phenotype_C
0.31790201007998464,0.496925702704216,Diffusion,UMAP,Phenotype_C
0.33686581982723457,0.9580535456786877,Diffusion,UMAP,Phenotype_C
0.2707044039181991,0.9547512311036843,Diffusion,UMAP,Phenotype_C
0.33784993748905096,0.9459054820961871,Diffusion,UMAP,Phenotype_C
0.42746680226017975,0.13764076791632257,Diffusion,UMAP,Phenotype_C
0.17521991361771322,0.8511153122277577,Diffusion,UMAP,Phenotype_C
0.2532248768833594,0.8804116401798697,Diffusion,UMAP,Phenotype_C
0.2754275705451971,0.9513931458501105,Diffusion,UMAP,Phenotype_C
0.4807812638981056,0.4785555426711881,Diffusion,UMAP,Phenotype_C
0.37906197450771956,0.2440628613138723,Diffusion,UMAP,Phenotype_C
0.33721758780504396,0.889082064669158,Diffusion,UMAP,Phenotype_C
0.23818302512198705,0.940124143440285,Diffusion,UMAP,Phenotype_C
0.2574497718833398,0.9439695333112151,Diffusion,UMAP,Phenotype_C
0.9487725644989362,0.8416082958900208,Diffusion,UMAP,Phenotype_C
0.33781301572931516,0.3836040285621882,Diffusion,UMAP,Phenotype_C
0.9444855092635963,0.8676022775972383,Diffusion,UMAP,Phenotype_C
0.7055349375594089,0.11181599843829432,Diffusion,UMAP,Phenotype_C
0.9612811661285973,0.8631507576768134,Diffusion,UMAP,Phenotype_C
0.378622033236555,0.9712921936378228,Diffusion,UMAP,Phenotype_C
0.31149213654733954,0.9258216721626596,Diffusion,UMAP,Phenotype_C
0.9624829306788797,0.8475445003143554,Diffusion,UMAP,Phenotype_C
0.8989542234297483,0.8432107607196565,Diffusion,UMAP,Phenotype_C
0.21406326160542782,0.9345450803800843,Diffusion,UMAP,Phenotype_C
0.39142256097673805,0.9745959650278258,Diffusion,UMAP,Phenotype_C
0.2412783423455275,0.9348508531805375,Diffusion,UMAP,Phenotype_C
0.198784904026447,0.9046120609333775,Diffusion,UMAP,Phenotype_C
0.34813834936238314,0.9414606445228253,Diffusion,UMAP,Phenotype_C
0.15418937824660284,0.8566784770025284,Diffusion,UMAP,Phenotype_C
0.21369537801104374,0.9164926406140006,Diffusion,UMAP,Phenotype_C
0.19462638643251845,0.8729259546540362,Diffusion,UMAP,Phenotype_C
0.3199487579334986,0.9680422293931301,Diffusion,UMAP,Phenotype_C
0.16529222045182337,0.8593839408061862,Diffusion,UMAP,Phenotype_C
0.17533700465295934,0.8737110829291305,Diffusion,UMAP,Phenotype_C
0.3874121177129388,0.6755209665448136,Diffusion,UMAP,Phenotype_C
0.21122940896481843,0.8733367131441323,Diffusion,UMAP,Phenotype_C
0.34546463086911283,0.9513934308791321,Diffusion,UMAP,Phenotype_C
0.323424836183359,0.9295618863245989,Diffusion,UMAP,Phenotype_C
0.2157492907514994,0.9119650179447938,Diffusion,UMAP,Phenotype_C
0.2516090335066691,0.919256567036989,Diffusion,UMAP,Phenotype_C
0.3976159333573425,0.9725372637441945,Diffusion,UMAP,Phenotype_C
0.3743301207242569,0.2572698393817125,Diffusion,UMAP,Phenotype_C
0.2105761347986768,0.8999538949722528,Diffusion,UMAP,Phenotype_C
0.2787953256019398,0.9523153097448382,Diffusion,UMAP,Phenotype_C
0.3753753066754499,0.7111866163546106,Diffusion,UMAP,Phenotype_C
0.22011287902843615,0.9087617034499786,Diffusion,UMAP,Phenotype_C
0.9575646338426484,0.8564165670015188,Diffusion,UMAP,Phenotype_C
0.41055368589540153,0.16745594369752062,Diffusion,UMAP,Phenotype_C
0.18054869607879293,0.8782884906674531,Diffusion,UMAP,Phenotype_C
0.9505486388457621,0.8338625372168728,Diffusion,UMAP,Phenotype_C
0.3391343887075529,0.9045450791132886,Diffusion,UMAP,Phenotype_C
0.25417236325382947,0.9436256299616427,Diffusion,UMAP,Phenotype_C
0.9313120577645665,0.8328950853775932,Diffusion,UMAP,Phenotype_C
0.30426489572464527,0.9582643404751472,Diffusion,UMAP,Phenotype_C
0.19115081381281762,0.8678144341990235,Diffusion,UMAP,Phenotype_C
0.23269194613777952,0.9426324305007403,Diffusion,UMAP,Phenotype_C
0.3530847248096023,0.9783786485139917,Diffusion,UMAP,Phenotype_C
0.325521329438102,0.9409959205379625,Diffusion,UMAP,Phenotype_C
0.551388753038138,0.2327910086138304,Diffusion,UMAP,Phenotype_C
0.3650550669972871,0.9785600853212207,Diffusion,UMAP,Phenotype_C
0.9627650507917329,0.8454316118467182,Diffusion,UMAP,Phenotype_C
0.356747757121435,0.30673659442004386,Diffusion,UMAP,Phenotype_C
0.9665387730761537,0.8664309666676928,Diffusion,UMAP,Phenotype_C
0.3090744713184842,0.8958916296857345,Diffusion,UMAP,Phenotype_C
0.548314548563281,0.2376306272171299,Diffusion,UMAP,Phenotype_C
0.16854301357038193,0.8507694770148163,Diffusion,UMAP,Phenotype_C
0.35641488034703356,0.9737023040352636,Diffusion,UMAP,Phenotype_C
0.35777927492118733,0.9038810248326151,Diffusion,UMAP,Phenotype_C
0.5243819704075968,0.32336935213410095,Diffusion,UMAP,Phenotype_C
0.3205800748410094,0.9578835417022161,Diffusion,UMAP,Phenotype_C
0.9480958807322162,0.8325107079069457,Diffusion,UMAP,Phenotype_C
0.3611950218107335,0.7363619630417436,Diffusion,UMAP,Phenotype_C
0.3199680794604466,0.959573415431826,Diffusion,UMAP,Phenotype_C
0.26691785799228507,0.8944680047322419,Diffusion,UMAP,Phenotype_C
0.24466686051307734,0.9518486222267151,Diffusion,UMAP,Phenotype_C
0.23631783077001792,0.867460649843367,Diffusion,UMAP,Phenotype_C
0.1834537887814567,0.8794670540021051,Diffusion,UMAP,Phenotype_C
0.21486897788563025,0.9140413593578764,Diffusion,UMAP,Phenotype_C
0.30220042929937,0.9586270240702575,Diffusion,UMAP,Phenotype_C
0.3836947947074852,0.8981864300089701,Diffusion,UMAP,Phenotype_C
0.3163861954101777,0.9781794448977461,Diffusion,UMAP,Phenotype_C
0.18860456791019697,0.8638225077410715,Diffusion,UMAP,Phenotype_C
0.9539440206737756,0.8444462981887483,Diffusion,UMAP,Phenotype_C
0.2796097989661821,0.9374698265110687,Diffusion,UMAP,Phenotype_C
0.435733820405073,0.5703840215010693,Diffusion,UMAP,Phenotype_C
0.22143438110373598,0.9214923346828507,Diffusion,UMAP,Phenotype_C
0.2542603859339456,0.8911491901438738,Diffusion,UMAP,Phenotype_C
0.6999756092617503,0.11727579268787815,Diffusion,UMAP,Phenotype_C
0.372288482962781,0.9648439187411395,Diffusion,UMAP,Phenotype_C
0.32509249051427064,0.945752928229819,Diffusion,UMAP,Phenotype_C
0.26829386054393156,0.9436090666084954,Diffusion,UMAP,Phenotype_C
0.3606603555703166,0.2973282614635822,Diffusion,UMAP,Phenotype_C
0.21604716070591823,0.9225172040350482,Diffusion,UMAP,Phenotype_C
0.949485739701852,0.8524396520720406,Diffusion,UMAP,Phenotype_C
0.9451711867923034,0.8340869817364804,Diffusion,UMAP,Phenotype_C
0.7069187935156611,0.11071113094068571,Diffusion,UMAP,Phenotype_C
0.33584275788504414,0.9727014404606678,Diffusion,UMAP,Phenotype_C
0.40756111917513516,0.6279932164359642,Diffusion,UMAP,Phenotype_C
0.2851410701690298,0.8930244594171245,Diffusion,UMAP,Phenotype_C
0.39129155435401575,0.6654141224659494,Diffusion,UMAP,Phenotype_C
0.3203576728774259,0.9821668108913516,Diffusion,UMAP,Phenotype_C
0.2995932818577446,0.9592671042432207,Diffusion,UMAP,Phenotype_C
0.3432373730486387,0.9516625932852483,Diffusion,UMAP,Phenotype_C
0.2070999812421969,0.8819681519972363,Diffusion,UMAP,Phenotype_C
0.32335409099337564,0.8849045843181086,Diffusion,UMAP,Phenotype_C
0.24908058148242931,0.8907058116657438,Diffusion,UMAP,Phenotype_C
0.9453343224463342,0.8519824655213061,Diffusion,UMAP,Phenotype_C
0.2738413764604159,0.954207870778736,Diffusion,UMAP,Phenotype_C
0.944394452802523,0.858089085630699,Diffusion,UMAP,Phenotype_C
0.28506570975907947,0.9659803927902606,Diffusion,UMAP,Phenotype_C
0.38567802680648855,0.9631549634383773,Diffusion,UMAP,Phenotype_C
0.18459373735521173,0.8790145545952822,Diffusion,UMAP,Phenotype_C
0.2314098186663938,0.9161441134602992,Diffusion,UMAP,Phenotype_C
0.1933288318622221,0.9018881335830947,Diffusion,UMAP,Phenotype_C
0.3048742230992598,0.957873217317654,Diffusion,UMAP,Phenotype_C
0.9581026673647662,0.8526876273208804,Diffusion,UMAP,Phenotype_C
0.24776146770277674,0.9123365057696842,Diffusion,UMAP,Phenotype_C
0.47610841688531047,0.48726053484682474,Diffusion,UMAP,Phenotype_C
0.3212796410619714,0.9757258200696661,Diffusion,UMAP,Phenotype_C
0.36264595444879016,0.2947492872057566,Diffusion,UMAP,Phenotype_C
0.2650854542940674,0.9213102011380132,Diffusion,UMAP,Phenotype_C
0.8998486939400849,0.8386261955859012,Diffusion,UMAP,Phenotype_C
0.9045214481643667,0.8426115030365725,Diffusion,UMAP,Phenotype_C
0.24211097536315973,0.9241183070593582,Diffusion,UMAP,Phenotype_C
0.22457621630195526,0.9101238254745765,Diffusion,UMAP,Phenotype_C
0.2786748134945503,0.8751249852259957,Diffusion,UMAP,Phenotype_C
0.16726990137716014,0.8654827384524292,Diffusion,UMAP,Phenotype_C
0.18301950626484373,0.8511579715713321,Diffusion,UMAP,Phenotype_C
0.4803474466688203,0.48010541469790785,Diffusion,UMAP,Phenotype_C
0.9065474544232505,0.8451437958746293,Diffusion,UMAP,Phenotype_C
0.9552584869591957,0.856258787603087,Diffusion,UMAP,Phenotype_C
0.2362102283688298,0.8945971228790516,Diffusion,UMAP,Phenotype_C
0.2902785200261172,0.8544693120653545,Diffusion,UMAP,Phenotype_C
0.1909749405820014,0.8825701966307543,Diffusion,UMAP,Phenotype_C
0.28454469553297057,0.9328363630651539,Diffusion,UMAP,Phenotype_C
0.20659811641361994,0.8820614198271002,Diffusion,UMAP,Phenotype_C
0.3044100976451448,0.8924390414765365,Diffusion,UMAP,Phenotype_C
0.2703284517574392,0.9229143444718875,Diffusion,UMAP,Phenotype_C
0.38354699470861264,0.9442836352930789,Diffusion,UMAP,Phenotype_C
0.8965516840733255,0.8393743650978542,Diffusion,UMAP,Phenotype_C
0.9645840283955013,0.8627889608386593,Diffusion,UMAP,Phenotype_C
0.2621459357082,0.9209198697278024,Diffusion,UMAP,Phenotype_C
0.17907085746139492,0.8616423207544326,Diffusion,UMAP,Phenotype_C
0.9484215926196758,0.8537684257011049,Diffusion,UMAP,Phenotype_C
0.21805481366581908,0.8861292273445949,Diffusion,UMAP,Phenotype_C
0.2800422095753959,0.9535549959696896,Diffusion,UMAP,Phenotype_C
0.29348218195895237,0.9265884952405854,Diffusion,UMAP,Phenotype_C
0.19036579609489132,0.8670657579688097,Diffusion,UMAP,Phenotype_C
0.32648635149282895,0.4910973006104815,Diffusion,UMAP,Phenotype_C
0.3072960086760111,0.9073167963295357,Diffusion,UMAP,Phenotype_C
0.19784268911934244,0.884166232472457,Diffusion,UMAP,Phenotype_C
0.20630474334019455,0.8936526950507434,Diffusion,UMAP,Phenotype_C
0.9689660130037749,0.838593100549498,Diffusion,UMAP,Phenotype_C
0.9724161750184361,0.8649241765796594,Diffusion,UMAP,Phenotype_C
0.5625924738392335,0.21955828292436735,Diffusion,UMAP,Phenotype_C
0.2997343741884367,0.8488501549227743,Diffusion,UMAP,Phenotype_C
0.38251383630036395,0.23373051177404217,Diffusion,UMAP,Phenotype_C
0.9554634070289649,0.8307997736996248,Diffusion,UMAP,Phenotype_C
0.3272394929945264,0.9632812629648617,Diffusion,UMAP,Phenotype_C
0.8956362998389428,0.839262792070822,Diffusion,UMAP,Phenotype_C
0.25329753701309593,0.9254058464899563,Diffusion,UMAP,Phenotype_C
0.23014292464832561,0.9110038684138819,Diffusion,UMAP,Phenotype_C
0.15826133626045144,0.8539404882205106,Diffusion,UMAP,Phenotype_C
0.2659376885489486,0.9413759275636112,Diffusion,UMAP,Phenotype_C
0.4124119412802874,0.9010385254093238,Diffusion,UMAP,Phenotype_C
0.24930527491886356,0.937664596342533,Diffusion,UMAP,Phenotype_C
0.256456649701448,0.9341850570558428,Diffusion,UMAP,Phenotype_C
0.3531281444547928,0.9863537288700068,Diffusion,UMAP,Phenotype_C
0.9118570014220903,0.8455308019462542,Diffusion,UMAP,Phenotype_C
0.22071036174761102,0.9259820801620687,Diffusion,UMAP,Phenotype_C
0.28170446334588,0.9420246852867893,Diffusion,UMAP,Phenotype_C
0.971198445464818,0.8278516235189733,Diffusion,UMAP,Phenotype_C
0.9489526549004449,0.8683915862979835,Diffusion,UMAP,Phenotype_C
0.8940205210107836,0.8368912556009787,Diffusion,UMAP,Phenotype_C
0.9565763958329362,0.844711976906822,Diffusion,UMAP,Phenotype_C
0.3623484717855574,0.732052514253668,Diffusion,UMAP,Phenotype_C
0.9336985030205915,0.8406739390871445,Diffusion,UMAP,Phenotype_C
0.4985270267281266,0.4289048271311652,Diffusion,UMAP,Phenotype_C
0.481137110536218,0.4781680664996143,Diffusion,UMAP,Phenotype_C
0.5175859675624698,0.3808487401020505,Diffusion,UMAP,Phenotype_C
0.20862554274018583,0.9012813701357739,Diffusion,UMAP,Phenotype_C
0.23320962535645312,0.9325119050288367,Diffusion,UMAP,Phenotype_C
0.9053752531001691,0.8417829553405127,Diffusion,UMAP,Phenotype_C
0.35918122598229846,0.7459194928560959,Diffusion,UMAP,Phenotype_C
0.31572159297684443,0.4932358931536409,Diffusion,UMAP,Phenotype_C
0.3242467864191096,0.8831775934759011,Diffusion,UMAP,Phenotype_C
0.1580870552267334,0.8515912790240302,Diffusion,UMAP,Phenotype_C
0.5241226036519235,0.32867500902275204,Diffusion,UMAP,Phenotype_C
0.5639020451943856,0.2175915668400023,Diffusion,UMAP,Phenotype_C
0.9552623168387021,0.8627761028627935,Diffusion,UMAP,Phenotype_C
0.25187690991034684,0.9295639448675331,Diffusion,UMAP,Phenotype_C
0.19768650319048328,0.9027102522912216,Diffusion,UMAP,Phenotype_C
0.2591348973499773,0.9544135033829144,Diffusion,UMAP,Phenotype_C
0.3394712890070538,0.3719803708746958,Diffusion,UMAP,Phenotype_C
0.18799953301289435,0.8626603494101103,Diffusion,UMAP,Phenotype_C
0.3021637872499352,0.8489649582787187,Diffusion,UMAP,Phenotype_C
0.4152730280219374,0.9508120350147385,Diffusion,UMAP,Phenotype_C
0.1751387761142378,0.8650350845389744,Diffusion,UMAP,Phenotype_C
0.3687309014344362,0.9864285331532456,Diffusion,UMAP,Phenotype_C
0.36753680740125505,0.9707792680784091,Diffusion,UMAP,Phenotype_C
0.16860102118357995,0.8702936799691611,Diffusion,UMAP,Phenotype_C
0.2717830744198518,0.9469176834918664,Diffusion,UMAP,Phenotype_C
0.38159703737734324,0.9744356203681992,Diffusion,UMAP,Phenotype_C
0.2063998233263674,0.9076573743405221,Diffusion,UMAP,Phenotype_C
0.33682519728505433,0.937073826190316,Diffusion,UMAP,Phenotype_C
0.18636660579166428,0.8911147966419274,Diffusion,UMAP,Phenotype_C
0.1702579819745215,0.860779759595122,Diffusion,UMAP,Phenotype_C
0.33251932615292606,0.41552795593147296,Diffusion,UMAP,Phenotype_C
0.4150765153983318,0.8962572585807353,Diffusion,UMAP,Phenotype_C
0.20769628057163664,0.9015157273313569,Diffusion,UMAP,Phenotype_C
0.28230082722385075,0.9425707375524977,Diffusion,UMAP,Phenotype_C
0.3224219779313736,0.90226928072483,Diffusion,UMAP,Phenotype_C
0.37872531626520994,0.8993258176880904,Diffusion,UMAP,Phenotype_C
0.7067898470668867,0.11225719169392494,Diffusion,UMAP,Phenotype_C
0.20064745188864483,0.8994867957455428,Diffusion,UMAP,Phenotype_C
1,0.8583251530004118,Diffusion,UMAP,Phenotype_C
0.2025845317879784,0.9142906014023682,Diffusion,UMAP,Phenotype_C
0.2118704189100688,0.9150730694065936,Diffusion,UMAP,Phenotype_C
0.35107568405628475,0.33011795260993476,Diffusion,UMAP,Phenotype_C
0.3699001550412682,0.909499485237587,Diffusion,UMAP,Phenotype_C
0.17063563391326458,0.8557597651259518,Diffusion,UMAP,Phenotype_C
0.20997921150010398,0.8887468705396917,Diffusion,UMAP,Phenotype_C
0.20272156831930557,0.8943452205636911,Diffusion,UMAP,Phenotype_C
0.958738384330474,0.8450358965549872,Diffusion,UMAP,Phenotype_C
0.3052271529506274,0.9650162346196757,Diffusion,UMAP,Phenotype_C
0.3702592600354354,0.26862617151678386,Diffusion,UMAP,Phenotype_C
0.24907234078663745,0.9469763678004361,Diffusion,UMAP,Phenotype_C
0.3510451310849416,0.9930055461580432,Diffusion,UMAP,Phenotype_C
0.32671077597705067,0.9770449343818854,Diffusion,UMAP,Phenotype_C
0.29100430370875635,0.9627148469590507,Diffusion,UMAP,Phenotype_C
0.9695018088434844,0.8280803751437972,Diffusion,UMAP,Phenotype_C
0.35987814571348914,0.7419274080486875,Diffusion,UMAP,Phenotype_C
0.1944027257725803,0.8964189650456876,Diffusion,UMAP,Phenotype_C
0.9613967940638073,0.8577521813271027,Diffusion,UMAP,Phenotype_C
0.2778567038963946,0.8861551649855655,Diffusion,UMAP,Phenotype_C
0.34945590321920306,0.9036092338255215,Diffusion,UMAP,Phenotype_C
0.25105027990609824,0.9371256698023659,Diffusion,UMAP,Phenotype_C
0.9391595239055269,0.8411759068641702,Diffusion,UMAP,Phenotype_C
0.3541066679105886,0.9338776057511509,Diffusion,UMAP,Phenotype_C
0.2192293817683707,0.9125939503160212,Diffusion,UMAP,Phenotype_C
0.385803670522093,0.9013501254697753,Diffusion,UMAP,Phenotype_C
0.19098294459984622,0.8754284777942757,Diffusion,UMAP,Phenotype_C
0.8987789956842421,0.8404692249098137,Diffusion,UMAP,Phenotype_C
0.3078829484684549,0.9457892852650257,Diffusion,UMAP,Phenotype_C
0.22001575500544812,0.9008628841922017,Diffusion,UMAP,Phenotype_C
0.9734750291210698,0.8535523103629078,Diffusion,UMAP,Phenotype_C
0.20022323894286892,0.8870609238766024,Diffusion,UMAP,Phenotype_C
0.15518415717412384,0.8467020178661258,Diffusion,UMAP,Phenotype_C
0.1805647256306596,0.8811550908780199,Diffusion,UMAP,Phenotype_C
0.19961157706304958,0.9059050792551697,Diffusion,UMAP,Phenotype_C
0.18895898237777767,0.8961860013253216,Diffusion,UMAP,Phenotype_C
0.24025959439682604,0.907039969809726,Diffusion,UMAP,Phenotype_C
0.9070962460338693,0.8440989428210247,Diffusion,UMAP,Phenotype_C
0.2989580705221963,0.8453967749662937,Diffusion,UMAP,Phenotype_C
0.2343799978044893,0.943457114470062,Diffusion,UMAP,Phenotype_C
0.2874180411164675,0.9360585844850723,Diffusion,UMAP,Phenotype_C
0.18167242145508827,0.8667247049094539,Diffusion,UMAP,Phenotype_C
0.2762730272043227,0.8978055045564739,Diffusion,UMAP,Phenotype_C
0.3345990905800499,0.9075856737066301,Diffusion,UMAP,Phenotype_C
0.26256872858629376,0.9514303263024908,Diffusion,UMAP,Phenotype_C
0.28500833687310306,0.9365152959874374,Diffusion,UMAP,Phenotype_C
0.25559090328740935,0.8077870055395707,Diffusion,UMAP,Phenotype_C
0.39565655194054616,0.8682820401439941,Diffusion,UMAP,Phenotype_C
0.22929486453178283,0.9302639128049351,Diffusion,UMAP,Phenotype_C
0.3891393126846599,0.9821678559977643,Diffusion,UMAP,Phenotype_C
0.2729995775513807,0.8186631746177729,Diffusion,UMAP,Phenotype_C
0.24981243272698309,0.8015061060183815,Diffusion,UMAP,Phenotype_C
0.19224710606343512,0.8737921578508457,Diffusion,UMAP,Phenotype_C
0.3201642101719104,0.9338325711657294,Diffusion,UMAP,Phenotype_C
0.2598700620857894,0.9422673716637828,Diffusion,UMAP,Phenotype_C
0.31337063865478454,0.9033350359066894,Diffusion,UMAP,Phenotype_C
0.9621124651432553,0.8599447829111293,Diffusion,UMAP,Phenotype_C
0.22169563052489705,0.8932597983793377,Diffusion,UMAP,Phenotype_C
0.18202750292415604,0.8897042513535395,Diffusion,UMAP,Phenotype_C
0.3421545391667361,0.9580472117004287,Diffusion,UMAP,Phenotype_C
0.34025090616455256,0.3719819464517877,Diffusion,UMAP,Phenotype_C
0.28524988823421854,0.8195551254362052,Diffusion,UMAP,Phenotype_C
0.1737514775696652,0.8650166526622407,Diffusion,UMAP,Phenotype_C
0.23239943371143423,0.9238491129833506,Diffusion,UMAP,Phenotype_C
0.4738114083256589,0.49229374357813777,Diffusion,UMAP,Phenotype_C
0.19955978762500523,0.8864750942274275,Diffusion,UMAP,Phenotype_C
0.3638736352342718,0.29050792868396524,Diffusion,UMAP,Phenotype_C
0.32553480932299395,0.8791030719414518,Diffusion,UMAP,Phenotype_C
0.3577771448196641,0.9873229225533077,Diffusion,UMAP,Phenotype_C
0.20185115289485744,0.8896490824029036,Diffusion,UMAP,Phenotype_C
0.2530589010939642,0.8501568546376058,Diffusion,UMAP,Phenotype_C
0.3661974468990434,0.9197961586448732,Diffusion,UMAP,Phenotype_C
0.34538097597292816,0.9615725773198227,Diffusion,UMAP,Phenotype_C
0.31299034022627015,0.9692123051969151,Diffusion,UMAP,Phenotype_C
0.41548384890324946,0.9168010420154313,Diffusion,UMAP,Phenotype_C
0.9071731878828293,0.8435406026374939,Diffusion,UMAP,Phenotype_C
0.968783297628672,0.8353597629977351,Diffusion,UMAP,Phenotype_C
0.5209285056597658,0.3610314718911346,Diffusion,UMAP,Phenotype_C
0.9335534839875965,0.84372172274581,Diffusion,UMAP,Phenotype_C
0.30142045712495075,0.946272314447057,Diffusion,UMAP,Phenotype_C
0.24609947212641667,0.9115005473190614,Diffusion,UMAP,Phenotype_C
0.20483548967742043,0.9138187833618553,Diffusion,UMAP,Phenotype_C
0.4269031375922081,0.13620944717924513,Diffusion,UMAP,Phenotype_C
0.13464804203434766,0.8403898918321197,Diffusion,UMAP,Phenotype_C
0.34750598892028767,0.9778642344696871,Diffusion,UMAP,Phenotype_C
0.3197980693878635,0.9723841081498918,Diffusion,UMAP,Phenotype_C
0.31988895371952086,0.4875750485372754,Diffusion,UMAP,Phenotype_C
0.19940773280213048,0.901510375119728,Diffusion,UMAP,Phenotype_C
0.23037136189955826,0.9043683294499713,Diffusion,UMAP,Phenotype_C
0.30908263670765657,0.8971713466531829,Diffusion,UMAP,Phenotype_C
0.9776822163073774,0.8396316829646261,Diffusion,UMAP,Phenotype_C
0.9047723698205667,0.8409399978439138,Diffusion,UMAP,Phenotype_C
0.1891059378667029,0.8804138887421518,Diffusion,UMAP,Phenotype_C
0.3526238267820376,0.9889389737663089,Diffusion,UMAP,Phenotype_C
0.22266073864433195,0.9024207261450028,Diffusion,UMAP,Phenotype_C
0.9410440397844441,0.8349518864677468,Diffusion,UMAP,Phenotype_C
0.2790434286389525,0.9480100413824135,Diffusion,UMAP,Phenotype_C
0.16463989299746984,0.8560259822321775,Diffusion,UMAP,Phenotype_C
0.37065052095613243,0.9883623917253922,Diffusion,UMAP,Phenotype_C
0.5587024996504697,0.22372702238541928,Diffusion,UMAP,Phenotype_C
0.37778250966323784,0.9350439128378718,Diffusion,UMAP,Phenotype_C
0.2441392408206287,0.9389882711190987,Diffusion,UMAP,Phenotype_C
0.5613225030078539,0.22030564485409238,Diffusion,UMAP,Phenotype_C
0.22723826226920188,0.8991898588447609,Diffusion,UMAP,Phenotype_C
0.9475641729661372,0.837163014938181,Diffusion,UMAP,Phenotype_C
0.27866269988689807,0.9438044381678943,Diffusion,UMAP,Phenotype_C
0.3111237258066189,0.9238511715262848,Diffusion,UMAP,Phenotype_C
0.23044273105867466,0.9183035249982486,Diffusion,UMAP,Phenotype_C
0.1903753277613033,0.8665737978774332,Diffusion,UMAP,Phenotype_C
0.24496830215287854,0.9097830574442423,Diffusion,UMAP,Phenotype_C
0.9476781226395409,0.8533651096354631,Diffusion,UMAP,Phenotype_C
0.24207476363726496,0.9353518391909331,Diffusion,UMAP,Phenotype_C
0.4641212695548161,0.5128208112483347,Diffusion,UMAP,Phenotype_C
0.9561646192374675,0.8608954180381313,Diffusion,UMAP,Phenotype_C
0.22932046878241547,0.9058335053008431,Diffusion,UMAP,Phenotype_C
0.18156275350090792,0.8651902986762112,Diffusion,UMAP,Phenotype_C
0.30985455107378845,0.9564947852990392,Diffusion,UMAP,Phenotype_C
0.3295118702381742,0.9734360235892552,Diffusion,UMAP,Phenotype_C
0.224834474974513,0.9289864127298775,Diffusion,UMAP,Phenotype_C
0.24681406739701464,0.9270448900440377,Diffusion,UMAP,Phenotype_C
0.143402199874182,0.8448609520754736,Diffusion,UMAP,Phenotype_C
0.18787041443470398,0.8705861830851618,Diffusion,UMAP,Phenotype_C
0.964243986734158,0.847371836067015,Diffusion,UMAP,Phenotype_C
0.33371070914780493,0.9432123062103517,Diffusion,UMAP,Phenotype_C
0.16398498360187602,0.8545964033391213,Diffusion,UMAP,Phenotype_C
0.3333140261505033,0.9421240020658903,Diffusion,UMAP,Phenotype_C
0.2301590832972543,0.9123653253707625,Diffusion,UMAP,Phenotype_C
0.30232060790601595,0.9650215551614132,Diffusion,UMAP,Phenotype_C
0.465102859591132,0.5107311605634353,Diffusion,UMAP,Phenotype_C
0.9034878110211797,0.8426238226242863,Diffusion,UMAP,Phenotype_C
0.3238860999859327,0.9591932183868295,Diffusion,UMAP,Phenotype_C
0.3475338200952401,0.9887186463325696,Diffusion,UMAP,Phenotype_C
0.400955152584336,0.18512343593491357,Diffusion,UMAP,Phenotype_C
0.3892079869426068,0.2149508837989884,Diffusion,UMAP,Phenotype_C
0.23764389427484223,0.9321510582874215,GAN,UMAP,Phenotype_C
0.2944927645184815,0.8764582876495152,GAN,UMAP,Phenotype_C
0.7563802887892671,0.0058515508049029556,GAN,UMAP,Phenotype_C
0.3333273554221562,0.4103481512320918,GAN,UMAP,Phenotype_C
0.4367751630291489,0.1511957980894948,GAN,UMAP,Phenotype_C
0.3050585629457264,0.9750881468084414,GAN,UMAP,Phenotype_C
0.7580644029955854,0.013313325562808806,GAN,UMAP,Phenotype_C
0.46398363536124415,0.5123430471857311,GAN,UMAP,Phenotype_C
0.3677527437536494,0.930424510823692,GAN,UMAP,Phenotype_C
0.48294710782561,0.47512148134839755,GAN,UMAP,Phenotype_C
0.3674570899654618,0.7249398525424525,GAN,UMAP,Phenotype_C
0.46686337284621454,0.5073871763289605,GAN,UMAP,Phenotype_C
0.33109817190384044,0.424486513091763,GAN,UMAP,Phenotype_C
0.23747307734562154,0.876862680491461,GAN,UMAP,Phenotype_C
0.7887118088396115,0.008294977927985961,GAN,UMAP,Phenotype_C
0.20192088682452167,0.8846118911827602,GAN,UMAP,Phenotype_C
0.5203391937088075,0.36846776030402084,GAN,UMAP,Phenotype_C
0.3576985139508095,0.744861718486843,GAN,UMAP,Phenotype_C
0.7557685408447398,0.10985696230256832,GAN,UMAP,Phenotype_C
0.26080483239565116,0.9084744575359329,GAN,UMAP,Phenotype_C
0.3674661052436257,0.7231228241992933,GAN,UMAP,Phenotype_C
0.47831396622795036,0.4826189926095775,GAN,UMAP,Phenotype_C
0.2762692833895243,0.9281882047896783,GAN,UMAP,Phenotype_C
0.3910559898691511,0.9387167651410266,GAN,UMAP,Phenotype_C
0.23766721781071265,0.8630370944369555,GAN,UMAP,Phenotype_C
0.4690698255320983,0.5015895039266232,GAN,UMAP,Phenotype_C
0.6981658405817389,0.11897573744291977,GAN,UMAP,Phenotype_C
0.20735217235284,0.8543951411799416,GAN,UMAP,Phenotype_C
0.3908591114705365,0.210753372241695,GAN,UMAP,Phenotype_C
0.7635734264714128,0.05387536225605158,GAN,UMAP,Phenotype_C
0.20088886339460982,0.86402471999699,GAN,UMAP,Phenotype_C
0.7606361670841307,0.017290113812721743,GAN,UMAP,Phenotype_C
0.7550641872743948,0.11138060077277068,GAN,UMAP,Phenotype_C
0.7719890057499401,0.07759503405970129,GAN,UMAP,Phenotype_C
0.4019556601939838,0.18343435395258612,GAN,UMAP,Phenotype_C
0.3324953356155686,0.8885151419450862,GAN,UMAP,Phenotype_C
0.3115509725333521,0.9381720113408614,GAN,UMAP,Phenotype_C
0.4026244098704343,0.18230595572574532,GAN,UMAP,Phenotype_C
0.49478166007547275,0.4421227629813934,GAN,UMAP,Phenotype_C
0.45888286747618556,0.5219564347708551,GAN,UMAP,Phenotype_C
0.37280382767624987,0.713027175427002,GAN,UMAP,Phenotype_C
0.8203041406290443,0.02567231062133413,GAN,UMAP,Phenotype_C
0.7867022839723115,0.009582644038149297,GAN,UMAP,Phenotype_C
0.4906085249287933,0.45387643843854514,GAN,UMAP,Phenotype_C
0.32790602112570144,0.44229760453376027,GAN,UMAP,Phenotype_C
0.21487257108718963,0.8770877900787858,GAN,UMAP,Phenotype_C
0.7593983629373695,0.012775159100032898,GAN,UMAP,Phenotype_C
0.3410156448856542,0.9653556408446842,GAN,UMAP,Phenotype_C
0.33631120809073667,0.3921438464197758,GAN,UMAP,Phenotype_C
0.2575146646731785,0.9002567541427068,GAN,UMAP,Phenotype_C
0.3279624688160668,0.8935789675438086,GAN,UMAP,Phenotype_C
0.7675944987266511,0.0748899819646303,GAN,UMAP,Phenotype_C
0.4263444835039559,0.14007532746984297,GAN,UMAP,Phenotype_C
0.7986676666811973,0.07611801366948516,GAN,UMAP,Phenotype_C
0.3438000748676895,0.9318274553381692,GAN,UMAP,Phenotype_C
0.7563715747375812,0.008034208043062945,GAN,UMAP,Phenotype_C
0.4453915595114434,0.5508441815378975,GAN,UMAP,Phenotype_C
0.7612124778851354,0.01576422678023743,GAN,UMAP,Phenotype_C
0.565331074364254,0.21557256376510922,GAN,UMAP,Phenotype_C
0.7968060870469645,0.08095387939066623,GAN,UMAP,Phenotype_C
0.33491072012966167,0.9510813557703112,GAN,UMAP,Phenotype_C
0.7582898710143918,0.009694407084529347,GAN,UMAP,Phenotype_C
0.6964373169860879,0.11953328587916821,GAN,UMAP,Phenotype_C
0.7670358527069653,0.07781010429148563,GAN,UMAP,Phenotype_C
0.3217386456659599,0.9619307321204779,GAN,UMAP,Phenotype_C
0.3352051582538486,0.9457940674186113,GAN,UMAP,Phenotype_C
0.3465394069427281,0.9740871248843891,GAN,UMAP,Phenotype_C
0.8215014082983333,0.028541919471573928,GAN,UMAP,Phenotype_C
0.4113007114237861,0.6207354749527264,GAN,UMAP,Phenotype_C
0.21342085310867231,0.8489728757515423,GAN,UMAP,Phenotype_C
0.7576432883792978,0.10781637619675769,GAN,UMAP,Phenotype_C
0.5507013757314478,0.23321345329381438,GAN,UMAP,Phenotype_C
0.5189636698920994,0.36899329839764283,GAN,UMAP,Phenotype_C
0.34868483874206274,0.9438411435719052,GAN,UMAP,Phenotype_C
0.3734530030106726,0.2563052853374864,GAN,UMAP,Phenotype_C
0.497152051573932,0.43581085269852177,GAN,UMAP,Phenotype_C
0.8107380053015,0.03139385652247112,GAN,UMAP,Phenotype_C
0.7083907582167376,0.11104676844863011,GAN,UMAP,Phenotype_C
0.8002980119611871,0.08261179819995938,GAN,UMAP,Phenotype_C
0.4089968990455381,0.17153901610261957,GAN,UMAP,Phenotype_C
0.759731196679417,0.0646602903774329,GAN,UMAP,Phenotype_C
0.7886569641044328,0.04444099664894546,GAN,UMAP,Phenotype_C
0.4003537700580795,0.934703176477429,GAN,UMAP,Phenotype_C
0.3558771588094824,0.9408358292374663,GAN,UMAP,Phenotype_C
0.20837922554586433,0.8804871728706084,GAN,UMAP,Phenotype_C
0.3746652674553321,0.2560378647753914,GAN,UMAP,Phenotype_C
0.5335689799382736,0.26546470878331496,GAN,UMAP,Phenotype_C
0.3351566392747086,0.3973437021190831,GAN,UMAP,Phenotype_C
0.8005605738691453,0.08414959311157062,GAN,UMAP,Phenotype_C
0.5263454183818467,0.3066582114390887,GAN,UMAP,Phenotype_C
0.3826390765876497,0.23332159013764114,GAN,UMAP,Phenotype_C
0.7422830617468236,0.06522312768552761,GAN,UMAP,Phenotype_C
0.30026802916853446,0.9013058192918536,GAN,UMAP,Phenotype_C
0.3625745960477623,0.29513751256819637,GAN,UMAP,Phenotype_C
0.8196376555302234,0.02855458742809193,GAN,UMAP,Phenotype_C
0.3404330298447879,0.3694425358056624,GAN,UMAP,Phenotype_C
0.235024278208644,0.8757923648452552,GAN,UMAP,Phenotype_C
0.7877950260537235,0.04357235487050625,GAN,UMAP,Phenotype_C
0.22281896861000633,0.8694973722224397,GAN,UMAP,Phenotype_C
0.38546747487738897,0.22753933305489166,GAN,UMAP,Phenotype_C
0.41376235571843395,0.8742751236930945,GAN,UMAP,Phenotype_C
0.8201538286165068,0.023698072937786526,GAN,UMAP,Phenotype_C
0.7611821185593852,0.07233184649527681,GAN,UMAP,Phenotype_C
0.32400583751095013,0.4651581219182029,GAN,UMAP,Phenotype_C
0.41350348383483165,0.6168709406325086,GAN,UMAP,Phenotype_C
0.430649555848013,0.580791365343486,GAN,UMAP,Phenotype_C
0.7440289488973153,0.06327948311697097,GAN,UMAP,Phenotype_C
0.28155337675097036,0.9284984113749128,GAN,UMAP,Phenotype_C
0.7590694881718905,0.07266783237202545,GAN,UMAP,Phenotype_C
0.788407871323278,0.005828210095018541,GAN,UMAP,Phenotype_C
0.7706308401090285,0.07566269564233696,GAN,UMAP,Phenotype_C
0.7509734026056692,0.0011097129909767413,GAN,UMAP,Phenotype_C
0.1976007827413064,0.8890761740693771,GAN,UMAP,Phenotype_C
0.8208450788350574,0.02214970028248276,GAN,UMAP,Phenotype_C
0.4248486923263717,0.14120591091918314,GAN,UMAP,Phenotype_C
0.3717513746362744,0.9071964507426146,GAN,UMAP,Phenotype_C
0.341259519993886,0.36758677518544935,GAN,UMAP,Phenotype_C
0.526498581287837,0.3061511131396732,GAN,UMAP,Phenotype_C
0.7509349101650123,0,GAN,UMAP,Phenotype_C
0.3763563690401319,0.9049028538752483,GAN,UMAP,Phenotype_C
0.36445739063251925,0.734570555640642,GAN,UMAP,Phenotype_C
0.78073795667494,0.05191572439239096,GAN,UMAP,Phenotype_C
0.47560581714481276,0.4897609776710798,GAN,UMAP,Phenotype_C
0.37405430485126534,0.9323598895506207,GAN,UMAP,Phenotype_C
0.7504933551805726,6.383699988332812e-4,GAN,UMAP,Phenotype_C
0.4229464013957286,0.14609026324393684,GAN,UMAP,Phenotype_C
0.4054281936536831,0.6311346954680259,GAN,UMAP,Phenotype_C
0.40968305530918336,0.6242185771021872,GAN,UMAP,Phenotype_C
0.33507939619927063,0.4397587362345234,GAN,UMAP,Phenotype_C
0.29608685504022253,0.9076785298279071,GAN,UMAP,Phenotype_C
0.7978676091555464,0.08284631374499885,GAN,UMAP,Phenotype_C
0.31882728099769997,0.9731991011324773,GAN,UMAP,Phenotype_C
0.3661594170561919,0.7271674968611971,GAN,UMAP,Phenotype_C
0.7896660512896603,0.05340930813575438,GAN,UMAP,Phenotype_C
0.34210380402136487,0.9205289365896568,GAN,UMAP,Phenotype_C
0.3371896813234721,0.3885509843445593,GAN,UMAP,Phenotype_C
0.4059311289120659,0.17599281625521776,GAN,UMAP,Phenotype_C
0.4924375129339119,0.4480146968564339,GAN,UMAP,Phenotype_C
0.7578164720879887,0.10889961315861181,GAN,UMAP,Phenotype_C
0.36963558137076036,0.2700282926140873,GAN,UMAP,Phenotype_C
0.37941414591384776,0.6941075031926417,GAN,UMAP,Phenotype_C
0.5371167500899053,0.2591116019099731,GAN,UMAP,Phenotype_C
0.3741228446331059,0.2661190720772522,GAN,UMAP,Phenotype_C
0.5467738611928594,0.23926503113213654,GAN,UMAP,Phenotype_C
0.5651335773755506,0.21596007655499483,GAN,UMAP,Phenotype_C
0.2185804108376295,0.865768495881584,GAN,UMAP,Phenotype_C
0.7514094924811504,0.003167464177869257,GAN,UMAP,Phenotype_C
0.24820319481663247,0.8777148539264268,GAN,UMAP,Phenotype_C
0.5323909423521803,0.2682407489397237,GAN,UMAP,Phenotype_C
0.42472655574761853,0.1412169637112451,GAN,UMAP,Phenotype_C
0.31072536454751115,0.8934327476556997,GAN,UMAP,Phenotype_C
0.37413559296797977,0.7241701316694733,GAN,UMAP,Phenotype_C
0.4919272890705696,0.4521954827523872,GAN,UMAP,Phenotype_C
0.7538039202388434,0.06855723883139114,GAN,UMAP,Phenotype_C
0.22484200563646378,0.9378951848210518,GAN,UMAP,Phenotype_C
0.3994618223194964,0.18971515846410147,GAN,UMAP,Phenotype_C
0.8223495759957612,0.02981147040391653,GAN,UMAP,Phenotype_C
0.4030108941998368,0.18176303877927516,GAN,UMAP,Phenotype_C
0.28489836769244464,0.9045599006224148,GAN,UMAP,Phenotype_C
0.3725172537147572,0.9315533840989023,GAN,UMAP,Phenotype_C
0.7843004546497298,0.007402393711727728,GAN,UMAP,Phenotype_C
0.733759191549444,0.10140740363517146,GAN,UMAP,Phenotype_C
0.7848753668992293,0.008415925242841559,GAN,UMAP,Phenotype_C
0.2976380853373752,0.9627944967356576,GAN,UMAP,Phenotype_C
0.327626816454832,0.44704192051668035,GAN,UMAP,Phenotype_C
0.8001483024016055,0.07965446375083245,GAN,UMAP,Phenotype_C
0.2519820594673567,0.80287044493537,GAN,UMAP,Phenotype_C
0.5268627210674227,0.30286696124732754,GAN,UMAP,Phenotype_C
0.38750274922951644,0.6725026992248351,GAN,UMAP,Phenotype_C
0.33850589041922935,0.3839542421376011,GAN,UMAP,Phenotype_C
0.2535150655625884,0.8833553249058486,GAN,UMAP,Phenotype_C
0.43934351949316147,0.5629948420514843,GAN,UMAP,Phenotype_C
0.5352985847218189,0.26226975513980166,GAN,UMAP,Phenotype_C
0.7698666930827944,0.08063122653815279,GAN,UMAP,Phenotype_C
0.20105034230301155,0.8597266406998894,GAN,UMAP,Phenotype_C
0.25130137369171424,0.914029609828206,GAN,UMAP,Phenotype_C
0.48958768722140045,0.4563930833812499,GAN,UMAP,Phenotype_C
0.5204077012163827,0.37392096721621526,GAN,UMAP,Phenotype_C
0.7871048946763771,0.00831163629080713,GAN,UMAP,Phenotype_C
0.36970996279465707,0.9244559397704541,GAN,UMAP,Phenotype_C
0.4277006750356276,0.13763126694893407,GAN,UMAP,Phenotype_C
0.3783144218329984,0.24465928454168537,GAN,UMAP,Phenotype_C
0.521840936798855,0.35839833420172174,GAN,UMAP,Phenotype_C
0.32823658491107516,0.44365034435306205,GAN,UMAP,Phenotype_C
0.37695744496086614,0.9111710537700282,GAN,UMAP,Phenotype_C
0.31760758271388617,0.9430720719316974,GAN,UMAP,Phenotype_C
0.300447344987671,0.8558512277720117,GAN,UMAP,Phenotype_C
0.5323890812028697,0.2679888624593089,GAN,UMAP,Phenotype_C
0.37998608355187674,0.9017483110130273,GAN,UMAP,Phenotype_C
0.8140265593106975,0.02379947992971311,GAN,UMAP,Phenotype_C
0.7413244515128433,0.06829903420766302,GAN,UMAP,Phenotype_C
0.3782238656230403,0.24581965352378846,GAN,UMAP,Phenotype_C
0.3332537055482776,0.89006791671528,GAN,UMAP,Phenotype_C
0.39151000809911934,0.902189409258984,GAN,UMAP,Phenotype_C
0.5322166182861082,0.2723232987916163,GAN,UMAP,Phenotype_C
0.3355892650456924,0.3887255408679045,GAN,UMAP,Phenotype_C
0.3178472406514255,0.9255550116779557,GAN,UMAP,Phenotype_C
0.7049519137111795,0.11259612287056402,GAN,UMAP,Phenotype_C
0.2244296911365701,0.864677753155493,GAN,UMAP,Phenotype_C
0.3276568853121926,0.8944240152532331,GAN,UMAP,Phenotype_C
0.532993960107889,0.2670333660039932,GAN,UMAP,Phenotype_C
0.38276272467783723,0.9116940820247651,GAN,UMAP,Phenotype_C
0.25152382944574025,0.7976870338271176,GAN,UMAP,Phenotype_C
0.3439611987591707,0.35840291050101386,GAN,UMAP,Phenotype_C
0.5309952040871786,0.26986603192603736,GAN,UMAP,Phenotype_C
0.7197860482997723,0.102499381487023,GAN,UMAP,Phenotype_C
0.40516174807577604,0.17766961031972275,GAN,UMAP,Phenotype_C
0.756727129562543,0.012082095198933156,GAN,UMAP,Phenotype_C
0.24682303964282457,0.9593249651346166,GAN,UMAP,Phenotype_C
0.3950567669904321,0.8667042778295686,GAN,UMAP,Phenotype_C
0.5419449694511167,0.2484788476162643,GAN,UMAP,Phenotype_C
0.3830789102779292,0.2313213989781773,GAN,UMAP,Phenotype_C
0.5191734364807383,0.3755154512332446,GAN,UMAP,Phenotype_C
0.2900708889180457,0.9717974867534346,GAN,UMAP,Phenotype_C
0.28730021853120336,0.9679997600689035,GAN,UMAP,Phenotype_C
0.7599839256944851,0.012007385925368255,GAN,UMAP,Phenotype_C
0.7524652912866497,0.00227035116715584,GAN,UMAP,Phenotype_C
0.5059474666831681,0.4119486406522579,GAN,UMAP,Phenotype_C
0.7611195925490167,0.10809516624982755,GAN,UMAP,Phenotype_C
0.25768107078611374,0.9231669751947477,GAN,UMAP,Phenotype_C
0.22693944560299495,0.882494157221755,GAN,UMAP,Phenotype_C
0.28296044866220804,0.934767498026649,GAN,UMAP,Phenotype_C
0.7625551733947824,0.10012027591316014,GAN,UMAP,Phenotype_C
0.5183175821290765,0.3794422564772212,GAN,UMAP,Phenotype_C
0.22621125210853155,0.8892989400847461,GAN,UMAP,Phenotype_C
0.523871283946449,0.331258100366446,GAN,UMAP,Phenotype_C
0.7859415365020437,0.05170670310984398,GAN,UMAP,Phenotype_C
0.38054413249765073,0.23735620760905876,GAN,UMAP,Phenotype_C
0.8154124808199419,0.025978495130374174,GAN,UMAP,Phenotype_C
0.5374050937569564,0.25859683949686424,GAN,UMAP,Phenotype_C
0.4081164839778282,0.6274966008705674,GAN,UMAP,Phenotype_C
0.3163876154778599,0.5008727390706255,GAN,UMAP,Phenotype_C
0.797748172857007,0.0763501539726775,GAN,UMAP,Phenotype_C
0.31458242974355,0.9295509285422109,GAN,UMAP,Phenotype_C
0.7979266065128865,0.07924278683388876,GAN,UMAP,Phenotype_C
0.43428335305434396,0.14903445468817636,GAN,UMAP,Phenotype_C
0.36154638098117986,0.7392995038088112,GAN,UMAP,Phenotype_C
0.36262166268495466,0.7385777786560894,GAN,UMAP,Phenotype_C
0.2540027942628749,0.9131701206483511,GAN,UMAP,Phenotype_C
0.7641583007108643,0.07187868202073669,GAN,UMAP,Phenotype_C
0.2856475717337507,0.8847969066877056,GAN,UMAP,Phenotype_C
0.7567623945766496,0.10814539469742142,GAN,UMAP,Phenotype_C
0.7872176394438688,0.008641256519405472,GAN,UMAP,Phenotype_C
0.3612832488945311,0.7420916481049433,GAN,UMAP,Phenotype_C
0.754331152640106,0.1097841848923724,GAN,UMAP,Phenotype_C
0.7513168007906248,0.11314603886301036,GAN,UMAP,Phenotype_C
0.7998355862850551,0.07813095196019526,GAN,UMAP,Phenotype_C
0.5286604837206669,0.2752056072682654,GAN,UMAP,Phenotype_C
0.8136511665705396,0.02464820134652777,GAN,UMAP,Phenotype_C
0.3201162721295494,0.4869990781211343,GAN,UMAP,Phenotype_C
0.32216886162511943,0.4816826851393342,GAN,UMAP,Phenotype_C
0.3177900614110421,0.49378055986160513,GAN,UMAP,Phenotype_C
0.4247202864715445,0.1444960959258205,GAN,UMAP,Phenotype_C
0.7901274226731191,0.04795758970845078,GAN,UMAP,Phenotype_C
0.7530719398972275,0.009431261957759205,GAN,UMAP,Phenotype_C
0.3854542155333114,0.6771652039610673,GAN,UMAP,Phenotype_C
0.8155817270682414,0.024749164959976224,GAN,UMAP,Phenotype_C
0.29127990441997786,0.9258531203647156,GAN,UMAP,Phenotype_C
0.7869170584511477,0.04991371221417765,GAN,UMAP,Phenotype_C
0.821005998322857,0.026848055335660943,GAN,UMAP,Phenotype_C
0.7464582758941058,0.10801798672474165,GAN,UMAP,Phenotype_C
0.2974124882215068,0.961451186626489,GAN,UMAP,Phenotype_C
0.36297527029589777,0.9119421839531701,GAN,UMAP,Phenotype_C
0.7410594582768838,0.06575730374200034,GAN,UMAP,Phenotype_C
0.35989165787264654,0.3009616530821835,GAN,UMAP,Phenotype_C
0.3442607792496612,0.9116931635979175,GAN,UMAP,Phenotype_C
0.7675657961465302,0.07699393952292223,GAN,UMAP,Phenotype_C
0.5653003062311408,0.2161083866559293,GAN,UMAP,Phenotype_C
0.5211550925197763,0.36365453063764286,GAN,UMAP,Phenotype_C
0.3940359965210924,0.8680893605253553,GAN,UMAP,Phenotype_C
0.39596806853022865,0.19806213835359382,GAN,UMAP,Phenotype_C
0.8165228231341419,0.031452255802019095,GAN,UMAP,Phenotype_C
0.22255939745065145,0.8949941049664344,GAN,UMAP,Phenotype_C
0.5576395789903826,0.2247485822339764,GAN,UMAP,Phenotype_C
0.18649798356843988,0.8772768593298169,GAN,UMAP,Phenotype_C
0.5133650907085445,0.3898379378821685,GAN,UMAP,Phenotype_C
0.517143401317711,0.3672263639050395,GAN,UMAP,Phenotype_C
0.7959095724998128,0.0770541756561653,GAN,UMAP,Phenotype_C
0.786031237443966,0.0122971020909349,GAN,UMAP,Phenotype_C
0.3200820721662044,0.48808692107280366,GAN,UMAP,Phenotype_C
0.47758588300389415,0.4839577966870253,GAN,UMAP,Phenotype_C
0.3192252657237102,0.4888437938667582,GAN,UMAP,Phenotype_C
0.813597397644211,0.026178712183141155,GAN,UMAP,Phenotype_C
0.34071440764953453,0.3681780837258183,GAN,UMAP,Phenotype_C
0.4403707797793895,0.15378652187699085,GAN,UMAP,Phenotype_C
0.7985405921398221,0.08027459189227981,GAN,UMAP,Phenotype_C
0.3292476193103213,0.886804397757113,GAN,UMAP,Phenotype_C
0.8222630594480352,0.023831403180138468,GAN,UMAP,Phenotype_C
0.7576887305451265,0.05239907027333523,GAN,UMAP,Phenotype_C
0.32671517603524763,0.44898505044950343,GAN,UMAP,Phenotype_C
0.27310414617161155,0.9174963861487043,GAN,UMAP,Phenotype_C
0.3814371291498627,0.6869789907008331,GAN,UMAP,Phenotype_C
0.2908342290876422,0.958502434717903,GAN,UMAP,Phenotype_C
0.519942381614444,0.367447221809458,GAN,UMAP,Phenotype_C
0.7691352936779576,0.07709350966115369,GAN,UMAP,Phenotype_C
0.44252148976589495,0.5565671209142515,GAN,UMAP,Phenotype_C
0.756543488991829,0.10716242461140726,GAN,UMAP,Phenotype_C
0.29666902899946035,0.9459138429474889,GAN,UMAP,Phenotype_C
0.4082357212517303,0.9008557267967691,GAN,UMAP,Phenotype_C
0.2960347213433462,0.8966416043814914,GAN,UMAP,Phenotype_C
0.3833459636878366,0.2310979045553085,GAN,UMAP,Phenotype_C
0.8179219770922427,0.025667971846226715,GAN,UMAP,Phenotype_C
0.31947399272985594,0.921116729772092,GAN,UMAP,Phenotype_C
0.5173087101056191,0.3795418186979798,GAN,UMAP,Phenotype_C
0.5020481948164173,0.4346762590491964,GAN,UMAP,Phenotype_C
0.41187873276086245,0.954026433971507,GAN,UMAP,Phenotype_C
0.7419210735849381,0.06633721112150306,GAN,UMAP,Phenotype_C
0.7717170627888089,0.08034977621421413,GAN,UMAP,Phenotype_C
0.7799629439793196,0.006778496853216261,GAN,UMAP,Phenotype_C
0.7722917168441844,0.068976769881376,GAN,UMAP,Phenotype_C
0.31971096114527,0.49209754662219707,GAN,UMAP,Phenotype_C
0.8190269188460151,0.024040931180946176,GAN,UMAP,Phenotype_C
0.4271042869519577,0.13886674107824326,GAN,UMAP,Phenotype_C
0.37067862108329735,0.9321760458316533,GAN,UMAP,Phenotype_C
0.23638773682909817,0.8793374924768174,GAN,UMAP,Phenotype_C
0.3456581688812479,0.943470004115819,GAN,UMAP,Phenotype_C
0.293772876268341,0.9026644576284091,GAN,UMAP,Phenotype_C
0.7585828783128081,0.10632659284034968,GAN,UMAP,Phenotype_C
0.3623604025057051,0.9361792151010149,GAN,UMAP,Phenotype_C
0.40736813520455795,0.17412343758174792,GAN,UMAP,Phenotype_C
0.5651077364469709,0.21616954121601994,GAN,UMAP,Phenotype_C
0.7560001624901688,0.009512621908496057,GAN,UMAP,Phenotype_C
0.22916753179628363,0.834785936237361,GAN,UMAP,Phenotype_C
0.7616270730997913,0.09782319535775133,GAN,UMAP,Phenotype_C
0.40601392854021473,0.6336939393835747,GAN,UMAP,Phenotype_C
0.2427617321365921,0.8668528096197422,GAN,UMAP,Phenotype_C
0.5309456469524981,0.27130645775686213,GAN,UMAP,Phenotype_C
0.3390753375597703,0.46354448751378113,GAN,UMAP,Phenotype_C
0.7588288082159436,0.010069505277027307,GAN,UMAP,Phenotype_C
0.32151304855009155,0.9340205953103479,GAN,UMAP,Phenotype_C
0.36971502985434107,0.2694679572274049,GAN,UMAP,Phenotype_C
0.37286733267267197,0.7171685679369206,GAN,UMAP,Phenotype_C
0.7620895848406312,0.045745004423017016,GAN,UMAP,Phenotype_C
0.786311507165597,0.048126231879596644,GAN,UMAP,Phenotype_C
0.42629547503178905,0.13996980339204804,GAN,UMAP,Phenotype_C
0.37238291746364377,0.9396187869848908,GAN,UMAP,Phenotype_C
0.7589912983846644,0.10417617555152799,GAN,UMAP,Phenotype_C
0.456449568055216,0.5282272593078761,GAN,UMAP,Phenotype_C
0.7003734003421674,0.11701746138458484,GAN,UMAP,Phenotype_C
0.3325564953486974,0.41495311573457744,GAN,UMAP,Phenotype_C
0.7078200416217535,0.11225525983055595,GAN,UMAP,Phenotype_C
0.3403923750283422,0.3714687516982979,GAN,UMAP,Phenotype_C
0.4064789845689851,0.965480800255082,GAN,UMAP,Phenotype_C
0.3297546587794673,0.917248252550408,GAN,UMAP,Phenotype_C
0.23421808857254753,0.8495871132932088,GAN,UMAP,Phenotype_C
0.35780467476813843,0.3032339836175453,GAN,UMAP,Phenotype_C
0.2740328489195587,0.9084000016214985,GAN,UMAP,Phenotype_C
0.19186203104362623,0.8608253642385868,GAN,UMAP,Phenotype_C
0.43531520704436194,0.5710933003865121,GAN,UMAP,Phenotype_C
0.5445677322582015,0.24334783434315949,GAN,UMAP,Phenotype_C
0.7434297448839803,0.06734972921609544,GAN,UMAP,Phenotype_C
0.31724026929819266,0.9388671337848953,GAN,UMAP,Phenotype_C
0.493088885607911,0.44527724646256817,GAN,UMAP,Phenotype_C
0.28407076946023097,0.9221550588280899,GAN,UMAP,Phenotype_C
0.3413004975529867,0.3686916189306395,GAN,UMAP,Phenotype_C
0.7992990588953276,0.08230301675983315,GAN,UMAP,Phenotype_C
0.3403549046060928,0.9709539591987922,GAN,UMAP,Phenotype_C
0.34526292746780546,0.35100468929746426,GAN,UMAP,Phenotype_C
0.28943990551127835,0.8875734693973207,GAN,UMAP,Phenotype_C
0.2888111167545653,0.9281262584823053,GAN,UMAP,Phenotype_C
0.3474909275963861,0.9207416632494854,GAN,UMAP,Phenotype_C
0.401515240187881,0.9634538322025282,GAN,UMAP,Phenotype_C
0.7975011671450215,0.08047066018928714,GAN,UMAP,Phenotype_C
0.22266725804596363,0.8660570085912814,GAN,UMAP,Phenotype_C
0.7445890149846833,0.06683069136766172,GAN,UMAP,Phenotype_C
0.7451418731527555,0.06517980327423605,GAN,UMAP,Phenotype_C
0.743803502394686,0.06596014939574481,GAN,UMAP,Phenotype_C
0.22148358860054007,0.8659330843066441,GAN,UMAP,Phenotype_C
0.2957978389926401,0.9353880378766832,GAN,UMAP,Phenotype_C
0.8115681639587768,0.028506290843867056,GAN,UMAP,Phenotype_C
0.29555285580129276,0.9603880600456072,GAN,UMAP,Phenotype_C
0.7524881414666261,0.0034249403940975936,GAN,UMAP,Phenotype_C
0.4242947287647059,0.14107530428748255,GAN,UMAP,Phenotype_C
0.36031105119477397,0.9291913802663387,GAN,UMAP,Phenotype_C
0.7837483710640296,0.009856398578503263,GAN,UMAP,Phenotype_C
0.7586673938560728,0.10344121238424496,GAN,UMAP,Phenotype_C
0.32123115435709687,0.4865827041634379,GAN,UMAP,Phenotype_C
0.33934402082008563,0.38854138045002407,GAN,UMAP,Phenotype_C
0.23491835406926204,0.8850546362630644,GAN,UMAP,Phenotype_C
0.7860041485771202,0.02065304455966373,GAN,UMAP,Phenotype_C
0.3493573591285329,0.33934358988098834,GAN,UMAP,Phenotype_C
0.42138841501899726,0.8984997085736603,GAN,UMAP,Phenotype_C
0.4784255383637954,0.48252330005366145,GAN,UMAP,Phenotype_C
0.24900749102915273,0.8882624162125521,GAN,UMAP,Phenotype_C
0.7518202578162999,0.0038679705034233253,GAN,UMAP,Phenotype_C
0.8138153780334205,0.02888237080299516,GAN,UMAP,Phenotype_C
0.36039374862108203,0.7429385960078455,GAN,UMAP,Phenotype_C
0.42273014767972344,0.14459775627687743,GAN,UMAP,Phenotype_C
0.5270651882930136,0.3037399576358198,GAN,UMAP,Phenotype_C
0.2211245051225499,0.8638073378631412,GAN,UMAP,Phenotype_C
0.5436245921554859,0.2376563590038071,GAN,UMAP,Phenotype_C
0.7318069427453239,0.09517597248418501,GAN,UMAP,Phenotype_C
0.4767856815888096,0.48609237507146313,GAN,UMAP,Phenotype_C
0.8182929159837612,0.026749656983407383,GAN,UMAP,Phenotype_C
0.5656472761014787,0.21517900202598628,GAN,UMAP,Phenotype_C
0.24533403412956242,0.8120587988268966,GAN,UMAP,Phenotype_C
0.38255909019964385,0.6851619940275652,GAN,UMAP,Phenotype_C
0.7570444286247948,0.10827669806673049,GAN,UMAP,Phenotype_C
0.2954471575817693,0.9052996776131745,GAN,UMAP,Phenotype_C
0.7731441232284817,0.07395961556805714,GAN,UMAP,Phenotype_C
0.1187493860671308,0.17929603304802244,Real,t-SNE,Phenotype_C
0.7896213201907205,0.5602482399524363,Real,t-SNE,Phenotype_C
0.5994937903815271,0.7067892557433919,Real,t-SNE,Phenotype_C
0.11611118733390254,0.15628285657202176,Real,t-SNE,Phenotype_C
0.7689876167788755,0.5744426946324672,Real,t-SNE,Phenotype_C
0.1634948742665399,0.801429947444811,Real,t-SNE,Phenotype_C
0.12953974779079613,0.021789114136035695,Real,t-SNE,Phenotype_C
0.2792928681526607,0.604244557039542,Real,t-SNE,Phenotype_C
0.1487740139003518,0.1626956568727846,Real,t-SNE,Phenotype_C
0.7716826031012006,0.5549653083684352,Real,t-SNE,Phenotype_C
0.099940181399592945,0.396625918165287,Real,t-SNE,Phenotype_C
0.11808255178892105,0.2637800337050246,Real,t-SNE,Phenotype_C
0.3195091355998744,0.7647831063497746,Real,t-SNE,Phenotype_C
0.3011098142042839,0.9453868816566754,Real,t-SNE,Phenotype_C
0.22200531744562363,0.6833809445310652,Real,t-SNE,Phenotype_C
0.14193435259952172,0.10528436672630198,Real,t-SNE,Phenotype_C
0.7491893718886737,0.5685630547518232,Real,t-SNE,Phenotype_C
0.17684853698422556,0.44419338378674683,Real,t-SNE,Phenotype_C
0.22983296378046036,0.777770133522878,Real,t-SNE,Phenotype_C
0.8593384201005942,0.44786601725206854,Real,t-SNE,Phenotype_C
0.23915524618135658,0.8667064707197016,Real,t-SNE,Phenotype_C
0.14387257546007706,0.7724551674836467,Real,t-SNE,Phenotype_C
0.5200296211674034,0.2547731408126338,Real,t-SNE,Phenotype_C
0.8308591922321692,0.5380059237396145,Real,t-SNE,Phenotype_C
0.3053356535719287,0.6564476767151608,Real,t-SNE,Phenotype_C
0.18505525670606351,0.5181310553666244,Real,t-SNE,Phenotype_C
0.29367734413348134,0.637024910975965,Real,t-SNE,Phenotype_C
0.13285935515600913,0.058150615667533566,Real,t-SNE,Phenotype_C
0.1333875073406702,0.05387244727630031,Real,t-SNE,Phenotype_C
0.13698513244299956,0.21889967238696056,Real,t-SNE,Phenotype_C
0.3275164492837458,0.7039105368640995,Real,t-SNE,Phenotype_C
0.12309718965284719,0.09930220450269452,Real,t-SNE,Phenotype_C
0.9337008104494698,0.479155074099716,Real,t-SNE,Phenotype_C
0.07327605565121913,0.17293470228115018,Real,t-SNE,Phenotype_C
0.8065926472202238,0.5251301850357515,Real,t-SNE,Phenotype_C
0.1270781651336752,0.008183999207440293,Real,t-SNE,Phenotype_C
0.3301286355901169,0.6694737873533048,Real,t-SNE,Phenotype_C
0.31159151330276236,0.6284255829689767,Real,t-SNE,Phenotype_C
0.3088520644135331,0.6565383750007621,Real,t-SNE,Phenotype_C
0.8554452772605197,0.5064694080805274,Real,t-SNE,Phenotype_C
0.1955530711006269,0.4274854851179172,Real,t-SNE,Phenotype_C
0.8831871988060501,0.5338995500778381,Real,t-SNE,Phenotype_C
0.11145541618119154,0.16412557804434702,Real,t-SNE,Phenotype_C
0.13717731533622055,0.21113702946707788,Real,t-SNE,Phenotype_C
0.12592347875162943,0.007569475647686806,Real,t-SNE,Phenotype_C
0.1315992452590252,0.07849833153112751,Real,t-SNE,Phenotype_C
0.1508019996389878,0.27727282524629954,Real,t-SNE,Phenotype_C
0.4301994998778308,0.9839284290882179,Real,t-SNE,Phenotype_C
0.27595083546176485,0.583524152777556,Real,t-SNE,Phenotype_C
0.3119192899344014,0.316683307963339,Real,t-SNE,Phenotype_C
0.2885032600586192,0.5906882178523895,Real,t-SNE,Phenotype_C
0.35114396553338534,0.6677879091581502,Real,t-SNE,Phenotype_C
0.8195794282347354,0.4897465609381626,Real,t-SNE,Phenotype_C
0.0747211916297383,0.16998171280858412,Real,t-SNE,Phenotype_C
0.12866687970503657,0.11270336684950073,Real,t-SNE,Phenotype_C
0.7889748710289409,0.5401355507888858,Real,t-SNE,Phenotype_C
0.12327260529087788,0.13023794997550425,Real,t-SNE,Phenotype_C
0.8044791660143562,0.5732414355383453,Real,t-SNE,Phenotype_C
0.12966211357323745,0.04723207673775835,Real,t-SNE,Phenotype_C
0.1361343133125688,0.08390867623040534,Real,t-SNE,Phenotype_C
0.3231398292604357,0.6622389172618169,Real,t-SNE,Phenotype_C
0.1542899241793139,0.10554264167543399,Real,t-SNE,Phenotype_C
0.22185049600712053,0.8601140314378658,Real,t-SNE,Phenotype_C
0.14570512231251417,0.15192992133927868,Real,t-SNE,Phenotype_C
0.6077416038799448,0.7049873013633077,Real,t-SNE,Phenotype_C
0.1239443856325114,0.08002343408315891,Real,t-SNE,Phenotype_C
0.14730680389476467,0.22425895924970857,Real,t-SNE,Phenotype_C
0.8432248252746928,0.5361444151544223,Real,t-SNE,Phenotype_C
0.2780574856900497,0.5968231217306565,Real,t-SNE,Phenotype_C
0.12979736799595853,0.07618324255937912,Real,t-SNE,Phenotype_C
0.33761199271215453,0.6894168512529432,Real,t-SNE,Phenotype_C
0.17723251419481806,0.17592334191870945,Real,t-SNE,Phenotype_C
0.2751362802156729,0.6000278401568266,Real,t-SNE,Phenotype_C
0.13103131719454364,0.15598271905743183,Real,t-SNE,Phenotype_C
0.14212537876696724,0.14271598815610897,Real,t-SNE,Phenotype_C
0.14176625303800888,0.14758359408274854,Real,t-SNE,Phenotype_C
0.39231721741186043,0.39916154948378674,Real,t-SNE,Phenotype_C
0.12629184220731865,0.16097736811325142,Real,t-SNE,Phenotype_C
0.8032483167874334,0.4984590303596108,Real,t-SNE,Phenotype_C
0.30503554416018824,0.6251418296796682,Real,t-SNE,Phenotype_C
0.9144699397817194,0.517530792435098,Real,t-SNE,Phenotype_C
0.7520904328830488,0.5808867650802075,Real,t-SNE,Phenotype_C
0.3222929828990382,0.6531556814296763,Real,t-SNE,Phenotype_C
0.22608570393578858,0.7815393508315138,Real,t-SNE,Phenotype_C
0.8967412834239614,0.49674614635455805,Real,t-SNE,Phenotype_C
0.1385382934807295,0.2588097334419773,Real,t-SNE,Phenotype_C
0.13587061494600988,0.1787446240188743,Real,t-SNE,Phenotype_C
0.8708628472105666,0.49894452231407455,Real,t-SNE,Phenotype_C
0.39203849965684157,0.6911993673454497,Real,t-SNE,Phenotype_C
0.16930642103411064,0.29537377951432353,Real,t-SNE,Phenotype_C
0.12923138289929118,0.1939201131554686,Real,t-SNE,Phenotype_C
0.5927227551317665,0.6961135017540538,Real,t-SNE,Phenotype_C
0.1421288237702269,0.0412694095134264,Real,t-SNE,Phenotype_C
0.2444622014205067,0.5748224484779608,Real,t-SNE,Phenotype_C
0.26973204133091333,0.5539988062575736,Real,t-SNE,Phenotype_C
0.9086962358248638,0.5078592718365302,Real,t-SNE,Phenotype_C
0.8760117607247778,0.4850256684103032,Real,t-SNE,Phenotype_C
0.28601707655517655,0.6149099952139471,Real,t-SNE,Phenotype_C
0.14711900872403894,0.0994807252814828,Real,t-SNE,Phenotype_C
0.1104439642722329,0.25247829211535383,Real,t-SNE,Phenotype_C
0.16060634967105558,0.0946236334476618,Real,t-SNE,Phenotype_C
0.4463160594581218,0.3296527418042905,Real,t-SNE,Phenotype_C
0.12024943671871784,0.242517331582521,Real,t-SNE,Phenotype_C
0.12345224065140185,0.021063374102804927,Real,t-SNE,Phenotype_C
0.33015748259864314,0.6788908921528768,Real,t-SNE,Phenotype_C
0.8383114435810367,0.5553816774547978,Real,t-SNE,Phenotype_C
0,0.416120362091717,Real,t-SNE,Phenotype_C
0.3131815557921264,0.3264570807990841,Real,t-SNE,Phenotype_C
0.31423323729662256,0.6711650527651826,Real,t-SNE,Phenotype_C
0.6394319181547344,0.6955784339920769,Real,t-SNE,Phenotype_C
0.28132576269494414,0.7164181446642683,Real,t-SNE,Phenotype_C
0.7707177846156036,0.5354028581569791,Real,t-SNE,Phenotype_C
0.8216125201152822,0.5126531415478046,Real,t-SNE,Phenotype_C
0.24006199869844222,0.5419934949650098,Real,t-SNE,Phenotype_C
0.9403798374556996,0.47764809598391417,Real,t-SNE,Phenotype_C
0.31237228224979885,0.30924131517607606,Real,t-SNE,Phenotype_C
0.39093196573404976,0.6056849049041159,Real,t-SNE,Phenotype_C
0.3190597396765569,0.6458248131531721,Real,t-SNE,Phenotype_C
0.16068916695649457,0.1566271075828188,Real,t-SNE,Phenotype_C
0.6294333513767175,0.5059011798246869,Real,t-SNE,Phenotype_C
0.20064464777082666,0.13692796926032164,Real,t-SNE,Phenotype_C
0.8013438837617,0.5438333264930073,Real,t-SNE,Phenotype_C
0.1504827898004362,0.0651514074526252,Real,t-SNE,Phenotype_C
0.8280674485263518,0.5691685554827667,Real,t-SNE,Phenotype_C
0.7679954424947523,0.5245403889352511,Real,t-SNE,Phenotype_C
0.1330501856975699,0.1401888756873098,Real,t-SNE,Phenotype_C
0.12066203376698378,0,Real,t-SNE,Phenotype_C
0.8027936902425707,0.4741231776702791,Real,t-SNE,Phenotype_C
0.9537961340306677,0.48440160059892645,Real,t-SNE,Phenotype_C
0.8909069241721813,0.4917709153532454,Real,t-SNE,Phenotype_C
0.9990379855690383,0.4714272540780312,Real,t-SNE,Phenotype_C
0.12635457129600544,0.016580128390485237,Real,t-SNE,Phenotype_C
0.9396002919527423,0.5053224926975317,Real,t-SNE,Phenotype_C
0.12423850139834446,0.014541498766170781,Real,t-SNE,Phenotype_C
0.038632142473236056,0.3690072101945628,Real,t-SNE,Phenotype_C
0.13088326876272857,0.20653316117447762,Real,t-SNE,Phenotype_C
0.3434050607577568,0.6721245120763473,Real,t-SNE,Phenotype_C
0.8413941002277845,0.5535083064226194,Real,t-SNE,Phenotype_C
0.933294326751814,0.5119864466668235,Real,t-SNE,Phenotype_C
0.5667577636687785,0.7204114949767739,Real,t-SNE,Phenotype_C
0.12592664259568687,0.1464805195410871,Real,t-SNE,Phenotype_C
0.23246261768446433,0.5125080288035698,Real,t-SNE,Phenotype_C
0.33764209740752693,0.6609951042573173,Real,t-SNE,Phenotype_C
0.9034642754268146,0.43768340303051684,Real,t-SNE,Phenotype_C
0.6018611551044878,0.7031838961734289,Real,t-SNE,Phenotype_C
0.7877572704456561,0.5674872447960403,Real,t-SNE,Phenotype_C
0.12560973530844147,0.2660219992843799,Real,t-SNE,Phenotype_C
0.2760970309216945,0.5928933147113963,Real,t-SNE,Phenotype_C
0.16653413077539803,0.11699145621524823,Real,t-SNE,Phenotype_C
0.6160444113970928,0.6747616776014045,Real,t-SNE,Phenotype_C
0.25062142806215254,0.922781104901396,Real,t-SNE,Phenotype_C
0.33642425217345096,0.6479824810879037,Real,t-SNE,Phenotype_C
0.14559092334719273,0.32251817310626135,Real,t-SNE,Phenotype_C
0.7682333052879178,0.5180410127071764,Real,t-SNE,Phenotype_C
0.14309350700796064,0.24838356882895882,Real,t-SNE,Phenotype_C
0.3024341384162593,0.6469419096712209,Real,t-SNE,Phenotype_C
0.14078653131553046,0.7742352382622726,Real,t-SNE,Phenotype_C
0.12981055171731887,0.10351520800507974,Real,t-SNE,Phenotype_C
0.9112562703546399,0.4914611440486977,Real,t-SNE,Phenotype_C
0.2633410795698457,0.578702569959655,Real,t-SNE,Phenotype_C
0.905652398881167,0.4779230733398157,Real,t-SNE,Phenotype_C
0.13662242607869332,0.15376106002064688,Real,t-SNE,Phenotype_C
0.17685387625453752,0.1748252969458841,Real,t-SNE,Phenotype_C
0.29315230698325206,0.6019656984184081,Real,t-SNE,Phenotype_C
0.0638887607017317,0.18495199727609166,Real,t-SNE,Phenotype_C
0.15307386044207613,0.15722722819775548,Real,t-SNE,Phenotype_C
0.9242794864307927,0.4996204144960132,Real,t-SNE,Phenotype_C
0.7861355651019633,0.5312427476066836,Real,t-SNE,Phenotype_C
0.2926866429085764,0.616464228995721,Real,t-SNE,Phenotype_C
0.8756726327167192,0.5202893518335991,Real,t-SNE,Phenotype_C
0.35898091483296546,0.9763669230906015,Real,t-SNE,Phenotype_C
0.8506359973711555,0.467588290229603,Real,t-SNE,Phenotype_C
0.3253481821123002,0.672757044281848,Real,t-SNE,Phenotype_C
0.8328297966920002,0.5009322016733843,Real,t-SNE,Phenotype_C
0.20060134050007142,0.5064871229425815,Real,t-SNE,Phenotype_C
0.6285229534001142,0.48140169452263154,Real,t-SNE,Phenotype_C
0.2971413975724658,0.6700539812343921,Real,t-SNE,Phenotype_C
0.9184186521763594,0.48037088728559985,Real,t-SNE,Phenotype_C
0.13365130266378766,0.11460206829048365,Real,t-SNE,Phenotype_C
0.25549723236746585,0.607872198941158,Real,t-SNE,Phenotype_C
0.2499832261509734,0.6304081984708892,Real,t-SNE,Phenotype_C
0.1212598721617384,0.003236996576801782,Real,t-SNE,Phenotype_C
0.1728330036097578,0.3794537215426171,Real,t-SNE,Phenotype_C
0.2824315067408286,0.6073335762734658,Real,t-SNE,Phenotype_C
0.33090067799893697,0.47836309486009304,Real,t-SNE,Phenotype_C
0.31887734637250165,0.7705235232251331,Real,t-SNE,Phenotype_C
0.3718175039490186,0.4328643032561726,Real,t-SNE,Phenotype_C
0.33220298665302006,0.6691716651753337,Real,t-SNE,Phenotype_C
0.08473702128743367,0.0946258753482554,Real,t-SNE,Phenotype_C
0.4754433289152258,0.29716076919286094,Real,t-SNE,Phenotype_C
0.5531319312320038,0.24334183040317742,Real,t-SNE,Phenotype_C
0.9390163259099223,0.48890201421447427,Real,t-SNE,Phenotype_C
0.7859467242925641,0.4990059010422663,Real,t-SNE,Phenotype_C
0.18956823109322044,0.48621939649987533,Real,t-SNE,Phenotype_C
0.27200873938714476,0.5905131279226126,Real,t-SNE,Phenotype_C
0.6338433413136813,0.51552604275791,Real,t-SNE,Phenotype_C
0.8905023536391977,0.495069361269157,Real,t-SNE,Phenotype_C
0.2467992798361658,0.8902702302572467,Real,t-SNE,Phenotype_C
0.2889511467504853,0.62700957887367,Real,t-SNE,Phenotype_C
0.8173020943944576,0.5469336080166123,Real,t-SNE,Phenotype_C
0.15573206552004082,0.23658580839854118,Real,t-SNE,Phenotype_C
0.3132550777988857,0.9519163535108981,Real,t-SNE,Phenotype_C
0.11966356097602496,0.07758121057771768,Real,t-SNE,Phenotype_C
0.9210864337390747,0.45792751281098826,Real,t-SNE,Phenotype_C
0.3074387357173782,0.6583099675588177,Real,t-SNE,Phenotype_C
0.1370301450931544,0.2395067032152375,Real,t-SNE,Phenotype_C
0.22342709529169213,0.5465363486507685,Real,t-SNE,Phenotype_C
0.12370186258193047,0.008796554519501645,Real,t-SNE,Phenotype_C
0.14086453654646966,0.06862421311425121,Real,t-SNE,Phenotype_C
0.7825078368595181,0.5478334760804402,Real,t-SNE,Phenotype_C
0.9081955355754964,0.5079116732589952,Real,t-SNE,Phenotype_C
0.38719175563447544,0.5941627406557948,Real,t-SNE,Phenotype_C
0.31515557759776686,0.6638096564948559,Real,t-SNE,Phenotype_C
0.13620240673755246,0.05023009273479163,Real,t-SNE,Phenotype_C
0.14354190009272805,0.10995522530051582,Real,t-SNE,Phenotype_C
0.2864947582876345,0.5940481015608099,Real,t-SNE,Phenotype_C
0.7677908654374005,0.5473447592771238,Real,t-SNE,Phenotype_C
0.9983329890642809,0.47706675889447026,Real,t-SNE,Phenotype_C
0.9920748494056263,0.4663273985591188,Real,t-SNE,Phenotype_C
0.14301085087494567,0.09642377668356147,Real,t-SNE,Phenotype_C
0.7749738568567759,0.5526043838219458,Real,t-SNE,Phenotype_C
0.12896268205659991,0.1524492232117656,Real,t-SNE,Phenotype_C
0.3119146030210069,0.32620753346372344,Real,t-SNE,Phenotype_C
0.3295831996888718,0.686302379322044,Real,t-SNE,Phenotype_C
0.21125491287365825,0.48584511062734287,Real,t-SNE,Phenotype_C
0.8773656971273132,0.5129159441088826,Real,t-SNE,Phenotype_C
0.5237152105969539,0.30274847526989407,Real,t-SNE,Phenotype_C
0.9276614038923903,0.4927899122451209,Real,t-SNE,Phenotype_C
0.28780590575635223,0.61620436672239,Real,t-SNE,Phenotype_C
0.19404264164921797,0.49309501928919447,Real,t-SNE,Phenotype_C
0.8195510407034278,0.5365781783626151,Real,t-SNE,Phenotype_C
0.3099678692575134,0.6455198943433474,Real,t-SNE,Phenotype_C
0.7628059072587923,0.5607015987461065,Real,t-SNE,Phenotype_C
0.3273609399189507,0.645523501352022,Real,t-SNE,Phenotype_C
0.13483021234367304,0.04391422089523036,Real,t-SNE,Phenotype_C
0.7930166917100766,0.5518494156834173,Real,t-SNE,Phenotype_C
0.10486956988284495,0.11985633706287138,Real,t-SNE,Phenotype_C
0.277128040904093,0.5983686113382005,Real,t-SNE,Phenotype_C
0.24814705359040484,0.5974157949411235,Real,t-SNE,Phenotype_C
0.8843118788720118,0.4780084093587429,Real,t-SNE,Phenotype_C
0.8857268378565856,0.4471509884976165,Real,t-SNE,Phenotype_C
0.39209948753900054,0.39835430128413807,Real,t-SNE,Phenotype_C
0.11239055448091075,0.12842968411607744,Real,t-SNE,Phenotype_C
0.1979305430001247,0.4778720386043776,Real,t-SNE,Phenotype_C
0.1182699990203048,0.2274923636397965,Real,t-SNE,Phenotype_C
0.3254972354090155,0.7282064962720928,Real,t-SNE,Phenotype_C
0.06161730101376896,0.5255054554788124,Real,t-SNE,Phenotype_C
0.5797336964502154,0.688731098093107,Real,t-SNE,Phenotype_C
0.9353568429469398,0.46218990479429206,Real,t-SNE,Phenotype_C
0.32958015371266836,0.9465814322402338,Real,t-SNE,Phenotype_C
0.24892491459332752,0.5888280478617466,Real,t-SNE,Phenotype_C
0.13229426553262882,0.16060076302343204,Real,t-SNE,Phenotype_C
0.6176813886926453,0.25130091945984767,Real,t-SNE,Phenotype_C
0.648174552894653,0.2755574391114191,Real,t-SNE,Phenotype_C
0.135034776439712,0.055993779639104846,Real,t-SNE,Phenotype_C
0.2570254066497616,0.5511449412113837,Real,t-SNE,Phenotype_C
0.12608734900199334,0.24127978734747732,Real,t-SNE,Phenotype_C
0.8595505346568997,0.5433504146716648,Real,t-SNE,Phenotype_C
0.12137740441392923,0.2003043979340861,Real,t-SNE,Phenotype_C
0.32287751047426916,0.751336779070416,Real,t-SNE,Phenotype_C
0.8263819897800225,0.4781306064570531,Real,t-SNE,Phenotype_C
0.615114594806974,0.49860180383056457,Real,t-SNE,Phenotype_C
0.27699802478108715,0.6072035080611059,Real,t-SNE,Phenotype_C
0.9026520927447149,0.5349980565567398,Real,t-SNE,Phenotype_C
0.09814799862237818,0.14471805591315,Real,t-SNE,Phenotype_C
0.271834587801156,0.6168927345332269,Real,t-SNE,Phenotype_C
0.6303879572490237,0.7299197932905908,Real,t-SNE,Phenotype_C
0.2953054168640775,0.6735543898148281,Real,t-SNE,Phenotype_C
0.7555058186021159,0.5701867018235143,Real,t-SNE,Phenotype_C
0.8217971467969724,0.5047203508152213,Real,t-SNE,Phenotype_C
0.12448392398413372,0.13794950970144185,Real,t-SNE,Phenotype_C
0.4520117717785359,0.2991693736167787,Real,t-SNE,Phenotype_C
0.14085747028601306,0.33925563615059023,Real,t-SNE,Phenotype_C
0.38895229115608365,0.596158134945912,Real,t-SNE,Phenotype_C
0.2711681633649193,0.6174815013332896,Real,t-SNE,Phenotype_C
0.07234004647342604,0.2577490799060759,Real,t-SNE,Phenotype_C
0.3229911608156164,0.9134655956980543,Real,t-SNE,Phenotype_C
0.09279195187729034,0.2009847299667501,Real,t-SNE,Phenotype_C
0.20805741603793831,0.5708766410343482,Real,t-SNE,Phenotype_C
0.12899528141048974,0.10657832716540444,Real,t-SNE,Phenotype_C
0.12126890542620948,0.0017976704514491924,Real,t-SNE,Phenotype_C
0.14864459460784035,0.3329438839919457,Real,t-SNE,Phenotype_C
0.8821352662015033,0.449939234331263,Real,t-SNE,Phenotype_C
0.2336958096808257,0.7731499215959594,Real,t-SNE,Phenotype_C
0.26411365825938954,0.5802925777148267,Real,t-SNE,Phenotype_C
0.12814079231485173,0.07080992704899251,Real,t-SNE,Phenotype_C
0.11633928491777971,0.06440355907057371,Real,t-SNE,Phenotype_C
0.8252833912061677,0.527820447762847,Real,t-SNE,Phenotype_C
0.06179757773514563,0.42032586817432643,Real,t-SNE,Phenotype_C
0.25855360046598225,0.5860572614297919,Real,t-SNE,Phenotype_C
0.824693979230941,0.5524290381000659,Real,t-SNE,Phenotype_C
0.255807806977257,0.5669917884100953,Real,t-SNE,Phenotype_C
0.31321977514613286,0.6501756955627905,Real,t-SNE,Phenotype_C
0.30501112407258835,0.6362504916632341,Real,t-SNE,Phenotype_C
0.1047358908016629,0.0983006082618553,Real,t-SNE,Phenotype_C
0.2985045235264819,0.9650393787153267,Real,t-SNE,Phenotype_C
0.6130444801202327,0.6900736412895795,Real,t-SNE,Phenotype_C
0.3824916340638592,0.6442308368018811,Real,t-SNE,Phenotype_C
0.8041946311296931,0.5442917822764611,Real,t-SNE,Phenotype_C
0.33227246983935105,0.6837063477821664,Real,t-SNE,Phenotype_C
0.26509243464000304,0.57852945892387,Real,t-SNE,Phenotype_C
0.1389389108296874,0.017058959823690593,Real,t-SNE,Phenotype_C
0.12129432069738695,0.0177571859969222,Real,t-SNE,Phenotype_C
0.8915311264771946,0.5575305150079678,Real,t-SNE,Phenotype_C
0.7890734243964204,0.4982804455743721,Real,t-SNE,Phenotype_C
0.2708201419149463,0.9115690709983925,Real,t-SNE,Phenotype_C
0.20790076440512567,0.4789434414626016,Real,t-SNE,Phenotype_C
0.2875882795348516,0.6627759942943359,Real,t-SNE,Phenotype_C
0.9972433466555364,0.4841789967220323,Real,t-SNE,Phenotype_C
0.21212507309860185,0.5707827341893041,Real,t-SNE,Phenotype_C
0.19570670725838746,0.12935302872436116,Real,t-SNE,Phenotype_C
0.5796528397820724,0.6959616919942372,Real,t-SNE,Phenotype_C
0.5907661762143777,0.7028479146440832,Real,t-SNE,Phenotype_C
0.4072814381367869,0.3559520085279957,Real,t-SNE,Phenotype_C
0.068746120774008,0.17841764697975634,Real,t-SNE,Phenotype_C
0.32888885853006017,0.666078849868124,Real,t-SNE,Phenotype_C
0.2645865001554425,0.6049940814173619,Real,t-SNE,Phenotype_C
0.7666266085517095,0.46748011266043027,Real,t-SNE,Phenotype_C
0.3386185709768531,0.7425434983969134,Real,t-SNE,Phenotype_C
0.6021658188906517,0.6807353686426059,Real,t-SNE,Phenotype_C
0.12935585769144445,0.0859348617933906,Real,t-SNE,Phenotype_C
0.29926219284474415,0.6262880356651155,Real,t-SNE,Phenotype_C
0.12025516459827948,0.12363318276615701,Real,t-SNE,Phenotype_C
0.799833207993248,0.4829010898317597,Real,t-SNE,Phenotype_C
0.14012299771252926,0.2934861385647905,Real,t-SNE,Phenotype_C
0.7851325447974076,0.561571441701447,Real,t-SNE,Phenotype_C
0.22629969183301496,0.5211150811936273,Real,t-SNE,Phenotype_C
0.9548756638216896,0.45615863175899096,Real,t-SNE,Phenotype_C
0.8951030458818836,0.48871228559350055,Real,t-SNE,Phenotype_C
0.14059763209077106,0.12892177693759732,Real,t-SNE,Phenotype_C
0.39370852960347097,0.98928816806075,Real,t-SNE,Phenotype_C
0.18025950117598932,0.18007857933322263,Real,t-SNE,Phenotype_C
0.7613631486365375,0.5581626024570395,Real,t-SNE,Phenotype_C
0.09134856638613889,0.14384824663061474,Real,t-SNE,Phenotype_C
0.1346354075896737,0.010154118562065263,Real,t-SNE,Phenotype_C
0.13216040166624243,0.09996667640107539,Real,t-SNE,Phenotype_C
0.14446014361604823,0.08077999861396488,Real,t-SNE,Phenotype_C
0.8198387206244175,0.4693786726375169,Real,t-SNE,Phenotype_C
0.2794818264077164,0.6771077165570091,Real,t-SNE,Phenotype_C
0.1324310516029937,0.1673741874140702,Real,t-SNE,Phenotype_C
0.7943058674547713,0.515269789227096,Real,t-SNE,Phenotype_C
0.08910431802423538,0.10145090846901304,Real,t-SNE,Phenotype_C
0.4131312474643252,0.35378412777527585,Real,t-SNE,Phenotype_C
0.7645170118198589,0.5761452639091843,Real,t-SNE,Phenotype_C
0.8065108915507309,0.5035231986876211,Real,t-SNE,Phenotype_C
0.9172207219078327,0.454100538449673,Real,t-SNE,Phenotype_C
0.3629759294413925,0.6055711429528214,Real,t-SNE,Phenotype_C
0.2750381221698979,0.600654781507713,Real,t-SNE,Phenotype_C
0.191811129026615,0.4799071376951767,Real,t-SNE,Phenotype_C
0.7965266992716801,0.5668963250688152,Real,t-SNE,Phenotype_C
0.3099608236149893,0.687827509842567,Real,t-SNE,Phenotype_C
0.6179458633165918,0.26559763381610163,Real,t-SNE,Phenotype_C
0.14465545832507853,0.10792950501757256,Real,t-SNE,Phenotype_C
0.8914333978075208,0.5362284712500611,Real,t-SNE,Phenotype_C
0.9969986476621415,0.4730815203416305,Real,t-SNE,Phenotype_C
0.32839759525672085,0.39466691473642385,Real,t-SNE,Phenotype_C
0.1360951033799877,0.020606149827193547,Real,t-SNE,Phenotype_C
0.5549560019150093,0.24564353240450762,Real,t-SNE,Phenotype_C
0.22445614763120603,0.6821771800712711,Real,t-SNE,Phenotype_C
0.2254433400634853,0.5196548767220099,Real,t-SNE,Phenotype_C
0.622228584387397,0.7127676164386975,Real,t-SNE,Phenotype_C
0.1403649280042733,0.09323535470916587,Real,t-SNE,Phenotype_C
0.184305826900128,0.42926233189285223,Real,t-SNE,Phenotype_C
0.32774826188866274,0.9490901603007222,Real,t-SNE,Phenotype_C
0.1409143418297223,0.06302731964212278,Real,t-SNE,Phenotype_C
0.8819424022387921,0.46666918119041323,Real,t-SNE,Phenotype_C
0.8018857490753281,0.48558890711183184,Real,t-SNE,Phenotype_C
0.8198814630399716,0.45133066578728787,Real,t-SNE,Phenotype_C
0.6191655789264164,0.6953916071764785,Real,t-SNE,Phenotype_C
0.7797951862880119,0.5773894726487816,Real,t-SNE,Phenotype_C
0.27058901008015857,0.5986315938148197,Real,t-SNE,Phenotype_C
0.8915726663913395,0.46448470872118025,Real,t-SNE,Phenotype_C
0.14200985023935356,0.07229422077455643,Real,t-SNE,Phenotype_C
0.13616032193066305,0.1354758220193371,Real,t-SNE,Phenotype_C
0.7875736955241414,0.5334153330077491,Real,t-SNE,Phenotype_C
0.25303397381205955,0.6693048104528144,Real,t-SNE,Phenotype_C
0.12710689365024708,0.1190631162816153,Real,t-SNE,Phenotype_C
0.32815067377120527,0.6752279074879705,Real,t-SNE,Phenotype_C
0.794030583665475,0.5462995689837553,Real,t-SNE,Phenotype_C
0.14853280509575847,0.049570779806230154,Real,t-SNE,Phenotype_C
0.14132361446027772,0.07451219025454796,Real,t-SNE,Phenotype_C
0.4154197572639918,0.3870793438771363,Real,t-SNE,Phenotype_C
0.11756317753007392,0.11388248264547471,Real,t-SNE,Phenotype_C
0.319644872982279,0.6558149554837472,Real,t-SNE,Phenotype_C
0.26024138814067344,0.559048790615363,Real,t-SNE,Phenotype_C
0.15627616647230133,0.11766048635273872,Real,t-SNE,Phenotype_C
0.242314125928074,0.556114512684166,Real,t-SNE,Phenotype_C
0.38835330044955135,0.5912236299247898,Real,t-SNE,Phenotype_C
0.3837161981813201,0.6438693031021091,Real,t-SNE,Phenotype_C
0.934684660183713,0.4760813417428281,Real,t-SNE,Phenotype_C
0.14337533007525077,0.7789690552585118,Real,t-SNE,Phenotype_C
0.5015068787178437,0.2759989160003818,Real,t-SNE,Phenotype_C
0.13181906652393974,0.02465245285778656,Real,t-SNE,Phenotype_C
0.13534051547063106,0.0076865572381213144,Real,t-SNE,Phenotype_C
0.11688925737760916,0.029158734164852183,Real,t-SNE,Phenotype_C
0.16556245017893412,0.6589563872469459,Real,t-SNE,Phenotype_C
0.8129055448287105,0.5336234738953123,Real,t-SNE,Phenotype_C
0.17176012376781175,0.10589214268923523,Real,t-SNE,Phenotype_C
0.12480592509560973,0.05884827448415011,Real,t-SNE,Phenotype_C
1,0.479003916058811,Real,t-SNE,Phenotype_C
0.16242010853119712,0.4418427602889185,Diffusion,t-SNE,Phenotype_C
0.31386804912957084,0.4579236861317037,Diffusion,t-SNE,Phenotype_C
0.05501247867927089,0.5249187047324011,Diffusion,t-SNE,Phenotype_C
0.14812612131281813,0.5161692748555593,Diffusion,t-SNE,Phenotype_C
0.8744381529550653,0.4941397776662339,Diffusion,t-SNE,Phenotype_C
0.20315455740333332,0.13886453709681024,Diffusion,t-SNE,Phenotype_C
0.10583405095423323,0.2743712874379259,Diffusion,t-SNE,Phenotype_C
0.15313263258980475,0.4513907649636733,Diffusion,t-SNE,Phenotype_C
0.06701150755745612,0.3854490588105262,Diffusion,t-SNE,Phenotype_C
0.25025433491262794,0.3348373388713327,Diffusion,t-SNE,Phenotype_C
0.15259575330726471,0.43521973443220274,Diffusion,t-SNE,Phenotype_C
0.14852682858188448,0.5763294808847561,Diffusion,t-SNE,Phenotype_C
0.14105911214193642,0.30375135864488906,Diffusion,t-SNE,Phenotype_C
0.9191885302833792,0.5232992463316756,Diffusion,t-SNE,Phenotype_C
0.17942639850429415,0.6633329819196239,Diffusion,t-SNE,Phenotype_C
0.11539782885434349,0.3310069552264204,Diffusion,t-SNE,Phenotype_C
0.21070270777176003,0.6055537107708088,Diffusion,t-SNE,Phenotype_C
0.2964868919596447,0.5290825151848261,Diffusion,t-SNE,Phenotype_C
0.09505392321098176,0.35391424666622384,Diffusion,t-SNE,Phenotype_C
0.12825231301997533,0.2859602254090306,Diffusion,t-SNE,Phenotype_C
0.8112278091115538,0.5166494007561079,Diffusion,t-SNE,Phenotype_C
0.24666011661579315,0.6125621841341017,Diffusion,t-SNE,Phenotype_C
0.19516895632523967,0.8183596735664243,Diffusion,t-SNE,Phenotype_C
0.17152268145525895,0.3501611064395459,Diffusion,t-SNE,Phenotype_C
0.31617079869222336,0.4440404162971247,Diffusion,t-SNE,Phenotype_C
0.22839009503545185,0.46168051462301907,Diffusion,t-SNE,Phenotype_C
0.8594951403084801,0.48479223455125064,Diffusion,t-SNE,Phenotype_C
0.8462310504832464,0.5346240188048063,Diffusion,t-SNE,Phenotype_C
0.18890267902228727,0.35648915422578165,Diffusion,t-SNE,Phenotype_C
0.18492570933365754,0.40833713873158256,Diffusion,t-SNE,Phenotype_C
0.20200167571616195,0.5276128446314121,Diffusion,t-SNE,Phenotype_C
0.248016590143824,0.5078999960479819,Diffusion,t-SNE,Phenotype_C
0.13207731486953592,0.4215048437075107,Diffusion,t-SNE,Phenotype_C
0.1578631297394257,0.36544665105785495,Diffusion,t-SNE,Phenotype_C
0.8910453527131972,0.5101882088795924,Diffusion,t-SNE,Phenotype_C
0.14046111796658559,0.24086400564846228,Diffusion,t-SNE,Phenotype_C
0.17451681278516207,0.42883052124891713,Diffusion,t-SNE,Phenotype_C
0.3894371264250594,0.5894745943526335,Diffusion,t-SNE,Phenotype_C
0.22936054393713468,0.5600494511338421,Diffusion,t-SNE,Phenotype_C
0.23808140401487438,0.5706438454555226,Diffusion,t-SNE,Phenotype_C
0.8863511842393399,0.48003127416857766,Diffusion,t-SNE,Phenotype_C
0.8268060755719386,0.5206827345506454,Diffusion,t-SNE,Phenotype_C
0.16608190467296785,0.46538208280121574,Diffusion,t-SNE,Phenotype_C
0.08009005936139171,0.5198042379542458,Diffusion,t-SNE,Phenotype_C
0.17195841370901963,0.4031954333222546,Diffusion,t-SNE,Phenotype_C
0.283595995724192,0.9289303536801975,Diffusion,t-SNE,Phenotype_C
0.9804816471405262,0.47326313735129116,Diffusion,t-SNE,Phenotype_C
0.08986121053146774,0.20548016854681128,Diffusion,t-SNE,Phenotype_C
0.37993151747380144,0.521174148096432,Diffusion,t-SNE,Phenotype_C
0.42845564221059373,0.34843232912223643,Diffusion,t-SNE,Phenotype_C
0.849173931836117,0.5188924091073485,Diffusion,t-SNE,Phenotype_C
0.8139454066521798,0.5035007635178661,Diffusion,t-SNE,Phenotype_C
0.3693760897610878,0.41869884876124447,Diffusion,t-SNE,Phenotype_C
0.2107245343192465,0.6374946268338444,Diffusion,t-SNE,Phenotype_C
0.19713054824649545,0.4466435946071399,Diffusion,t-SNE,Phenotype_C
0.20177541758298861,0.644201784820358,Diffusion,t-SNE,Phenotype_C
0.6149074972564256,0.249996810147404,Diffusion,t-SNE,Phenotype_C
0.14474580431579387,0.27208793065641595,Diffusion,t-SNE,Phenotype_C
0.0655938542051199,0.4160435891951282,Diffusion,t-SNE,Phenotype_C
0.20960605286369283,0.49246235413630185,Diffusion,t-SNE,Phenotype_C
0.2771866639142345,0.8924810176125026,Diffusion,t-SNE,Phenotype_C
0.5286473003794104,0.2542170481458625,Diffusion,t-SNE,Phenotype_C
0.3932732940306026,0.6436968697434707,Diffusion,t-SNE,Phenotype_C
0.20351584393195093,0.37347862534960874,Diffusion,t-SNE,Phenotype_C
0.19654364443714575,0.4469489725222048,Diffusion,t-SNE,Phenotype_C
0.8351830207043125,0.46615819070034564,Diffusion,t-SNE,Phenotype_C
0.46093537311468225,0.3156948886024655,Diffusion,t-SNE,Phenotype_C
0.8871705402368879,0.48934074976445296,Diffusion,t-SNE,Phenotype_C
0.6324021002708251,0.5132173590998936,Diffusion,t-SNE,Phenotype_C
0.84357311906834,0.453925920938704,Diffusion,t-SNE,Phenotype_C
0.26791696126689846,0.6428598969685221,Diffusion,t-SNE,Phenotype_C
0.1177435429986021,0.6041518334937312,Diffusion,t-SNE,Phenotype_C
0.8959453397809393,0.5232173993223076,Diffusion,t-SNE,Phenotype_C
0.9794344470077788,0.47473413854677526,Diffusion,t-SNE,Phenotype_C
0.21494591875885194,0.38841571379136713,Diffusion,t-SNE,Phenotype_C
0.25124676480754277,0.6684014471317428,Diffusion,t-SNE,Phenotype_C
0.15501810839939725,0.41559657877904965,Diffusion,t-SNE,Phenotype_C
0.15031076188637763,0.35746940954441275,Diffusion,t-SNE,Phenotype_C
0.21677007010087135,0.6134044142220371,Diffusion,t-SNE,Phenotype_C
0.1594757478655526,0.24785556368735523,Diffusion,t-SNE,Phenotype_C
0.15818403900835123,0.4000563995015858,Diffusion,t-SNE,Phenotype_C
0.13911375627144598,0.3163286510531663,Diffusion,t-SNE,Phenotype_C
0.2676042444970377,0.4992146651893601,Diffusion,t-SNE,Phenotype_C
0.1260735617438373,0.24920666423054363,Diffusion,t-SNE,Phenotype_C
0.137910710544523,0.2883091520666494,Diffusion,t-SNE,Phenotype_C
0.18079507173098047,0.7923866491036351,Diffusion,t-SNE,Phenotype_C
0.10111399529849857,0.33736123887742236,Diffusion,t-SNE,Phenotype_C
0.22194909561904222,0.6831948941106654,Diffusion,t-SNE,Phenotype_C
0.1336044892030459,0.6164144859465113,Diffusion,t-SNE,Phenotype_C
0.17344861366781508,0.36770067618296237,Diffusion,t-SNE,Phenotype_C
0.12514192234544191,0.4533588031329137,Diffusion,t-SNE,Phenotype_C
0.3263046193054949,0.6309436345391869,Diffusion,t-SNE,Phenotype_C
0.520965119256505,0.2592336461575386,Diffusion,t-SNE,Phenotype_C
0.1008363551682682,0.35663161383386244,Diffusion,t-SNE,Phenotype_C
0.14332071049569955,0.537783885992156,Diffusion,t-SNE,Phenotype_C
0.1506003521137351,0.7569460548563383,Diffusion,t-SNE,Phenotype_C
0.16113043519866063,0.36113083639720023,Diffusion,t-SNE,Phenotype_C
0.8885523651254972,0.5015571093695799,Diffusion,t-SNE,Phenotype_C
0.5945975195235199,0.25021078141877817,Diffusion,t-SNE,Phenotype_C
0.1392828807800725,0.33905067710395276,Diffusion,t-SNE,Phenotype_C
0.8715121840055902,0.47214366624379345,Diffusion,t-SNE,Phenotype_C
0.14164840401944712,0.6408727517343142,Diffusion,t-SNE,Phenotype_C
0.17895902814348946,0.4378205080613552,Diffusion,t-SNE,Phenotype_C
0.9207079824657249,0.49030593497425023,Diffusion,t-SNE,Phenotype_C
0.19044112737562927,0.5378429364910031,Diffusion,t-SNE,Phenotype_C
0.12938777682462219,0.31638917879117706,Diffusion,t-SNE,Phenotype_C
0.2161650994793025,0.4372417094493373,Diffusion,t-SNE,Phenotype_C
0.2529729538785115,0.6245677819798392,Diffusion,t-SNE,Phenotype_C
0.24435033414629098,0.5375087666428194,Diffusion,t-SNE,Phenotype_C
0.4208837311439836,0.9860117703334984,Diffusion,t-SNE,Phenotype_C
0.2589759938881931,0.6137199036124659,Diffusion,t-SNE,Phenotype_C
0.8768309594658449,0.5102408317745133,Diffusion,t-SNE,Phenotype_C
0.49590739095403696,0.28152996531937147,Diffusion,t-SNE,Phenotype_C
0.8211590464715985,0.5020087969952338,Diffusion,t-SNE,Phenotype_C
0.12310360555785681,0.6145090554928176,Diffusion,t-SNE,Phenotype_C
0.42003775947976474,0.9861416208426965,Diffusion,t-SNE,Phenotype_C
0.15316298639572284,0.25676047958629034,Diffusion,t-SNE,Phenotype_C
0.3152406921272157,0.5927216526499485,Diffusion,t-SNE,Phenotype_C
0.32976963618868244,0.39731953245127116,Diffusion,t-SNE,Phenotype_C
0.3477171816349495,0.9697954945167319,Diffusion,t-SNE,Phenotype_C
0.22980620688902978,0.49885536641660616,Diffusion,t-SNE,Phenotype_C
0.8379422901584442,0.49646623947674295,Diffusion,t-SNE,Phenotype_C
0.11555496671783372,0.733608488575942,Diffusion,t-SNE,Phenotype_C
0.24677476907758517,0.5266656832557991,Diffusion,t-SNE,Phenotype_C
0.12546931046468865,0.5071729308017929,Diffusion,t-SNE,Phenotype_C
0.23026794476217824,0.4162234379431585,Diffusion,t-SNE,Phenotype_C
0.06274743591328087,0.508034043539502,Diffusion,t-SNE,Phenotype_C
0.16531008102513114,0.341040355170141,Diffusion,t-SNE,Phenotype_C
0.04390584841011734,0.3801994457722168,Diffusion,t-SNE,Phenotype_C
0.2117167271140511,0.49914626460277745,Diffusion,t-SNE,Phenotype_C
0.3296320158336575,0.7470365204639408,Diffusion,t-SNE,Phenotype_C
0.2504014814058879,0.5628389272615567,Diffusion,t-SNE,Phenotype_C
0.09996315458685773,0.30806540866954424,Diffusion,t-SNE,Phenotype_C
0.8644224035018312,0.5013760561556139,Diffusion,t-SNE,Phenotype_C
0.16708409071817595,0.503101363089777,Diffusion,t-SNE,Phenotype_C
0.21583991516250553,0.8485376842873921,Diffusion,t-SNE,Phenotype_C
0.17940765995662866,0.38077836115858577,Diffusion,t-SNE,Phenotype_C
0.06955833568379537,0.41245579127959464,Diffusion,t-SNE,Phenotype_C
0.6285608907455542,0.5038499293190384,Diffusion,t-SNE,Phenotype_C
0.3145112072078533,0.6110365671302973,Diffusion,t-SNE,Phenotype_C
0.28247652213777297,0.5162691216196652,Diffusion,t-SNE,Phenotype_C
0.19088673955582358,0.46822493172192525,Diffusion,t-SNE,Phenotype_C
0.5010880314716029,0.2782068863987788,Diffusion,t-SNE,Phenotype_C
0.20018008984013913,0.3648364402916286,Diffusion,t-SNE,Phenotype_C
0.9064755133817797,0.4814960253857441,Diffusion,t-SNE,Phenotype_C
0.8628903808630051,0.46975051435945064,Diffusion,t-SNE,Phenotype_C
0.6355926049777314,0.5202734970700885,Diffusion,t-SNE,Phenotype_C
0.19318441570733363,0.553265537877325,Diffusion,t-SNE,Phenotype_C
0.195855953158212,0.8207480501458019,Diffusion,t-SNE,Phenotype_C
0.07147782022054529,0.5436820457127952,Diffusion,t-SNE,Phenotype_C
0.17877356352815416,0.8036192385960995,Diffusion,t-SNE,Phenotype_C
0.2583945827399168,0.5281007773860152,Diffusion,t-SNE,Phenotype_C
0.18207286604865186,0.5235347469698065,Diffusion,t-SNE,Phenotype_C
0.21298762867582957,0.5698767489559573,Diffusion,t-SNE,Phenotype_C
0.1139753956394639,0.3567129289932698,Diffusion,t-SNE,Phenotype_C
0.1513557968740229,0.5616544890549835,Diffusion,t-SNE,Phenotype_C
0.1062811084541954,0.4548107107724837,Diffusion,t-SNE,Phenotype_C
0.8681592653801036,0.5179053953775936,Diffusion,t-SNE,Phenotype_C
0.20016935487328227,0.46580487039911606,Diffusion,t-SNE,Phenotype_C
0.9007844583443343,0.4632819887389679,Diffusion,t-SNE,Phenotype_C
0.18710919176216062,0.5171213869651298,Diffusion,t-SNE,Phenotype_C
0.33348630073149754,0.6184103487966093,Diffusion,t-SNE,Phenotype_C
0.13751617158022786,0.3088804089657178,Diffusion,t-SNE,Phenotype_C
0.04061004187883078,0.3827810988226506,Diffusion,t-SNE,Phenotype_C
0.11811004851165452,0.33532466177965786,Diffusion,t-SNE,Phenotype_C
0.21633622498676633,0.5254459219028301,Diffusion,t-SNE,Phenotype_C
0.8472183959411765,0.49881404616422426,Diffusion,t-SNE,Phenotype_C
0.11485189501403652,0.42800025810434283,Diffusion,t-SNE,Phenotype_C
0.24966708028922668,0.9074892516973927,Diffusion,t-SNE,Phenotype_C
0.26362656943961493,0.4501964252995173,Diffusion,t-SNE,Phenotype_C
0.5103664516957416,0.28340052322798226,Diffusion,t-SNE,Phenotype_C
0.11882366227722041,0.4937341337595231,Diffusion,t-SNE,Phenotype_C
0.9755445901063032,0.4882407159022243,Diffusion,t-SNE,Phenotype_C
0.9693656491854995,0.4733034330443479,Diffusion,t-SNE,Phenotype_C
0.163030654497234,0.41377798077297895,Diffusion,t-SNE,Phenotype_C
0.11374561083695177,0.4442319882057695,Diffusion,t-SNE,Phenotype_C
0.05373418655200305,0.5128333167242027,Diffusion,t-SNE,Phenotype_C
0.13874295685893592,0.2890380773875809,Diffusion,t-SNE,Phenotype_C
0.15265925751751006,0.295231669036566,Diffusion,t-SNE,Phenotype_C
0.26393420309394905,0.9064684453271694,Diffusion,t-SNE,Phenotype_C
0.9592170445269033,0.4706475046392639,Diffusion,t-SNE,Phenotype_C
0.8691623505215368,0.4519104617749309,Diffusion,t-SNE,Phenotype_C
0.07598702505716157,0.40734807409874657,Diffusion,t-SNE,Phenotype_C
0.04750342195380308,0.5344182121194737,Diffusion,t-SNE,Phenotype_C
0.12774261092701017,0.35851689148233606,Diffusion,t-SNE,Phenotype_C
0.24409736437778726,0.4282920008480844,Diffusion,t-SNE,Phenotype_C
0.13970263905402558,0.40537593342208567,Diffusion,t-SNE,Phenotype_C
0.11523631955950145,0.5130120981456323,Diffusion,t-SNE,Phenotype_C
0.16273091689850658,0.49050329216887223,Diffusion,t-SNE,Phenotype_C
0.21043321208359925,0.6523984991677694,Diffusion,t-SNE,Phenotype_C
0.9780848062008497,0.4815094838930585,Diffusion,t-SNE,Phenotype_C
0.8622684286060456,0.5033545574941077,Diffusion,t-SNE,Phenotype_C
0.12991052404935036,0.46795984758102044,Diffusion,t-SNE,Phenotype_C
0.11330279546512778,0.27659182288598927,Diffusion,t-SNE,Phenotype_C
0.8742453064789502,0.48345290133866714,Diffusion,t-SNE,Phenotype_C
0.10962921452052647,0.36968994978985387,Diffusion,t-SNE,Phenotype_C
0.21958257889910787,0.4793945917265472,Diffusion,t-SNE,Phenotype_C
0.13689302090301683,0.4562645549678144,Diffusion,t-SNE,Phenotype_C
0.1325086453923864,0.31059771530771907,Diffusion,t-SNE,Phenotype_C
0.4218605724780398,0.404382068075113,Diffusion,t-SNE,Phenotype_C
0.11611603492133947,0.6207343335993637,Diffusion,t-SNE,Phenotype_C
0.11747720833859915,0.3200328700814719,Diffusion,t-SNE,Phenotype_C
0.13731596622240289,0.38900382546422063,Diffusion,t-SNE,Phenotype_C
0.851443361692423,0.5204335977399365,Diffusion,t-SNE,Phenotype_C
0.8340818093053064,0.4972042064866839,Diffusion,t-SNE,Phenotype_C
0.4594245471376274,0.9774088425251505,Diffusion,t-SNE,Phenotype_C
0.042749533535961025,0.5487152336423187,Diffusion,t-SNE,Phenotype_C
0.5358322441324291,0.25122033807734556,Diffusion,t-SNE,Phenotype_C
0.8496489035891206,0.4771883470902792,Diffusion,t-SNE,Phenotype_C
0.25329217122684533,0.5537498267287077,Diffusion,t-SNE,Phenotype_C
0.9795109470726752,0.4822876925160969,Diffusion,t-SNE,Phenotype_C
0.15887109740783548,0.4087050703002985,Diffusion,t-SNE,Phenotype_C
0.1989487163078074,0.41837510071536343,Diffusion,t-SNE,Phenotype_C
0.11872213631746541,0.24596039495636168,Diffusion,t-SNE,Phenotype_C
0.0468057426687035,0.3835963059145923,Diffusion,t-SNE,Phenotype_C
0.23631563352706256,0.7241606901566079,Diffusion,t-SNE,Phenotype_C
0.16655281734536248,0.427635378490393,Diffusion,t-SNE,Phenotype_C
0.13549448900877825,0.49254038627420016,Diffusion,t-SNE,Phenotype_C
0.23391084043828408,0.6301213527291545,Diffusion,t-SNE,Phenotype_C
0.9458390547042472,0.4795409660377732,Diffusion,t-SNE,Phenotype_C
0.1652452414937937,0.37981281606414014,Diffusion,t-SNE,Phenotype_C
0.1375428067850796,0.5087792563710115,Diffusion,t-SNE,Phenotype_C
0.8359881802275112,0.5205450404156924,Diffusion,t-SNE,Phenotype_C
0.8881251811956147,0.48386211552659436,Diffusion,t-SNE,Phenotype_C
0.9756119800871209,0.4769892061872468,Diffusion,t-SNE,Phenotype_C
0.84817662953162,0.48764547859952606,Diffusion,t-SNE,Phenotype_C
0.11711215235997585,0.7403285580370033,Diffusion,t-SNE,Phenotype_C
0.9142394051242064,0.4969962429419892,Diffusion,t-SNE,Phenotype_C
0.2916941147823944,0.9315183631090065,Diffusion,t-SNE,Phenotype_C
0.2640275673069227,0.9057650562989028,Diffusion,t-SNE,Phenotype_C
0.30720084359523403,0.9442679628470984,Diffusion,t-SNE,Phenotype_C
0.15763648917367637,0.3832313089248031,Diffusion,t-SNE,Phenotype_C
0.17873147840388987,0.411479741282893,Diffusion,t-SNE,Phenotype_C
0.9693050751477834,0.4818154185450003,Diffusion,t-SNE,Phenotype_C
0.12468856194714793,0.700388996105935,Diffusion,t-SNE,Phenotype_C
0.3941751746108588,0.38324188016700217,Diffusion,t-SNE,Phenotype_C
0.1379043457127278,0.5523686438650139,Diffusion,t-SNE,Phenotype_C
0.13887090877795674,0.24281133325478613,Diffusion,t-SNE,Phenotype_C
0.3454834390871634,0.9686103704245482,Diffusion,t-SNE,Phenotype_C
0.46018549139622505,0.9771448272003204,Diffusion,t-SNE,Phenotype_C
0.8660253139782528,0.5220247631410732,Diffusion,t-SNE,Phenotype_C
0.13502534507050507,0.4441989061180377,Diffusion,t-SNE,Phenotype_C
0.13898426450735687,0.3692437968485304,Diffusion,t-SNE,Phenotype_C
0.2270153203838894,0.4418168975259282,Diffusion,t-SNE,Phenotype_C
0.45835707879820164,0.29634798189233175,Diffusion,t-SNE,Phenotype_C
0.11558287289526685,0.3093793649650601,Diffusion,t-SNE,Phenotype_C
0.04323324270752857,0.5527678838260865,Diffusion,t-SNE,Phenotype_C
0.34707597821785835,0.6534944533050193,Diffusion,t-SNE,Phenotype_C
0.13103822504665957,0.2826517947866644,Diffusion,t-SNE,Phenotype_C
0.2668651551392178,0.6286930998905347,Diffusion,t-SNE,Phenotype_C
0.24764604117095382,0.6353246713148192,Diffusion,t-SNE,Phenotype_C
0.12242762389182929,0.2890106719908616,Diffusion,t-SNE,Phenotype_C
0.10515409314282641,0.5466428833789335,Diffusion,t-SNE,Phenotype_C
0.2820147543880203,0.6381498613747677,Diffusion,t-SNE,Phenotype_C
0.15484675600967956,0.3943810090615557,Diffusion,t-SNE,Phenotype_C
0.32879839939845534,0.4731570540528537,Diffusion,t-SNE,Phenotype_C
0.1511447581534675,0.3048183852832047,Diffusion,t-SNE,Phenotype_C
0.1386789844012562,0.2587601673303217,Diffusion,t-SNE,Phenotype_C
0.4359818743637274,0.32451969137251147,Diffusion,t-SNE,Phenotype_C
0.2775099707219307,0.7228928709715167,Diffusion,t-SNE,Phenotype_C
0.05436869444772243,0.49838912306168476,Diffusion,t-SNE,Phenotype_C
0.1761407399460807,0.490379608218877,Diffusion,t-SNE,Phenotype_C
0.13721561191978804,0.6352035273780283,Diffusion,t-SNE,Phenotype_C
0.3293943930061353,0.7467039915400325,Diffusion,t-SNE,Phenotype_C
0.6378656507145137,0.523116857201483,Diffusion,t-SNE,Phenotype_C
0.15816403610206525,0.32927193107251085,Diffusion,t-SNE,Phenotype_C
0.7653172440533655,0.46778395292251224,Diffusion,t-SNE,Phenotype_C
0.15543875396808027,0.34100927875121206,Diffusion,t-SNE,Phenotype_C
0.1575897512056445,0.3721082398632493,Diffusion,t-SNE,Phenotype_C
0.4886285740005416,0.28916958146103783,Diffusion,t-SNE,Phenotype_C
0.3797692586632595,0.520943986371512,Diffusion,t-SNE,Phenotype_C
0.11538419005992119,0.2972157810764951,Diffusion,t-SNE,Phenotype_C
0.12860134890288613,0.3581363146526171,Diffusion,t-SNE,Phenotype_C
0.12152051083362592,0.40069256361396455,Diffusion,t-SNE,Phenotype_C
0.8413728106679931,0.4868898660861666,Diffusion,t-SNE,Phenotype_C
0.20880050613378276,0.541244315739079,Diffusion,t-SNE,Phenotype_C
0.5159079586971724,0.2635746163151373,Diffusion,t-SNE,Phenotype_C
0.21660866863654046,0.41349047996823707,Diffusion,t-SNE,Phenotype_C
0.2851873152668633,0.5766788692850636,Diffusion,t-SNE,Phenotype_C
0.26841204245158967,0.5574582194811639,Diffusion,t-SNE,Phenotype_C
0.19954556375807292,0.48291912285627564,Diffusion,t-SNE,Phenotype_C
0.8272397337661994,0.5178691109299638,Diffusion,t-SNE,Phenotype_C
0.1146815460590409,0.729950026590855,Diffusion,t-SNE,Phenotype_C
0.12863771079139863,0.3343129705770607,Diffusion,t-SNE,Phenotype_C
0.8478480381971373,0.5344821511172553,Diffusion,t-SNE,Phenotype_C
0.06401167769397409,0.520816365693707,Diffusion,t-SNE,Phenotype_C
0.15353668859387357,0.6507914976203697,Diffusion,t-SNE,Phenotype_C
0.17908003151876659,0.46703914166703236,Diffusion,t-SNE,Phenotype_C
0.9321766381373428,0.5024632815117673,Diffusion,t-SNE,Phenotype_C
0.27209884754773606,0.5311357831245189,Diffusion,t-SNE,Phenotype_C
0.23906297008082508,0.3523551377452387,Diffusion,t-SNE,Phenotype_C
0.39450669771353825,0.5744106561164024,Diffusion,t-SNE,Phenotype_C
0.1307744745162899,0.31890950750760183,Diffusion,t-SNE,Phenotype_C
0.9748449839163097,0.4755971619527389,Diffusion,t-SNE,Phenotype_C
0.21720780952965765,0.5490989701392733,Diffusion,t-SNE,Phenotype_C
0.15419689558055327,0.38403114772041436,Diffusion,t-SNE,Phenotype_C
0.7817327998962732,0.47380557055228684,Diffusion,t-SNE,Phenotype_C
0.12906039304398906,0.40376563459173415,Diffusion,t-SNE,Phenotype_C
0.1129394202224486,0.24707567190348534,Diffusion,t-SNE,Phenotype_C
0.15192046511075669,0.28662768248230613,Diffusion,t-SNE,Phenotype_C
0.17228660485998123,0.322563993554763,Diffusion,t-SNE,Phenotype_C
0.13750275988237612,0.3691925441471146,Diffusion,t-SNE,Phenotype_C
0.05232924573718396,0.49564792991402973,Diffusion,t-SNE,Phenotype_C
0.9617246869917415,0.4780837781014938,Diffusion,t-SNE,Phenotype_C
0.04288416326312853,0.540383503623751,Diffusion,t-SNE,Phenotype_C
0.2206115158197125,0.43804763432462623,Diffusion,t-SNE,Phenotype_C
0.10613862925783953,0.5591724939829694,Diffusion,t-SNE,Phenotype_C
0.13193148101489174,0.3018744657958367,Diffusion,t-SNE,Phenotype_C
0.12475108090611725,0.5082605570687738,Diffusion,t-SNE,Phenotype_C
0.13827268392730424,0.6367910234283345,Diffusion,t-SNE,Phenotype_C
0.1889175287865576,0.44056483062296586,Diffusion,t-SNE,Phenotype_C
0.1097691155023759,0.4601142634057627,Diffusion,t-SNE,Phenotype_C
0.3074584858923899,0.35620206103598384,Diffusion,t-SNE,Phenotype_C
0.3909196184974425,0.6904913808414131,Diffusion,t-SNE,Phenotype_C
0.174480446388558,0.3926164223433137,Diffusion,t-SNE,Phenotype_C
0.28351951221527166,0.647679363284004,Diffusion,t-SNE,Phenotype_C
0.3649191775976702,0.4257053804403992,Diffusion,t-SNE,Phenotype_C
0.31541336312104695,0.33075332426951826,Diffusion,t-SNE,Phenotype_C
0.1150501765071972,0.3122758369645567,Diffusion,t-SNE,Phenotype_C
0.22318892769586257,0.5369241171564362,Diffusion,t-SNE,Phenotype_C
0.16714397597746575,0.4704561668634687,Diffusion,t-SNE,Phenotype_C
0.12738681466083715,0.6174228813394586,Diffusion,t-SNE,Phenotype_C
0.8736685907876746,0.544541254384235,Diffusion,t-SNE,Phenotype_C
0.20090805656788688,0.32476979254913835,Diffusion,t-SNE,Phenotype_C
0.1735576301504208,0.3188555766429507,Diffusion,t-SNE,Phenotype_C
0.27557854432668544,0.5702402792387938,Diffusion,t-SNE,Phenotype_C
0.4647512625793329,0.3085046762110727,Diffusion,t-SNE,Phenotype_C
0.3687810707824958,0.43319381892316977,Diffusion,t-SNE,Phenotype_C
0.12973866057224523,0.27774819888568625,Diffusion,t-SNE,Phenotype_C
0.04116152844697481,0.37974367035904294,Diffusion,t-SNE,Phenotype_C
0.2535649780265458,0.8985166612904651,Diffusion,t-SNE,Phenotype_C
0.13624488378811672,0.32310827811641285,Diffusion,t-SNE,Phenotype_C
0.5052419104230337,0.27462266770563304,Diffusion,t-SNE,Phenotype_C
0.13843686991406814,0.5508431176016518,Diffusion,t-SNE,Phenotype_C
0.25068292506468065,0.6003096590281249,Diffusion,t-SNE,Phenotype_C
0.12337302356228612,0.3304869713391099,Diffusion,t-SNE,Phenotype_C
0.32057238358000834,0.4458832595309549,Diffusion,t-SNE,Phenotype_C
0.33015211082863993,0.39904454580800647,Diffusion,t-SNE,Phenotype_C
0.2979944797698209,0.5534269061650143,Diffusion,t-SNE,Phenotype_C
0.23875469517679362,0.547061711426011,Diffusion,t-SNE,Phenotype_C
0.2838355600167709,0.7102974972695344,Diffusion,t-SNE,Phenotype_C
0.9351229093173746,0.48906718109797725,Diffusion,t-SNE,Phenotype_C
0.8367794378366802,0.5221586498777219,Diffusion,t-SNE,Phenotype_C
0.32766681990185725,0.9619789221137222,Diffusion,t-SNE,Phenotype_C
0.9185308408709981,0.48727699946081765,Diffusion,t-SNE,Phenotype_C
0.15639989115980496,0.5357259372657528,Diffusion,t-SNE,Phenotype_C
0.1625209145337197,0.4249018047899891,Diffusion,t-SNE,Phenotype_C
0.1677784483542554,0.3389682612715082,Diffusion,t-SNE,Phenotype_C
0.61663485630081,0.26005210009043517,Diffusion,t-SNE,Phenotype_C
0.12765433886348146,0.22614695271158758,Diffusion,t-SNE,Phenotype_C
0.1101235387016286,0.5659640715988384,Diffusion,t-SNE,Phenotype_C
0.2650436819013585,0.5166698955155897,Diffusion,t-SNE,Phenotype_C
0.40350378036032836,0.37242878549888353,Diffusion,t-SNE,Phenotype_C
0.16537252469650826,0.3640377250455401,Diffusion,t-SNE,Phenotype_C
0.1499984918749302,0.39141235654552914,Diffusion,t-SNE,Phenotype_C
0.11807586642978075,0.5099799775819985,Diffusion,t-SNE,Phenotype_C
0.8038743122884957,0.5162462082961318,Diffusion,t-SNE,Phenotype_C
0.9668278768091431,0.47872819867756405,Diffusion,t-SNE,Phenotype_C
0.15804849393814768,0.314183124482072,Diffusion,t-SNE,Phenotype_C
0.24875620581715355,0.653535947705889,Diffusion,t-SNE,Phenotype_C
0.1062436400683917,0.3801772707208796,Diffusion,t-SNE,Phenotype_C
0.8734436037594978,0.4750475447946453,Diffusion,t-SNE,Phenotype_C
0.18947616038807055,0.4915630076273851,Diffusion,t-SNE,Phenotype_C
0.12275509989542352,0.25256032270705325,Diffusion,t-SNE,Phenotype_C
0.30254579027061634,0.5941378750837448,Diffusion,t-SNE,Phenotype_C
0.4411713817719606,0.9802706029924882,Diffusion,t-SNE,Phenotype_C
0.19054800455489362,0.6697418498345675,Diffusion,t-SNE,Phenotype_C
0.1896580919157006,0.4135772278375202,Diffusion,t-SNE,Phenotype_C
0.44473958663947716,0.979060296782392,Diffusion,t-SNE,Phenotype_C
0.14578188365437328,0.3991407926494564,Diffusion,t-SNE,Phenotype_C
0.8639797619419682,0.47925684977374516,Diffusion,t-SNE,Phenotype_C
0.16316147558860045,0.49450134942023205,Diffusion,t-SNE,Phenotype_C
0.11506653752727372,0.4308691007964466,Diffusion,t-SNE,Phenotype_C
0.12885943507337705,0.4200387485642722,Diffusion,t-SNE,Phenotype_C
0.14074692228918564,0.3106693475663424,Diffusion,t-SNE,Phenotype_C
0.1452641491815824,0.4254221624479467,Diffusion,t-SNE,Phenotype_C
0.8634530261267929,0.4973370598446297,Diffusion,t-SNE,Phenotype_C
0.19694708433200975,0.4226707124695203,Diffusion,t-SNE,Phenotype_C
0.23570849997256593,0.8907377161420077,Diffusion,t-SNE,Phenotype_C
0.8803118930918656,0.5339755524979954,Diffusion,t-SNE,Phenotype_C
0.15061761593620407,0.41318093613886037,Diffusion,t-SNE,Phenotype_C
0.13043195922362763,0.2957959178932933,Diffusion,t-SNE,Phenotype_C
0.23054751554363487,0.5298754426362083,Diffusion,t-SNE,Phenotype_C
0.2981297283598237,0.4950431354403315,Diffusion,t-SNE,Phenotype_C
0.17773210738167305,0.38966984813722455,Diffusion,t-SNE,Phenotype_C
0.20617471794142989,0.4182664728372597,Diffusion,t-SNE,Phenotype_C
0.13165571216672511,0.2336333810462733,Diffusion,t-SNE,Phenotype_C
0.13078698760871793,0.2999027705836567,Diffusion,t-SNE,Phenotype_C
0.8283329262874853,0.5047977765940806,Diffusion,t-SNE,Phenotype_C
0.22514617731715353,0.6107298192033586,Diffusion,t-SNE,Phenotype_C
0.1293495586120637,0.2688393936914299,Diffusion,t-SNE,Phenotype_C
0.2631155612392285,0.5421064795582817,Diffusion,t-SNE,Phenotype_C
0.23472607373383167,0.35693694723529557,Diffusion,t-SNE,Phenotype_C
0.23455017807817685,0.46756165324861415,Diffusion,t-SNE,Phenotype_C
0.24146689559780077,0.8879485643479651,Diffusion,t-SNE,Phenotype_C
0.9682117667738863,0.47986316379770727,Diffusion,t-SNE,Phenotype_C
0.2817545129736533,0.5452064713568017,Diffusion,t-SNE,Phenotype_C
0.30247822108151307,0.5803882443687177,Diffusion,t-SNE,Phenotype_C
0.5792326687747261,0.2467820958562952,Diffusion,t-SNE,Phenotype_C
0.5537562055514834,0.24438321768645507,Diffusion,t-SNE,Phenotype_C
0.18566579668270683,0.3910585016456456,GAN,t-SNE,Phenotype_C
0.038560462021134695,0.5116762451191811,GAN,t-SNE,Phenotype_C
0.524421499092521,0.7391787343080952,GAN,t-SNE,Phenotype_C
0.4477730299972557,0.33024627116197824,GAN,t-SNE,Phenotype_C
0.648054547115028,0.2754546478899411,GAN,t-SNE,Phenotype_C
0.2775311349008424,0.47516084854113255,GAN,t-SNE,Phenotype_C
0.5328770444625275,0.7254884366858929,GAN,t-SNE,Phenotype_C
0.24741735338972143,0.888916570350899,GAN,t-SNE,Phenotype_C
0.34000406719077764,0.5806284585528615,GAN,t-SNE,Phenotype_C
0.26539651426317523,0.908509423758828,GAN,t-SNE,Phenotype_C
0.139245238051964,0.7468761050715851,GAN,t-SNE,Phenotype_C
0.2472375498235226,0.8881232737338948,GAN,t-SNE,Phenotype_C
0.43860805308398104,0.33605699932790895,GAN,t-SNE,Phenotype_C
0.1991376650305303,0.39953989552933367,GAN,t-SNE,Phenotype_C
0.5868837550314886,0.6574182362314006,GAN,t-SNE,Phenotype_C
0.19874581191273,0.28632272727563757,GAN,t-SNE,Phenotype_C
0.31617610735347407,0.95490970331035685,GAN,t-SNE,Phenotype_C
0.09599986693364868,0.688530071729181,GAN,t-SNE,Phenotype_C
0.6302724766687944,0.6114747989361059,GAN,t-SNE,Phenotype_C
0.13943708303876715,0.4329560001764611,GAN,t-SNE,Phenotype_C
0.11918947865912165,0.7456887115094805,GAN,t-SNE,Phenotype_C
0.2627878747072209,0.9068275091253133,GAN,t-SNE,Phenotype_C
0.11742935663701315,0.4868818711955911,GAN,t-SNE,Phenotype_C
0.35518777408699903,0.6261646863096305,GAN,t-SNE,Phenotype_C
0.07258474036098048,0.354398715070916,GAN,t-SNE,Phenotype_C
0.25466992309829767,0.8964473138092369,GAN,t-SNE,Phenotype_C
0.6240594723175268,0.4982610686400087,GAN,t-SNE,Phenotype_C
0.24523020236823184,0.32011131712937047,GAN,t-SNE,Phenotype_C
0.5560047519717584,0.24484431911741986,GAN,t-SNE,Phenotype_C
0.5605864455709354,0.6851581675828942,GAN,t-SNE,Phenotype_C
0.16418782827652773,0.28149775292190576,GAN,t-SNE,Phenotype_C
0.5277841677580528,0.7277570001879422,GAN,t-SNE,Phenotype_C
0.6383158444038585,0.6149992654749142,GAN,t-SNE,Phenotype_C
0.6474974552615782,0.6671105301445907,GAN,t-SNE,Phenotype_C
0.5822632542337616,0.24777285550260436,GAN,t-SNE,Phenotype_C
0.1648969334935709,0.5770755265218649,GAN,t-SNE,Phenotype_C
0.2711932120793542,0.4179343617461572,GAN,t-SNE,Phenotype_C
0.5810248894428087,0.24464035859937533,GAN,t-SNE,Phenotype_C
0.28383253508869216,0.9247170421298254,GAN,t-SNE,Phenotype_C
0.24436544327892315,0.8836147782303564,GAN,t-SNE,Phenotype_C
0.14613416126005943,0.7692460180815228,GAN,t-SNE,Phenotype_C
0.6334134748128614,0.7819823572740218,GAN,t-SNE,Phenotype_C
0.5908177692669591,0.6569933269036023,GAN,t-SNE,Phenotype_C
0.27415622032431614,0.9162885927264381,GAN,t-SNE,Phenotype_C
0.43346257675193023,0.34463998921948474,GAN,t-SNE,Phenotype_C
0.20340159180571507,0.2858286362961114,GAN,t-SNE,Phenotype_C
0.5272289769531205,0.7276115978224258,GAN,t-SNE,Phenotype_C
0.28569557811696766,0.56533854418655,GAN,t-SNE,Phenotype_C
0.45585503484149786,0.3222787447344979,GAN,t-SNE,Phenotype_C
0.11072445372295954,0.40824979144212836,GAN,t-SNE,Phenotype_C
0.16645246413955916,0.5754583080173679,GAN,t-SNE,Phenotype_C
0.6257322338620688,0.6618359478387491,GAN,t-SNE,Phenotype_C
0.6099903694450308,0.25535144243767427,GAN,t-SNE,Phenotype_C
0.6936929756647185,0.7013063553059998,GAN,t-SNE,Phenotype_C
0.1853369050709452,0.6142165423168192,GAN,t-SNE,Phenotype_C
0.532687275187808,0.7244535546501821,GAN,t-SNE,Phenotype_C
0.22695700988775766,0.8638378800550528,GAN,t-SNE,Phenotype_C
0.5321988331754738,0.743610132907203,GAN,t-SNE,Phenotype_C
0.45605154957599364,0.9707628571140229,GAN,t-SNE,Phenotype_C
0.6959843325861339,0.6942172366249025,GAN,t-SNE,Phenotype_C
0.31604934543126767,0.5364969913912639,GAN,t-SNE,Phenotype_C
0.5284254804660358,0.7264188619368882,GAN,t-SNE,Phenotype_C
0.6235968940315322,0.49269154321153774,GAN,t-SNE,Phenotype_C
0.6480098774592777,0.6684244230465114,GAN,t-SNE,Phenotype_C
0.27468570720000207,0.4209642655599267,GAN,t-SNE,Phenotype_C
0.31599090893914183,0.5422612749868145,GAN,t-SNE,Phenotype_C
0.1854219381571226,0.6163228173987921,GAN,t-SNE,Phenotype_C
0.6310172784725153,0.7777549536156885,GAN,t-SNE,Phenotype_C
0.19870185650904898,0.8218098178231106,GAN,t-SNE,Phenotype_C
0.24612351603558816,0.321847579132583,GAN,t-SNE,Phenotype_C
0.6284555342415978,0.6212405268007252,GAN,t-SNE,Phenotype_C
0.42234566608780955,0.9869923791016642,GAN,t-SNE,Phenotype_C
0.3201293996326465,0.9509789709803905,GAN,t-SNE,Phenotype_C
0.3215099357487219,0.5287766053127967,GAN,t-SNE,Phenotype_C
0.5149393800986845,0.24538330876538136,GAN,t-SNE,Phenotype_C
0.2868884960257282,0.9268466637116737,GAN,t-SNE,Phenotype_C
0.6456801738895876,0.7740179508525695,GAN,t-SNE,Phenotype_C
0.6327803328294335,0.5273498170873131,GAN,t-SNE,Phenotype_C
0.6961676526549201,0.6938192578785843,GAN,t-SNE,Phenotype_C
0.5934600461450131,0.24900917166269132,GAN,t-SNE,Phenotype_C
0.6353687005925784,0.7067994236371625,GAN,t-SNE,Phenotype_C
0.6460755660107401,0.7195484080033496,GAN,t-SNE,Phenotype_C
0.35574241060122325,0.6262676139204371,GAN,t-SNE,Phenotype_C
0.22558127828381572,0.5885470982721737,GAN,t-SNE,Phenotype_C
0.19932822569709702,0.34067890565493764,GAN,t-SNE,Phenotype_C
0.5213429354184682,0.26096355392821863,GAN,t-SNE,Phenotype_C
0.38538639779305434,0.9874156736446712,GAN,t-SNE,Phenotype_C
0.4536391128428561,0.3248365096239947,GAN,t-SNE,Phenotype_C
0.6982881668676757,0.6931973957964014,GAN,t-SNE,Phenotype_C
0.35921584506793464,0.9764054909916566,GAN,t-SNE,Phenotype_C
0.5388965389797372,0.2467880274144079,GAN,t-SNE,Phenotype_C
0.5957131469224728,0.7401114737767558,GAN,t-SNE,Phenotype_C
0.044008387785272385,0.46036072190392585,GAN,t-SNE,Phenotype_C
0.5013241952720691,0.2803999544328306,GAN,t-SNE,Phenotype_C
0.6346039281501873,0.782779051942976,GAN,t-SNE,Phenotype_C
0.4751972385644709,0.3062614014263491,GAN,t-SNE,Phenotype_C
0.09268958482106181,0.3994169503663207,GAN,t-SNE,Phenotype_C
0.6348034060886266,0.7134557583965161,GAN,t-SNE,Phenotype_C
0.2077356550576519,0.32754708754112916,GAN,t-SNE,Phenotype_C
0.5396080943166127,0.24701472060201343,GAN,t-SNE,Phenotype_C
0.31644181472306154,0.7721763454213046,GAN,t-SNE,Phenotype_C
0.6414145678693323,0.7927835227144215,GAN,t-SNE,Phenotype_C
0.6201274685504453,0.6847098408935833,GAN,t-SNE,Phenotype_C
0.4222913619288751,0.35566831144737776,GAN,t-SNE,Phenotype_C
0.200068213960708,0.8277914663651343,GAN,t-SNE,Phenotype_C
0.21220372199167037,0.8436678364571119,GAN,t-SNE,Phenotype_C
0.5944384906960053,0.7393777487242885,GAN,t-SNE,Phenotype_C
0.2666456719341602,0.4145190011543236,GAN,t-SNE,Phenotype_C
0.6146686368390456,0.6978353811609241,GAN,t-SNE,Phenotype_C
0.6009642376770005,0.673169388398819,GAN,t-SNE,Phenotype_C
0.6527709099134654,0.6632887670038001,GAN,t-SNE,Phenotype_C
0.5416215186367094,0.7376329172726215,GAN,t-SNE,Phenotype_C
0.08047872527684034,0.30936597947802175,GAN,t-SNE,Phenotype_C
0.6580986763223657,0.7860069867463374,GAN,t-SNE,Phenotype_C
0.6133720625816647,0.2539339622252274,GAN,t-SNE,Phenotype_C
0.3538307187661923,0.542462472690749,GAN,t-SNE,Phenotype_C
0.4686011589086726,0.3025993609644014,GAN,t-SNE,Phenotype_C
0.3633169466162263,0.9780116468071051,GAN,t-SNE,Phenotype_C
0.5299885930844379,0.7527930617697804,GAN,t-SNE,Phenotype_C
0.1645415135876841,0.5077150271575317,GAN,t-SNE,Phenotype_C
0.1224142503063524,0.7208694539666191,GAN,t-SNE,Phenotype_C
0.6276007621113029,0.7348867446943257,GAN,t-SNE,Phenotype_C
0.31504708647248797,0.7818658983892319,GAN,t-SNE,Phenotype_C
0.17466669150148018,0.6623061106858802,GAN,t-SNE,Phenotype_C
0.53021586428057,0.75224965297742,GAN,t-SNE,Phenotype_C
0.6043641061764546,0.25345669181640024,GAN,t-SNE,Phenotype_C
0.1958167550554678,0.8139422653987375,GAN,t-SNE,Phenotype_C
0.1975231862654221,0.8238416370122138,GAN,t-SNE,Phenotype_C
0.47205924563600893,0.3656125549091749,GAN,t-SNE,Phenotype_C
0.09129759707032362,0.48461038376784243,GAN,t-SNE,Phenotype_C
0.6834435390402402,0.7025069707917192,GAN,t-SNE,Phenotype_C
0.24594225976413,0.4528667386766511,GAN,t-SNE,Phenotype_C
0.12042075515960877,0.7446274301957382,GAN,t-SNE,Phenotype_C
0.652265373590278,0.7113590348260029,GAN,t-SNE,Phenotype_C
0.20101658564732428,0.6002750767014396,GAN,t-SNE,Phenotype_C
0.4571227793770356,0.31760415422846605,GAN,t-SNE,Phenotype_C
0.591712749473951,0.24824005192844714,GAN,t-SNE,Phenotype_C
0.27825882836192545,0.921270895948027,GAN,t-SNE,Phenotype_C
0.6279152792557294,0.6212118322098618,GAN,t-SNE,Phenotype_C
0.5132257701131911,0.26785071458525855,GAN,t-SNE,Phenotype_C
0.167114170027227,0.7883610512018566,GAN,t-SNE,Phenotype_C
0.39345135797018754,0.9881661686219159,GAN,t-SNE,Phenotype_C
0.5550284507753467,0.6818262174736497,GAN,t-SNE,Phenotype_C
0.41515612757354914,0.9883831116897752,GAN,t-SNE,Phenotype_C
0.45578368744510567,0.9673643328179858,GAN,t-SNE,Phenotype_C
0.19846961035665767,0.31163793018021413,GAN,t-SNE,Phenotype_C
0.5418145590028669,0.7330235395743203,GAN,t-SNE,Phenotype_C
0.08467953059742234,0.37001078280949135,GAN,t-SNE,Phenotype_C
0.3814421705976612,0.9837562289394413,GAN,t-SNE,Phenotype_C
0.613144356368812,0.2548027966548927,GAN,t-SNE,Phenotype_C
0.16963780250101776,0.5499099787815608,GAN,t-SNE,Phenotype_C
0.15808791614789802,0.7501825623332045,GAN,t-SNE,Phenotype_C
0.2769977312141176,0.9183572379413506,GAN,t-SNE,Phenotype_C
0.6193745923098487,0.681630204787334,GAN,t-SNE,Phenotype_C
0.20815035153125913,0.37385787673506715,GAN,t-SNE,Phenotype_C
0.5644384574638682,0.25004314128942584,GAN,t-SNE,Phenotype_C
0.634214052639481,0.7833400123834431,GAN,t-SNE,Phenotype_C
0.5838971718829498,0.24765326398009904,GAN,t-SNE,Phenotype_C
0.07434918126375914,0.5467056624067332,GAN,t-SNE,Phenotype_C
0.18960455122574033,0.6677366742645273,GAN,t-SNE,Phenotype_C
0.593160508015124,0.6567025015198998,GAN,t-SNE,Phenotype_C
0.6303720062023298,0.5678000548680757,GAN,t-SNE,Phenotype_C
0.5932724455522438,0.6555683096468784,GAN,t-SNE,Phenotype_C
0.2433487973291379,0.4853445395058453,GAN,t-SNE,Phenotype_C
0.4294605844206103,0.3500760570288113,GAN,t-SNE,Phenotype_C
0.6881149068902609,0.7064204352924922,GAN,t-SNE,Phenotype_C
0.3123613192719222,0.34414541363011525,GAN,t-SNE,Phenotype_C
0.36271610978576635,0.9781844815376163,GAN,t-SNE,Phenotype_C
0.17672156405844033,0.8007830528696663,GAN,t-SNE,Phenotype_C
0.4607226331298039,0.31727955750811193,GAN,t-SNE,Phenotype_C
0.09532901128005145,0.41912737487484314,GAN,t-SNE,Phenotype_C
0.22096361148765753,0.8564156257320155,GAN,t-SNE,Phenotype_C
0.3874166397538214,0.9880988523635302,GAN,t-SNE,Phenotype_C
0.6369149021887246,0.6734936574191749,GAN,t-SNE,Phenotype_C
0.09462034643839405,0.3309227500137519,GAN,t-SNE,Phenotype_C
0.23912232814087572,0.39414445962517664,GAN,t-SNE,Phenotype_C
0.27410093338557845,0.9160173118686071,GAN,t-SNE,Phenotype_C
0.3076517642316141,0.944613557617106,GAN,t-SNE,Phenotype_C
0.5895110495541441,0.659203792258112,GAN,t-SNE,Phenotype_C
0.3770339416932586,0.5321854571381918,GAN,t-SNE,Phenotype_C
0.6139617103384681,0.2572374272909575,GAN,t-SNE,Phenotype_C
0.5251130882273555,0.24038016017363475,GAN,t-SNE,Phenotype_C
0.33171752985300845,0.9601024564424725,GAN,t-SNE,Phenotype_C
0.4318860654265385,0.3467441004345753,GAN,t-SNE,Phenotype_C
0.3770593138859904,0.5321031507409674,GAN,t-SNE,Phenotype_C
0.21944546571920054,0.5130444051815223,GAN,t-SNE,Phenotype_C
0.04819502871530628,0.5416784854969062,GAN,t-SNE,Phenotype_C
0.3764609308336875,0.9867010547487891,GAN,t-SNE,Phenotype_C
0.3303489808569135,0.7340193560754635,GAN,t-SNE,Phenotype_C
0.6539108336566811,0.7939347390026269,GAN,t-SNE,Phenotype_C
0.5916012947565453,0.7314863342948306,GAN,t-SNE,Phenotype_C
0.5246202541796054,0.2499423410984161,GAN,t-SNE,Phenotype_C
0.16997587919105825,0.5832091283292328,GAN,t-SNE,Phenotype_C
0.3922477777030545,0.5810935382637461,GAN,t-SNE,Phenotype_C
0.3818881720233329,0.980724326727736,GAN,t-SNE,Phenotype_C
0.4578232856635094,0.3185360924795944,GAN,t-SNE,Phenotype_C
0.31732800488705915,0.5239056790681933,GAN,t-SNE,Phenotype_C
0.6305468804090839,0.5212533556306708,GAN,t-SNE,Phenotype_C
0.09138481618067013,0.3858596652999494,GAN,t-SNE,Phenotype_C
0.16923579304251693,0.5898383758813167,GAN,t-SNE,Phenotype_C
0.3846692613336295,0.9877695551276788,GAN,t-SNE,Phenotype_C
0.3541901672649267,0.5442477522012001,GAN,t-SNE,Phenotype_C
0.3220746685823977,0.33886106270090094,GAN,t-SNE,Phenotype_C
0.4646984982897658,0.2851127459960873,GAN,t-SNE,Phenotype_C
0.3810734372771499,0.9871696261889306,GAN,t-SNE,Phenotype_C
0.6305316199708731,0.5534249156970397,GAN,t-SNE,Phenotype_C
0.5867106542673572,0.2480480656045963,GAN,t-SNE,Phenotype_C
0.5237412047196776,0.7396301990381751,GAN,t-SNE,Phenotype_C
0.18620383403922477,0.3737055301022353,GAN,t-SNE,Phenotype_C
0.3908084788607126,0.6903680296271666,GAN,t-SNE,Phenotype_C
0.4067497273016749,0.9890092788909451,GAN,t-SNE,Phenotype_C
0.5399596941941046,0.2365478680504264,GAN,t-SNE,Phenotype_C
0.3120652410850474,0.9461590794964395,GAN,t-SNE,Phenotype_C
0.24113392973479866,0.48228766078431345,GAN,t-SNE,Phenotype_C
0.27401674261922776,0.4719654015044247,GAN,t-SNE,Phenotype_C
0.524902293556198,0.7380129429965047,GAN,t-SNE,Phenotype_C
0.5305271826532646,0.7492583822942868,GAN,t-SNE,Phenotype_C
0.3263531727435586,0.8991440602311738,GAN,t-SNE,Phenotype_C
0.6198600071257635,0.6184232151118272,GAN,t-SNE,Phenotype_C
0.23367388692318694,0.3928077526754802,GAN,t-SNE,Phenotype_C
0.20191437705704768,0.31366062314157667,GAN,t-SNE,Phenotype_C
0.1626312585950783,0.4643883542284402,GAN,t-SNE,Phenotype_C
0.6366001965078865,0.6155223012491351,GAN,t-SNE,Phenotype_C
0.3106926589696243,0.9441297910955846,GAN,t-SNE,Phenotype_C
0.2038411557389942,0.3992047222676451,GAN,t-SNE,Phenotype_C
0.34230924457864514,0.9667331371335379,GAN,t-SNE,Phenotype_C
0.6514116602374518,0.718181071631523,GAN,t-SNE,Phenotype_C
0.5364007057154809,0.24734739586799445,GAN,t-SNE,Phenotype_C
0.6538712885611062,0.7773105742819402,GAN,t-SNE,Phenotype_C
0.3956097972726746,0.9887133535769776,GAN,t-SNE,Phenotype_C
0.19556930449691515,0.8201239986946459,GAN,t-SNE,Phenotype_C
0.3829294922541891,0.3921826776153056,GAN,t-SNE,Phenotype_C
0.6880027419787025,0.706771864087827,GAN,t-SNE,Phenotype_C
0.31702343958645424,0.523769852526748,GAN,t-SNE,Phenotype_C
0.6925963819873936,0.7016576077535096,GAN,t-SNE,Phenotype_C
0.6486981834201814,0.27588492835577016,GAN,t-SNE,Phenotype_C
0.11731514113910686,0.7285205543773013,GAN,t-SNE,Phenotype_C
0.11763678643275596,0.7205396729588774,GAN,t-SNE,Phenotype_C
0.125556098581471,0.41705969805117127,GAN,t-SNE,Phenotype_C
0.6370696295371208,0.7041111602432389,GAN,t-SNE,Phenotype_C
0.04070070074146428,0.4616439662353287,GAN,t-SNE,Phenotype_C
0.6289878963525628,0.611336472422178,GAN,t-SNE,Phenotype_C
0.5968238244179228,0.665266256607362,GAN,t-SNE,Phenotype_C
0.1096439335246216,0.7220048186723897,GAN,t-SNE,Phenotype_C
0.628728875405398,0.6056008543862815,GAN,t-SNE,Phenotype_C
0.6281362407317763,0.6090222930959954,GAN,t-SNE,Phenotype_C
0.6892477618875745,0.6998491784063208,GAN,t-SNE,Phenotype_C
0.3743343089577789,0.9852720951464148,GAN,t-SNE,Phenotype_C
0.6645192281584417,0.7753866778524454,GAN,t-SNE,Phenotype_C
0.4008679637688329,0.3746461030661353,GAN,t-SNE,Phenotype_C
0.40668114979270614,0.3698302941569478,GAN,t-SNE,Phenotype_C
0.39135954590493527,0.37658399637050877,GAN,t-SNE,Phenotype_C
0.6117400945214354,0.23782606297528833,GAN,t-SNE,Phenotype_C
0.6500419324867418,0.7204162870890339,GAN,t-SNE,Phenotype_C
0.5399784783787323,0.7332938905273263,GAN,t-SNE,Phenotype_C
0.17231321262060137,0.7938458930945976,GAN,t-SNE,Phenotype_C
0.6535390841795092,0.7921607815147694,GAN,t-SNE,Phenotype_C
0.17861409011478008,0.4551405358768946,GAN,t-SNE,Phenotype_C
0.6503078842132842,0.7215876596518448,GAN,t-SNE,Phenotype_C
0.6348907176074703,0.7834585558152755,GAN,t-SNE,Phenotype_C
0.6290814133182145,0.5817641475810422,GAN,t-SNE,Phenotype_C
0.21447016152683568,0.4674524182236331,GAN,t-SNE,Phenotype_C
0.38244279605324577,0.5151823360950933,GAN,t-SNE,Phenotype_C
0.5944743040196621,0.739366535158163,GAN,t-SNE,Phenotype_C
0.5229668589628949,0.30117149046686775,GAN,t-SNE,Phenotype_C
0.18410810101994068,0.5849380317920038,GAN,t-SNE,Phenotype_C
0.6240310472444168,0.6786757330448085,GAN,t-SNE,Phenotype_C
0.4592553992516968,0.9718107984391722,GAN,t-SNE,Phenotype_C
0.325970955729398,0.9555562600751446,GAN,t-SNE,Phenotype_C
0.39037475637683705,0.6901868533689487,GAN,t-SNE,Phenotype_C
0.565865917073557,0.2452546515352694,GAN,t-SNE,Phenotype_C
0.658524080320429,0.7772950038759623,GAN,t-SNE,Phenotype_C
0.08206861038382694,0.44453281217521107,GAN,t-SNE,Phenotype_C
0.435115912115271,0.9820084486606597,GAN,t-SNE,Phenotype_C
0.17566034883575396,0.33304684590140926,GAN,t-SNE,Phenotype_C
0.3229709263577196,0.9115565962554756,GAN,t-SNE,Phenotype_C
0.30097049829103,0.9708734115513152,GAN,t-SNE,Phenotype_C
0.6836970604406244,0.7032915823517439,GAN,t-SNE,Phenotype_C
0.5876983638930238,0.6588698186973869,GAN,t-SNE,Phenotype_C
0.4059166791070004,0.37797696238639183,GAN,t-SNE,Phenotype_C
0.2606415420908989,0.9005937955699707,GAN,t-SNE,Phenotype_C
0.4020096803639052,0.37392739995186547,GAN,t-SNE,Phenotype_C
0.6559277136216716,0.7776544073989708,GAN,t-SNE,Phenotype_C
0.46907482244572485,0.30414562751770635,GAN,t-SNE,Phenotype_C
0.6493679226310527,0.27630632818664286,GAN,t-SNE,Phenotype_C
0.6834739177455341,0.6940719625987667,GAN,t-SNE,Phenotype_C
0.15132985390599923,0.5726641417666127,GAN,t-SNE,Phenotype_C
0.64194844371400706,0.7872827488599465,GAN,t-SNE,Phenotype_C
0.569099291821526,0.7965322013479119,GAN,t-SNE,Phenotype_C
0.4268168609084084,0.35121773119012417,GAN,t-SNE,Phenotype_C
0.12984171775838413,0.47128913252516497,GAN,t-SNE,Phenotype_C
0.17038783149619907,0.7917309361935293,GAN,t-SNE,Phenotype_C
0.24097822952205802,0.4806596303990028,GAN,t-SNE,Phenotype_C
0.3249489200369031,0.9543646954533919,GAN,t-SNE,Phenotype_C
0.6285472246789099,0.6800010701376146,GAN,t-SNE,Phenotype_C
0.22405992552348833,0.8594110572585212,GAN,t-SNE,Phenotype_C
0.6214525149658913,0.6195388620479824,GAN,t-SNE,Phenotype_C
0.20223516413695922,0.4489801150842732,GAN,t-SNE,Phenotype_C
0.27930133854939415,0.718099275828401,GAN,t-SNE,Phenotype_C
0.07784546483368626,0.45257135690778105,GAN,t-SNE,Phenotype_C
0.5393929739730431,0.2466409115461937,GAN,t-SNE,Phenotype_C
0.6404677587124814,0.7919085889788233,GAN,t-SNE,Phenotype_C
0.19401196135127755,0.5857577278621428,GAN,t-SNE,Phenotype_C
0.30652424270304035,0.9389720006769487,GAN,t-SNE,Phenotype_C
0.5686107727899067,0.7974229690775912,GAN,t-SNE,Phenotype_C
0.25378016935863645,0.6763913952020526,GAN,t-SNE,Phenotype_C
0.5915619228876788,0.7316243036610832,GAN,t-SNE,Phenotype_C
0.6395723486047117,0.6688189492692365,GAN,t-SNE,Phenotype_C
0.6052840286772736,0.6643474457188722,GAN,t-SNE,Phenotype_C
0.6469719717857717,0.6707651600292065,GAN,t-SNE,Phenotype_C
0.39934240300589346,0.37454427332826445,GAN,t-SNE,Phenotype_C
0.6439113761281803,0.7875002144986853,GAN,t-SNE,Phenotype_C
0.6176950021647717,0.2627194348458134,GAN,t-SNE,Phenotype_C
0.34019710744841863,0.5815586074626066,GAN,t-SNE,Phenotype_C
0.100268247690162,0.3746553519994704,GAN,t-SNE,Phenotype_C
0.3177025349511807,0.56198430021557,GAN,t-SNE,Phenotype_C
0.12428024081280199,0.6932520210612851,GAN,t-SNE,Phenotype_C
0.6370781933166434,0.6153620443731522,GAN,t-SNE,Phenotype_C
0.22602404685652944,0.5890344212636378,GAN,t-SNE,Phenotype_C
0.5917985131934677,0.2507433257732476,GAN,t-SNE,Phenotype_C
0.45580299218355036,0.9666196874538034,GAN,t-SNE,Phenotype_C
0.5338412840622289,0.72465651763416306,GAN,t-SNE,Phenotype_C
0.2842939891132037,0.34587119230820956,GAN,t-SNE,Phenotype_C
0.6173339727240321,0.6117197123026669,GAN,t-SNE,Phenotype_C
0.19371579371555372,0.816852106816749,GAN,t-SNE,Phenotype_C
0.06917659566932896,0.3543081308702924,GAN,t-SNE,Phenotype_C
0.378498017690502,0.986776521802102,GAN,t-SNE,Phenotype_C
0.47222008463733106,0.36768554008205057,GAN,t-SNE,Phenotype_C
0.5247886529662611,0.7381871710546645,GAN,t-SNE,Phenotype_C
0.28046672111508864,0.5407937104280417,GAN,t-SNE,Phenotype_C
0.5156583737257242,0.26591478801666485,GAN,t-SNE,Phenotype_C
0.14155892618009178,0.7491526742689008,GAN,t-SNE,Phenotype_C
0.5622677367765084,0.6861237777420758,GAN,t-SNE,Phenotype_C
0.6441666737831153,0.718149879943859,GAN,t-SNE,Phenotype_C
0.6134518200166781,0.2553103046772756,GAN,t-SNE,Phenotype_C
0.236572164298731,0.5975746745218746,GAN,t-SNE,Phenotype_C
0.6214979035396536,0.620384836001047,GAN,t-SNE,Phenotype_C
0.23911659366663526,0.8762092756759762,GAN,t-SNE,Phenotype_C
0.6264068938190309,0.5033306280552546,GAN,t-SNE,Phenotype_C
0.44413873299453116,0.3339407957242031,GAN,t-SNE,Phenotype_C
0.6242541777887494,0.527483497746112,GAN,t-SNE,Phenotype_C
0.46845830702837,0.30700513752480174,GAN,t-SNE,Phenotype_C
0.259965064289119,0.6827152461022823,GAN,t-SNE,Phenotype_C
0.1819825957202661,0.5985219230287288,GAN,t-SNE,Phenotype_C
0.2765402582996217,0.3492436053655526,GAN,t-SNE,Phenotype_C
0.4989261333520293,0.2814541411526092,GAN,t-SNE,Phenotype_C
0.14678505149951082,0.4628698992516799,GAN,t-SNE,Phenotype_C
0.12579976870356424,0.35359172932504523,GAN,t-SNE,Phenotype_C
0.2152604287185773,0.8480723965984146,GAN,t-SNE,Phenotype_C
0.41050170506318084,0.9885715727800986,GAN,t-SNE,Phenotype_C
0.5925917652268905,0.7294624373371632,GAN,t-SNE,Phenotype_C
0.24038451795289456,0.5161935152462928,GAN,t-SNE,Phenotype_C
0.2834017223430495,0.9242416385993758,GAN,t-SNE,Phenotype_C
0.15149344148860175,0.4802107236821218,GAN,t-SNE,Phenotype_C
0.46932215374187436,0.3049477847075206,GAN,t-SNE,Phenotype_C
0.6876969276048497,0.7081853640481086,GAN,t-SNE,Phenotype_C
0.30145070663690415,0.5671780642442177,GAN,t-SNE,Phenotype_C
0.4803335738028053,0.29615584003564416,GAN,t-SNE,Phenotype_C
0.04127896558720891,0.46117957086610917,GAN,t-SNE,Phenotype_C
0.19098386780666998,0.500536746493665,GAN,t-SNE,Phenotype_C
0.20120638875042998,0.6008493797365764,GAN,t-SNE,Phenotype_C
0.27548243837153336,0.6610105048122543,GAN,t-SNE,Phenotype_C
0.6854806327976378,0.6968690340994401,GAN,t-SNE,Phenotype_C
0.08259200538534389,0.3327321167604694,GAN,t-SNE,Phenotype_C
0.5959815037421136,0.7312164047709674,GAN,t-SNE,Phenotype_C
0.5942321657752866,0.7391841093361583,GAN,t-SNE,Phenotype_C
0.5942874807566588,0.7359390002366493,GAN,t-SNE,Phenotype_C
0.056562872498751124,0.330584360982868,GAN,t-SNE,Phenotype_C
0.1512937002044729,0.48220260786711755,GAN,t-SNE,Phenotype_C
0.6455689086580277,0.773777126385967,GAN,t-SNE,Phenotype_C
0.2750663354341547,0.47402760851176384,GAN,t-SNE,Phenotype_C
0.5415258004133975,0.7376524601950815,GAN,t-SNE,Phenotype_C
0.6081542750235596,0.24851111949385937,GAN,t-SNE,Phenotype_C
0.3402305863827649,0.5799479640059425,GAN,t-SNE,Phenotype_C
0.5858321285136403,0.6582473919719609,GAN,t-SNE,Phenotype_C
0.616170477318827,0.6106067993143545,GAN,t-SNE,Phenotype_C
0.4151475463544764,0.38657254049506184,GAN,t-SNE,Phenotype_C
0.47561744133519124,0.348537867311665,GAN,t-SNE,Phenotype_C
0.11864490563628054,0.38300571216295376,GAN,t-SNE,Phenotype_C
0.6162129902308512,0.6933275015920802,GAN,t-SNE,Phenotype_C
0.49131430799981035,0.2977766823450581,GAN,t-SNE,Phenotype_C
0.2760232611524371,0.7278353993452099,GAN,t-SNE,Phenotype_C
0.26042989230331054,0.9041740480015553,GAN,t-SNE,Phenotype_C
0.12004401938194541,0.38541299680148766,GAN,t-SNE,Phenotype_C
0.5419076698496827,0.7331655906313462,GAN,t-SNE,Phenotype_C
0.6531032763389699,0.7903570256222852,GAN,t-SNE,Phenotype_C
0.1238300021142178,0.7026994648357742,GAN,t-SNE,Phenotype_C
0.6085935024274648,0.2496721082939369,GAN,t-SNE,Phenotype_C
0.3591776188995255,0.976337983826292,GAN,t-SNE,Phenotype_C
0.05735586361760332,0.3292916288584127,GAN,t-SNE,Phenotype_C
0.41754486857116735,1,GAN,t-SNE,Phenotype_C
0.630549829513365,0.5636926143393769,GAN,t-SNE,Phenotype_C
0.25939340584089776,0.9047672448877335,GAN,t-SNE,Phenotype_C
0.6412686841549616,0.7929024472224754,GAN,t-SNE,Phenotype_C
0.45560057355141864,0.9689816659316928,GAN,t-SNE,Phenotype_C
0.28893532185608906,0.345137316467564,GAN,t-SNE,Phenotype_C
0.16916894180329917,0.7905009821473005,GAN,t-SNE,Phenotype_C
0.6241415080471833,0.6069264751880551,GAN,t-SNE,Phenotype_C
0.09109511016854806,0.48423320879369003,GAN,t-SNE,Phenotype_C
0.6485151224281896,0.6677223883083009,GAN,t-SNE,Phenotype_C
0.17038349946382716,0.8996893040811482,Real,UMAP,Phenotype_D
0.3012420870139699,0.0990680161972653,Real,UMAP,Phenotype_D
0.37461797895625065,0.11089224036706409,Real,UMAP,Phenotype_D
0.01914399508080086,0.5877077757300275,Real,UMAP,Phenotype_D
0.4281251728101936,0.17212771892398976,Real,UMAP,Phenotype_D
0.5735401805550884,0.8507138083592417,Real,UMAP,Phenotype_D
0.5201020281784432,0.08833378248734086,Real,UMAP,Phenotype_D
0.9286133885668415,0.5090693439710643,Real,UMAP,Phenotype_D
0.6284129932927588,0.7841640403888944,Real,UMAP,Phenotype_D
0.2669399022085355,0.14165904312398242,Real,UMAP,Phenotype_D
0.9185276242941467,0.35242633414884583,Real,UMAP,Phenotype_D
0.46703084067616935,0.2285853538832186,Real,UMAP,Phenotype_D
0.1950325550389491,0.09495290655669822,Real,UMAP,Phenotype_D
0.9087238507699184,0.31890970712901123,Real,UMAP,Phenotype_D
0.6207233978030052,0.11977949819600744,Real,UMAP,Phenotype_D
0.8013942043436585,0.6524390763671541,Real,UMAP,Phenotype_D
0.8602549746299493,0.6041058672008843,Real,UMAP,Phenotype_D
0.7595322118078474,0.10416631477248367,Real,UMAP,Phenotype_D
0.09364643051830064,0.4455199163707264,Real,UMAP,Phenotype_D
0.8636814577487513,0.5212884666543707,Real,UMAP,Phenotype_D
0.21829461359123695,0.08336355501905583,Real,UMAP,Phenotype_D
0.2795977184887728,0.11992279066236382,Real,UMAP,Phenotype_D
0.59235693224952,0.15743104278439993,Real,UMAP,Phenotype_D
0.8916787068093216,0.556184819182567,Real,UMAP,Phenotype_D
0.443567555953608,0.15039575061982466,Real,UMAP,Phenotype_D
0.4372751142442492,0.8745846107709073,Real,UMAP,Phenotype_D
0.011586584284023177,0.4328196072026137,Real,UMAP,Phenotype_D
0.9581407959836216,0.7384234647083867,Real,UMAP,Phenotype_D
0.872356726789328,0.8005703599621545,Real,UMAP,Phenotype_D
0.9399404003913754,0.37720005424499364,Real,UMAP,Phenotype_D
0.6527770845144898,0.15320273058335576,Real,UMAP,Phenotype_D
0.08752780397085896,0.23431453244485367,Real,UMAP,Phenotype_D
0.4541695710812296,0.9705601709126814,Real,UMAP,Phenotype_D
0.5732360407329052,0.04919069588105037,Real,UMAP,Phenotype_D
0.8342085197684704,0.8225152508917584,Real,UMAP,Phenotype_D
0.6522266983882192,0.621709898593048,Real,UMAP,Phenotype_D
0.7183050212084723,0.8626813816974809,Real,UMAP,Phenotype_D
0.5399429726208202,0.5139261168696102,Real,UMAP,Phenotype_D
0.19446896512784972,0.6534900305923493,Real,UMAP,Phenotype_D
0.4060342251158185,0.9581006046174712,Real,UMAP,Phenotype_D
0.14451680773893036,0.2402913857091533,Real,UMAP,Phenotype_D
0.17722225235937497,0.16200838781327312,Real,UMAP,Phenotype_D
0.9140580819443039,0.40962865647719715,Real,UMAP,Phenotype_D
0.6697640290305584,0.07677492407039689,Real,UMAP,Phenotype_D
0.4616476123243467,0.6867095134913946,Real,UMAP,Phenotype_D
0.3356123098580032,0.6163932087914061,Real,UMAP,Phenotype_D
0.7276541268686461,0.2757330610793273,Real,UMAP,Phenotype_D
0.7860548893450021,0.656762370859035,Real,UMAP,Phenotype_D
0.6784532085460231,0.1981630477874138,Real,UMAP,Phenotype_D
0.623367899308304,0.751946231303866,Real,UMAP,Phenotype_D
0.4263977408532188,0.2691428172713918,Real,UMAP,Phenotype_D
0.3112614958434448,0.26452227785501686,Real,UMAP,Phenotype_D
0.10703670810040447,0.27955362229450337,Real,UMAP,Phenotype_D
0.035673469446692765,0.3809033303496487,Real,UMAP,Phenotype_D
0.03301548270424722,0.30796499528348914,Real,UMAP,Phenotype_D
0.695966211918446,0.512042801253053,Real,UMAP,Phenotype_D
0.7758301335162072,0.5215671888981099,Real,UMAP,Phenotype_D
0.6649817625628353,0.7489559020017883,Real,UMAP,Phenotype_D
0.25539384705829643,0.5747211840403165,Real,UMAP,Phenotype_D
0.9519115586752275,0.6622149944565837,Real,UMAP,Phenotype_D
0.6477403239660576,0.16158672591614423,Real,UMAP,Phenotype_D
0.4980712378577646,0.9319469192103983,Real,UMAP,Phenotype_D
0.2832271317880777,0.5520108401784036,Real,UMAP,Phenotype_D
0.29026123706639406,0.8647045813551263,Real,UMAP,Phenotype_D
0.329465293337621,0.2937922968013882,Real,UMAP,Phenotype_D
0.007595443570872196,0.24490769136992707,Real,UMAP,Phenotype_D
0.3600757537479689,0.499585580219037,Real,UMAP,Phenotype_D
0.013256648916366359,0.3258106279551039,Real,UMAP,Phenotype_D
0.36939657345018917,0.8521480056695784,Real,UMAP,Phenotype_D
0.9289658402912527,0.3810785271885705,Real,UMAP,Phenotype_D
0.23059383514429743,0.8095155421199618,Real,UMAP,Phenotype_D
0.9351722065395495,0.594080207932842,Real,UMAP,Phenotype_D
0.02637213113969723,0.4303618112724688,Real,UMAP,Phenotype_D
0.16698521970284186,0.5794339336456463,Real,UMAP,Phenotype_D
0.48526368894438043,0.04179523207926699,Real,UMAP,Phenotype_D
0,0.31467484268715584,Real,UMAP,Phenotype_D
0.4042610755127636,0.8348637866313182,Real,UMAP,Phenotype_D
0.10363260350014343,0.3757376444977794,Real,UMAP,Phenotype_D
0.2050559776232191,0.17584077298800924,Real,UMAP,Phenotype_D
0.24699389039216374,0.10423526450655878,Real,UMAP,Phenotype_D
0.1069099321867561,0.35375900952799766,Real,UMAP,Phenotype_D
0.1574510346695045,0.3551320567909172,Real,UMAP,Phenotype_D
0.02563492185959756,0.4191888798393063,Real,UMAP,Phenotype_D
0.12337146641050749,0.7373218062196831,Real,UMAP,Phenotype_D
0.5655814432270354,0.7706815952753303,Real,UMAP,Phenotype_D
0.914940667465151,0.41581951600676204,Real,UMAP,Phenotype_D
1,0.663471991454366,Real,UMAP,Phenotype_D
0.21964259887539236,0.8154205727445998,Real,UMAP,Phenotype_D
0.05950939703821358,0.6129201935494134,Real,UMAP,Phenotype_D
0.4756243141664753,0.3071797344231894,Real,UMAP,Phenotype_D
0.29572958638880925,0.8406555390927005,Real,UMAP,Phenotype_D
0.6053163675181362,0.988063174941837,Real,UMAP,Phenotype_D
0.1272512988504398,0.32954112106005173,Real,UMAP,Phenotype_D
0.7601998656542427,0.21227208872994105,Real,UMAP,Phenotype_D
0.15362249997378205,0.628718805387895,Real,UMAP,Phenotype_D
0.8715561448487257,0.7388835202165768,Real,UMAP,Phenotype_D
0.054118141176800846,0.7220281075380223,Real,UMAP,Phenotype_D
0.3836710518447039,0.6390999993227251,Real,UMAP,Phenotype_D
0.051788156518277215,0.42101740864231113,Real,UMAP,Phenotype_D
0.13005441709248663,0.6097784192813547,Real,UMAP,Phenotype_D
0.11451482276586541,0.19709745182409816,Real,UMAP,Phenotype_D
0.410905699731273,0.4094981660813489,Real,UMAP,Phenotype_D
0.20014470809741863,0.16853668774461633,Real,UMAP,Phenotype_D
0.336793185887643,0.2936236018014252,Real,UMAP,Phenotype_D
0.9822605131710324,0.6616882194962871,Real,UMAP,Phenotype_D
0.05914517326467785,0.37864905709947105,Real,UMAP,Phenotype_D
0.8365812890034022,0.5677008108240498,Real,UMAP,Phenotype_D
0.10071132423278878,0.8100750656838516,Real,UMAP,Phenotype_D
0.45655038847578555,0.11286426324383488,Real,UMAP,Phenotype_D
0.3220315747160516,0.7975299312187971,Real,UMAP,Phenotype_D
0.15511013455586753,0.30687692009400575,Real,UMAP,Phenotype_D
0.10775556179455119,0.6576116672728014,Real,UMAP,Phenotype_D
0.10785389878702979,0.19671893391261863,Real,UMAP,Phenotype_D
0.15165345955743723,0.13691048300252656,Real,UMAP,Phenotype_D
0.4822626240634169,0.06321904345789468,Real,UMAP,Phenotype_D
0.20517276809810905,0.31053987471674555,Real,UMAP,Phenotype_D
0.5136801673510588,0.6085379540911577,Real,UMAP,Phenotype_D
0.6833178059352738,0.10085884441467935,Real,UMAP,Phenotype_D
0.6833590570554388,0.2689957446661058,Real,UMAP,Phenotype_D
0.18264958306571394,0.46165793428322976,Real,UMAP,Phenotype_D
0.6962433690292782,0.13121255358937578,Real,UMAP,Phenotype_D
0.024506273590522584,0.3817782057035051,Real,UMAP,Phenotype_D
0.6542626387968339,0.15692621783082084,Real,UMAP,Phenotype_D
0.3790196974159972,0.8255302519005829,Real,UMAP,Phenotype_D
0.027618450951787915,0.249131114591289,Real,UMAP,Phenotype_D
0.5093429626574082,0.7733064103438462,Real,UMAP,Phenotype_D
0.6461852264870664,0.1496775746250614,Real,UMAP,Phenotype_D
0.7251666512826461,0.7496205890306984,Real,UMAP,Phenotype_D
0.30594062753563295,0.6035404844216538,Real,UMAP,Phenotype_D
0.18627238835407572,0.7409731810168353,Real,UMAP,Phenotype_D
0.5208451112460478,0.5651641359949081,Real,UMAP,Phenotype_D
0.08834602257029765,0.537047513038723,Real,UMAP,Phenotype_D
0.8044078733936431,0.198922402095583,Real,UMAP,Phenotype_D
0.5647167727580784,0.6082281339044914,Real,UMAP,Phenotype_D
0.48046940568638674,0.9986908433852215,Real,UMAP,Phenotype_D
0.9391272968818889,0.531240463615139,Real,UMAP,Phenotype_D
0.06116007817179045,0.5675189105387596,Real,UMAP,Phenotype_D
0.9203182545335574,0.5315525266842369,Real,UMAP,Phenotype_D
0.3655305444108935,0.11855856372361326,Real,UMAP,Phenotype_D
0.530424597865517,0.5193526827094713,Real,UMAP,Phenotype_D
0.7978010938044721,0.606439951784328,Real,UMAP,Phenotype_D
0.182511842748723,0.8884341073745313,Real,UMAP,Phenotype_D
0.3676154942340026,0.8739996090706323,Real,UMAP,Phenotype_D
0.386024923239081,0.08329601653684778,Real,UMAP,Phenotype_D
0.42320276756224834,0.8273155359142337,Real,UMAP,Phenotype_D
0.14822669192705296,0.7507871777057487,Real,UMAP,Phenotype_D
0.4697598023509663,0.9660987406939674,Real,UMAP,Phenotype_D
0.3772714135133799,0.08545946564901126,Real,UMAP,Phenotype_D
0.2643495619188552,0.6173017021808094,Real,UMAP,Phenotype_D
0.37063114568727,0.40559862516347134,Real,UMAP,Phenotype_D
0.21885110600910118,0.6041665510311668,Real,UMAP,Phenotype_D
0.7681831199266002,0.20034650643497776,Real,UMAP,Phenotype_D
0.5748083557515203,0.1937996586219535,Real,UMAP,Phenotype_D
0.4418032904541543,0.4866815467635474,Real,UMAP,Phenotype_D
0.8062555543238278,0.198416821114218,Real,UMAP,Phenotype_D
0.06425903951116965,0.26114933549095265,Real,UMAP,Phenotype_D
0.45402708278600545,0.23183793662376576,Real,UMAP,Phenotype_D
0.17639434201055312,0.6172629683572446,Real,UMAP,Phenotype_D
0.7092985837453969,0.19367168831872494,Real,UMAP,Phenotype_D
0.07103587289676949,0.2410158115336134,Real,UMAP,Phenotype_D
0.6832677930820806,0.3370370861555089,Real,UMAP,Phenotype_D
0.3247279858184253,0.17133887953217,Real,UMAP,Phenotype_D
0.7347131100844574,0.6153844913185171,Real,UMAP,Phenotype_D
0.20321934216688153,0.5770385352087652,Real,UMAP,Phenotype_D
0.13770761957382413,0.8433189493796871,Real,UMAP,Phenotype_D
0.6060217849233653,0.29431541762738633,Real,UMAP,Phenotype_D
0.7917140113314906,0.8241131912200603,Real,UMAP,Phenotype_D
0.9453490818223861,0.73325209604766,Real,UMAP,Phenotype_D
0.4195914651077504,0.7894942756883673,Real,UMAP,Phenotype_D
0.3284314088402924,0.8067878190693204,Real,UMAP,Phenotype_D
0.034215644336194895,0.34997544327247887,Real,UMAP,Phenotype_D
0.15062569358875966,0.7642523223834784,Real,UMAP,Phenotype_D
0.5288944272722499,0.2681111417547373,Real,UMAP,Phenotype_D
0.2971258835751928,0.1909586574080564,Real,UMAP,Phenotype_D
0.22116904940323967,0.23477460055350685,Real,UMAP,Phenotype_D
0.2634534666867468,0.4555408630655698,Real,UMAP,Phenotype_D
0.5477197693809076,0.6289926134510259,Real,UMAP,Phenotype_D
0.07956020701331937,0.7608852770361443,Real,UMAP,Phenotype_D
0.5897297828914754,0.1435722470390093,Real,UMAP,Phenotype_D
0.4888199735892487,0.2042225096877873,Real,UMAP,Phenotype_D
0.04071748657010495,0.3298493283874416,Real,UMAP,Phenotype_D
0.12836193417116626,0.33594951498454945,Real,UMAP,Phenotype_D
0.6748351022876652,0.6556468014590706,Real,UMAP,Phenotype_D
0.8504521923073624,0.39666348557475356,Real,UMAP,Phenotype_D
0.1464627935393183,0.2639765769991462,Real,UMAP,Phenotype_D
0.6545519228314524,0.89475672049637,Real,UMAP,Phenotype_D
0.35008419646091327,0.7665935892308882,Real,UMAP,Phenotype_D
0.7340071787228215,0.2663215735836331,Real,UMAP,Phenotype_D
0.04991769783555703,0.5494937212679909,Real,UMAP,Phenotype_D
0.06013887126582674,0.6590632658226772,Real,UMAP,Phenotype_D
0.19243227825873963,0.2597207453866948,Real,UMAP,Phenotype_D
0.3344912975126847,0.8799484578056955,Real,UMAP,Phenotype_D
0.3583686353061154,0.8828856509548867,Real,UMAP,Phenotype_D
0.37247355703465407,0.0855622854278952,Real,UMAP,Phenotype_D
0.7288592200346864,0.25072290589359886,Real,UMAP,Phenotype_D
0.5640370776472979,0.8375563984915355,Real,UMAP,Phenotype_D
0.9056283341621696,0.7570756404224747,Real,UMAP,Phenotype_D
0.8643982984469718,0.5314388957080145,Real,UMAP,Phenotype_D
0.20971619168141237,0.14464993944689952,Real,UMAP,Phenotype_D
0.5877783638376455,0.6182616810624333,Real,UMAP,Phenotype_D
0.07394383824577962,0.41996567318840383,Real,UMAP,Phenotype_D
0.5215812926133341,0.7213231368285863,Real,UMAP,Phenotype_D
0.3562450653301613,0.7767064311031091,Real,UMAP,Phenotype_D
0.6727265104698488,0.5515989814415654,Real,UMAP,Phenotype_D
0.43188958532565375,0.9310969459155047,Real,UMAP,Phenotype_D
0.862353210838024,0.2516005029474846,Real,UMAP,Phenotype_D
0.32891599630945034,0.14926891640585022,Real,UMAP,Phenotype_D
0.941481413017412,0.6577843944209559,Real,UMAP,Phenotype_D
0.8467994765916903,0.293819261792419,Real,UMAP,Phenotype_D
0.978552219800359,0.6360457730722748,Real,UMAP,Phenotype_D
0.206963343270762,0.7863321642728675,Real,UMAP,Phenotype_D
0.6853628751886358,0.26232390025914426,Real,UMAP,Phenotype_D
0.6915328117173446,0.9032862133765571,Real,UMAP,Phenotype_D
0.45561995606088784,0.6691950965927875,Real,UMAP,Phenotype_D
0.012406809760859387,0.4968054644428319,Real,UMAP,Phenotype_D
0.39584863704818285,0.12021628064885455,Real,UMAP,Phenotype_D
0.29874269253415786,0.09724271311281368,Real,UMAP,Phenotype_D
0.36920611589034136,0.13158497287671564,Real,UMAP,Phenotype_D
0.2762168153491563,0.4997926310286719,Real,UMAP,Phenotype_D
0.5421551633657551,0.23346102747641231,Real,UMAP,Phenotype_D
0.4444892755837067,0.6536240995197176,Real,UMAP,Phenotype_D
0.8933946420509612,0.59316342343872,Real,UMAP,Phenotype_D
0.5014085281251569,0.5972386148121909,Real,UMAP,Phenotype_D
0.24287798064276192,0.1731711884741044,Real,UMAP,Phenotype_D
0.3118057512040071,0.5021999747045703,Real,UMAP,Phenotype_D
0.5885807966331645,0.14751205903694975,Real,UMAP,Phenotype_D
0.5087310608440806,0.9751465252726701,Real,UMAP,Phenotype_D
0.7352257326518941,0.11478684190340706,Real,UMAP,Phenotype_D
0.3655310338931856,0.39970760625379886,Real,UMAP,Phenotype_D
0.35422051762189477,0.149827419332229,Real,UMAP,Phenotype_D
0.09190778941683724,0.25705897315991105,Real,UMAP,Phenotype_D
0.3602820215858509,0.13859647536696093,Real,UMAP,Phenotype_D
0.9213179792854276,0.49478903753410197,Real,UMAP,Phenotype_D
0.831836034280305,0.5389852626558658,Real,UMAP,Phenotype_D
0.2133764913133474,0.8221864166062763,Real,UMAP,Phenotype_D
0.5230931810429921,0.8374262357077279,Real,UMAP,Phenotype_D
0.22618506813954495,0.34782600587528095,Real,UMAP,Phenotype_D
0.07903278984360461,0.23300851964561828,Real,UMAP,Phenotype_D
0.15121365971800454,0.39601365449183673,Real,UMAP,Phenotype_D
0.2411312630834792,0.2835360742595692,Real,UMAP,Phenotype_D
0.030876738777238726,0.27575937084627705,Real,UMAP,Phenotype_D
0.12498876485176459,0.5665291945642232,Real,UMAP,Phenotype_D
0.7941703864363576,0.39276192858278025,Real,UMAP,Phenotype_D
0.5606295956192215,0.5464035584967837,Real,UMAP,Phenotype_D
0.7584441049096139,0.1464380459642843,Real,UMAP,Phenotype_D
0.06895738423991588,0.27747968687219177,Real,UMAP,Phenotype_D
0.16984678213056292,0.32982568991866873,Real,UMAP,Phenotype_D
0.1044855753423197,0.27266777162227657,Real,UMAP,Phenotype_D
0.3726448268886524,0.9563237660642123,Real,UMAP,Phenotype_D
0.3330803158575387,0.6592816822500269,Real,UMAP,Phenotype_D
0.6465543573205803,0.5178219784522631,Real,UMAP,Phenotype_D
0.20641693418811458,0.30002730835365027,Real,UMAP,Phenotype_D
0.7431329703242917,0.5077512851291067,Real,UMAP,Phenotype_D
0.617585167746744,0.4606022170829833,Real,UMAP,Phenotype_D
0.28879078331276054,0.08756021485679652,Real,UMAP,Phenotype_D
0.23596526697288103,0.22929652402049908,Real,UMAP,Phenotype_D
0.25047171102561183,0.17561779519301784,Real,UMAP,Phenotype_D
0.7150295892657414,0.33206811873353376,Real,UMAP,Phenotype_D
0.8439038201926937,0.6803669443861236,Real,UMAP,Phenotype_D
0.9287096207854642,0.5393876710453801,Real,UMAP,Phenotype_D
0.5106381083281337,0.1136694328358303,Real,UMAP,Phenotype_D
0.5042296593155523,0.9877361740237358,Real,UMAP,Phenotype_D
0.8632484219427422,0.6024016293658833,Real,UMAP,Phenotype_D
0.27289729328896645,0.1522217089283574,Real,UMAP,Phenotype_D
0.13812774222511523,0.22667577890156407,Real,UMAP,Phenotype_D
0.44869559271245546,0.8307733171963403,Real,UMAP,Phenotype_D
0.9336277675374683,0.584979397455305,Real,UMAP,Phenotype_D
0.10443555025206926,0.21151001272174255,Real,UMAP,Phenotype_D
0.9029280683867458,0.45056499058981664,Real,UMAP,Phenotype_D
0.9931980928839884,0.6614342445620732,Real,UMAP,Phenotype_D
0.843591816531562,0.35937533834212243,Real,UMAP,Phenotype_D
0.10529067581633068,0.5519939303569255,Real,UMAP,Phenotype_D
0.47676967825582484,0.9698220767358753,Real,UMAP,Phenotype_D
0.7382464196542412,0.1848660310888076,Real,UMAP,Phenotype_D
0.015407385159530784,0.5174051299320378,Real,UMAP,Phenotype_D
0.0361372539184373,0.48471799139797883,Real,UMAP,Phenotype_D
0.2408567124658523,0.4331417758431167,Real,UMAP,Phenotype_D
0.058537432050832984,0.5284701257982984,Real,UMAP,Phenotype_D
0.24262310721327657,0.2708921647642855,Real,UMAP,Phenotype_D
0.14723969983330554,0.4038976130470235,Real,UMAP,Phenotype_D
0.010960291691308532,0.5196557490479169,Real,UMAP,Phenotype_D
0.9416406171329106,0.6545467306287174,Real,UMAP,Phenotype_D
0.5171678265785776,0.966775662772546,Real,UMAP,Phenotype_D
0.07988639801276058,0.533909166096627,Real,UMAP,Phenotype_D
0.5098962734403739,0.7959644370829739,Real,UMAP,Phenotype_D
0.7953329711245952,0.5045346389093165,Real,UMAP,Phenotype_D
0.2326551429726991,0.3014250525242429,Real,UMAP,Phenotype_D
0.0879623663497664,0.5009067135739906,Real,UMAP,Phenotype_D
0.6890824388890842,0.6861573863993436,Real,UMAP,Phenotype_D
0.6898965336002121,0.11878512005012465,Real,UMAP,Phenotype_D
0.7836423657349767,0.8030486820466869,Real,UMAP,Phenotype_D
0.7563034764757809,0.7811841946721146,Real,UMAP,Phenotype_D
0.6995867288770923,0.24350536063076658,Real,UMAP,Phenotype_D
0.6216153446726883,0.8321758054412894,Real,UMAP,Phenotype_D
0.6746837176517826,0.8825042034357368,Real,UMAP,Phenotype_D
0.15668886179250882,0.6754283944820682,Real,UMAP,Phenotype_D
0.764881311006855,0.19027954284889856,Real,UMAP,Phenotype_D
0.2939149776356152,0.690544187225241,Real,UMAP,Phenotype_D
0.09461173854650896,0.22379490982242325,Real,UMAP,Phenotype_D
0.2752191035932124,0.5308384584404439,Real,UMAP,Phenotype_D
0.40754584433021585,0.8779289752846642,Real,UMAP,Phenotype_D
0.042104287800022205,0.3880720362175111,Real,UMAP,Phenotype_D
0.035938230418478115,0.5689414272198039,Real,UMAP,Phenotype_D
0.24485333538067455,0.18073302879064063,Real,UMAP,Phenotype_D
0.45068120210438717,0.28699585901530844,Real,UMAP,Phenotype_D
0.09192276757497485,0.6510102846554868,Real,UMAP,Phenotype_D
0.4025356014849571,0.9965620329461159,Real,UMAP,Phenotype_D
0.37373338655800614,0.28515931631777297,Real,UMAP,Phenotype_D
0.09202531411516532,0.1817908628686876,Real,UMAP,Phenotype_D
0.9788380285107038,0.7006777316583328,Real,UMAP,Phenotype_D
0.5472596805004682,0.7170062433719595,Real,UMAP,Phenotype_D
0.1716960951782653,0.09003363536118361,Real,UMAP,Phenotype_D
0.3447627897225801,0.7472869958653156,Real,UMAP,Phenotype_D
0.9772928552851844,0.7180135747939076,Real,UMAP,Phenotype_D
0.28916670571307695,0.5736926838403629,Real,UMAP,Phenotype_D
0.07230250622398145,0.6457633510175582,Real,UMAP,Phenotype_D
0.33085023453482837,0.1061209490101785,Real,UMAP,Phenotype_D
0.16682843852468907,0.5578139330565747,Real,UMAP,Phenotype_D
0.9377845001100295,0.7370623878854108,Real,UMAP,Phenotype_D
0.472027867499542,0,Real,UMAP,Phenotype_D
0.19102061132838477,0.49883701190728014,Real,UMAP,Phenotype_D
0.27665974787525827,0.4730504161854209,Real,UMAP,Phenotype_D
0.2081426040088379,0.12104619755037548,Real,UMAP,Phenotype_D
0.2345075397588416,0.13270006345908228,Real,UMAP,Phenotype_D
0.29725618376134416,0.13879526027280317,Real,UMAP,Phenotype_D
0.5975471577335761,0.10606404531882559,Real,UMAP,Phenotype_D
0.08890980827431386,0.48644798457955324,Real,UMAP,Phenotype_D
0.455323770325951,0.007295264919223944,Real,UMAP,Phenotype_D
0.5197296055765152,0.28920870194281817,Real,UMAP,Phenotype_D
0.16297724079884338,0.3764485122239455,Real,UMAP,Phenotype_D
0.11168948202775818,0.27179082979247193,Real,UMAP,Phenotype_D
0.4217304782500195,0.9620121805526658,Real,UMAP,Phenotype_D
0.569137091544924,0.6166655299998913,Real,UMAP,Phenotype_D
0.2981966260891149,0.3586284332914945,Real,UMAP,Phenotype_D
0.6982619695276959,0.4871763921503525,Real,UMAP,Phenotype_D
0.1198687800766218,0.5144496661113538,Real,UMAP,Phenotype_D
0.6996480854824043,0.1647645123077386,Real,UMAP,Phenotype_D
0.6131652405457322,0.0597060343460273,Real,UMAP,Phenotype_D
0.4224890044839392,0.6340152084439483,Real,UMAP,Phenotype_D
0.4210836763492668,0.2803973493035803,Real,UMAP,Phenotype_D
0.5483379855158029,0.9709433793465494,Real,UMAP,Phenotype_D
0.29449202830974675,0.5650622738512198,Real,UMAP,Phenotype_D
0.4713053182140901,0.7921315148134982,Real,UMAP,Phenotype_D
0.5081375146167061,0.6921486293925018,Real,UMAP,Phenotype_D
0.7437402098187872,0.8535080744555065,Real,UMAP,Phenotype_D
0.903272052067504,0.685466906222471,Real,UMAP,Phenotype_D
0.8231104635728624,0.5798213726849996,Real,UMAP,Phenotype_D
0.15003307737774005,0.7136029590927541,Real,UMAP,Phenotype_D
0.5243473815199852,0.38755052825078956,Real,UMAP,Phenotype_D
0.09639653782811539,0.6747029102187078,Real,UMAP,Phenotype_D
0.6855466390781394,0.7811450576337307,Real,UMAP,Phenotype_D
0.5267800595633869,0.7672777691762116,Real,UMAP,Phenotype_D
0.34498584680308036,0.48423357919461935,Real,UMAP,Phenotype_D
0.046460386510147035,0.29499594343841123,Real,UMAP,Phenotype_D
0.1771608712799483,0.5374790032970687,Real,UMAP,Phenotype_D
0.9724721155093039,0.7081093083873565,Real,UMAP,Phenotype_D
0.7029578056596953,0.4832413179265371,Real,UMAP,Phenotype_D
0.5988019455893198,0.6883961106780577,Real,UMAP,Phenotype_D
0.28826454090054676,0.36632237686315566,Real,UMAP,Phenotype_D
0.1418138375738428,0.16983095691224392,Real,UMAP,Phenotype_D
0.5959607945731784,0.2826390724925118,Real,UMAP,Phenotype_D
0.7290748431028757,0.22100632653501598,Real,UMAP,Phenotype_D
0.7662205345579821,0.3920874509940427,Real,UMAP,Phenotype_D
0.84795057680165,0.46072620563987277,Real,UMAP,Phenotype_D
0.7650783092738306,0.7162224441653792,Real,UMAP,Phenotype_D
0.28319458121565444,0.5660755778926765,Real,UMAP,Phenotype_D
0.5743962850839339,0.5093067366958404,Real,UMAP,Phenotype_D
0.05774931661235718,0.5068829116142091,Real,UMAP,Phenotype_D
0.3981473927364719,0.3123682523141932,Real,UMAP,Phenotype_D
0.05267392367402276,0.2283195849155446,Real,UMAP,Phenotype_D
0.01759370676532933,0.4424650096952688,Real,UMAP,Phenotype_D
0.42580451278933407,0.04588221748619816,Real,UMAP,Phenotype_D
0.4606937826558876,0.08292072434392145,Real,UMAP,Phenotype_D
0.7827981556258287,0.2547912930169966,Real,UMAP,Phenotype_D
0.6249212958363303,0.23557750206214453,Real,UMAP,Phenotype_D
0.2810841293651281,0.1719228857958602,Real,UMAP,Phenotype_D
0.3606224075717624,0.651225046948538,Real,UMAP,Phenotype_D
0.9020594820594522,0.3211483558049467,Real,UMAP,Phenotype_D
0.15186403483948946,0.715369090402495,Real,UMAP,Phenotype_D
0.03319551429127376,0.31780131999301303,Real,UMAP,Phenotype_D
0.7862600160772907,0.2945847147247279,Real,UMAP,Phenotype_D
0.27092487544480626,0.7819552926118917,Real,UMAP,Phenotype_D
0.2794203301061235,0.33125523765812204,Real,UMAP,Phenotype_D
0.050325877118921426,0.38084420897679044,Real,UMAP,Phenotype_D
0.8615862563308875,0.683055530398381,Real,UMAP,Phenotype_D
0.6550968267560516,0.8690928753359007,Real,UMAP,Phenotype_D
0.047825258933379175,0.3651686280600028,Real,UMAP,Phenotype_D
0.6614077586589937,0.8913795097254312,Real,UMAP,Phenotype_D
0.12390519790179005,0.20612291153230608,Real,UMAP,Phenotype_D
0.211722628544872,0.351779577578925,Real,UMAP,Phenotype_D
0.9328488666031408,0.7326738859969951,Real,UMAP,Phenotype_D
0.27071718810827733,0.18303866152840784,Real,UMAP,Phenotype_D
0.704541048370481,0.46006095159012333,Real,UMAP,Phenotype_D
0.38349753037216205,0.05350912659417515,Real,UMAP,Phenotype_D
0.431926027282299,0.9718112299422285,Real,UMAP,Phenotype_D
0.48481392814030394,0.05884537231454599,Real,UMAP,Phenotype_D
0.5715078500783778,0.7623086253477531,Real,UMAP,Phenotype_D
0.2642547002506504,0.8437256230259602,Real,UMAP,Phenotype_D
0.685229234285841,0.2826447679018323,Real,UMAP,Phenotype_D
0.6274767482756426,0.43888037955114945,Real,UMAP,Phenotype_D
0.32022259500921646,0.8386590335161292,Diffusion,UMAP,Phenotype_D
0.17934528390480775,0.6616282160910119,Diffusion,UMAP,Phenotype_D
0.2695250050376905,0.9332779015992035,Diffusion,UMAP,Phenotype_D
0.7054470311448894,0.9861789079903159,Diffusion,UMAP,Phenotype_D
0.2754711869736329,0.27278349427537335,Diffusion,UMAP,Phenotype_D
0.7695159496152871,0.708586563527676,Diffusion,UMAP,Phenotype_D
0.6170195464841325,0.38702675220071026,Diffusion,UMAP,Phenotype_D
0.5042812018009082,0.6587823006965063,Diffusion,UMAP,Phenotype_D
0.179222423849496,0.19362415937191732,Diffusion,UMAP,Phenotype_D
0.31933575099242834,0.9095954353562379,Diffusion,UMAP,Phenotype_D
0.5438482581399406,0.4289447631924092,Diffusion,UMAP,Phenotype_D
0.6102373777415491,0.8227737745931507,Diffusion,UMAP,Phenotype_D
0.4215231580252096,0.4836584436569505,Diffusion,UMAP,Phenotype_D
0.19648528953360936,0.6264423805235902,Diffusion,UMAP,Phenotype_D
0.5805643493428755,0.7324235021947644,Diffusion,UMAP,Phenotype_D
0.1853687061464401,0.4403962152619014,Diffusion,UMAP,Phenotype_D
0.7230340931881037,0.4942020071592681,Diffusion,UMAP,Phenotype_D
0.38695053425340176,0.604034976995492,Diffusion,UMAP,Phenotype_D
0.7368769950456927,0.5367568203550401,Diffusion,UMAP,Phenotype_D
0.11560964780855776,0.4581395825750086,Diffusion,UMAP,Phenotype_D
0.31913893016278355,0.4647111776975583,Diffusion,UMAP,Phenotype_D
0.4644964971607029,0.8521093978506445,Diffusion,UMAP,Phenotype_D
0.48196477408868704,0.5070011039580732,Diffusion,UMAP,Phenotype_D
0.27083755180389946,0.41845462565362934,Diffusion,UMAP,Phenotype_D
0.4111355606156331,0.1659545504446152,Diffusion,UMAP,Phenotype_D
0.8818900338138038,0.7438444611435582,Diffusion,UMAP,Phenotype_D
0.5445816984063913,0.7659545063429943,Diffusion,UMAP,Phenotype_D
0.1808670354026511,0.682176622896333,Diffusion,UMAP,Phenotype_D
0.8588356258868731,0.5685464027016653,Diffusion,UMAP,Phenotype_D
0.4096684353415857,0.890303061613272,Diffusion,UMAP,Phenotype_D
0.1880960525296732,0.8904533441865322,Diffusion,UMAP,Phenotype_D
0.2366072719471714,0.33493578252734735,Diffusion,UMAP,Phenotype_D
0.5811264708070987,0.3125049925397383,Diffusion,UMAP,Phenotype_D
0.5063971603272204,0.2107382595578844,Diffusion,UMAP,Phenotype_D
0.5645001278956044,0.6989046952948138,Diffusion,UMAP,Phenotype_D
0.5455194485815555,0.25824760004492064,Diffusion,UMAP,Phenotype_D
0.08987257099460337,0.24061431037744216,Diffusion,UMAP,Phenotype_D
0.27234848574308784,0.9104068847040301,Diffusion,UMAP,Phenotype_D
0.1468151718413857,0.22553080002072776,Diffusion,UMAP,Phenotype_D
0.6288050930828284,0.10217498798624597,Diffusion,UMAP,Phenotype_D
0.4660295556994933,0.5503090216323175,Diffusion,UMAP,Phenotype_D
0.46104070323039836,0.6969339072634267,Diffusion,UMAP,Phenotype_D
0.8665208863990774,0.5178445584821356,Diffusion,UMAP,Phenotype_D
0.8673123976209546,0.5276376888041577,Diffusion,UMAP,Phenotype_D
0.46413393762696026,0.3882208728876308,Diffusion,UMAP,Phenotype_D
0.4788169624165584,0.43167155380878136,Diffusion,UMAP,Phenotype_D
0.5464495138847343,0.8609222499449911,Diffusion,UMAP,Phenotype_D
0.589954920271717,0.5835151228395522,Diffusion,UMAP,Phenotype_D
0.37352883190814645,0.8854547908772017,Diffusion,UMAP,Phenotype_D
0.9758558086979853,0.6622228823464834,Diffusion,UMAP,Phenotype_D
0.13869696118257352,0.3819568802702421,Diffusion,UMAP,Phenotype_D
0.6131427977826404,0.23815434716764428,Diffusion,UMAP,Phenotype_D
0.9712243517244517,0.6863950059324555,Diffusion,UMAP,Phenotype_D
0.773664474181663,0.8449940612442359,Diffusion,UMAP,Phenotype_D
0.5722928328301843,0.7573811512507613,Diffusion,UMAP,Phenotype_D
0.3159973838639935,0.21010753077702488,Diffusion,UMAP,Phenotype_D
0.6635451687467563,0.7104045079416781,Diffusion,UMAP,Phenotype_D
0.8665866269301679,0.4114432239670889,Diffusion,UMAP,Phenotype_D
0.8319175124319018,0.7190818420554002,Diffusion,UMAP,Phenotype_D
0.39348703183359096,0.19872976621573285,Diffusion,UMAP,Phenotype_D
0.5046664733130033,0.5385198267499326,Diffusion,UMAP,Phenotype_D
0.5489843224083781,0.3403663301135475,Diffusion,UMAP,Phenotype_D
0.24647733972933314,0.6386966332980153,Diffusion,UMAP,Phenotype_D
0.28945711555696724,0.2410402564320245,Diffusion,UMAP,Phenotype_D
0.7634266675312555,0.4250411397244877,Diffusion,UMAP,Phenotype_D
0.18419404654190974,0.7658732963583245,Diffusion,UMAP,Phenotype_D
0.4358668492158243,0.9329736870435581,Diffusion,UMAP,Phenotype_D
0.5967520916465527,0.09244365033525895,Diffusion,UMAP,Phenotype_D
0.15588992879537802,0.7571896242116638,Diffusion,UMAP,Phenotype_D
0.4667342144071697,0.8847514802787789,Diffusion,UMAP,Phenotype_D
0.23863314125762655,0.4089169823213928,Diffusion,UMAP,Phenotype_D
0.1995932083989336,0.4880116516482272,Diffusion,UMAP,Phenotype_D
0.7996026991546507,0.7884737767824812,Diffusion,UMAP,Phenotype_D
0.5789560818499073,0.13024927338642014,Diffusion,UMAP,Phenotype_D
0.5935434617996332,0.9186770742291706,Diffusion,UMAP,Phenotype_D
0.23742906376734227,0.23526218807356716,Diffusion,UMAP,Phenotype_D
0.7556212177014957,0.23936363881213543,Diffusion,UMAP,Phenotype_D
0.591947798475686,0.7285114742179561,Diffusion,UMAP,Phenotype_D
0.8378617869165372,0.3269655864027143,Diffusion,UMAP,Phenotype_D
0.7761065808777159,0.4049349839729985,Diffusion,UMAP,Phenotype_D
0.41867268237140415,0.9101315740356748,Diffusion,UMAP,Phenotype_D
0.7804694986880223,0.46914260936375063,Diffusion,UMAP,Phenotype_D
0.34526705437987953,0.309229880171171,Diffusion,UMAP,Phenotype_D
0.690971803825336,0.606643701272631,Diffusion,UMAP,Phenotype_D
0.4699710629082275,0.34824897822057205,Diffusion,UMAP,Phenotype_D
0.1742709678275159,0.3573279646960225,Diffusion,UMAP,Phenotype_D
0.622851776942479,0.42469951596896066,Diffusion,UMAP,Phenotype_D
0.5381397688050317,0.4837539551672373,Diffusion,UMAP,Phenotype_D
0.14459923655691642,0.6953811773967222,Diffusion,UMAP,Phenotype_D
0.66444892437673575,0.20618455299778404,Diffusion,UMAP,Phenotype_D
0.47331266061979005,0.3897333316742724,Diffusion,UMAP,Phenotype_D
0.5078576775903247,0.6371765638316622,Diffusion,UMAP,Phenotype_D
0.7258686423118308,0.2801735650789506,Diffusion,UMAP,Phenotype_D
0.14995294912652676,0.38550955563994366,Diffusion,UMAP,Phenotype_D
0.8580575203612703,0.5844657521775569,Diffusion,UMAP,Phenotype_D
0.7643405921558529,0.3509150850066617,Diffusion,UMAP,Phenotype_D
0.4195625611784032,0.8846844300645159,Diffusion,UMAP,Phenotype_D
0.3201943518809635,0.8517851879351196,Diffusion,UMAP,Phenotype_D
0.655954864739951,0.41798911414491763,Diffusion,UMAP,Phenotype_D
0.5482614304853218,0.5870565585961698,Diffusion,UMAP,Phenotype_D
0.6052270614739464,0.6985496142446975,Diffusion,UMAP,Phenotype_D
0.6765597809067471,0.4460123424686166,Diffusion,UMAP,Phenotype_D
0.7993776535523388,0.5292732541152718,Diffusion,UMAP,Phenotype_D
0.25962042875393726,0.311325992408536,Diffusion,UMAP,Phenotype_D
0.7178102157964673,0.3150275548502096,Diffusion,UMAP,Phenotype_D
0.7083571502159847,0.8018358118706758,Diffusion,UMAP,Phenotype_D
0.30521364843543775,0.48858013414138,Diffusion,UMAP,Phenotype_D
0.4839043476710488,0.6824911808571245,Diffusion,UMAP,Phenotype_D
0.5208398493114079,0.27177465079785346,Diffusion,UMAP,Phenotype_D
0.1645206763622258,0.6677829878942626,Diffusion,UMAP,Phenotype_D
0.41858486924820526,0.33170346133146256,Diffusion,UMAP,Phenotype_D
0.27356435975661125,0.38467454815133095,Diffusion,UMAP,Phenotype_D
0.8574582349540211,0.3861198716705836,Diffusion,UMAP,Phenotype_D
0.5649018215385987,0.3729782942847607,Diffusion,UMAP,Phenotype_D
0.4988043110124962,0.33054532756715144,Diffusion,UMAP,Phenotype_D
0.814528283834824,0.629427732642744,Diffusion,UMAP,Phenotype_D
0.8187209627632098,0.8218310205445826,Diffusion,UMAP,Phenotype_D
0.22589529462263438,0.8757256079054045,Diffusion,UMAP,Phenotype_D
0.08153688335342062,0.26297015281054115,Diffusion,UMAP,Phenotype_D
0.3439693878753498,0.5536894738723885,Diffusion,UMAP,Phenotype_D
0.18756241893484904,0.7904497310037387,Diffusion,UMAP,Phenotype_D
0.4771573727052657,0.8950899964450943,Diffusion,UMAP,Phenotype_D
0.7042634874367578,0.5596018883684023,Diffusion,UMAP,Phenotype_D
0.5130397042459884,0.8160470299684689,Diffusion,UMAP,Phenotype_D
0.4965125059727547,0.6207693496255221,Diffusion,UMAP,Phenotype_D
0.6431175308290938,0.20433929077978438,Diffusion,UMAP,Phenotype_D
0.11345333146726364,0.27610411951665254,Diffusion,UMAP,Phenotype_D
0.12416472141305016,0.6008174235423588,Diffusion,UMAP,Phenotype_D
0.21463093653148657,0.8576306876718487,Diffusion,UMAP,Phenotype_D
0.6575519108513733,0.23903007935299142,Diffusion,UMAP,Phenotype_D
0.9169484320493279,0.44555454244332116,Diffusion,UMAP,Phenotype_D
0.39723925623997836,0.40411182091969833,Diffusion,UMAP,Phenotype_D
0.5741059241882729,0.2073335136249595,Diffusion,UMAP,Phenotype_D
0.6049148696680586,0.9065878276691364,Diffusion,UMAP,Phenotype_D
0.8315089262663822,0.552218974627865,Diffusion,UMAP,Phenotype_D
0.6156322312978085,0.5106127494950758,Diffusion,UMAP,Phenotype_D
0.43576031339495336,0.6457061953169434,Diffusion,UMAP,Phenotype_D
0.6100956970921069,0.5828541025454038,Diffusion,UMAP,Phenotype_D
0.7509788452728486,0.7952345048561398,Diffusion,UMAP,Phenotype_D
0.5689424244373643,0.23156712747085237,Diffusion,UMAP,Phenotype_D
0.41524828873013647,0.7089230714951851,Diffusion,UMAP,Phenotype_D
0.4507992407591219,0.8153998071814135,Diffusion,UMAP,Phenotype_D
0.361143902005743,0.09900728196513042,Diffusion,UMAP,Phenotype_D
0.38085050803305903,0.5548751774499592,Diffusion,UMAP,Phenotype_D
0.18502092897791822,0.6858886185214522,Diffusion,UMAP,Phenotype_D
0.8240824059025667,0.20282521913386622,Diffusion,UMAP,Phenotype_D
0.4237205664049238,0.8708181055424239,Diffusion,UMAP,Phenotype_D
0.39682495842796295,0.8739365500530558,Diffusion,UMAP,Phenotype_D
0.6894742327527212,0.7381109102212279,Diffusion,UMAP,Phenotype_D
0.6610730751417849,0.25398955075096397,Diffusion,UMAP,Phenotype_D
0.8428911501638303,0.33944977242776114,Diffusion,UMAP,Phenotype_D
0.35910961359986404,0.6617825969648949,Diffusion,UMAP,Phenotype_D
0.7451869297997835,0.3693905392257929,Diffusion,UMAP,Phenotype_D
0.5730542714837419,0.5570977983368334,Diffusion,UMAP,Phenotype_D
0.18080854226874768,0.5449215676299143,Diffusion,UMAP,Phenotype_D
0.1087599305096674,0.18132625859331894,Diffusion,UMAP,Phenotype_D
0.4662799503660061,0.6128251860576506,Diffusion,UMAP,Phenotype_D
0.5973614726260761,0.10450824093912511,Diffusion,UMAP,Phenotype_D
0.6015264040270295,0.6726714887588906,Diffusion,UMAP,Phenotype_D
0.27586874449125914,0.13090545510273865,Diffusion,UMAP,Phenotype_D
0.602625732306809,0.6625991069736791,Diffusion,UMAP,Phenotype_D
0.20191403973859537,0.4816209487739198,Diffusion,UMAP,Phenotype_D
0.40953622617449525,0.2665483315175541,Diffusion,UMAP,Phenotype_D
0.2880805934551836,0.4502427715474613,Diffusion,UMAP,Phenotype_D
0.35409134324501523,0.6773941927300683,Diffusion,UMAP,Phenotype_D
0.34830610308670834,0.5581504914259361,Diffusion,UMAP,Phenotype_D
0.6815998454606508,0.7245385230020667,Diffusion,UMAP,Phenotype_D
0.7399320314678866,0.8389710524836064,Diffusion,UMAP,Phenotype_D
0.4759076509912451,0.9875598966951032,Diffusion,UMAP,Phenotype_D
0.6289081535794255,0.7225429372593016,Diffusion,UMAP,Phenotype_D
0.5051696366351455,0.4064912419693705,Diffusion,UMAP,Phenotype_D
0.7803420252621077,0.575487871818009,Diffusion,UMAP,Phenotype_D
0.5828079159027326,0.950106425086388,Diffusion,UMAP,Phenotype_D
0.7394564382358456,0.3663013088888549,Diffusion,UMAP,Phenotype_D
0.25570995472252084,0.502561507191793,Diffusion,UMAP,Phenotype_D
0.2048662053385802,0.2511977921468559,Diffusion,UMAP,Phenotype_D
0.7168051373320276,0.4062218440683241,Diffusion,UMAP,Phenotype_D
0.750969985643362,0.7511143613305648,Diffusion,UMAP,Phenotype_D
0.7337676138520209,0.825769547295287,Diffusion,UMAP,Phenotype_D
0.1379421794881882,0.7414456983830299,Diffusion,UMAP,Phenotype_D
0.7088948342767758,0.3308470330555824,Diffusion,UMAP,Phenotype_D
0.5155518742136238,0.8166465600026965,Diffusion,UMAP,Phenotype_D
0.16340343303055627,0.8662084655266292,Diffusion,UMAP,Phenotype_D
0.6417711730735596,0.5302197253004541,Diffusion,UMAP,Phenotype_D
0.5899182580480403,0.7528062633121924,Diffusion,UMAP,Phenotype_D
0.4496359126696532,0.17450078934026023,Diffusion,UMAP,Phenotype_D
0.580242686054636,0.16795182464943542,Diffusion,UMAP,Phenotype_D
0.1701036134892166,0.7637066215276077,Diffusion,UMAP,Phenotype_D
0.5381501213555091,0.688926665777284,Diffusion,UMAP,Phenotype_D
0.39402218282352053,0.7647880940744275,Diffusion,UMAP,Phenotype_D
0.6277294435089282,0.8487502844948309,Diffusion,UMAP,Phenotype_D
0.6536796164387391,0.44842729682422655,Diffusion,UMAP,Phenotype_D
0.24711851258372697,0.42415154702973223,Diffusion,UMAP,Phenotype_D
0.7600124184104912,0.3266349502510091,Diffusion,UMAP,Phenotype_D
0.8201669364749147,0.8300748609263262,Diffusion,UMAP,Phenotype_D
0.752245821237665,0.8063721423921633,Diffusion,UMAP,Phenotype_D
0.553483227577217,0.20617356539396214,Diffusion,UMAP,Phenotype_D
0.6193324849218345,0.7525351013463122,Diffusion,UMAP,Phenotype_D
0.27641490883276054,0.14812827208431978,Diffusion,UMAP,Phenotype_D
0.5160496287564386,0.8929196769304264,Diffusion,UMAP,Phenotype_D
0.5478515380139352,0.8598917714723311,Diffusion,UMAP,Phenotype_D
0.7967203597332629,0.3740714096594835,Diffusion,UMAP,Phenotype_D
0.8508249514283662,0.7224027949087198,Diffusion,UMAP,Phenotype_D
0.35578314089112667,0.12768543195883808,Diffusion,UMAP,Phenotype_D
0.6804201564255693,0.364223240514647,Diffusion,UMAP,Phenotype_D
0.465032480270529,0.5177577160904606,Diffusion,UMAP,Phenotype_D
0.861706237618469,0.5189577589950375,Diffusion,UMAP,Phenotype_D
0.5343179644908252,0.3912957386966365,Diffusion,UMAP,Phenotype_D
0.4629021799130589,0.6241710966482296,Diffusion,UMAP,Phenotype_D
0.48866512586614963,0.8604669511116207,Diffusion,UMAP,Phenotype_D
0.6796409740389239,0.39640940983683504,Diffusion,UMAP,Phenotype_D
0.2253745344120919,0.7942190965373455,Diffusion,UMAP,Phenotype_D
0.6995479251683877,0.5918683730423803,Diffusion,UMAP,Phenotype_D
0.5605387232316972,0.7401503077741864,Diffusion,UMAP,Phenotype_D
0.3247903458624361,0.5901892857317238,Diffusion,UMAP,Phenotype_D
0.0870967169162253,0.3314466134916624,Diffusion,UMAP,Phenotype_D
0.8193319555926246,0.8474468484902992,Diffusion,UMAP,Phenotype_D
0.6588853462743967,0.518837474974299,Diffusion,UMAP,Phenotype_D
0.5417445121968157,0.9079147351863049,Diffusion,UMAP,Phenotype_D
0.2460421899716752,0.7176331920138895,Diffusion,UMAP,Phenotype_D
0.544749174772626,0.35180109916989727,Diffusion,UMAP,Phenotype_D
0.2926503022375716,0.9171558423700967,Diffusion,UMAP,Phenotype_D
0.16723079296877771,0.4463322430257618,Diffusion,UMAP,Phenotype_D
0.3842413476632048,0.2962588122519973,Diffusion,UMAP,Phenotype_D
0.7665031555148997,0.5009840300155631,Diffusion,UMAP,Phenotype_D
0.3261442538823257,0.7503126442654584,Diffusion,UMAP,Phenotype_D
0.2593122996510737,0.24831203408803282,Diffusion,UMAP,Phenotype_D
0.7205082972571627,0.7159352544104377,Diffusion,UMAP,Phenotype_D
0.31791468600206557,0.3203603228427653,Diffusion,UMAP,Phenotype_D
0.8424760615319868,0.47156225109163324,Diffusion,UMAP,Phenotype_D
0.36237612472782177,0.5687921369330127,Diffusion,UMAP,Phenotype_D
0.31250761986261866,0.6381286296224602,Diffusion,UMAP,Phenotype_D
0.831342799035715,0.31544221088985575,Diffusion,UMAP,Phenotype_D
0.2711559110866674,0.2588029276545986,Diffusion,UMAP,Phenotype_D
0.6071295322985686,0.4448328383188903,Diffusion,UMAP,Phenotype_D
0.6056582953732678,0.20553144579446156,Diffusion,UMAP,Phenotype_D
0.6253684501472014,0.8309156142261118,Diffusion,UMAP,Phenotype_D
0.8194355449595421,0.48073180969583584,Diffusion,UMAP,Phenotype_D
0.8134457295013413,0.6588990565875772,Diffusion,UMAP,Phenotype_D
0.14538984835508187,0.7208837334794147,Diffusion,UMAP,Phenotype_D
0.2970789422233825,0.4260390964018905,Diffusion,UMAP,Phenotype_D
0.7725035935036546,0.40320494038957166,Diffusion,UMAP,Phenotype_D
0.7763714795163958,0.5438785768973974,Diffusion,UMAP,Phenotype_D
0.708342942992457,0.9710397571386742,Diffusion,UMAP,Phenotype_D
0.41000397545280565,0.7963552782473637,Diffusion,UMAP,Phenotype_D
0.39805184579305813,0.785382202759407,Diffusion,UMAP,Phenotype_D
0.5481053835306071,0.7161235305300558,Diffusion,UMAP,Phenotype_D
0.5959780243498595,0.8309421445011658,Diffusion,UMAP,Phenotype_D
0.5605496386868105,0.7121243955518475,Diffusion,UMAP,Phenotype_D
0.8060491166967757,0.41987545387261843,Diffusion,UMAP,Phenotype_D
0.5230423727810742,0.6153135507112725,Diffusion,UMAP,Phenotype_D
0.7417514371475429,0.6920939937845065,Diffusion,UMAP,Phenotype_D
0.39065562151506195,0.7460718324050205,Diffusion,UMAP,Phenotype_D
0.48819585919273384,0.7033773556762645,Diffusion,UMAP,Phenotype_D
0.4418572558768559,0.9437638370804223,Diffusion,UMAP,Phenotype_D
0.708194213798009,0.7493284598942223,Diffusion,UMAP,Phenotype_D
0.19728226460157183,0.4615110632853534,Diffusion,UMAP,Phenotype_D
0.429302793782591,0.7226729236366259,Diffusion,UMAP,Phenotype_D
0.7164336814576264,0.6869323904826812,Diffusion,UMAP,Phenotype_D
0.4285304641480347,0.4896954767330086,Diffusion,UMAP,Phenotype_D
0.8007190094107008,0.7356793106538648,Diffusion,UMAP,Phenotype_D
0.6891181833334632,0.8062133135548064,Diffusion,UMAP,Phenotype_D
0.2944032362219637,0.7751395887177344,Diffusion,UMAP,Phenotype_D
0.4379271291314126,0.3810453627696952,Diffusion,UMAP,Phenotype_D
0.5897556765047264,0.43626830355082624,Diffusion,UMAP,Phenotype_D
0.05567117059310802,0.6260092522050417,Diffusion,UMAP,Phenotype_D
0.38219653538804615,0.8586700053693723,Diffusion,UMAP,Phenotype_D
0.6810532161109719,0.7830332748304332,Diffusion,UMAP,Phenotype_D
0.3567479104888137,0.21136969396467745,Diffusion,UMAP,Phenotype_D
0.6478167321518512,0.7469627355479382,Diffusion,UMAP,Phenotype_D
0.2099235363803369,0.41635150755878153,Diffusion,UMAP,Phenotype_D
0.6872754905337612,0.4355000281147833,Diffusion,UMAP,Phenotype_D
0.5362218548140945,0.5054326487134219,Diffusion,UMAP,Phenotype_D
0.8112592671693838,0.6332201192224317,Diffusion,UMAP,Phenotype_D
0.8848550238498412,0.4525762765096024,Diffusion,UMAP,Phenotype_D
0.7807700683487375,0.32928840617214783,Diffusion,UMAP,Phenotype_D
0.29660708129381863,0.6429186956693625,Diffusion,UMAP,Phenotype_D
0.6380721309182065,0.2564752693073352,Diffusion,UMAP,Phenotype_D
0.6890560802676557,0.7938127568033444,Diffusion,UMAP,Phenotype_D
0.2084182314875074,0.6002080147450619,Diffusion,UMAP,Phenotype_D
0.46253477450462466,0.5222643473204249,Diffusion,UMAP,Phenotype_D
0.672092227078716,0.4559011859083351,Diffusion,UMAP,Phenotype_D
0.47307866361006184,0.9787369642302779,Diffusion,UMAP,Phenotype_D
0.5030864978965172,0.8423878003576326,Diffusion,UMAP,Phenotype_D
0.8418321246322749,0.4171337443079377,Diffusion,UMAP,Phenotype_D
0.8415764619125936,0.6130040118299448,Diffusion,UMAP,Phenotype_D
0.620831059433148,0.7920866445644044,Diffusion,UMAP,Phenotype_D
0.3703299182847248,0.6264703535516689,Diffusion,UMAP,Phenotype_D
0.8537663117067534,0.5553506433245188,Diffusion,UMAP,Phenotype_D
0.6491975005125186,0.8888794171907803,Diffusion,UMAP,Phenotype_D
0.7899190889442311,0.6221126597955291,Diffusion,UMAP,Phenotype_D
0.4753563715597915,0.6132684451485303,Diffusion,UMAP,Phenotype_D
0.728574212851595,0.8077493100065161,Diffusion,UMAP,Phenotype_D
0.30620240266543663,0.19434420023521914,Diffusion,UMAP,Phenotype_D
0.21438785962524032,0.37435124074397547,Diffusion,UMAP,Phenotype_D
0.8831263375944929,0.3918152809911146,Diffusion,UMAP,Phenotype_D
0.8639771754162463,0.23186359116663435,Diffusion,UMAP,Phenotype_D
0.44084319541235656,0.745013544710302,Diffusion,UMAP,Phenotype_D
0.6885902644443991,0.18127353825571474,Diffusion,UMAP,Phenotype_D
0.38490327456678275,0.6519327393580032,Diffusion,UMAP,Phenotype_D
0.15514459410922987,0.29262877003887083,Diffusion,UMAP,Phenotype_D
0.68308601159586,0.7184004846138108,Diffusion,UMAP,Phenotype_D
0.22932646759364736,0.7238431538455117,Diffusion,UMAP,Phenotype_D
0.18594193885869342,0.23008531301046642,Diffusion,UMAP,Phenotype_D
0.47653475122974165,0.3305445715393655,Diffusion,UMAP,Phenotype_D
0.8077910097962171,0.6890295359580203,Diffusion,UMAP,Phenotype_D
0.4395561751476796,0.5718549314983699,Diffusion,UMAP,Phenotype_D
0.8047443159878389,0.48583580368037477,Diffusion,UMAP,Phenotype_D
0.387092582014563,0.6873267345758125,Diffusion,UMAP,Phenotype_D
0.7127019663592771,0.693561292511403,Diffusion,UMAP,Phenotype_D
0.785979735457582,0.7899573679081641,Diffusion,UMAP,Phenotype_D
0.32765190829015717,0.1943966685635614,Diffusion,UMAP,Phenotype_D
0.7107874909814418,0.7682790019740201,Diffusion,UMAP,Phenotype_D
0.30623049894900195,0.9598743229810554,Diffusion,UMAP,Phenotype_D
0.621547012944714,0.8187492622822621,Diffusion,UMAP,Phenotype_D
0.8898680077959356,0.34426854232960197,Diffusion,UMAP,Phenotype_D
0.46860320464301364,0.7954840570278059,Diffusion,UMAP,Phenotype_D
0.39912346937510595,0.28605344517924397,Diffusion,UMAP,Phenotype_D
0.6963924408613308,0.6502525936084466,Diffusion,UMAP,Phenotype_D
0.4024466625524864,0.9544784770702285,Diffusion,UMAP,Phenotype_D
0.19974343051437254,0.20253182995108027,Diffusion,UMAP,Phenotype_D
0.30728102584426115,0.882223559621375,Diffusion,UMAP,Phenotype_D
0.7000936489758263,0.8870372861878606,Diffusion,UMAP,Phenotype_D
0.6405798588340412,0.37277794692149424,Diffusion,UMAP,Phenotype_D
0.533419886855434,0.2833499402186779,Diffusion,UMAP,Phenotype_D
0.4330406518837059,0.7091360193215501,Diffusion,UMAP,Phenotype_D
0.5173106330372916,0.2785715422006047,Diffusion,UMAP,Phenotype_D
0.19431394608594843,0.788207591999525,Diffusion,UMAP,Phenotype_D
0.5545971424293004,0.5539784780940161,Diffusion,UMAP,Phenotype_D
0.5527852013545982,0.6647309289234653,Diffusion,UMAP,Phenotype_D
0.7027699178818809,0.2899362022802743,Diffusion,UMAP,Phenotype_D
0.45178858236787134,0.6452090566458544,Diffusion,UMAP,Phenotype_D
0.6732021037018897,0.09720017394939308,Diffusion,UMAP,Phenotype_D
0.4371762143471347,0.49706639483267606,Diffusion,UMAP,Phenotype_D
0.6790388741084952,0.5989742530012334,Diffusion,UMAP,Phenotype_D
0.6856888826322175,0.3402180478638041,Diffusion,UMAP,Phenotype_D
0.5448610459504806,0.04788236459660484,Diffusion,UMAP,Phenotype_D
0.511357794142177,0.5101807552182062,Diffusion,UMAP,Phenotype_D
0.5269925927746075,0.5405664191673204,Diffusion,UMAP,Phenotype_D
0.87987404592712,0.6434357430721472,Diffusion,UMAP,Phenotype_D
0.543087504761592,0.3161083217710959,Diffusion,UMAP,Phenotype_D
0.4415475604306578,0.7631489376313303,Diffusion,UMAP,Phenotype_D
0.4516011595982344,0.6810478986128937,Diffusion,UMAP,Phenotype_D
0.49286427207931943,0.4025484058602864,Diffusion,UMAP,Phenotype_D
0.35194956452779586,0.18119098002149325,Diffusion,UMAP,Phenotype_D
0.32964512913173066,0.7577037609074727,Diffusion,UMAP,Phenotype_D
0.3276894515819596,0.4125986864332231,Diffusion,UMAP,Phenotype_D
0.22252246794083716,0.6519886854141607,Diffusion,UMAP,Phenotype_D
0.6158598650377397,0.5531340706599319,Diffusion,UMAP,Phenotype_D
0.1462713080666571,0.4668868240580012,Diffusion,UMAP,Phenotype_D
0.29053329132433137,0.4724763894885047,Diffusion,UMAP,Phenotype_D
0.7021534638832371,0.39304307011543443,Diffusion,UMAP,Phenotype_D
0.3461510104511444,0.846916249289452,Diffusion,UMAP,Phenotype_D
0.21615900235089774,0.5686070865319478,Diffusion,UMAP,Phenotype_D
0.6225371621992454,0.8998075562772121,Diffusion,UMAP,Phenotype_D
0.33409775374985345,0.8431461277280593,Diffusion,UMAP,Phenotype_D
0.5050787397735065,0.626635999239562,Diffusion,UMAP,Phenotype_D
0.9227210680386138,0.5247310895793698,Diffusion,UMAP,Phenotype_D
0.5020435579767851,0.697488252036983,Diffusion,UMAP,Phenotype_D
0.7725869982269605,0.5534896053267198,Diffusion,UMAP,Phenotype_D
0.513135887516382,0.46227001437870346,Diffusion,UMAP,Phenotype_D
0.6539785188003968,0.647092548668895,Diffusion,UMAP,Phenotype_D
0.44262701572937885,0.6988084277567411,Diffusion,UMAP,Phenotype_D
0.06815125585309154,0.26837882599280233,Diffusion,UMAP,Phenotype_D
0.48264121414222516,0.7882140308361683,Diffusion,UMAP,Phenotype_D
0.8168551759595226,0.7458573473221575,Diffusion,UMAP,Phenotype_D
0.5563653972094346,0.5851288137467272,Diffusion,UMAP,Phenotype_D
0.3907851874777752,0.8063696096990804,Diffusion,UMAP,Phenotype_D
0.7219155098986597,0.6697321031291202,Diffusion,UMAP,Phenotype_D
0.3838601878023631,0.3643211713138487,Diffusion,UMAP,Phenotype_D
0.3765611747075738,0.4219328574873448,Diffusion,UMAP,Phenotype_D
0.5844538001098472,0.783228922220964,Diffusion,UMAP,Phenotype_D
0.37211838868352176,0.511435912548376,Diffusion,UMAP,Phenotype_D
0.24970782496059388,0.7449266645172377,Diffusion,UMAP,Phenotype_D
0.5639254267364748,0.5792552842798355,Diffusion,UMAP,Phenotype_D
0.715815869145622,0.5159655774248844,Diffusion,UMAP,Phenotype_D
0.34606285469034104,0.748300526715108,Diffusion,UMAP,Phenotype_D
0.47505171778120175,0.20508518779336438,Diffusion,UMAP,Phenotype_D
0.3376913858936073,0.24282549004382284,Diffusion,UMAP,Phenotype_D
0.6292322398050109,0.5049591233101794,Diffusion,UMAP,Phenotype_D
0.4917790408895518,0.42692274167806354,Diffusion,UMAP,Phenotype_D
0.5897735915566165,0.6498026562721246,Diffusion,UMAP,Phenotype_D
0.44002279861671817,0.8827038325726067,Diffusion,UMAP,Phenotype_D
0.7310170966007865,0.859674016569294,Diffusion,UMAP,Phenotype_D
0.8134833095043156,0.33403580705099867,Diffusion,UMAP,Phenotype_D
0.19131743339030127,0.35904732308674175,Diffusion,UMAP,Phenotype_D
0.49792020809654375,0.6639440048020365,Diffusion,UMAP,Phenotype_D
0.5189851274843781,0.4240287681173002,Diffusion,UMAP,Phenotype_D
0.6132991629008449,0.5693114776200813,Diffusion,UMAP,Phenotype_D
0.14802115831260912,0.6537404521959693,Diffusion,UMAP,Phenotype_D
0.9205781512750653,0.7538230324810012,Diffusion,UMAP,Phenotype_D
0.6418455009596117,0.7255668215946106,Diffusion,UMAP,Phenotype_D
0.4866208030732831,0.4571015564249525,Diffusion,UMAP,Phenotype_D
0.8344642444382544,0.7000672140202833,Diffusion,UMAP,Phenotype_D
0.4191749646254207,0.2441379038783123,Diffusion,UMAP,Phenotype_D
0.839387217179732,0.3685151598534125,Diffusion,UMAP,Phenotype_D
0.20179250128547224,0.7404960014792944,Diffusion,UMAP,Phenotype_D
0.15585023178149046,0.4624960666866909,Diffusion,UMAP,Phenotype_D
0.9323363541692199,0.6257120324814738,Diffusion,UMAP,Phenotype_D
0.6710067511478023,0.5493712951685257,Diffusion,UMAP,Phenotype_D
0.45985160389825164,0.8353099060273212,GAN,UMAP,Phenotype_D
0.47952113164194277,0.5697994179531083,GAN,UMAP,Phenotype_D
0.7660434704573513,0.6470117292985811,GAN,UMAP,Phenotype_D
0.35314556556026083,0.9303567805375768,GAN,UMAP,Phenotype_D
0.10044710169152471,0.32415588473915385,GAN,UMAP,Phenotype_D
0.2269663797741609,0.5131932739358003,GAN,UMAP,Phenotype_D
0.1523925288702468,0.4314534145916198,GAN,UMAP,Phenotype_D
0.28054021664217027,0.5676198654491049,GAN,UMAP,Phenotype_D
0.4024201815604849,0.6475201075827539,GAN,UMAP,Phenotype_D
0.4172467470322352,0.4112727145004397,GAN,UMAP,Phenotype_D
0.6290972161147409,0.6595271140702599,GAN,UMAP,Phenotype_D
0.5380654164448649,0.35863362468229115,GAN,UMAP,Phenotype_D
0.06879727458217695,0.5821214864199297,GAN,UMAP,Phenotype_D
0.16353451638837493,0.5756768535635606,GAN,UMAP,Phenotype_D
0.33577599273647435,0.5658555234051239,GAN,UMAP,Phenotype_D
0.2913885637332804,0.4697590744203826,GAN,UMAP,Phenotype_D
0.34209892919262963,0.29030705911018995,GAN,UMAP,Phenotype_D
0.37113702563613327,0.9257850316893772,GAN,UMAP,Phenotype_D
0.4648810344493599,0.2387670824871991,GAN,UMAP,Phenotype_D
0.42484067320800195,0.952429911105308,GAN,UMAP,Phenotype_D
0.7193482486990509,0.44644524397882934,GAN,UMAP,Phenotype_D
0.0976579826430313,0.3687318878187071,GAN,UMAP,Phenotype_D
0.5346570288745481,0.9048385085272846,GAN,UMAP,Phenotype_D
0.38335807686714884,0.2657325271347035,GAN,UMAP,Phenotype_D
0.2571501584705039,0.5137046763311168,GAN,UMAP,Phenotype_D
0.5202944436674592,0.3037684866513056,GAN,UMAP,Phenotype_D
0.6528808425233532,0.3444514002500877,GAN,UMAP,Phenotype_D
0.10074602852729715,0.7460943872339668,GAN,UMAP,Phenotype_D
0.30206373198945313,0.30905296966926776,GAN,UMAP,Phenotype_D
0.40999423475519325,0.21482942831856428,GAN,UMAP,Phenotype_D
0.3915450597879981,0.47564984132079313,GAN,UMAP,Phenotype_D
0.5877464740663165,0.28833871556864393,GAN,UMAP,Phenotype_D
0.5123706798491753,0.7948235407521815,GAN,UMAP,Phenotype_D
0.28004907011029856,0.654969375361968,GAN,UMAP,Phenotype_D
0.1770750650341469,0.7667195308595579,GAN,UMAP,Phenotype_D
0.3783154302941545,0.1555181412804874,GAN,UMAP,Phenotype_D
0.6260288841297885,0.7179663986600667,GAN,UMAP,Phenotype_D
0.8559630929372808,0.3227963955745283,GAN,UMAP,Phenotype_D
0.6349461868674765,0.558655543187851,GAN,UMAP,Phenotype_D
0.4638935528733204,0.33565158963504804,GAN,UMAP,Phenotype_D
0.08839335550794167,0.45090122134713756,GAN,UMAP,Phenotype_D
0.8452081237711776,0.4133753789786159,GAN,UMAP,Phenotype_D
0.7184139922037464,0.7493674835284384,GAN,UMAP,Phenotype_D
0.1880195464474213,0.610507482076235,GAN,UMAP,Phenotype_D
0.8371377982472202,0.6391171107516129,GAN,UMAP,Phenotype_D
0.6318934693676413,0.9564056942752789,GAN,UMAP,Phenotype_D
0.20909636025495318,0.7529033120789772,GAN,UMAP,Phenotype_D
0.419634931135287,0.7027986416070756,GAN,UMAP,Phenotype_D
0.15519677292156545,0.5128571439821842,GAN,UMAP,Phenotype_D
0.5211720119948126,0.05473016187027414,GAN,UMAP,Phenotype_D
0.4675874065163774,0.09464333837929378,GAN,UMAP,Phenotype_D
0.5927326099086904,0.5201121882231977,GAN,UMAP,Phenotype_D
0.2865701489982873,0.7070019292884062,GAN,UMAP,Phenotype_D
0.4137445501806416,0.527083797647273,GAN,UMAP,Phenotype_D
0.2113217425476596,0.6786069873033008,GAN,UMAP,Phenotype_D
0.3762745338773325,0.5195534836894093,GAN,UMAP,Phenotype_D
0.5029551453234379,0.5396184359265664,GAN,UMAP,Phenotype_D
0.20491965680487517,0.3839773393271636,GAN,UMAP,Phenotype_D
0.4731772453436865,0.3696532336804708,GAN,UMAP,Phenotype_D
0.3719174562026235,0.4978050339795113,GAN,UMAP,Phenotype_D
0.6936915265218699,0.6361704420541716,GAN,UMAP,Phenotype_D
0.15847297579890635,0.41099691556413925,GAN,UMAP,Phenotype_D
0.22423472594675753,0.46534709786921447,GAN,UMAP,Phenotype_D
0.4786904312440561,0.19411920636613197,GAN,UMAP,Phenotype_D
0.7343029361607527,0.29432474197007924,GAN,UMAP,Phenotype_D
0.746193905008105,0.5018899529104943,GAN,UMAP,Phenotype_D
0.6134860961881897,0.11579528216610781,GAN,UMAP,Phenotype_D
0.46334565086968216,0.33065646365168033,GAN,UMAP,Phenotype_D
0.0973294421285881,0.43827152517422896,GAN,UMAP,Phenotype_D
0.4625766986629412,0.4452137251174324,GAN,UMAP,Phenotype_D
0.5996537671481096,0.2353735761673581,GAN,UMAP,Phenotype_D
0.5595315399934015,0.24665235149054815,GAN,UMAP,Phenotype_D
0.4305104200194929,0.7776476856965686,GAN,UMAP,Phenotype_D
0.20358106958072766,0.6473244979936125,GAN,UMAP,Phenotype_D
0.5629799672152103,0.9281241131439684,GAN,UMAP,Phenotype_D
0.5262665192166526,0.33407890063479556,GAN,UMAP,Phenotype_D
0.22972001135647863,0.4948263349048736,GAN,UMAP,Phenotype_D
0.36764021308975253,0.4107435958540066,GAN,UMAP,Phenotype_D
0.5271959237187369,0.20444584029574547,GAN,UMAP,Phenotype_D
0.7586599298892487,0.5247296783275027,GAN,UMAP,Phenotype_D
0.2873392725238305,0.8178167902115823,GAN,UMAP,Phenotype_D
0.7745531812904254,0.16481345250641324,GAN,UMAP,Phenotype_D
0.5582372509166872,0.07054313823668805,GAN,UMAP,Phenotype_D
0.11328372585305838,0.576820169183268,GAN,UMAP,Phenotype_D
0.5260830857276961,0.4675957765137763,GAN,UMAP,Phenotype_D
0.22919646109687128,0.5887807555647189,GAN,UMAP,Phenotype_D
0.686579312106795,0.7619850580558462,GAN,UMAP,Phenotype_D
0.33804547738369706,0.7164847354052379,GAN,UMAP,Phenotype_D
0.29170912568636276,0.8112505124844601,GAN,UMAP,Phenotype_D
0.686446429901553,1,GAN,UMAP,Phenotype_D
0.35142503530360436,0.45990142972729603,GAN,UMAP,Phenotype_D
0.16615828831860419,0.6142330610005744,GAN,UMAP,Phenotype_D
0.2176876555490594,0.6837067223313125,GAN,UMAP,Phenotype_D
0.4220847655330261,0.5575142688431657,GAN,UMAP,Phenotype_D
0.6027235063946518,0.5918136114297541,GAN,UMAP,Phenotype_D
0.41794139582703865,0.7503865963833836,GAN,UMAP,Phenotype_D
0.6240610796562313,0.5575201406589696,GAN,UMAP,Phenotype_D
0.26317979713724565,0.30452108711125403,GAN,UMAP,Phenotype_D
0.5109499819705317,0.17274771211028933,GAN,UMAP,Phenotype_D
0.23865502111608247,0.3414638304494286,GAN,UMAP,Phenotype_D
0.3857824826598144,0.7001897157225271,GAN,UMAP,Phenotype_D
0.35138328246409,0.622997817127274,GAN,UMAP,Phenotype_D
0.6500681671395535,0.7039247197932642,GAN,UMAP,Phenotype_D
0.5081689638539721,0.04712049019581592,GAN,UMAP,Phenotype_D
0.3654085164754783,0.21212990510433735,GAN,UMAP,Phenotype_D
0.359719019053502,0.2909519508115722,GAN,UMAP,Phenotype_D
0.38268131865012084,0.1555897623127394,GAN,UMAP,Phenotype_D
0.4675284483742965,0.20880857423712465,GAN,UMAP,Phenotype_D
0.5235814396293406,0.5368735258442586,GAN,UMAP,Phenotype_D
0.319457632083156,0.4131803238098508,GAN,UMAP,Phenotype_D
0.22591267124400316,0.5478381968233288,GAN,UMAP,Phenotype_D
0.6372966196487516,0.6071653100430574,GAN,UMAP,Phenotype_D
0.7109662866256807,0.4424782149805961,GAN,UMAP,Phenotype_D
0.6078938588976495,0.5952470360166912,GAN,UMAP,Phenotype_D
0.09226706941922297,0.4739098685724447,GAN,UMAP,Phenotype_D
0.25527123174413074,0.5726382266864263,GAN,UMAP,Phenotype_D
0.08628187574460194,0.3990610008894352,GAN,UMAP,Phenotype_D
0.30397741195856387,0.7380180196072657,GAN,UMAP,Phenotype_D
0.12252167620322972,0.5201599691792672,GAN,UMAP,Phenotype_D
0.26635394295668813,0.5569144867996761,GAN,UMAP,Phenotype_D
0.5890410078841769,0.4097884303492864,GAN,UMAP,Phenotype_D
0.14997580794956683,0.528258916835841,GAN,UMAP,Phenotype_D
0.5536875619600452,0.5158321133197448,GAN,UMAP,Phenotype_D
0.625842893095856,0.5971863480912583,GAN,UMAP,Phenotype_D
0.27957299963302285,0.4619980963850374,GAN,UMAP,Phenotype_D
0.4503371450012851,0.10365317351325955,GAN,UMAP,Phenotype_D
0.8142583764156271,0.8321652525534444,GAN,UMAP,Phenotype_D
0.43811374425526756,0.6032968418671807,GAN,UMAP,Phenotype_D
0.25698021021869416,0.7184501808402713,GAN,UMAP,Phenotype_D
0.1681454885279851,0.5171391341560281,GAN,UMAP,Phenotype_D
0.44650865925379185,0.5163532180716471,GAN,UMAP,Phenotype_D
0.6028029983188853,0.3087380084936572,GAN,UMAP,Phenotype_D
0.3528113959994587,0.34189925205226107,GAN,UMAP,Phenotype_D
0.7341983215578782,0.5869439104560691,GAN,UMAP,Phenotype_D
0.5751479830398791,0.39713998468728723,GAN,UMAP,Phenotype_D
0.733283326190767,0.18973479962822334,GAN,UMAP,Phenotype_D
0.6082490027746671,0.40618147218455647,GAN,UMAP,Phenotype_D
0.11503054130879949,0.5977329309795458,GAN,UMAP,Phenotype_D
0.5844634918592303,0.3985291605429729,GAN,UMAP,Phenotype_D
0.608484125593667,0.5283592669239576,GAN,UMAP,Phenotype_D
0.48699902604037226,0.3627555385729314,GAN,UMAP,Phenotype_D
0.7314400398937858,0.43490453022874725,GAN,UMAP,Phenotype_D
0.3331879040653376,0.4317792121654951,GAN,UMAP,Phenotype_D
0.4225348934488216,0.16412113266192815,GAN,UMAP,Phenotype_D
0.5751672931163017,0.2763450907729486,GAN,UMAP,Phenotype_D
0.6049050800222171,0.3824304056734845,GAN,UMAP,Phenotype_D
0.44245486480725477,0.8081085996113072,GAN,UMAP,Phenotype_D
0.5427668693861658,0.33299541201388005,GAN,UMAP,Phenotype_D
0.2568067866426107,0.29678858612251147,GAN,UMAP,Phenotype_D
0.26726345000359947,0.8229922288218898,GAN,UMAP,Phenotype_D
0.22774005548502044,0.4386910197917049,GAN,UMAP,Phenotype_D
0.7517768360165672,0.6405359732983587,GAN,UMAP,Phenotype_D
0.39636954410341296,0.4996817973552573,GAN,UMAP,Phenotype_D
0.5416392245557896,0.32654115240370374,GAN,UMAP,Phenotype_D
0.6372936215697127,0.4334880869709164,GAN,UMAP,Phenotype_D
0.5126183089407379,0.03360775356896304,GAN,UMAP,Phenotype_D
0.10380191542497344,0.379243647752164,GAN,UMAP,Phenotype_D
0.3557098164437733,0.6225352793278535,GAN,UMAP,Phenotype_D
0.5975854107747021,0.6834607360907031,GAN,UMAP,Phenotype_D
0.45744146651440015,0.060326077934179274,GAN,UMAP,Phenotype_D
0.47440153845263366,0.44337405750504844,GAN,UMAP,Phenotype_D
0.5086557295193297,0.9060963781071364,GAN,UMAP,Phenotype_D
0.6603111102947634,0.36982480158602027,GAN,UMAP,Phenotype_D
0.7913689416118967,0.6164311109844065,GAN,UMAP,Phenotype_D
0.5534144063669507,0.051249208336529385,GAN,UMAP,Phenotype_D
0.7961531048235017,0.2966814821861741,GAN,UMAP,Phenotype_D
0.7913232056102306,0.32703982833129075,GAN,UMAP,Phenotype_D
0.4119633241197674,0.5192906884310265,GAN,UMAP,Phenotype_D
0.6912261755354719,0.874136355596409,GAN,UMAP,Phenotype_D
0.3188472966131631,0.38030435473579743,GAN,UMAP,Phenotype_D
0.47637860637856855,0.8524528675740155,GAN,UMAP,Phenotype_D
0.517843018452271,0.2571582648091274,GAN,UMAP,Phenotype_D
0.09675082511112192,0.30403465883379877,GAN,UMAP,Phenotype_D
0.4736062520985789,0.7189026886710654,GAN,UMAP,Phenotype_D
0.37290665096668524,0.3451637296299732,GAN,UMAP,Phenotype_D
0.32323545641341905,0.3442613348647096,GAN,UMAP,Phenotype_D
0.3567739509467523,0.37232246538140895,GAN,UMAP,Phenotype_D
0.34159564349991434,0.19054954557217363,GAN,UMAP,Phenotype_D
0.6888992868524457,0.9958564952158404,GAN,UMAP,Phenotype_D
0.40937616546498556,0.5735588669222565,GAN,UMAP,Phenotype_D
0.5438033970878716,0.7301985124208278,GAN,UMAP,Phenotype_D
0.3580904625195271,0.4729156416321191,GAN,UMAP,Phenotype_D
0.5777226598962129,0.9798373217211666,GAN,UMAP,Phenotype_D
0.5869039771451907,0.08995097632325733,GAN,UMAP,Phenotype_D
0.3366864297997406,0.8904697940911074,GAN,UMAP,Phenotype_D
0.5709242403415323,0.17085426572140092,GAN,UMAP,Phenotype_D
0.5006246956567367,0.21998483219254517,GAN,UMAP,Phenotype_D
0.3234732958591401,0.2629685903531169,GAN,UMAP,Phenotype_D
0.2558733928598459,0.7093993942012354,GAN,UMAP,Phenotype_D
0.23178665454186392,0.5095536049688666,GAN,UMAP,Phenotype_D
0.5541988996364652,0.6913438882162517,GAN,UMAP,Phenotype_D
0.32101026991362946,0.24886801692179192,GAN,UMAP,Phenotype_D
0.47558828826977834,0.42284936477127877,GAN,UMAP,Phenotype_D
0.49814811105173556,0.08286568552110711,GAN,UMAP,Phenotype_D
0.3514714871731226,0.39958044238020857,GAN,UMAP,Phenotype_D
0.5444647855609283,0.38090086065888135,GAN,UMAP,Phenotype_D
0.38985091262688465,0.20385447536160572,GAN,UMAP,Phenotype_D
0.822799232758381,0.4044556119548784,GAN,UMAP,Phenotype_D
0.26424647694814346,0.8314022441109767,GAN,UMAP,Phenotype_D
0.642061509495106,0.28777219874773446,GAN,UMAP,Phenotype_D
0.16175980044198532,0.5665431558773364,GAN,UMAP,Phenotype_D
0.5573755418155972,0.22154865046677627,GAN,UMAP,Phenotype_D
0.11354515834525758,0.6047762118377256,GAN,UMAP,Phenotype_D
0.11255101981004582,0.335420597945526,GAN,UMAP,Phenotype_D
0.3021029395210486,0.2735527273466118,GAN,UMAP,Phenotype_D
0.5297091215991856,0.23952684001018748,GAN,UMAP,Phenotype_D
0.6466063036288271,0.5205590258455974,GAN,UMAP,Phenotype_D
0.4404710664998038,0.6116653134294319,GAN,UMAP,Phenotype_D
0.3016840405754877,0.4566017716566128,GAN,UMAP,Phenotype_D
0.6382132853741846,0.8417054537796901,GAN,UMAP,Phenotype_D
0.18326231699893802,0.48760838642722215,GAN,UMAP,Phenotype_D
0.31654898145893695,0.3039101662583854,GAN,UMAP,Phenotype_D
0.37676014925930373,0.37721835011741267,GAN,UMAP,Phenotype_D
0.5391913725613334,0.5206888106155122,GAN,UMAP,Phenotype_D
0.2834967875827838,0.8236131796433849,GAN,UMAP,Phenotype_D
0.17626027281075277,0.2353767010822065,GAN,UMAP,Phenotype_D
0.11294750046662955,0.3582746122876881,GAN,UMAP,Phenotype_D
0.6257019589069092,0.2806299034505266,GAN,UMAP,Phenotype_D
0.7755811063408479,0.38968151857001126,GAN,UMAP,Phenotype_D
0.6451056488177724,0.5114682201357605,GAN,UMAP,Phenotype_D
0.6476549949654911,0.36198958162209854,GAN,UMAP,Phenotype_D
0.32169696462118663,0.7157750521226032,GAN,UMAP,Phenotype_D
0.2721913619273306,0.5306658068950679,GAN,UMAP,Phenotype_D
0.29130177852289485,0.7849583861830882,GAN,UMAP,Phenotype_D
0.6878859116631553,0.9502527400888301,GAN,UMAP,Phenotype_D
0.43766293106426313,0.47297587184573003,GAN,UMAP,Phenotype_D
0.5533095103117582,0.8940039656807487,GAN,UMAP,Phenotype_D
0.297241548240811,0.5223347335072932,GAN,UMAP,Phenotype_D
0.09293413588686777,0.45960325236853267,GAN,UMAP,Phenotype_D
0.35917921798179764,0.7601394304244167,GAN,UMAP,Phenotype_D
0.6182935832310121,0.396767514998095,GAN,UMAP,Phenotype_D
0.5238540323177991,0.8327843889082533,GAN,UMAP,Phenotype_D
0.5897661514257768,0.9447656321738964,GAN,UMAP,Phenotype_D
0.35355398958477124,0.24144019513077156,GAN,UMAP,Phenotype_D
0.5893432876736501,0.14052485023955844,GAN,UMAP,Phenotype_D
0.38825045237647504,0.5962255879809223,GAN,UMAP,Phenotype_D
0.5708260257196268,0.7026813312956285,GAN,UMAP,Phenotype_D
0.708660776081761,0.634627666553315,GAN,UMAP,Phenotype_D
0.1604442188855655,0.44471983736582277,GAN,UMAP,Phenotype_D
0.8381403558778557,0.3666615309279154,GAN,UMAP,Phenotype_D
0.4964290737160699,0.3389286676758588,GAN,UMAP,Phenotype_D
0.500594151961711,0.23817818724382667,GAN,UMAP,Phenotype_D
0.8260712353614049,0.4357267356468519,GAN,UMAP,Phenotype_D
0.7904744677898808,0.4868255952576897,GAN,UMAP,Phenotype_D
0.6812297111884381,0.5173326520682952,GAN,UMAP,Phenotype_D
0.35192626517069286,0.6952473856795421,GAN,UMAP,Phenotype_D
0.48169051716043537,0.6548530478866424,GAN,UMAP,Phenotype_D
0.2654158011956902,0.36824918927832895,GAN,UMAP,Phenotype_D
0.3878574959923943,0.14498869029684014,GAN,UMAP,Phenotype_D
0.6593791604847603,0.8955975241980081,GAN,UMAP,Phenotype_D
0.6499467021087741,0.39086490366237187,GAN,UMAP,Phenotype_D
0.37064852230863876,0.3376179675043507,GAN,UMAP,Phenotype_D
0.7672830292952827,0.5221010453186681,GAN,UMAP,Phenotype_D
0.40441658403695696,0.0541362264416623,GAN,UMAP,Phenotype_D
0.42764831916125057,0.6759737929268246,GAN,UMAP,Phenotype_D
0.6077800053165119,0.45000215310413194,GAN,UMAP,Phenotype_D
0.7944238893154251,0.4357024923558503,GAN,UMAP,Phenotype_D
0.2907703965466143,0.3192423593548122,GAN,UMAP,Phenotype_D
0.708337791191333,0.7047646666634115,GAN,UMAP,Phenotype_D
0.4009546715780014,0.39018014409574586,GAN,UMAP,Phenotype_D
0.37834607188563857,0.5738597911819754,GAN,UMAP,Phenotype_D
0.24742022946856426,0.2591411240841629,GAN,UMAP,Phenotype_D
0.7577456565085181,0.4949189735095739,GAN,UMAP,Phenotype_D
0.249475908250607,0.6977841865133149,GAN,UMAP,Phenotype_D
0.48958060459702435,0.7284753360897896,GAN,UMAP,Phenotype_D
0.518740680027714,0.7765695018706175,GAN,UMAP,Phenotype_D
0.5707900732452736,0.9314293162059438,GAN,UMAP,Phenotype_D
0.277270279138168,0.6997017753895,GAN,UMAP,Phenotype_D
0.689325173157726,0.9497089135518453,GAN,UMAP,Phenotype_D
0.5865725242111096,0.9099322803861349,GAN,UMAP,Phenotype_D
0.4865716345770438,0.5057572870446921,GAN,UMAP,Phenotype_D
0.28128868401498774,0.7270168954884514,GAN,UMAP,Phenotype_D
0.5910567693853007,0.6825191790861294,GAN,UMAP,Phenotype_D
0.6143535077579823,0.9537326871605849,GAN,UMAP,Phenotype_D
0.453551550739251,0.464572875014589,GAN,UMAP,Phenotype_D
0.06848738334306195,0.44879759923376583,GAN,UMAP,Phenotype_D
0.5011503996384292,0.4667179274506286,GAN,UMAP,Phenotype_D
0.7028919213431815,0.36990892227766603,GAN,UMAP,Phenotype_D
0.7072233011975564,0.16187618375444343,GAN,UMAP,Phenotype_D
0.28595017072714046,0.32746627840439707,GAN,UMAP,Phenotype_D
0.3093825691170717,0.35378254719306573,GAN,UMAP,Phenotype_D
0.2977732239064668,0.2390489296457868,GAN,UMAP,Phenotype_D
0.5153972222834415,0.6906205964334704,GAN,UMAP,Phenotype_D
0.23252870969665518,0.6491824362774893,GAN,UMAP,Phenotype_D
0.39790686113814444,0.4420125522663272,GAN,UMAP,Phenotype_D
0.2492619065925102,0.5810775380522173,GAN,UMAP,Phenotype_D
0.8738338711540413,0.33717750571627886,GAN,UMAP,Phenotype_D
0.17501018398501308,0.5417003096406301,GAN,UMAP,Phenotype_D
0.09639276881446637,0.7493415265744554,GAN,UMAP,Phenotype_D
0.8198034979762905,0.46389718778139394,GAN,UMAP,Phenotype_D
0.6597383425906875,0.8033024553734911,GAN,UMAP,Phenotype_D
0.42999754047385286,0.3917226423864143,GAN,UMAP,Phenotype_D
0.3919264643899858,0.506041200679228,GAN,UMAP,Phenotype_D
0.6339067222720182,0.39351785556498664,GAN,UMAP,Phenotype_D
0.2959844108700654,0.4469955818051203,GAN,UMAP,Phenotype_D
0.5106626069168523,0.3130994823887265,GAN,UMAP,Phenotype_D
0.6643281079099934,0.7186540815341316,GAN,UMAP,Phenotype_D
0.7426685862367394,0.5498919463037565,GAN,UMAP,Phenotype_D
0.6499392986891065,0.37671271873419526,GAN,UMAP,Phenotype_D
0.209843261284436,0.5808271164485973,GAN,UMAP,Phenotype_D
0.3307667288557997,0.3860900337739663,GAN,UMAP,Phenotype_D
0.7050497673166384,0.7408799753912956,GAN,UMAP,Phenotype_D
0.36745602090324336,0.5878333267443412,GAN,UMAP,Phenotype_D
0.5411329774952073,0.16290317189882522,GAN,UMAP,Phenotype_D
0.5765797432183238,0.7155330476283329,GAN,UMAP,Phenotype_D
0.8310285101041321,0.8317103569348933,GAN,UMAP,Phenotype_D
0.18277454789488162,0.8540115574597655,GAN,UMAP,Phenotype_D
0.06773108425357122,0.6060937162593069,GAN,UMAP,Phenotype_D
0.23159453274222305,0.40963969448287146,GAN,UMAP,Phenotype_D
0.22676828629055668,0.25051777035435496,GAN,UMAP,Phenotype_D
0.522825678970371,0.4966015385480455,GAN,UMAP,Phenotype_D
0.5101798794804042,0.5876567942563309,GAN,UMAP,Phenotype_D
0.34461922456631344,0.20617442222545285,GAN,UMAP,Phenotype_D
0.7028753278934801,0.33809184572055984,GAN,UMAP,Phenotype_D
0.5150472913928344,0.9011150244299354,GAN,UMAP,Phenotype_D
0.1350361231201172,0.28568999742163026,GAN,UMAP,Phenotype_D
0.22490766620190727,0.41445453304022556,GAN,UMAP,Phenotype_D
0.7488024356834647,0.7525388310833894,GAN,UMAP,Phenotype_D
0.5066186755385006,0.09473360809693158,GAN,UMAP,Phenotype_D
0.24184634776397693,0.6612936737957462,GAN,UMAP,Phenotype_D
0.38413674529738756,0.3689401482727994,GAN,UMAP,Phenotype_D
0.6016271639568539,0.5865644853112464,GAN,UMAP,Phenotype_D
0.8112106554592516,0.2760521048049818,GAN,UMAP,Phenotype_D
0.4211699720773603,0.6218238319803848,GAN,UMAP,Phenotype_D
0.46383236758681057,0.2701448060969861,GAN,UMAP,Phenotype_D
0.42711693718496996,0.5397274299323686,GAN,UMAP,Phenotype_D
0.19933779653892697,0.3847973774656153,GAN,UMAP,Phenotype_D
0.6404195778575,0.6124224500560956,GAN,UMAP,Phenotype_D
0.638499522381535,0.32123600462626,GAN,UMAP,Phenotype_D
0.6289985854328871,0.6359532352712793,GAN,UMAP,Phenotype_D
0.2265711717715366,0.5909437510602108,GAN,UMAP,Phenotype_D
0.35098836815084095,0.713242661450915,GAN,UMAP,Phenotype_D
0.6754087510598669,0.28738506211949555,GAN,UMAP,Phenotype_D
0.2602392322675831,0.6586755243722094,GAN,UMAP,Phenotype_D
0.5874568473940935,0.5159606380433497,GAN,UMAP,Phenotype_D
0.6618507523703823,0.913802741010239,GAN,UMAP,Phenotype_D
0.6397689090466399,0.9040031828769787,GAN,UMAP,Phenotype_D
0.459490341492583,0.41235922723249885,GAN,UMAP,Phenotype_D
0.5551757594467666,0.21492136129733108,GAN,UMAP,Phenotype_D
0.3744025577995069,0.726630086472253,GAN,UMAP,Phenotype_D
0.3490109086390724,0.7883545007987907,GAN,UMAP,Phenotype_D
0.5034699583241316,0.14295467314162463,GAN,UMAP,Phenotype_D
0.8886147556908832,0.2829989921204579,GAN,UMAP,Phenotype_D
0.5819881554340739,0.9140961727195879,GAN,UMAP,Phenotype_D
0.3937412199878674,0.6438931398826235,GAN,UMAP,Phenotype_D
0.7523904938476176,0.5886629160338215,GAN,UMAP,Phenotype_D
0.385656636762521,0.4047534869025274,GAN,UMAP,Phenotype_D
0.3901140093588769,0.16513662918396407,GAN,UMAP,Phenotype_D
0.17447669723487655,0.6290686446453623,GAN,UMAP,Phenotype_D
0.4116828997146355,0.20048813564020512,GAN,UMAP,Phenotype_D
0.7211266174070451,0.6276016987314327,GAN,UMAP,Phenotype_D
0.3967747864930249,0.6953781028837263,GAN,UMAP,Phenotype_D
0.4746179875221908,0.4372777518505749,GAN,UMAP,Phenotype_D
0.40593706288084086,0.6326328116374097,GAN,UMAP,Phenotype_D
0.4209895489045001,0.7414006517274526,GAN,UMAP,Phenotype_D
0.878020939391654,0.2870049313487394,GAN,UMAP,Phenotype_D
0.3415281928400659,0.23154938601880964,GAN,UMAP,Phenotype_D
0.36198992319937173,0.7064092035042517,GAN,UMAP,Phenotype_D
0.09067820989913564,0.5257644535580794,GAN,UMAP,Phenotype_D
0.46621923008767374,0.19605362946101676,GAN,UMAP,Phenotype_D
0.45693663895246484,0.587393847792391,GAN,UMAP,Phenotype_D
0.3812923147498892,0.9499178780568133,GAN,UMAP,Phenotype_D
0.7062549461420798,0.6356569227810545,GAN,UMAP,Phenotype_D
0.08334982786682156,0.5663442953687156,GAN,UMAP,Phenotype_D
0.6751595556249695,0.756909805727635,GAN,UMAP,Phenotype_D
0.6518502987426681,0.5527358708250925,GAN,UMAP,Phenotype_D
0.4383540555865636,0.2629106786247162,GAN,UMAP,Phenotype_D
0.3674358052845805,0.5741047693855369,GAN,UMAP,Phenotype_D
0.4503747372413167,0.09360082646437463,GAN,UMAP,Phenotype_D
0.716882071711285,0.4049298933859067,GAN,UMAP,Phenotype_D
0.39183106429125963,0.035363149284144066,GAN,UMAP,Phenotype_D
0.4649028898337012,0.6438085907752324,GAN,UMAP,Phenotype_D
0.8905963268539053,0.3530043425921011,GAN,UMAP,Phenotype_D
0.8073647854422288,0.30046383879723537,GAN,UMAP,Phenotype_D
0.5981509830890843,0.27110717906659865,GAN,UMAP,Phenotype_D
0.6587822613036849,0.10406556146954792,GAN,UMAP,Phenotype_D
0.5553100489135984,0.9960707786912939,GAN,UMAP,Phenotype_D
0.44328786577191426,0.27825239767124543,GAN,UMAP,Phenotype_D
0.5826600433022957,0.4293466675633996,GAN,UMAP,Phenotype_D
0.735968668874811,0.7487362255281287,GAN,UMAP,Phenotype_D
0.22804715667507058,0.7400852263822826,GAN,UMAP,Phenotype_D
0.5778489218534546,0.6253766081537911,GAN,UMAP,Phenotype_D
0.4241619325876911,0.83126564879075715,GAN,UMAP,Phenotype_D
0.1947972119529177,0.31707891024264867,GAN,UMAP,Phenotype_D
0.6707890661354576,0.8007925187270445,GAN,UMAP,Phenotype_D
0.6134422385748194,0.3049156328117949,GAN,UMAP,Phenotype_D
0.28508021384942905,0.709482103641014,GAN,UMAP,Phenotype_D
0.8364926774122143,0.5579101249918688,GAN,UMAP,Phenotype_D
0.11098511700945698,0.7316474900743789,GAN,UMAP,Phenotype_D
0.34518379344199696,0.6291178116523728,GAN,UMAP,Phenotype_D
0.38100112173433165,0.7971452264799362,GAN,UMAP,Phenotype_D
0.41602052046823434,0.3341147363518478,GAN,UMAP,Phenotype_D
0.6908613399090711,0.37114023953165337,GAN,UMAP,Phenotype_D
0.5130801110091996,0.785764374805185,GAN,UMAP,Phenotype_D
0.3467228726129799,0.4624975787422627,GAN,UMAP,Phenotype_D
0.04131661289560923,0.6502269642665042,GAN,UMAP,Phenotype_D
0.036955227776729944,0.6382682427535918,GAN,UMAP,Phenotype_D
0.3698804756441382,0.49788910426930466,GAN,UMAP,Phenotype_D
0.23679650580128903,0.09355672484352981,GAN,UMAP,Phenotype_D
0.6913559128169874,0.5162792785541851,GAN,UMAP,Phenotype_D
0.06078907814955333,0.31089633377934245,Real,t-SNE,Phenotype_D
0.6039730294401399,0.6724743401106597,Real,t-SNE,Phenotype_D
0.7058197964029511,0.7065529058159096,Real,t-SNE,Phenotype_D
0.5229361294218438,0.5101376695363631,Real,t-SNE,Phenotype_D
0.5922373922679323,0.6340309276501228,Real,t-SNE,Phenotype_D
0.4962086118761635,0.4234049540577328,Real,t-SNE,Phenotype_D
0.5924682190384598,0.5907154648327103,Real,t-SNE,Phenotype_D
0.8422298743943694,0.49649776598695217,Real,t-SNE,Phenotype_D
0.4164791622797473,0.21807262191048105,Real,t-SNE,Phenotype_D
0.3816753840083054,0.6836916230862171,Real,t-SNE,Phenotype_D
0.7090224394847148,0.5319690247687633,Real,t-SNE,Phenotype_D
0.5114534561756423,0.6096881002731794,Real,t-SNE,Phenotype_D
0.6492591899533204,0.6542662793606295,Real,t-SNE,Phenotype_D
0.6260461525495035,0.5457591398056572,Real,t-SNE,Phenotype_D
0.6342453819488064,0.6323186078619648,Real,t-SNE,Phenotype_D
0.3978397073681656,0.3969258107472035,Real,t-SNE,Phenotype_D
0.7221559970632739,0.45046944349092666,Real,t-SNE,Phenotype_D
0.6718177000676846,0.410913846164745,Real,t-SNE,Phenotype_D
0.44748341051817314,0.82472013265626265,Real,t-SNE,Phenotype_D
0.1708525798065528,0.5991534393470099,Real,t-SNE,Phenotype_D
0.4449770506928999,0.6364975854719698,Real,t-SNE,Phenotype_D
0.48987535954957356,0.8089082686013552,Real,t-SNE,Phenotype_D
0.5288488465359727,0.3873370085180258,Real,t-SNE,Phenotype_D
0.25956114599181,0.7257714424836338,Real,t-SNE,Phenotype_D
0.6827165358307319,0.5318814078748092,Real,t-SNE,Phenotype_D
0.3706394654973764,0.4250783272815053,Real,t-SNE,Phenotype_D
0.503818813855737,0.5868042899322536,Real,t-SNE,Phenotype_D
0.42154207557738665,0.22042086620084853,Real,t-SNE,Phenotype_D
0.45646388129637694,0.23648920683283464,Real,t-SNE,Phenotype_D
0.7844768202520556,0.37912239080105586,Real,t-SNE,Phenotype_D
0.5883911146078267,0.5647629466152031,Real,t-SNE,Phenotype_D
0.39005908376493936,0.764865021682135,Real,t-SNE,Phenotype_D
0.39584349453280077,0.4012036316720089,Real,t-SNE,Phenotype_D
0.2623214438240617,0.7925363779811421,Real,t-SNE,Phenotype_D
0.6280672801477969,0.2068791089931502,Real,t-SNE,Phenotype_D
0.37279231288692555,0.1325629515742719,Real,t-SNE,Phenotype_D
0.3232608218314795,0.27159941963744155,Real,t-SNE,Phenotype_D
0.5881865991308206,0.1720752856919385,Real,t-SNE,Phenotype_D
0.29305370291989696,0.4628043572269482,Real,t-SNE,Phenotype_D
0.3023108067691216,0.37832009110581777,Real,t-SNE,Phenotype_D
0.46180103409746,0.7384270924897293,Real,t-SNE,Phenotype_D
0.5600867116853503,0.6929023721310221,Real,t-SNE,Phenotype_D
0.5306674861944451,0.48268512672684477,Real,t-SNE,Phenotype_D
0.7130439870315173,0.6266691054912852,Real,t-SNE,Phenotype_D
0.1059283379649359,0.4313977603559722,Real,t-SNE,Phenotype_D
0.5100088782470273,0.5083346730878331,Real,t-SNE,Phenotype_D
0.19068618151988972,0.35004706783624645,Real,t-SNE,Phenotype_D
0.41327364159652324,0.3377900790071538,Real,t-SNE,Phenotype_D
0.6654808337585268,0.5853359838588936,Real,t-SNE,Phenotype_D
0.571930947445781,0.36478622479666667,Real,t-SNE,Phenotype_D
0.3157106810837499,0.6381455321793679,Real,t-SNE,Phenotype_D
0.5885890070168319,0.6459389933296432,Real,t-SNE,Phenotype_D
0.53526124273912,0.7534683509501737,Real,t-SNE,Phenotype_D
0.38158780463661357,0.6421529232673625,Real,t-SNE,Phenotype_D
0.465476620803932,0.7210319315737871,Real,t-SNE,Phenotype_D
0.33622909640933474,0.8666082997805855,Real,t-SNE,Phenotype_D
0.6912693699703492,0.418967554328752,Real,t-SNE,Phenotype_D
0.5797788980481977,0.36414591665682144,Real,t-SNE,Phenotype_D
0.6815437849706277,0.14988692764688843,Real,t-SNE,Phenotype_D
0.672833744550126,0.3514076172989907,Real,t-SNE,Phenotype_D
0.5532042576321792,0.5408644664373378,Real,t-SNE,Phenotype_D
0.37179884161817994,0.39534743981167103,Real,t-SNE,Phenotype_D
0.0955571640572447,0.47841566964454946,Real,t-SNE,Phenotype_D
0.691747993068374,0.19124850153814832,Real,t-SNE,Phenotype_D
0.4417792107609623,0.687487459823544,Real,t-SNE,Phenotype_D
0.5010228534553418,0.764598335726409,Real,t-SNE,Phenotype_D
0.8715564983528143,0.3053986686185286,Real,t-SNE,Phenotype_D
0.4335329687361207,0.6995927559023086,Real,t-SNE,Phenotype_D
0.33084435954345026,0.37425263502666306,Real,t-SNE,Phenotype_D
0.6650023152098817,0.4807304899576192,Real,t-SNE,Phenotype_D
0.36088167073588084,0.5289305897436447,Real,t-SNE,Phenotype_D
0.6758691709719304,0.44313343403238553,Real,t-SNE,Phenotype_D
0.39920910695819944,0.7324438518226097,Real,t-SNE,Phenotype_D
0.44288916996065353,0.5275249388443556,Real,t-SNE,Phenotype_D
0.46999319229569203,0.44349617321700013,Real,t-SNE,Phenotype_D
0.5350111880130087,0.7782201438703434,Real,t-SNE,Phenotype_D
0.38820214175134893,0.2400006893036369,Real,t-SNE,Phenotype_D
0.4599905794475458,0.7861793869859937,Real,t-SNE,Phenotype_D
0.5506937459988678,0.7350434091238592,Real,t-SNE,Phenotype_D
0.6533575429399741,0.6575878557135096,Real,t-SNE,Phenotype_D
0.389040983539461,0.5849803084045855,Real,t-SNE,Phenotype_D
0.4747010899991913,0.6548460605451021,Real,t-SNE,Phenotype_D
0.3960436999651194,0.7292624229754021,Real,t-SNE,Phenotype_D
0.3228571149700437,0.3681669184134735,Real,t-SNE,Phenotype_D
0.6384424810540307,0.2745023470941749,Real,t-SNE,Phenotype_D
0.7360291901520304,0.5955015523177415,Real,t-SNE,Phenotype_D
0.48295616944081615,0.16690411069834374,Real,t-SNE,Phenotype_D
0.7222174089802313,0.3298249038824617,Real,t-SNE,Phenotype_D
0.49534334397335245,0.8623193136353815,Real,t-SNE,Phenotype_D
0.373576981493834,0.7728212408434243,Real,t-SNE,Phenotype_D
0.26705368179950606,0.3611297982012659,Real,t-SNE,Phenotype_D
0.2911611830512052,0.4729507667709352,Real,t-SNE,Phenotype_D
0.49438024577470846,0.6851239300995303,Real,t-SNE,Phenotype_D
0.4258481824708352,0.42091008374462263,Real,t-SNE,Phenotype_D
0.21595739935801817,0.42162833710003256,Real,t-SNE,Phenotype_D
0.688141681995916,0.3551962618908764,Real,t-SNE,Phenotype_D
0.2849886360636657,0.240399328339108,Real,t-SNE,Phenotype_D
0.405599241312076,0.4442969821624231,Real,t-SNE,Phenotype_D
0.6641054114388937,0.7965206805611136,Real,t-SNE,Phenotype_D
0.5761799721221394,0.320340120804864,Real,t-SNE,Phenotype_D
0.5033410807446252,0.7503388079868909,Real,t-SNE,Phenotype_D
0.5952298046144442,0.3567364880394564,Real,t-SNE,Phenotype_D
0.6004781613828076,0.6899616349073932,Real,t-SNE,Phenotype_D
0.5736931872822664,0.5156007445671026,Real,t-SNE,Phenotype_D
0.5050636858712424,0.1944317219104409,Real,t-SNE,Phenotype_D
0.4250349352281255,0.8911211012688506,Real,t-SNE,Phenotype_D
0.1786274133063031,0.5945509512813884,Real,t-SNE,Phenotype_D
0.21566661543217222,0.4477168513751767,Real,t-SNE,Phenotype_D
0.21679230991676424,0.7118077148635862,Real,t-SNE,Phenotype_D
0.2042951002549298,0.3652411938382189,Real,t-SNE,Phenotype_D
0.6009027427886675,0.7381547798405746,Real,t-SNE,Phenotype_D
0.2430049475413946,0.4035500930708865,Real,t-SNE,Phenotype_D
0.48317064482780353,0.7729115330177676,Real,t-SNE,Phenotype_D
0.6551546329024294,0.6665413644167199,Real,t-SNE,Phenotype_D
0.11014934180386772,0.4367657334497698,Real,t-SNE,Phenotype_D
0.4903715566565619,0.672563146580706,Real,t-SNE,Phenotype_D
0.37596180786411876,0.4792485865944462,Real,t-SNE,Phenotype_D
0.20737301348010634,0.876653345816514,Real,t-SNE,Phenotype_D
0.5241209882205914,0.5217583764394378,Real,t-SNE,Phenotype_D
0.3496837898852729,0.5850667818569788,Real,t-SNE,Phenotype_D
0.5720348172298193,0.6079587703363148,Real,t-SNE,Phenotype_D
0.45725774603715924,0.7590253732902488,Real,t-SNE,Phenotype_D
0.08176331765477694,0.5539301041760265,Real,t-SNE,Phenotype_D
0.17008754796422476,0.47338411266150393,Real,t-SNE,Phenotype_D
0.3407320424246701,0.7725250841402785,Real,t-SNE,Phenotype_D
0.37217955716317275,0.5105906648871957,Real,t-SNE,Phenotype_D
0.6896654546492584,0.5673092325693126,Real,t-SNE,Phenotype_D
0.45591521823707715,0.3469437027382519,Real,t-SNE,Phenotype_D
0.6893864847511019,0.259904201228026,Real,t-SNE,Phenotype_D
0.20873742163867473,0.4370853538371014,Real,t-SNE,Phenotype_D
0.5506104188411177,0.47754889826960173,Real,t-SNE,Phenotype_D
0.4288550152353647,0.5414715978205853,Real,t-SNE,Phenotype_D
0.6315403701414964,0.519379616501008,Real,t-SNE,Phenotype_D
0.4976243125707436,0.4079256791450125,Real,t-SNE,Phenotype_D
0.4753194439757722,0.13707418087019482,Real,t-SNE,Phenotype_D
0.618082147579614,0.49537606583916083,Real,t-SNE,Phenotype_D
0.10060719006520558,0.54220278573399,Real,t-SNE,Phenotype_D
0.7848888240895758,0.27452731491389865,Real,t-SNE,Phenotype_D
0.1150798036315023,0.6790343991745754,Real,t-SNE,Phenotype_D
0.38454074148289796,0.5823531313742044,Real,t-SNE,Phenotype_D
0.6041035851131747,0.588062701096112,Real,t-SNE,Phenotype_D
0.06127711798884833,0.3111832985707075,Real,t-SNE,Phenotype_D
0.692607873792475,0.8966240462949118,Real,t-SNE,Phenotype_D
0.20844219112984722,0.7874280022331411,Real,t-SNE,Phenotype_D
0.43914366845899067,0.4125876226524154,Real,t-SNE,Phenotype_D
0.3125330819160752,0.44932439970283045,Real,t-SNE,Phenotype_D
0.5548291081365568,0.4525580719077764,Real,t-SNE,Phenotype_D
0.44328856856136684,0.6347760493875828,Real,t-SNE,Phenotype_D
0.37795706224988124,0.4778732423794763,Real,t-SNE,Phenotype_D
0.5660860045106055,0.8277986948671667,Real,t-SNE,Phenotype_D
0.16653743549667893,0.1706450282847342,Real,t-SNE,Phenotype_D
0.6219685077368077,0.5072908003820699,Real,t-SNE,Phenotype_D
0.7386351206604752,0.6757446803000299,Real,t-SNE,Phenotype_D
0.5301134090498323,0.4606293447873344,Real,t-SNE,Phenotype_D
0.7238325446308035,0.5054822386976396,Real,t-SNE,Phenotype_D
0.4941773691789948,0.8041342736648688,Real,t-SNE,Phenotype_D
0.49180975654106857,0.6279389417648017,Real,t-SNE,Phenotype_D
0.43194517920927633,0.48120235184315163,Real,t-SNE,Phenotype_D
0.6748230895341394,0.5924986348781263,Real,t-SNE,Phenotype_D
0.5049727001814883,0.7445808633532391,Real,t-SNE,Phenotype_D
0.7986608071624497,0.7251389093993805,Real,t-SNE,Phenotype_D
0.37710801653065146,0.7849883891610536,Real,t-SNE,Phenotype_D
0.5960860091532921,0.16164272236662466,Real,t-SNE,Phenotype_D
0.2569135614616154,0.29281617820274786,Real,t-SNE,Phenotype_D
0.24047236398660712,0.24205200968079651,Real,t-SNE,Phenotype_D
0.5206536135121562,0.5761563491835715,Real,t-SNE,Phenotype_D
0.4306666471094703,0.3863488146152366,Real,t-SNE,Phenotype_D
0.4923224288970605,0.21977378067135242,Real,t-SNE,Phenotype_D
0.7902273680664589,0.3689943854156845,Real,t-SNE,Phenotype_D
0.3193993417943775,0.3758596838145979,Real,t-SNE,Phenotype_D
0.6902169093963395,0.195014536026348,Real,t-SNE,Phenotype_D
0.8994411306556576,0.39904324412896774,Real,t-SNE,Phenotype_D
0.512813907871127,0.6166405244582986,Real,t-SNE,Phenotype_D
0.708240604651836,0.7211331660926827,Real,t-SNE,Phenotype_D
0.4174030205930967,0.6540133346250379,Real,t-SNE,Phenotype_D
0.5595289891336602,0.6609636329225145,Real,t-SNE,Phenotype_D
0.4155724865092426,0.5502073288370881,Real,t-SNE,Phenotype_D
0.23412776299299032,0.24257359847988239,Real,t-SNE,Phenotype_D
0.24819803296841156,0.6779205027808982,Real,t-SNE,Phenotype_D
0.47857059730047513,0.555658275122633,Real,t-SNE,Phenotype_D
0.48291281509375805,0.7760967656768128,Real,t-SNE,Phenotype_D
0.5148446127351011,0.7257664967887115,Real,t-SNE,Phenotype_D
0.4263051559675837,0.3042363531928498,Real,t-SNE,Phenotype_D
0.6260891384798849,0.4926713497729595,Real,t-SNE,Phenotype_D
0.4549124547521949,0.6760838663258414,Real,t-SNE,Phenotype_D
0.42452995031027463,0.31998837702937377,Real,t-SNE,Phenotype_D
0.5056543279674621,0.3804226222809851,Real,t-SNE,Phenotype_D
0.7230417246779234,0.5424404501063961,Real,t-SNE,Phenotype_D
0.2623460270133698,0.5979172514050584,Real,t-SNE,Phenotype_D
0.3079126429813309,0.5893493738394864,Real,t-SNE,Phenotype_D
0.47444861442399794,0.7179710322299827,Real,t-SNE,Phenotype_D
0.39079734310817643,0.24322647342732548,Real,t-SNE,Phenotype_D
0.6809486742293741,0.3861287330567265,Real,t-SNE,Phenotype_D
0.5636364643198927,0.6823679524025628,Real,t-SNE,Phenotype_D
0.6117121806286357,0.5492220089251002,Real,t-SNE,Phenotype_D
0.47980551086793777,0.3720069189658367,Real,t-SNE,Phenotype_D
0.46924023552036276,0.2336603831571081,Real,t-SNE,Phenotype_D
0.1915866878631024,0.8653058622170906,Real,t-SNE,Phenotype_D
0.4215123398823005,0.72783685937279,Real,t-SNE,Phenotype_D
0.3993574725655315,0.4195879997229169,Real,t-SNE,Phenotype_D
0.4146371022317481,0.7559007144895439,Real,t-SNE,Phenotype_D
0.7425999992891341,0.7688639020282307,Real,t-SNE,Phenotype_D
0.7903316626417788,0.2833988691045323,Real,t-SNE,Phenotype_D
0.7453668716381959,0.33550841803065345,Real,t-SNE,Phenotype_D
0.36578945007422803,0.4077753207618339,Real,t-SNE,Phenotype_D
0.3346648417850105,0.6623748116071096,Real,t-SNE,Phenotype_D
0.4471089449418327,0.5934088783610109,Real,t-SNE,Phenotype_D
0.47483076412235753,0.21133359716970437,Real,t-SNE,Phenotype_D
0.8044051997213915,0.5251356997574237,Real,t-SNE,Phenotype_D
0.4754192684656877,0.17864785846895173,Real,t-SNE,Phenotype_D
0.25381491694704966,0.38114340260561164,Real,t-SNE,Phenotype_D
0.36706467603652776,0.5784926476381946,Real,t-SNE,Phenotype_D
0.41558282936698565,0.39107278834494363,Real,t-SNE,Phenotype_D
0.32784501020744256,0.8671748087645766,Real,t-SNE,Phenotype_D
0.6481119832897048,0.7774338704531517,Real,t-SNE,Phenotype_D
0.6517599204205374,0.7800551576390605,Real,t-SNE,Phenotype_D
0.686528489909074,0.6567985601013958,Real,t-SNE,Phenotype_D
0.4495735180708791,0.5117947368269881,Real,t-SNE,Phenotype_D
0.4728114422357637,0.5648852005490121,Real,t-SNE,Phenotype_D
0.47069702941805625,0.5364811276394434,Real,t-SNE,Phenotype_D
0.29593576577667696,0.5273824054912339,Real,t-SNE,Phenotype_D
0.3635582123663271,0.2709700477651321,Real,t-SNE,Phenotype_D
0.5374641003284883,0.3405900688649735,Real,t-SNE,Phenotype_D
0.4782615592207371,0.6516511929886961,Real,t-SNE,Phenotype_D
0.35467852368794883,0.5270467926572214,Real,t-SNE,Phenotype_D
0.55245626744878,0.5388551924273904,Real,t-SNE,Phenotype_D
0.3791528455912192,0.42566443186324127,Real,t-SNE,Phenotype_D
0.7433654190206225,0.4213486507093586,Real,t-SNE,Phenotype_D
0.7047129677285106,0.7710098251807179,Real,t-SNE,Phenotype_D
0.46488007630571804,0.6004587640128496,Real,t-SNE,Phenotype_D
0.473809322440267,0.7653540769104984,Real,t-SNE,Phenotype_D
0.46068967763614144,0.5931259233481703,Real,t-SNE,Phenotype_D
0.6275026437465012,0.46468737101562924,Real,t-SNE,Phenotype_D
0.674151743503089,0.3181549144088961,Real,t-SNE,Phenotype_D
0.3350597733672957,0.500719086450452,Real,t-SNE,Phenotype_D
0.32490999584682856,0.48662672779458205,Real,t-SNE,Phenotype_D
0.5595657178292528,0.8127536874453404,Real,t-SNE,Phenotype_D
0.43992139420511045,0.7733821085227421,Real,t-SNE,Phenotype_D
0.24582767253732685,0.4780130701746312,Real,t-SNE,Phenotype_D
0.4276093310916014,0.8698938973212332,Real,t-SNE,Phenotype_D
0.4971297868477462,0.76295829183217,Real,t-SNE,Phenotype_D
0.7784260580469973,0.8286067374303566,Real,t-SNE,Phenotype_D
0.5768477447086168,0.4876716323801743,Real,t-SNE,Phenotype_D
0.3846178699495203,0.8512257809487874,Real,t-SNE,Phenotype_D
0.6721064152799625,0.40973530049910245,Real,t-SNE,Phenotype_D
0.5077973488193886,0.7684921331432271,Real,t-SNE,Phenotype_D
0.5149049000170752,0.7073674216574696,Real,t-SNE,Phenotype_D
0.41856937673607736,0.7035518017078359,Real,t-SNE,Phenotype_D
0.5219913561173484,0.26646442037826656,Real,t-SNE,Phenotype_D
0.6884850816247936,0.24801800832386145,Real,t-SNE,Phenotype_D
0.5761106453244682,0.484557895680827,Real,t-SNE,Phenotype_D
0.3869593806618247,0.6914124947893405,Real,t-SNE,Phenotype_D
0.6700766439363691,0.439225056451553,Real,t-SNE,Phenotype_D
0.7684838223778193,0.6343235554004657,Real,t-SNE,Phenotype_D
0.42689859926257,0.6616902601917081,Real,t-SNE,Phenotype_D
0.6128752114443953,0.7165438227651302,Real,t-SNE,Phenotype_D
0.4084268815056017,0.6228150112160762,Real,t-SNE,Phenotype_D
0.7284528475488746,0.3948412890556749,Real,t-SNE,Phenotype_D
0.5573890651213226,0.20576858137401793,Real,t-SNE,Phenotype_D
0.5108415883611981,0.1755328820156646,Real,t-SNE,Phenotype_D
0.539734500831334,0.6314846123184413,Real,t-SNE,Phenotype_D
0.4718660216495032,0.14633144315254462,Real,t-SNE,Phenotype_D
0.2788014491871541,0.5388392545110553,Real,t-SNE,Phenotype_D
0.37588683042282933,0.622850149643621,Real,t-SNE,Phenotype_D
0.530684150005508,0.7371330305823133,Real,t-SNE,Phenotype_D
0.8194482883991046,0.4228216845269982,Real,t-SNE,Phenotype_D
0.423879462447146,0.1650174935932854,Real,t-SNE,Phenotype_D
0.4680465982920179,0.7376791953349606,Real,t-SNE,Phenotype_D
0.6002605295571224,0.4633189517977383,Real,t-SNE,Phenotype_D
0.48594536076324973,0.1914472579080215,Real,t-SNE,Phenotype_D
0.6195812301052483,0.5026679937301683,Real,t-SNE,Phenotype_D
0.346993628392995,0.5818713700990867,Real,t-SNE,Phenotype_D
0.5079305752477297,0.27510206502173473,Real,t-SNE,Phenotype_D
0.6371748353533745,0.5426761410592522,Real,t-SNE,Phenotype_D
0.2915150318237608,0.6016753299135336,Real,t-SNE,Phenotype_D
0.4691078803982955,0.613151335929705,Real,t-SNE,Phenotype_D
0.39872949306083943,0.5390774923003454,Real,t-SNE,Phenotype_D
0.7785206300986756,0.8287099306633873,Real,t-SNE,Phenotype_D
0.3014120179973596,0.7703371656943293,Real,t-SNE,Phenotype_D
0.465615852123503,0.6803195680734794,Real,t-SNE,Phenotype_D
0.29755665550837074,0.6002536858077708,Real,t-SNE,Phenotype_D
0.44356592411017726,0.20150227892246986,Real,t-SNE,Phenotype_D
0.3741188308341506,0.3832828862211522,Real,t-SNE,Phenotype_D
0.4236080655515879,0.7902658900601118,Real,t-SNE,Phenotype_D
0.4856148010835769,0.12992706722423694,Real,t-SNE,Phenotype_D
0.5911545722053991,0.35758336172881866,Real,t-SNE,Phenotype_D
0.4633641186627566,0.5594633800919013,Real,t-SNE,Phenotype_D
0.6567554371588423,0.1653170163088625,Real,t-SNE,Phenotype_D
0.30357954714347285,0.24543614970343783,Real,t-SNE,Phenotype_D
0.6271955496990843,0.5802329674280734,Real,t-SNE,Phenotype_D
0.4490940208004813,0.3135653614401545,Real,t-SNE,Phenotype_D
0.6382952269488869,0.44318726369661354,Real,t-SNE,Phenotype_D
0.6997264894868671,0.5305176102761955,Real,t-SNE,Phenotype_D
0.8887203208740732,0.39530969805444016,Real,t-SNE,Phenotype_D
0.4093050900546342,0.36880583217120133,Real,t-SNE,Phenotype_D
0.39730093788474463,0.5061161451155357,Real,t-SNE,Phenotype_D
0.6770020976149395,0.5011636095121313,Real,t-SNE,Phenotype_D
0.25838980951275525,0.42401103000297374,Real,t-SNE,Phenotype_D
0.4911087801425803,0.77407299824764,Real,t-SNE,Phenotype_D
0.6232840086680785,0.5960464849170849,Real,t-SNE,Phenotype_D
0.5431697770960183,0.4088372734162974,Real,t-SNE,Phenotype_D
0.24055207308099458,0.5987097478250513,Real,t-SNE,Phenotype_D
0.6560968887357832,0.16006754621968614,Real,t-SNE,Phenotype_D
0.6138108216850898,0.710215821532317,Real,t-SNE,Phenotype_D
0.20754996299869696,0.4297732137024484,Real,t-SNE,Phenotype_D
0.594771213323619,0.7753709352675492,Real,t-SNE,Phenotype_D
0.7052179905742677,0.22913270139987105,Real,t-SNE,Phenotype_D
0.24706398161404028,0.5999239170480396,Real,t-SNE,Phenotype_D
0.5451145444478431,0.7446648358875994,Real,t-SNE,Phenotype_D
0.48946992686361745,0.18539714837493113,Real,t-SNE,Phenotype_D
0.47692742901775576,0.34023656793307433,Real,t-SNE,Phenotype_D
0.6261226925510961,0.6570694791570219,Real,t-SNE,Phenotype_D
0.3457026489319365,0.4195577213377043,Real,t-SNE,Phenotype_D
0.4935871812846923,0.19420484681593525,Real,t-SNE,Phenotype_D
0.35426456705009757,0.4115438774568686,Real,t-SNE,Phenotype_D
0.3515067501206397,0.5407285591853248,Real,t-SNE,Phenotype_D
0.5610505691774301,0.8668320136718363,Real,t-SNE,Phenotype_D
0.05864017422349104,0.38246404288847036,Real,t-SNE,Phenotype_D
0.4293188200906711,0.20351743552415424,Real,t-SNE,Phenotype_D
0.8729750914676668,0.6726803737641686,Real,t-SNE,Phenotype_D
0.5203178144567042,0.54397038133472,Real,t-SNE,Phenotype_D
0.33003843509828207,0.4013167092871498,Real,t-SNE,Phenotype_D
0.38515064946591,0.6897326052381539,Real,t-SNE,Phenotype_D
0.44016929777871766,0.6728416876183815,Real,t-SNE,Phenotype_D
0.6381530984853281,0.5991941806941861,Real,t-SNE,Phenotype_D
0.6033170133613173,0.24856584785928798,Real,t-SNE,Phenotype_D
0.7666082357691688,0.6567820039633291,Real,t-SNE,Phenotype_D
0.8743762371536261,0.6733729735541879,Real,t-SNE,Phenotype_D
0.5115013899064991,0.45694633795184103,Real,t-SNE,Phenotype_D
0.6077991955341786,0.749967781207667,Real,t-SNE,Phenotype_D
0.4228753034558455,0.7150693024645512,Real,t-SNE,Phenotype_D
0.5341607363783216,0.25909006002148177,Real,t-SNE,Phenotype_D
0.4828769379955142,0.9340348588870883,Real,t-SNE,Phenotype_D
0.46719891003323144,0.6587915499919611,Real,t-SNE,Phenotype_D
0.6816895670961963,0.45501313266471577,Real,t-SNE,Phenotype_D
0.4147273181229305,0.7904308749620502,Real,t-SNE,Phenotype_D
0.14313870924112596,0.7242424632779395,Real,t-SNE,Phenotype_D
0.4922127455534935,0.5439970408223469,Real,t-SNE,Phenotype_D
0.6200969573359572,0.32744619336131786,Real,t-SNE,Phenotype_D
0.502539346116143,0.6709389506536472,Real,t-SNE,Phenotype_D
0.4278641277506099,0.3629776451869046,Real,t-SNE,Phenotype_D
0.7883326020006987,0.4587188630238819,Real,t-SNE,Phenotype_D
0.3828245276501686,0.3058334092147585,Real,t-SNE,Phenotype_D
0.5753498754247941,0.32361737430966436,Real,t-SNE,Phenotype_D
0.34543116682574637,0.295200442474458,Real,t-SNE,Phenotype_D
0.4887574608879739,0.22127103482198382,Real,t-SNE,Phenotype_D
0.6010923525406155,0.2631708921022918,Real,t-SNE,Phenotype_D
0.2881764667673712,0.46333653344720854,Real,t-SNE,Phenotype_D
0.5173742867792456,0.527820762679488,Real,t-SNE,Phenotype_D
0.3950035131221919,0.5065636735369493,Real,t-SNE,Phenotype_D
0.3776939191858176,0.35540010341441364,Real,t-SNE,Phenotype_D
0.4336734580851008,0.4498935033830238,Real,t-SNE,Phenotype_D
0.5029090310221533,0.5110918798055288,Real,t-SNE,Phenotype_D
0.510806843532484,0.8162943257251563,Real,t-SNE,Phenotype_D
0.3988527798457664,0.4879663461876241,Real,t-SNE,Phenotype_D
0.4893950926512519,0.20568244479529985,Real,t-SNE,Phenotype_D
0.6763332586021569,0.43172669853115964,Real,t-SNE,Phenotype_D
0.4127454004973022,0.22173171182277052,Real,t-SNE,Phenotype_D
0.4926067099287078,0.6898984088603239,Real,t-SNE,Phenotype_D
0.6731808594179692,0.7089610880066242,Real,t-SNE,Phenotype_D
0.5440817714700753,0.4533503511798681,Real,t-SNE,Phenotype_D
0.6407923667749359,0.5281199308046016,Real,t-SNE,Phenotype_D
0.6185317627475082,0.47865760135128116,Real,t-SNE,Phenotype_D
0.3003073253973511,0.6630772209410499,Real,t-SNE,Phenotype_D
0.46033221660078294,0.40644837644308895,Real,t-SNE,Phenotype_D
0.45660354746759885,0.5335242360679558,Real,t-SNE,Phenotype_D
0.7443890598865447,0.193457108584665,Real,t-SNE,Phenotype_D
0.6470862739276594,0.7815609560376526,Real,t-SNE,Phenotype_D
0.3059573078662545,0.6720038154902984,Real,t-SNE,Phenotype_D
0.47363186799841894,0.6636179349922127,Real,t-SNE,Phenotype_D
0.6516731450710681,0.8259577508807985,Real,t-SNE,Phenotype_D
0.3562250439294395,0.64419455383087465,Real,t-SNE,Phenotype_D
0.30628871419830195,0.7200342629382012,Real,t-SNE,Phenotype_D
0.5740613306159347,0.5631207476797387,Real,t-SNE,Phenotype_D
0.5394929440681591,0.62539369951008,Real,t-SNE,Phenotype_D
0.4471298934341621,0.6732339814582455,Real,t-SNE,Phenotype_D
0.46726302969790595,0.41371513374696406,Real,t-SNE,Phenotype_D
0.44987254415526823,0.36501402946347977,Real,t-SNE,Phenotype_D
0.755848909634523,0.41268860534719043,Real,t-SNE,Phenotype_D
0.4533401777529521,0.7800421362168354,Real,t-SNE,Phenotype_D
0.6885255999108012,0.5933862500693093,Real,t-SNE,Phenotype_D
0.48948266106290444,0.3244010200990897,Real,t-SNE,Phenotype_D
0.5468409552253872,0.6580944722719386,Real,t-SNE,Phenotype_D
0.4940850141822518,0.6849502601386095,Real,t-SNE,Phenotype_D
0.42490877923574866,0.17318444332225405,Real,t-SNE,Phenotype_D
0.5301426976633541,0.1718014271733696,Real,t-SNE,Phenotype_D
0.5527737485622323,0.8140835140951315,Real,t-SNE,Phenotype_D
0.46428441288571926,0.3117767716138366,Real,t-SNE,Phenotype_D
0.45077997432258826,0.7703239168265037,Real,t-SNE,Phenotype_D
0.5196928041082455,0.7113491371356288,Real,t-SNE,Phenotype_D
0.5106292196739444,0.21590938325906692,Real,t-SNE,Phenotype_D
0.7156380046458165,0.6906154659620993,Real,t-SNE,Phenotype_D
0.7272154948908793,0.48858591216764274,Real,t-SNE,Phenotype_D
0.2781449709582725,0.7308542724855353,Real,t-SNE,Phenotype_D
0.33327694114923473,0.3906423750514134,Real,t-SNE,Phenotype_D
0.25559621394950516,0.7475024430588482,Real,t-SNE,Phenotype_D
0.4689690732411883,0.3891043007604362,Real,t-SNE,Phenotype_D
0.4610994293570955,0.4618393906870231,Real,t-SNE,Phenotype_D
0.44992704628360636,0.4330635932469276,Real,t-SNE,Phenotype_D
0.36669180552828773,0.6625800951115318,Real,t-SNE,Phenotype_D
0.39351733966358904,0.25099391754132533,Diffusion,t-SNE,Phenotype_D
0.6398317145187815,0.5832187049284898,Diffusion,t-SNE,Phenotype_D
0.20476431441003412,0.477874258068538,Diffusion,t-SNE,Phenotype_D
0.56080495682422,0.39040378293723815,Diffusion,t-SNE,Phenotype_D
0.5013998137012042,0.6901653171715982,Diffusion,t-SNE,Phenotype_D
0.5271487650036188,0.38564054388934027,Diffusion,t-SNE,Phenotype_D
0.7737491061517721,0.35695474589317133,Diffusion,t-SNE,Phenotype_D
0.27919280658968354,0.44013741018385527,Diffusion,t-SNE,Phenotype_D
0.47210954104294384,0.7260368640220882,Diffusion,t-SNE,Phenotype_D
0.5708315201844193,0.543887797606523,Diffusion,t-SNE,Phenotype_D
0.5263543738907743,0.5895939123457828,Diffusion,t-SNE,Phenotype_D
0.40804719516330507,0.43695501319451463,Diffusion,t-SNE,Phenotype_D
0.5151392186334228,0.5408372077868103,Diffusion,t-SNE,Phenotype_D
0.3734473670599047,0.8589175071547037,Diffusion,t-SNE,Phenotype_D
0.590260921099209,0.41726346960333155,Diffusion,t-SNE,Phenotype_D
0.7747788675508231,0.5851606393386407,Diffusion,t-SNE,Phenotype_D
0.3816320085565024,0.2267147505011151,Diffusion,t-SNE,Phenotype_D
0.37459336248557873,0.2716503052858448,Diffusion,t-SNE,Phenotype_D
0.5802349269715138,0.47742214076902556,Diffusion,t-SNE,Phenotype_D
0.4660031710525685,0.5142110684971731,Diffusion,t-SNE,Phenotype_D
0.5121114032069042,0.5959664086388724,Diffusion,t-SNE,Phenotype_D
0.6055300717775425,0.2517046580442553,Diffusion,t-SNE,Phenotype_D
0.7468718407449213,0.22073310954435477,Diffusion,t-SNE,Phenotype_D
0.535926453003462,0.5019546866155771,Diffusion,t-SNE,Phenotype_D
0.3744618365584982,0.6160781296376027,Diffusion,t-SNE,Phenotype_D
0.672528747222234,0.3672934479372407,Diffusion,t-SNE,Phenotype_D
0.5765873202935071,0.321485272574208,Diffusion,t-SNE,Phenotype_D
0.45343585861204727,0.5009218645776005,Diffusion,t-SNE,Phenotype_D
0.5780819263623025,0.37295344088025006,Diffusion,t-SNE,Phenotype_D
0.5550241115788748,0.4315677916927628,Diffusion,t-SNE,Phenotype_D
0.25308995623847813,0.36438217940848944,Diffusion,t-SNE,Phenotype_D
0.553846000355335,0.7042888227827404,Diffusion,t-SNE,Phenotype_D
0.5538337345756038,0.5877689376530272,Diffusion,t-SNE,Phenotype_D
0.5203520083419617,0.6222445507695995,Diffusion,t-SNE,Phenotype_D
0.4482552118844556,0.42869668421352564,Diffusion,t-SNE,Phenotype_D
0.4771091786140325,0.585302771077364,Diffusion,t-SNE,Phenotype_D
0.4497201565851221,0.6758180670670313,Diffusion,t-SNE,Phenotype_D
0.4640351719444906,0.46994648250801885,Diffusion,t-SNE,Phenotype_D
0.46242769890650204,0.7327100555167222,Diffusion,t-SNE,Phenotype_D
0.7674336529567061,0.6530748819470108,Diffusion,t-SNE,Phenotype_D
0.5340650952725025,0.48984779051155286,Diffusion,t-SNE,Phenotype_D
0.11768894995525672,0.4379807181002736,Diffusion,t-SNE,Phenotype_D
0.41925356111908735,0.16693922228824243,Diffusion,t-SNE,Phenotype_D
0.7160040843582748,0.32367472401867353,Diffusion,t-SNE,Phenotype_D
0.45458764918285194,0.6176705789117914,Diffusion,t-SNE,Phenotype_D
0.5455201883479182,0.5885354539306745,Diffusion,t-SNE,Phenotype_D
0.7045565629368361,0.6997690552189102,Diffusion,t-SNE,Phenotype_D
0.5171953428536767,0.41300926634231344,Diffusion,t-SNE,Phenotype_D
0.20800565646579347,0.4772834037257973,Diffusion,t-SNE,Phenotype_D
0.6670955676057457,0.36230827517287806,Diffusion,t-SNE,Phenotype_D
0.4203601375295789,0.6936485440529855,Diffusion,t-SNE,Phenotype_D
0.6771088595236732,0.5047579821371477,Diffusion,t-SNE,Phenotype_D
0.5199141826853877,0.31644308735964954,Diffusion,t-SNE,Phenotype_D
0.27777397298866985,0.48229397924059497,Diffusion,t-SNE,Phenotype_D
0.3510883769401683,0.34526463204819047,Diffusion,t-SNE,Phenotype_D
0.41227418916817465,0.6470132761556459,Diffusion,t-SNE,Phenotype_D
0.5877092720260362,0.41741242405912027,Diffusion,t-SNE,Phenotype_D
0.7143133367790768,0.3316655948082212,Diffusion,t-SNE,Phenotype_D
0.6359833648183324,0.4146591718501512,Diffusion,t-SNE,Phenotype_D
0.5828549203598373,0.6405447102199646,Diffusion,t-SNE,Phenotype_D
0.668487625803065,0.579332829768463,Diffusion,t-SNE,Phenotype_D
0.5278038055616023,0.5883488654466562,Diffusion,t-SNE,Phenotype_D
0.31300744362843536,0.4945416699983715,Diffusion,t-SNE,Phenotype_D
0.5547193226911701,0.5238027738754852,Diffusion,t-SNE,Phenotype_D
0.703741558775406,0.47649224774728677,Diffusion,t-SNE,Phenotype_D
0.31717923471656295,0.455210857831564,Diffusion,t-SNE,Phenotype_D
0.2590832386901,0.5066722979161076,Diffusion,t-SNE,Phenotype_D
0.6015294150709481,0.2418712875465345,Diffusion,t-SNE,Phenotype_D
0.37955695944332524,0.47634876611063226,Diffusion,t-SNE,Phenotype_D
0.4040814676658838,0.2553143264213053,Diffusion,t-SNE,Phenotype_D
0.3826299425024789,0.5680168003011627,Diffusion,t-SNE,Phenotype_D
0.41550392669303926,0.48231272017517984,Diffusion,t-SNE,Phenotype_D
0.49121715329816773,0.28258208018504344,Diffusion,t-SNE,Phenotype_D
0.7091988446185666,0.6375769343753521,Diffusion,t-SNE,Phenotype_D
0.36633040790843274,0.39576694304857313,Diffusion,t-SNE,Phenotype_D
0.5351957591275618,0.7277684806979738,Diffusion,t-SNE,Phenotype_D
0.59658977652544,0.5243150230441983,Diffusion,t-SNE,Phenotype_D
0.5784011111859576,0.3686287485797873,Diffusion,t-SNE,Phenotype_D
0.8352084841829607,0.507289437874785,Diffusion,t-SNE,Phenotype_D
0.5296067996126596,0.5071066532468174,Diffusion,t-SNE,Phenotype_D
0.34305192876615154,0.4328162810240377,Diffusion,t-SNE,Phenotype_D
0.4491219918408742,0.4338665374255314,Diffusion,t-SNE,Phenotype_D
0.438336451517804,0.675061924225415,Diffusion,t-SNE,Phenotype_D
0.5147236393385778,0.4349550715933401,Diffusion,t-SNE,Phenotype_D
0.5870423762362711,0.5594267707667578,Diffusion,t-SNE,Phenotype_D
0.6195775919339135,0.6582917870391707,Diffusion,t-SNE,Phenotype_D
0.5465995332042544,0.4228736178799619,Diffusion,t-SNE,Phenotype_D
0.39354507888010415,0.46070356099624366,Diffusion,t-SNE,Phenotype_D
0.4531859880482667,0.515273926222917,Diffusion,t-SNE,Phenotype_D
0.5400134649415343,0.5143915642701348,Diffusion,t-SNE,Phenotype_D
0.33527079475707744,0.19979575922288162,Diffusion,t-SNE,Phenotype_D
0.5582140808718602,0.49280212033625936,Diffusion,t-SNE,Phenotype_D
0.6795347840147206,0.5071702359150052,Diffusion,t-SNE,Phenotype_D
0.7898138409762339,0.4609781366338351,Diffusion,t-SNE,Phenotype_D
0.6077582330077883,0.4522159941814811,Diffusion,t-SNE,Phenotype_D
0.5166751413505739,0.19859374065314522,Diffusion,t-SNE,Phenotype_D
0.3517967024834338,0.5175375736442271,Diffusion,t-SNE,Phenotype_D
0.3857937010179633,0.25153866875880565,Diffusion,t-SNE,Phenotype_D
0.7116198832487403,0.3949283209483463,Diffusion,t-SNE,Phenotype_D
0.3067148882285311,0.6267857517366034,Diffusion,t-SNE,Phenotype_D
0.5069055483003692,0.4415954192306382,Diffusion,t-SNE,Phenotype_D
0.54532570532397,0.5054838385896552,Diffusion,t-SNE,Phenotype_D
0.5874913315337665,0.48219416239592294,Diffusion,t-SNE,Phenotype_D
0.4791793750369473,0.6421900481999716,Diffusion,t-SNE,Phenotype_D
0.5666665600080564,0.4965330228303798,Diffusion,t-SNE,Phenotype_D
0.4048185589728352,0.30627973216952886,Diffusion,t-SNE,Phenotype_D
0.42032379148430943,0.5123503419258355,Diffusion,t-SNE,Phenotype_D
0.2871356797715505,0.18203625294451825,Diffusion,t-SNE,Phenotype_D
0.5678531313284633,0.5390921505068339,Diffusion,t-SNE,Phenotype_D
0.43985110247068276,0.5225765321727512,Diffusion,t-SNE,Phenotype_D
0.5174436650181913,0.5349196834868483,Diffusion,t-SNE,Phenotype_D
0.6394116287394153,0.2959082037404044,Diffusion,t-SNE,Phenotype_D
0.8347078507647628,0.5061935099247777,Diffusion,t-SNE,Phenotype_D
0.6273770881740399,0.35599599164499773,Diffusion,t-SNE,Phenotype_D
0.5063246353018065,0.6048699891703238,Diffusion,t-SNE,Phenotype_D
0.2563989082070418,0.5676619020105869,Diffusion,t-SNE,Phenotype_D
0.6323494776266383,0.21494932781059206,Diffusion,t-SNE,Phenotype_D
0.24113596231904558,0.36820708306276045,Diffusion,t-SNE,Phenotype_D
0.48658168874820845,0.7630013686934836,Diffusion,t-SNE,Phenotype_D
0.5154172040059724,0.5315517289675461,Diffusion,t-SNE,Phenotype_D
0.25981010354565015,0.388500980578143,Diffusion,t-SNE,Phenotype_D
0.47666680755217516,0.4245230616509525,Diffusion,t-SNE,Phenotype_D
0.4798439414209957,0.34707179257476384,Diffusion,t-SNE,Phenotype_D
0.5885732544716739,0.3339204180625667,Diffusion,t-SNE,Phenotype_D
0.48528433199227416,0.9357163582173704,Diffusion,t-SNE,Phenotype_D
0.2155386445137326,0.691734328626215,Diffusion,t-SNE,Phenotype_D
0.4730596900194,0.7801675639827516,Diffusion,t-SNE,Phenotype_D
0.399988015981766,0.5294323276293544,Diffusion,t-SNE,Phenotype_D
0.26341140235232785,0.34103735177433914,Diffusion,t-SNE,Phenotype_D
0.6062507192392336,0.5341490932176755,Diffusion,t-SNE,Phenotype_D
0.6490635501792784,0.45584660080199785,Diffusion,t-SNE,Phenotype_D
0.7049868669525111,0.759007454100671,Diffusion,t-SNE,Phenotype_D
0.5536743803996333,0.5820673120521859,Diffusion,t-SNE,Phenotype_D
0.38691746732234117,0.553681853312005,Diffusion,t-SNE,Phenotype_D
0.6650823626540487,0.3178945431872511,Diffusion,t-SNE,Phenotype_D
0.5488724060709332,0.4289208208268535,Diffusion,t-SNE,Phenotype_D
0.39410993261716776,0.44722848406381105,Diffusion,t-SNE,Phenotype_D
0.4734235492641464,0.26466703481681886,Diffusion,t-SNE,Phenotype_D
0.46463210872644467,0.29458873599972474,Diffusion,t-SNE,Phenotype_D
0.5386653960079467,0.6352942492125646,Diffusion,t-SNE,Phenotype_D
0.4737181313831154,0.4105858036027793,Diffusion,t-SNE,Phenotype_D
0.39370178610351325,0.3902512069103925,Diffusion,t-SNE,Phenotype_D
0.5601879787241075,0.6831113977265226,Diffusion,t-SNE,Phenotype_D
0.6824707471308185,0.420420962505191,Diffusion,t-SNE,Phenotype_D
0.4259535836960961,0.49137394200666545,Diffusion,t-SNE,Phenotype_D
0.7504887438975251,0.5399760413837941,Diffusion,t-SNE,Phenotype_D
0.41076883642246126,0.4343779606804537,Diffusion,t-SNE,Phenotype_D
0.23539998988739078,0.3597919171686046,Diffusion,t-SNE,Phenotype_D
0.6567296440809967,0.45899738665643136,Diffusion,t-SNE,Phenotype_D
0.6037194566354888,0.5148573700743793,Diffusion,t-SNE,Phenotype_D
0.8359662921194811,0.666664276848381,Diffusion,t-SNE,Phenotype_D
0.11358743123114429,0.41777407379248277,Diffusion,t-SNE,Phenotype_D
0.5961707385505888,0.46432054125104666,Diffusion,t-SNE,Phenotype_D
0.5055395538523382,0.4405573672052892,Diffusion,t-SNE,Phenotype_D
0.4718086174996003,0.49391389779423006,Diffusion,t-SNE,Phenotype_D
0.46722040904260304,0.7116043127296605,Diffusion,t-SNE,Phenotype_D
0.727918585807493,0.4205726450824741,Diffusion,t-SNE,Phenotype_D
0.7041643964985025,0.6319042512112212,Diffusion,t-SNE,Phenotype_D
0.4659600655745218,0.4019459788564773,Diffusion,t-SNE,Phenotype_D
0.6500532228860287,0.6397386650714358,Diffusion,t-SNE,Phenotype_D
0.4829239218706434,0.4740192139693385,Diffusion,t-SNE,Phenotype_D
0.4225974324938535,0.5602336625592701,Diffusion,t-SNE,Phenotype_D
0.4333785141165662,0.5688225696236431,Diffusion,t-SNE,Phenotype_D
0.5997981921124697,0.2846952723987541,Diffusion,t-SNE,Phenotype_D
0.3524524177551274,0.43850408685367226,Diffusion,t-SNE,Phenotype_D
0.427547639836121,0.5990034487406077,Diffusion,t-SNE,Phenotype_D
0.576555256861121,0.35482242815357107,Diffusion,t-SNE,Phenotype_D
0.3471381004999852,0.2997926842172543,Diffusion,t-SNE,Phenotype_D
0.47834322295084375,0.2589269949075566,Diffusion,t-SNE,Phenotype_D
0.362326811144215,0.33345155290982187,Diffusion,t-SNE,Phenotype_D
0.7773231536064912,0.46513716921995757,Diffusion,t-SNE,Phenotype_D
0.524138522721674,0.4243223436525424,Diffusion,t-SNE,Phenotype_D
0.4525960290188053,0.3753037573143141,Diffusion,t-SNE,Phenotype_D
0.6048666488606119,0.500585395177573,Diffusion,t-SNE,Phenotype_D
0.4317306364102411,0.623786660953479,Diffusion,t-SNE,Phenotype_D
0.5514464992407092,0.6584097036556497,Diffusion,t-SNE,Phenotype_D
0.6500673827094363,0.5138982710907606,Diffusion,t-SNE,Phenotype_D
0.455573240666303,0.37401283971555516,Diffusion,t-SNE,Phenotype_D
0.43679014989514514,0.2525397459563516,Diffusion,t-SNE,Phenotype_D
0.3716768988878775,0.4538788223736748,Diffusion,t-SNE,Phenotype_D
0.6923749974902721,0.5379566811677603,Diffusion,t-SNE,Phenotype_D
0.8905367022177316,0.38068889855678645,Diffusion,t-SNE,Phenotype_D
0.2637829471886448,0.3498596195589865,Diffusion,t-SNE,Phenotype_D
0.5539919890161344,0.2780821601750488,Diffusion,t-SNE,Phenotype_D
0.5172971500662318,0.3280416340614763,Diffusion,t-SNE,Phenotype_D
0.5136400805419374,0.5646120148613996,Diffusion,t-SNE,Phenotype_D
0.56256632380426,0.542637957422736,Diffusion,t-SNE,Phenotype_D
0.3017046228423166,0.4375949361821102,Diffusion,t-SNE,Phenotype_D
0.29606912680671404,0.5335955209917458,Diffusion,t-SNE,Phenotype_D
0.35566175012182266,0.43238938068942107,Diffusion,t-SNE,Phenotype_D
0.8844165527046526,0.39390362507888044,Diffusion,t-SNE,Phenotype_D
0.4436429223506407,0.2891243122975124,Diffusion,t-SNE,Phenotype_D
0.21837659078447344,0.48127747574275115,Diffusion,t-SNE,Phenotype_D
0.5000036691181614,0.33665190498995157,Diffusion,t-SNE,Phenotype_D
0.6155870100099936,0.41161450233999575,Diffusion,t-SNE,Phenotype_D
0.4281694458616768,0.4290265495338291,Diffusion,t-SNE,Phenotype_D
0.557936042061552,0.5647977264286331,Diffusion,t-SNE,Phenotype_D
0.36904420270034943,0.12753336876472493,Diffusion,t-SNE,Phenotype_D
0.4275860369262735,0.6683197257351181,Diffusion,t-SNE,Phenotype_D
0.49678910068527354,0.38377125487030295,Diffusion,t-SNE,Phenotype_D
0.43072031822712936,0.41232334393524694,Diffusion,t-SNE,Phenotype_D
0.5717859710625944,0.4892326177188174,Diffusion,t-SNE,Phenotype_D
0.6659642333353945,0.3825891400162869,Diffusion,t-SNE,Phenotype_D
0.45037892823419345,0.5128957359200423,Diffusion,t-SNE,Phenotype_D
0.5584542483728581,0.33283046574572633,Diffusion,t-SNE,Phenotype_D
0.5075940609314133,0.4750342190183698,Diffusion,t-SNE,Phenotype_D
0.64010763744457,0.4547607232467941,Diffusion,t-SNE,Phenotype_D
0.6671917165290225,0.5583870701637207,Diffusion,t-SNE,Phenotype_D
0.6101093333073495,0.5164067483826179,Diffusion,t-SNE,Phenotype_D
0.36444404665759045,0.3561657550156945,Diffusion,t-SNE,Phenotype_D
0.720474080461074,0.7513488904361698,Diffusion,t-SNE,Phenotype_D
0.29741369610566043,0.4369384394178802,Diffusion,t-SNE,Phenotype_D
0.8029961252208729,0.2292607395243274,Diffusion,t-SNE,Phenotype_D
0.5366546109959252,0.3170290661826019,Diffusion,t-SNE,Phenotype_D
0.5033698765918155,0.5403660289330624,Diffusion,t-SNE,Phenotype_D
0.4627788331840617,0.7503313113373458,Diffusion,t-SNE,Phenotype_D
0.5411507944197612,0.3513497084795438,Diffusion,t-SNE,Phenotype_D
0.542622580867256,0.5031633898105504,Diffusion,t-SNE,Phenotype_D
0.5213436876080004,0.3540486363206625,Diffusion,t-SNE,Phenotype_D
0.42897715485739496,0.5134129996787838,Diffusion,t-SNE,Phenotype_D
0.6335200432951587,0.3235252457123791,Diffusion,t-SNE,Phenotype_D
0.25291309321636424,0.47177708381635103,Diffusion,t-SNE,Phenotype_D
0.5123325677212576,0.5896059405403877,Diffusion,t-SNE,Phenotype_D
0.38087722971256793,0.6176158046304919,Diffusion,t-SNE,Phenotype_D
0.5410191041262972,0.3716838536054071,Diffusion,t-SNE,Phenotype_D
0.4004599643787077,0.29855382947657927,Diffusion,t-SNE,Phenotype_D
0.5049575911501637,0.6794037090346332,Diffusion,t-SNE,Phenotype_D
0.2812969094255883,0.5149356909208879,Diffusion,t-SNE,Phenotype_D
0.3935093476611748,0.5876055743125033,Diffusion,t-SNE,Phenotype_D
0.49138961810880233,0.4123418228941661,Diffusion,t-SNE,Phenotype_D
0.5079441560671284,0.5045314902620297,Diffusion,t-SNE,Phenotype_D
0.6843265055737136,0.2613666437997436,Diffusion,t-SNE,Phenotype_D
0.8370861653458104,0.6632937073501257,Diffusion,t-SNE,Phenotype_D
0.3222572970455561,0.627539088411017,Diffusion,t-SNE,Phenotype_D
0.8013190354502536,0.34233833918914397,Diffusion,t-SNE,Phenotype_D
0.5735489988793105,0.4679859841112535,Diffusion,t-SNE,Phenotype_D
0.4037957672560807,0.39120393424928973,Diffusion,t-SNE,Phenotype_D
0.443628230036176,0.43577448157530596,Diffusion,t-SNE,Phenotype_D
0.5651488059359263,0.39504286079793854,Diffusion,t-SNE,Phenotype_D
0.38676375247220474,0.5018260784090397,Diffusion,t-SNE,Phenotype_D
0.4688206854731733,0.5762467888004632,Diffusion,t-SNE,Phenotype_D
0.7222788918844283,0.5792279802154724,Diffusion,t-SNE,Phenotype_D
0.5752170075761933,0.5163541262710569,Diffusion,t-SNE,Phenotype_D
0.5728689528477217,0.6495752587579152,Diffusion,t-SNE,Phenotype_D
0.3026141876131684,0.5130444329036664,Diffusion,t-SNE,Phenotype_D
0.32003419467785243,0.5530490889216967,Diffusion,t-SNE,Phenotype_D
0.46982810127791846,0.5323062067043587,Diffusion,t-SNE,Phenotype_D
0.45725638796796075,0.44913380285373505,Diffusion,t-SNE,Phenotype_D
0.3450920431764187,0.34487187067671216,Diffusion,t-SNE,Phenotype_D
0.7971804021946183,0.5563812287078805,Diffusion,t-SNE,Phenotype_D
0.3174376437607549,0.6271832798082001,Diffusion,t-SNE,Phenotype_D
0.46153455922586917,0.26813839848640725,Diffusion,t-SNE,Phenotype_D
0.5099562878912046,0.37765204338318864,Diffusion,t-SNE,Phenotype_D
0.5500728007094349,0.2435417881038665,Diffusion,t-SNE,Phenotype_D
0.3604427720032054,0.3943115617916662,Diffusion,t-SNE,Phenotype_D
0.32418768911585527,0.30021704386594866,Diffusion,t-SNE,Phenotype_D
0.4547736019836832,0.50086855088192,Diffusion,t-SNE,Phenotype_D
0.6512881470797892,0.26066268186360964,Diffusion,t-SNE,Phenotype_D
0.25088797982731015,0.6753005092014444,Diffusion,t-SNE,Phenotype_D
0.4983901072397089,0.5078982364045526,Diffusion,t-SNE,Phenotype_D
0.590951793078227,0.4606025527488978,Diffusion,t-SNE,Phenotype_D
0.5221539288928535,0.2859116591039691,Diffusion,t-SNE,Phenotype_D
0.48850558847182407,0.3225615076605966,Diffusion,t-SNE,Phenotype_D
0.4666312722344142,0.5448958024593931,Diffusion,t-SNE,Phenotype_D
0.6855420843068969,0.5083332333512864,Diffusion,t-SNE,Phenotype_D
0.1922362486240642,0.3064457960960098,Diffusion,t-SNE,Phenotype_D
0.45986797239719185,0.34224394239735395,Diffusion,t-SNE,Phenotype_D
0.3957198976778532,0.3406117221378779,Diffusion,t-SNE,Phenotype_D
0.4482244565453009,0.714689113721399,Diffusion,t-SNE,Phenotype_D
0.6364477645950102,0.3163275051792912,Diffusion,t-SNE,Phenotype_D
0.4432148814890118,0.6241876729681369,Diffusion,t-SNE,Phenotype_D
0.5840548014748531,0.4429806718127165,Diffusion,t-SNE,Phenotype_D
0.33533625282915347,0.45085240783993735,Diffusion,t-SNE,Phenotype_D
0.5771827526528821,0.42838665293880346,Diffusion,t-SNE,Phenotype_D
0.43229697620963314,0.32343720183562397,Diffusion,t-SNE,Phenotype_D
0.4241845107067415,0.4708848188386487,Diffusion,t-SNE,Phenotype_D
0.47806057199310964,0.3734490298249009,Diffusion,t-SNE,Phenotype_D
0.7076144122279224,0.7973384122657352,Diffusion,t-SNE,Phenotype_D
0.4307036865621983,0.41453997471174997,Diffusion,t-SNE,Phenotype_D
0.4683524087192821,0.540004594074931,Diffusion,t-SNE,Phenotype_D
0.5040611857519911,0.45755158497708703,Diffusion,t-SNE,Phenotype_D
0.5052627862072737,0.3827432725312352,Diffusion,t-SNE,Phenotype_D
0.5183200800457582,0.40749288581353627,Diffusion,t-SNE,Phenotype_D
0.5301416788416377,0.37665795243787475,Diffusion,t-SNE,Phenotype_D
0.7497652703787243,0.4664681553696163,Diffusion,t-SNE,Phenotype_D
0.6123653911971554,0.45469304983180336,Diffusion,t-SNE,Phenotype_D
0.3727769466732948,0.32350147790742884,Diffusion,t-SNE,Phenotype_D
0.11282210644748991,0.4031882613648242,Diffusion,t-SNE,Phenotype_D
0.18383317131711058,0.8609778104172799,Diffusion,t-SNE,Phenotype_D
0.4278862598967952,0.37006254596600346,Diffusion,t-SNE,Phenotype_D
0.6127062635486409,0.5623609844217369,Diffusion,t-SNE,Phenotype_D
0.5295505027793411,0.3159813838883146,Diffusion,t-SNE,Phenotype_D
0.5878312482564353,0.3690481299189773,Diffusion,t-SNE,Phenotype_D
0.4138143988721013,0.6760327122428459,Diffusion,t-SNE,Phenotype_D
0.6332427952122949,0.4084169900194756,Diffusion,t-SNE,Phenotype_D
0.6688061231517254,0.4734777805998514,Diffusion,t-SNE,Phenotype_D
0.3172660190764438,0.6797335728181427,Diffusion,t-SNE,Phenotype_D
0.4995584081162067,0.27239917096676985,Diffusion,t-SNE,Phenotype_D
0.7227578469384567,0.6155292185567159,Diffusion,t-SNE,Phenotype_D
0.5937653095229521,0.2970574938638176,Diffusion,t-SNE,Phenotype_D
0.5085910444140896,0.7175215389020467,Diffusion,t-SNE,Phenotype_D
0.5497299202910069,0.2783651366771879,Diffusion,t-SNE,Phenotype_D
0.3158510548672218,0.4511957145413633,Diffusion,t-SNE,Phenotype_D
0.4509184649833537,0.7536491221865756,Diffusion,t-SNE,Phenotype_D
0.5692612744710305,0.548306452119186,Diffusion,t-SNE,Phenotype_D
0.5462884587696166,0.4014255339424594,Diffusion,t-SNE,Phenotype_D
0.797128878981249,0.3424200405340506,Diffusion,t-SNE,Phenotype_D
0.6254468006361315,0.41084689977331745,Diffusion,t-SNE,Phenotype_D
0.3832591478900351,0.471000659623408,Diffusion,t-SNE,Phenotype_D
0.392648963713843,0.4493699811509644,Diffusion,t-SNE,Phenotype_D
0.43665447230028553,0.3711271448663626,Diffusion,t-SNE,Phenotype_D
0.36997176422313555,0.7917210109433366,Diffusion,t-SNE,Phenotype_D
0.4487418145997522,0.2773925247587166,Diffusion,t-SNE,Phenotype_D
0.1928567154121238,0.47284042502194273,Diffusion,t-SNE,Phenotype_D
0.45345466492199377,0.4013959639166918,Diffusion,t-SNE,Phenotype_D
0.14069758866442975,0.7201072009589317,Diffusion,t-SNE,Phenotype_D
0.6460676824474675,0.26582555039283906,Diffusion,t-SNE,Phenotype_D
0.7930881286267467,0.48686882092325506,Diffusion,t-SNE,Phenotype_D
0.5144021715873389,0.46848776502570105,Diffusion,t-SNE,Phenotype_D
0.35219385444424645,0.44499839694193577,Diffusion,t-SNE,Phenotype_D
0.4863024450363428,0.6881394387164229,Diffusion,t-SNE,Phenotype_D
0.45406269890149337,0.45327031326757183,Diffusion,t-SNE,Phenotype_D
0.40713128019968114,0.3647178709608638,Diffusion,t-SNE,Phenotype_D
0.610922556827306,0.7199739917120997,Diffusion,t-SNE,Phenotype_D
0.43149216072704,0.09170170948618135,Diffusion,t-SNE,Phenotype_D
0.28632123875976906,0.18049531426326568,Diffusion,t-SNE,Phenotype_D
0.4642584363604838,0.6094158912013277,Diffusion,t-SNE,Phenotype_D
0.23825680767895907,0.37279222954947966,Diffusion,t-SNE,Phenotype_D
0.4954242481967469,0.42968388325335055,Diffusion,t-SNE,Phenotype_D
0.3034120977328201,0.5448425398978319,Diffusion,t-SNE,Phenotype_D
0.6646395894502737,0.5318952060676999,Diffusion,t-SNE,Phenotype_D
0.49381562714105703,0.4588987772780096,Diffusion,t-SNE,Phenotype_D
0.706486594607917,0.6171685247525194,Diffusion,t-SNE,Phenotype_D
0.30928883711659755,0.5112856728398448,Diffusion,t-SNE,Phenotype_D
0.5619592864953897,0.4214472082905107,Diffusion,t-SNE,Phenotype_D
0.7097466298295833,0.5578252426083307,Diffusion,t-SNE,Phenotype_D
0.3442493781927926,0.5546661274060651,Diffusion,t-SNE,Phenotype_D
0.5274872659672523,0.45935050516119635,Diffusion,t-SNE,Phenotype_D
0.6008597480221424,0.5513715859105679,Diffusion,t-SNE,Phenotype_D
0.5627571763586344,0.2047817870381903,Diffusion,t-SNE,Phenotype_D
0.6279260070795168,0.3115993677791582,Diffusion,t-SNE,Phenotype_D
0.3392253222342143,0.5079589674736213,Diffusion,t-SNE,Phenotype_D
0.31841272217277145,0.3036561185401198,Diffusion,t-SNE,Phenotype_D
0.4291597571929283,0.5876434731218235,Diffusion,t-SNE,Phenotype_D
0.41718868434490564,0.6767643782611057,Diffusion,t-SNE,Phenotype_D
0.3390290737226717,0.4777166395538243,Diffusion,t-SNE,Phenotype_D
0.42288513357380053,0.6324915135268009,Diffusion,t-SNE,Phenotype_D
0.4461032219732336,0.5058429553356121,Diffusion,t-SNE,Phenotype_D
0.5430753106014076,0.44574586826774754,Diffusion,t-SNE,Phenotype_D
0.3843446963430719,0.5893274880875837,Diffusion,t-SNE,Phenotype_D
0.5494780880937982,0.5702031483732471,Diffusion,t-SNE,Phenotype_D
0.7048076025184377,0.5073072317572981,Diffusion,t-SNE,Phenotype_D
0.45969343099322413,0.45786641305743064,Diffusion,t-SNE,Phenotype_D
0.5883032500460104,0.06948213291327411,Diffusion,t-SNE,Phenotype_D
0.5717768441926383,0.1700088618726776,Diffusion,t-SNE,Phenotype_D
0.3670531805276888,0.5356888226470155,Diffusion,t-SNE,Phenotype_D
0.8544116270893996,0.44308755781980913,Diffusion,t-SNE,Phenotype_D
0.8280688111925193,0.6695053339602931,Diffusion,t-SNE,Phenotype_D
0.7113114333779016,0.3397621618196549,Diffusion,t-SNE,Phenotype_D
0.5536655725680348,0.2821790070847555,Diffusion,t-SNE,Phenotype_D
0.520636565874614,0.49353821592809494,Diffusion,t-SNE,Phenotype_D
0.47704145754362665,0.45069637607157287,Diffusion,t-SNE,Phenotype_D
0.35974069924698077,0.4937310833777468,Diffusion,t-SNE,Phenotype_D
0.4733927848640172,0.7370574639468254,Diffusion,t-SNE,Phenotype_D
0.3189686129822372,0.44315270317287736,Diffusion,t-SNE,Phenotype_D
0.6431710301371822,0.47026935168814865,Diffusion,t-SNE,Phenotype_D
0.3739227436074101,0.136592491924161,Diffusion,t-SNE,Phenotype_D
0.2984092176575242,0.4996842232709996,Diffusion,t-SNE,Phenotype_D
0.7119890145695594,0.34369286236275126,Diffusion,t-SNE,Phenotype_D
0.653789676271103,0.6172897354319139,Diffusion,t-SNE,Phenotype_D
0.8056350500927416,0.3398573861721622,Diffusion,t-SNE,Phenotype_D
0.5414242511991331,0.2901775088987713,Diffusion,t-SNE,Phenotype_D
0.6049397977555884,0.372063778438823,Diffusion,t-SNE,Phenotype_D
0.47532129922269817,0.30923556803706126,Diffusion,t-SNE,Phenotype_D
0.3262389030508459,0.6291735700030089,Diffusion,t-SNE,Phenotype_D
0.5790232810389605,0.4155054999327256,Diffusion,t-SNE,Phenotype_D
0.19167189058874767,0.3919349242498593,Diffusion,t-SNE,Phenotype_D
0.4991146041826664,0.5724114255681798,Diffusion,t-SNE,Phenotype_D
0.6392120901049511,0.6926559468858595,Diffusion,t-SNE,Phenotype_D
0.5639987682345191,0.49527305033225755,Diffusion,t-SNE,Phenotype_D
0.5649407529646644,0.589239642898283,Diffusion,t-SNE,Phenotype_D
0.4558340086931038,0.46656180250448404,Diffusion,t-SNE,Phenotype_D
0.488848728657471,0.39515016659040614,Diffusion,t-SNE,Phenotype_D
0.5080758972979387,0.43418658627934653,Diffusion,t-SNE,Phenotype_D
0.3162065000325046,0.6680442860236094,Diffusion,t-SNE,Phenotype_D
0.5274033287428285,0.7067556243277309,Diffusion,t-SNE,Phenotype_D
0.3261504574359855,0.5141760150042278,Diffusion,t-SNE,Phenotype_D
0.22366167672410098,0.3814611051383114,Diffusion,t-SNE,Phenotype_D
0.5041749725764876,0.4237462264926368,Diffusion,t-SNE,Phenotype_D
0.22046034499049608,0.4239420029534161,Diffusion,t-SNE,Phenotype_D
0.4812848049535977,0.25831844420303884,Diffusion,t-SNE,Phenotype_D
0.3718706247055708,0.3572187135262259,Diffusion,t-SNE,Phenotype_D
0.5621977974413043,0.5685698449349447,Diffusion,t-SNE,Phenotype_D
0.7227181515765363,0.44861146164105553,Diffusion,t-SNE,Phenotype_D
0.476468683314578,0.6185595038599078,Diffusion,t-SNE,Phenotype_D
0.8306446140950401,0.5082087163135308,Diffusion,t-SNE,Phenotype_D
0.42840999886127584,0.5139567395202003,Diffusion,t-SNE,Phenotype_D
0.6511785916557662,0.2568080028721433,Diffusion,t-SNE,Phenotype_D
0.46902736850075494,0.2200459818343155,Diffusion,t-SNE,Phenotype_D
0.732618503621202,0.32411343394478576,Diffusion,t-SNE,Phenotype_D
0.12699474139627637,0.77533259284588,GAN,t-SNE,Phenotype_D
0.6361079048636178,0.33478679635808417,GAN,t-SNE,Phenotype_D
0.26330240137620514,0.22767249666045336,GAN,t-SNE,Phenotype_D
0.7244176341642704,0.07106712855166183,GAN,t-SNE,Phenotype_D
0.496771734135567,0.6931061144313581,GAN,t-SNE,Phenotype_D
0.45452219486972784,0.4847411782389722,GAN,t-SNE,Phenotype_D
0.2576086140301395,0.9350413821683929,GAN,t-SNE,Phenotype_D
0.09660918295705083,0.47740617110993117,GAN,t-SNE,Phenotype_D
5.062162666602852e-4,0.4494067308953689,GAN,t-SNE,Phenotype_D
0.7076344441923601,0.7684309340562709,GAN,t-SNE,Phenotype_D
0.4660134350362868,0.22579536981948573,GAN,t-SNE,Phenotype_D
0.7173531895421851,0.3924153058787753,GAN,t-SNE,Phenotype_D
0.3865466851210527,0.5793087002846724,GAN,t-SNE,Phenotype_D
0.6483932430871943,0.7762574957707004,GAN,t-SNE,Phenotype_D
0.3338635033160355,0.20196597960962231,GAN,t-SNE,Phenotype_D
0.19730271463057697,0.2903254223831072,GAN,t-SNE,Phenotype_D
0.19670191016725277,0.48944280895274506,GAN,t-SNE,Phenotype_D
0.724323896197885,0.07107127165191517,GAN,t-SNE,Phenotype_D
0.19756955780607108,0.8645585675016337,GAN,t-SNE,Phenotype_D
0.5420287802008247,0.24517813483484655,GAN,t-SNE,Phenotype_D
0.7989645078369594,0.5422085878858467,GAN,t-SNE,Phenotype_D
0.5294819472156048,0.6437615198959941,GAN,t-SNE,Phenotype_D
0.018221959913324717,0.5206672944041864,GAN,t-SNE,Phenotype_D
0.6044085675009071,0.7596031266587244,GAN,t-SNE,Phenotype_D
0.1904161198740471,0.6162961322327556,GAN,t-SNE,Phenotype_D
0.8611944611764479,0.6010220631261061,GAN,t-SNE,Phenotype_D
0.7956763313251939,0.7303464125975964,GAN,t-SNE,Phenotype_D
0.1579504589295859,0.38536912486299213,GAN,t-SNE,Phenotype_D
0.8518621808118009,0.4547878384410715,GAN,t-SNE,Phenotype_D
0.5989429550943509,0.6575547091537645,GAN,t-SNE,Phenotype_D
0.9245861691705302,0.2268588333377116,GAN,t-SNE,Phenotype_D
0.1292964648757055,0.5613921433655592,GAN,t-SNE,Phenotype_D
0.29113603708395575,0.5534635724152976,GAN,t-SNE,Phenotype_D
0.3486347881827148,0.05159725213117437,GAN,t-SNE,Phenotype_D
0.23556312895946344,0.3850489555428593,GAN,t-SNE,Phenotype_D
0.36890187009247266,0.8003340007600844,GAN,t-SNE,Phenotype_D
0.49941985363374375,0.38284216051375614,GAN,t-SNE,Phenotype_D
0.8011250006218263,0.5210346217752869,GAN,t-SNE,Phenotype_D
0.7502373620950632,0.3380090773740916,GAN,t-SNE,Phenotype_D
0.2964647999360197,0.6859639327968066,GAN,t-SNE,Phenotype_D
0.6347398954402336,0.20294415409330285,GAN,t-SNE,Phenotype_D
0.9205404486841963,0.6316330019400478,GAN,t-SNE,Phenotype_D
0.9998933447417789,0.3797006188878949,GAN,t-SNE,Phenotype_D
0.37725088438958476,0.8554671130584005,GAN,t-SNE,Phenotype_D
0.5825039531644344,0.424110542656486,GAN,t-SNE,Phenotype_D
0.07236675160015828,0.2571016420759735,GAN,t-SNE,Phenotype_D
0.11957336049793237,0.3394780727986451,GAN,t-SNE,Phenotype_D
0.25810122462120705,0.3355187031190728,GAN,t-SNE,Phenotype_D
0.656035947016931,0.22720580918859754,GAN,t-SNE,Phenotype_D
0.2428186376899988,0.7332315074472499,GAN,t-SNE,Phenotype_D
0.70097795422673,0.655266475771875,GAN,t-SNE,Phenotype_D
0.03439880773592981,0.6460483257599591,GAN,t-SNE,Phenotype_D
0.3741109579634327,0.8664886593595895,GAN,t-SNE,Phenotype_D
0.448334775346145,0.5413607305028076,GAN,t-SNE,Phenotype_D
0.1189952494842952,0.34048876050321847,GAN,t-SNE,Phenotype_D
0.5595168313301911,0.22900525556114265,GAN,t-SNE,Phenotype_D
0.5754704810744004,0.4016511105047156,GAN,t-SNE,Phenotype_D
0.20542028209978594,0.48615775411921247,GAN,t-SNE,Phenotype_D
0.6318350945379041,0.5381261479952378,GAN,t-SNE,Phenotype_D
0.8673525722807778,0.3255104650925895,GAN,t-SNE,Phenotype_D
0.43087839648361403,0.010888390939403044,GAN,t-SNE,Phenotype_D
0.41005634147466613,0.717529046826481,GAN,t-SNE,Phenotype_D
0.5804205558753879,0.7919441336484998,GAN,t-SNE,Phenotype_D
0.1248435655086114,0.6531005840121977,GAN,t-SNE,Phenotype_D
0.6720485614457669,0.5958712950536909,GAN,t-SNE,Phenotype_D
0.8610641156697572,0.3397213750017816,GAN,t-SNE,Phenotype_D
0.2049356068333594,0.6610006972023048,GAN,t-SNE,Phenotype_D
0.06549592278701374,0.5627101102806339,GAN,t-SNE,Phenotype_D
0.5280288789761061,0.769124853752284,GAN,t-SNE,Phenotype_D
0.14281342861807567,0.6255624429041353,GAN,t-SNE,Phenotype_D
0.5150503917055822,0.6453206652819106,GAN,t-SNE,Phenotype_D
0.12985361229580153,0.5616532237091849,GAN,t-SNE,Phenotype_D
0.46646349850428115,0.3979201330369897,GAN,t-SNE,Phenotype_D
0.5138606610351911,0.09545361974064968,GAN,t-SNE,Phenotype_D
0.15405797603509647,0.36455540955333765,GAN,t-SNE,Phenotype_D
0.27988953558509994,0.4176836563427583,GAN,t-SNE,Phenotype_D
0.17325568911473807,0.51499453108521,GAN,t-SNE,Phenotype_D
0.8460529767931178,0.4549600354692228,GAN,t-SNE,Phenotype_D
0.5272296446856761,0.6174285313201646,GAN,t-SNE,Phenotype_D
0.8504276533910102,0.18169993812965177,GAN,t-SNE,Phenotype_D
0.33880749453391185,1,GAN,t-SNE,Phenotype_D
0.5798034169805272,0.6506132381184518,GAN,t-SNE,Phenotype_D
0.2730032674986853,0.8216971363770881,GAN,t-SNE,Phenotype_D
0.5207970406212433,0,GAN,t-SNE,Phenotype_D
0.20259316206136427,0.7300843996206688,GAN,t-SNE,Phenotype_D
0.1886691974389238,0.6144739150685394,GAN,t-SNE,Phenotype_D
1,0.3794486360634363,GAN,t-SNE,Phenotype_D
0.3467289697681324,0.23097916231265356,GAN,t-SNE,Phenotype_D
0.1853493111407117,0.1623358717675772,GAN,t-SNE,Phenotype_D
0.6139592704549477,0.11921605149353764,GAN,t-SNE,Phenotype_D
0.23538765734934625,0.631120888876131,GAN,t-SNE,Phenotype_D
0.33901491151802937,0.9997850640062256,GAN,t-SNE,Phenotype_D
0.19455664788906257,0.1714710637088668,GAN,t-SNE,Phenotype_D
0.33079937468929416,0.7295317383261686,GAN,t-SNE,Phenotype_D
0.7621652090197188,0.1781082920031608,GAN,t-SNE,Phenotype_D
0.6087680145780242,0.263927976821968,GAN,t-SNE,Phenotype_D
0.7247258092815392,0.4979017280818901,GAN,t-SNE,Phenotype_D
0.2522753612244718,0.6714934548409975,GAN,t-SNE,Phenotype_D
0.11677032503958366,0.6493685472003778,GAN,t-SNE,Phenotype_D
0.42032199127240244,0.6823323261206062,GAN,t-SNE,Phenotype_D
0.6290670804408773,0.046621953716654105,GAN,t-SNE,Phenotype_D
0.1478965010896144,0.2793581616529821,GAN,t-SNE,Phenotype_D
0.4007116765382691,0.4286297593371307,GAN,t-SNE,Phenotype_D
0.15427648921270037,0.5013097388339073,GAN,t-SNE,Phenotype_D
0.4789532526150673,0.6054510196482707,GAN,t-SNE,Phenotype_D
0.6020953815358339,0.8491732325527255,GAN,t-SNE,Phenotype_D
0.36232507482447507,0.636826851810035,GAN,t-SNE,Phenotype_D
0.11543436623268347,0.6766570876500062,GAN,t-SNE,Phenotype_D
0.5502917664775141,0.9086160255031495,GAN,t-SNE,Phenotype_D
0.1401136513725526,0.2779214122772951,GAN,t-SNE,Phenotype_D
0.7836276104529228,0.4230462200186625,GAN,t-SNE,Phenotype_D
0.83956247829242725,0.5545720395212749,GAN,t-SNE,Phenotype_D
0.11606613922508084,0.642937497294487,GAN,t-SNE,Phenotype_D
0.5796188854598632,0.22942184485498535,GAN,t-SNE,Phenotype_D
0.4148114754122632,0.5141146614665899,GAN,t-SNE,Phenotype_D
0.4022762092022956,0.6158610345519271,GAN,t-SNE,Phenotype_D
0.5311406257850486,0.7969105640735253,GAN,t-SNE,Phenotype_D
0.3606156728765283,0.4472720182799485,GAN,t-SNE,Phenotype_D
0.38567558414538816,0.5198163440749248,GAN,t-SNE,Phenotype_D
0.5468212176163358,0.1228269275766426,GAN,t-SNE,Phenotype_D
0.7999796762844172,0.3631316403515698,GAN,t-SNE,Phenotype_D
0.6531153028412928,0.829595386902029,GAN,t-SNE,Phenotype_D
0.34913690619236226,0.2650152022336279,GAN,t-SNE,Phenotype_D
0.7673332551809631,0.17936431931222138,GAN,t-SNE,Phenotype_D
0.5910746981765164,0.31969281341501465,GAN,t-SNE,Phenotype_D
0.18272554484713782,0.7751639784105679,GAN,t-SNE,Phenotype_D
0.6414974166309463,0.41433661746867,GAN,t-SNE,Phenotype_D
0.40709116138713264,0.4709540206254039,GAN,t-SNE,Phenotype_D
0.6302236298040074,0.04647313957695066,GAN,t-SNE,Phenotype_D
0.4197572695477569,0.53829302215137,GAN,t-SNE,Phenotype_D
0.8877666367785062,0.7944615675347058,GAN,t-SNE,Phenotype_D
0.6541991330052465,0.6121699089342164,GAN,t-SNE,Phenotype_D
0.6030868878606696,0.7595805652356156,GAN,t-SNE,Phenotype_D
0.7851233601610705,0.2609504414469409,GAN,t-SNE,Phenotype_D
0.7353585406353218,0.6274886533410101,GAN,t-SNE,Phenotype_D
0.34778369110346125,0.8712610683630185,GAN,t-SNE,Phenotype_D
0.847749541401979,0.5945117039543281,GAN,t-SNE,Phenotype_D
0.5208633930728412,1.2651350542226865e-4,GAN,t-SNE,Phenotype_D
0.8774197459351126,0.5485628698665662,GAN,t-SNE,Phenotype_D
0.4832854731830933,0.4883440900237469,GAN,t-SNE,Phenotype_D
0.06396568477357363,0.5631276713056605,GAN,t-SNE,Phenotype_D
0.200288085339477,0.65071300075407,GAN,t-SNE,Phenotype_D
0.14280111871589474,0.2783038644831266,GAN,t-SNE,Phenotype_D
0.11704204863971102,0.6734096072640848,GAN,t-SNE,Phenotype_D
0.7481373608409235,0.5081016051693693,GAN,t-SNE,Phenotype_D
0.791846895759141,0.7383757345106013,GAN,t-SNE,Phenotype_D
0.6081622336043562,0.31667706479049507,GAN,t-SNE,Phenotype_D
0.6720750488247177,0.6249085386769776,GAN,t-SNE,Phenotype_D
0.4348903166906468,0.70978750460212,GAN,t-SNE,Phenotype_D
0.36113275423925323,0.6337217565429493,GAN,t-SNE,Phenotype_D
0.16401804037245787,0.5520555046520127,GAN,t-SNE,Phenotype_D
0.3488476575901167,0.051557212992445464,GAN,t-SNE,Phenotype_D
0.8311792345511173,0.7660515027839603,GAN,t-SNE,Phenotype_D
0.667130098063419,0.6254032441544826,GAN,t-SNE,Phenotype_D
0.11622567333576217,0.6915653849535531,GAN,t-SNE,Phenotype_D
0.2647506192117004,0.6414458494287928,GAN,t-SNE,Phenotype_D
0.67337635370088,0.21684740771162178,GAN,t-SNE,Phenotype_D
0.6051282682108023,0.8556400908511304,GAN,t-SNE,Phenotype_D
0.4067313703839944,0.9190863963578173,GAN,t-SNE,Phenotype_D
0.25967048105111595,0.7464562060772817,GAN,t-SNE,Phenotype_D
0.7741364509784672,0.47944356251740006,GAN,t-SNE,Phenotype_D
0.02059926960492743,0.5222650274637259,GAN,t-SNE,Phenotype_D
0.1183879426740679,0.44221975132658914,GAN,t-SNE,Phenotype_D
0.8487735845453467,0.3902758626595003,GAN,t-SNE,Phenotype_D
0.25392667167856814,0.6490690519304475,GAN,t-SNE,Phenotype_D
0.798331646226043,0.5760152113222804,GAN,t-SNE,Phenotype_D
0.6291205541597479,0.4982147655462426,GAN,t-SNE,Phenotype_D
0.8321655355880115,0.7646215796874846,GAN,t-SNE,Phenotype_D
0.39240209189369263,0.3322196261926468,GAN,t-SNE,Phenotype_D
0.752911152736801,0.6064242639567332,GAN,t-SNE,Phenotype_D
0.12692792574552417,0.7745874002025567,GAN,t-SNE,Phenotype_D
0.5238937180230925,0.6059027743151425,GAN,t-SNE,Phenotype_D
0.45053202694322797,0.7538246911228228,GAN,t-SNE,Phenotype_D
0.21774262175349973,0.20184205668557664,GAN,t-SNE,Phenotype_D
0.41488793575474014,0.6394948561142983,GAN,t-SNE,Phenotype_D
0.4107312375261218,0.6349175240781886,GAN,t-SNE,Phenotype_D
0.44604663710050974,0.9982502208613592,GAN,t-SNE,Phenotype_D
0.33049962851205456,0.7035225531603745,GAN,t-SNE,Phenotype_D
0.615112754643259,0.11676785684336295,GAN,t-SNE,Phenotype_D
0.5003629151160354,0.9532234388768728,GAN,t-SNE,Phenotype_D
0.5005846572266989,0.3162154219334577,GAN,t-SNE,Phenotype_D
0.6746014117307599,0.7382575559659931,GAN,t-SNE,Phenotype_D
0.5682738938922007,0.14388623635504677,GAN,t-SNE,Phenotype_D
0.2720213805617855,0.8235948994004096,GAN,t-SNE,Phenotype_D
0.15716014343515952,0.36507240221288834,GAN,t-SNE,Phenotype_D
0.30965993733163916,0.8127696413547822,GAN,t-SNE,Phenotype_D
0.9146357742833444,0.5074224482892119,GAN,t-SNE,Phenotype_D
0.3230986416465717,0.7600421944877374,GAN,t-SNE,Phenotype_D
0.2519697793765006,0.2743518366007724,GAN,t-SNE,Phenotype_D
0.3130467069227055,0.6285480671546808,GAN,t-SNE,Phenotype_D
0.7861149243592535,0.2635349038259926,GAN,t-SNE,Phenotype_D
0.4941407036903022,0.6542801825760257,GAN,t-SNE,Phenotype_D
0.12995232657389727,0.6422763358826132,GAN,t-SNE,Phenotype_D
0.2700576230086162,0.7301679187107921,GAN,t-SNE,Phenotype_D
0.871992507652456,0.32848991773755926,GAN,t-SNE,Phenotype_D
0.22404217122324374,0.5616457991174685,GAN,t-SNE,Phenotype_D
0.3543722701089838,0.6907169952668787,GAN,t-SNE,Phenotype_D
0.3162842135359021,0.6809821768872238,GAN,t-SNE,Phenotype_D
0.3304548136104393,0.4538971323026289,GAN,t-SNE,Phenotype_D
0.7470895234809878,0.544632469044266,GAN,t-SNE,Phenotype_D
0.657576061812188,0.23732620666132703,GAN,t-SNE,Phenotype_D
0.3784861955922622,0.8931455652939027,GAN,t-SNE,Phenotype_D
0.477250333639616,0.8437178418907955,GAN,t-SNE,Phenotype_D
0.4989885879984462,0.852651252310172,GAN,t-SNE,Phenotype_D
0.3441768874707872,0.779415938317003,GAN,t-SNE,Phenotype_D
0.9124776608868036,0.5075835191621455,GAN,t-SNE,Phenotype_D
0.37450609601078466,0.5600998529236345,GAN,t-SNE,Phenotype_D
0.05338661738822427,0.38013137619181336,GAN,t-SNE,Phenotype_D
0.5837024354157617,0.2876735684276266,GAN,t-SNE,Phenotype_D
0.29894343842797294,0.3469019910713966,GAN,t-SNE,Phenotype_D
0.2573593438835651,0.9349532364457335,GAN,t-SNE,Phenotype_D
0.6027282475264193,0.8500403483053575,GAN,t-SNE,Phenotype_D
0.32598765229238813,0.6924066839727209,GAN,t-SNE,Phenotype_D
0.5148026182580668,0.44003171629731397,GAN,t-SNE,Phenotype_D
0.1873266805829105,0.16086847016729158,GAN,t-SNE,Phenotype_D
0.4854330553693109,0.8414704677797841,GAN,t-SNE,Phenotype_D
0.513958775887199,0.84130982983369,GAN,t-SNE,Phenotype_D
0.8590692421000115,0.6014984059083719,GAN,t-SNE,Phenotype_D
0.5542685494026227,0.4260553787668625,GAN,t-SNE,Phenotype_D
0.25546997207928795,0.5456307256841952,GAN,t-SNE,Phenotype_D
0.7524499615408957,0.22188141283648805,GAN,t-SNE,Phenotype_D
0.7443637305030495,0.2752449255790924,GAN,t-SNE,Phenotype_D
0.21656412215968565,0.420771821374757,GAN,t-SNE,Phenotype_D
0.2717849133974189,0.3194030653939766,GAN,t-SNE,Phenotype_D
0.6457880957756937,0.4752266020421029,GAN,t-SNE,Phenotype_D
0.6242934747266469,0.5429018749553723,GAN,t-SNE,Phenotype_D
0.24099616008039793,0.11891486503501197,GAN,t-SNE,Phenotype_D
0.2175708879922054,0.5375525337294423,GAN,t-SNE,Phenotype_D
0.35123541423321336,0.5419760855053563,GAN,t-SNE,Phenotype_D
0.3637304060401328,0.5898512082713907,GAN,t-SNE,Phenotype_D
0.73251883440043275,0.3936375724964154,GAN,t-SNE,Phenotype_D
0.6875281170716306,0.7111747742413459,GAN,t-SNE,Phenotype_D
0.569072534820755,0.14716144674625165,GAN,t-SNE,Phenotype_D
0.3748532290851829,0.7291449653937246,GAN,t-SNE,Phenotype_D
0.7215359632476437,0.6502343687096642,GAN,t-SNE,Phenotype_D
0.8065767521222814,0.42324346216277997,GAN,t-SNE,Phenotype_D
0.23083918908015338,0.3282654258140145,GAN,t-SNE,Phenotype_D
0.5158721478984464,0.4373803753455785,GAN,t-SNE,Phenotype_D
0.5020823325695374,0.8585829765015307,GAN,t-SNE,Phenotype_D
0.04029648471079995,0.648058031019338,GAN,t-SNE,Phenotype_D
0.30649231473887917,0.7608725709167886,GAN,t-SNE,Phenotype_D
0.0375902595786297,0.647729315292568,GAN,t-SNE,Phenotype_D
0.8304801112195547,0.5551212007718781,GAN,t-SNE,Phenotype_D
0.7226249977414761,0.48335216194395336,GAN,t-SNE,Phenotype_D
0.20306846666040343,0.269283352725515,GAN,t-SNE,Phenotype_D
0.8217255886198834,0.2839526219861873,GAN,t-SNE,Phenotype_D
0.3152493678452834,0.40911727473159526,GAN,t-SNE,Phenotype_D
0.3293620204332417,0.9389291723210196,GAN,t-SNE,Phenotype_D
0.7610757548674257,0.6600640592383741,GAN,t-SNE,Phenotype_D
0.3140709615874685,0.2856789246967291,GAN,t-SNE,Phenotype_D
0.728690043495433,0.47387842425057086,GAN,t-SNE,Phenotype_D
0.44670333503483245,0.9977276772659738,GAN,t-SNE,Phenotype_D
0.5214549416141326,0.338060129276857,GAN,t-SNE,Phenotype_D
0.270132846093191,0.8373946812672382,GAN,t-SNE,Phenotype_D
0.8122587157392642,0.42405441875767996,GAN,t-SNE,Phenotype_D
0.6451446850846254,0.9590372935528343,GAN,t-SNE,Phenotype_D
0.8327227298993104,0.6599102886548992,GAN,t-SNE,Phenotype_D
0.5715789129973136,0.718886713608241,GAN,t-SNE,Phenotype_D
0.4038530764215079,0.4375324727028426,GAN,t-SNE,Phenotype_D
0.9748691991139813,0.5763163355674262,GAN,t-SNE,Phenotype_D
0.8318019662196379,0.7637597846425838,GAN,t-SNE,Phenotype_D
0.5204033844230028,0.6740249341135486,GAN,t-SNE,Phenotype_D
0.8495658634671462,0.18233471136302357,GAN,t-SNE,Phenotype_D
0.19541214515267322,0.17383752319742699,GAN,t-SNE,Phenotype_D
0.3750986924556765,0.6735430406905897,GAN,t-SNE,Phenotype_D
0.14153591050321812,0.2266099791551056,GAN,t-SNE,Phenotype_D
0.21349939572814153,0.562630910315165,GAN,t-SNE,Phenotype_D
0.5830450634067857,0.21628597991774173,GAN,t-SNE,Phenotype_D
0.6419356235619024,0.43772493237984805,GAN,t-SNE,Phenotype_D
0.24114134766676323,0.11928957736365901,GAN,t-SNE,Phenotype_D
0.20136270604180906,0.7314825315202146,GAN,t-SNE,Phenotype_D
0.6306859691533037,0.04713182016073903,GAN,t-SNE,Phenotype_D
0.40077253014261544,0.9192998463316224,GAN,t-SNE,Phenotype_D
0.07218022095487657,0.25673277707343456,GAN,t-SNE,Phenotype_D
0.2059182871932797,0.6602162161529712,GAN,t-SNE,Phenotype_D
0.6594174531430523,0.24136968880561965,GAN,t-SNE,Phenotype_D
0.5547543009472928,0.9099183688242812,GAN,t-SNE,Phenotype_D
0.7799918237419619,0.8776635097714713,GAN,t-SNE,Phenotype_D
0.2275982059954676,0.5173755786203521,GAN,t-SNE,Phenotype_D
0.15968126274542446,0.4940462894605038,GAN,t-SNE,Phenotype_D
0.4013242937382003,0.7349134344498116,GAN,t-SNE,Phenotype_D
0.4111712127112482,0.6661347652368219,GAN,t-SNE,Phenotype_D
0.3366065776373915,0.3555333628647291,GAN,t-SNE,Phenotype_D
0.6592840387596931,0.18364668924373784,GAN,t-SNE,Phenotype_D
0.9756881237520154,0.576132049519511,GAN,t-SNE,Phenotype_D
0.4296022737225344,0.5533995405552349,GAN,t-SNE,Phenotype_D
0.34777694683040977,0.7443930460771068,GAN,t-SNE,Phenotype_D
0.05144573259529758,0.49858926168283174,GAN,t-SNE,Phenotype_D
0.15584228184562693,0.3845274516979542,GAN,t-SNE,Phenotype_D
0.6717810684430658,0.4899533075133978,GAN,t-SNE,Phenotype_D
0.35076758830540156,0.17292131546086112,GAN,t-SNE,Phenotype_D
0.7903266734000157,0.479625994824421,GAN,t-SNE,Phenotype_D
0.9244546945163707,0.2269689800395071,GAN,t-SNE,Phenotype_D
0.4902326636003503,0.36896242750908265,GAN,t-SNE,Phenotype_D
0.6435640397522208,0.6956855386420213,GAN,t-SNE,Phenotype_D
0.7559337207692887,0.179287467446287,GAN,t-SNE,Phenotype_D
0.4120766498827958,0.9144461552583255,GAN,t-SNE,Phenotype_D
0.2539254550380833,0.5690276341264048,GAN,t-SNE,Phenotype_D
0.7212830540229572,0.5548001432027042,GAN,t-SNE,Phenotype_D
0.8873952078497879,0.7942574346885234,GAN,t-SNE,Phenotype_D
0.37672880832731814,0.6382972202170047,GAN,t-SNE,Phenotype_D
0.6013393488606357,0.36195665756978107,GAN,t-SNE,Phenotype_D
0.29719968686391396,0.5712313344070846,GAN,t-SNE,Phenotype_D
0.5934156292265532,0.6797655824667668,GAN,t-SNE,Phenotype_D
0.3017500041082003,0.10744950032638798,GAN,t-SNE,Phenotype_D
0.639356552986006,0.3971923076250523,GAN,t-SNE,Phenotype_D
0.29963953040517266,0.3554063881934734,GAN,t-SNE,Phenotype_D
0.36444895267849337,0.55269026114861,GAN,t-SNE,Phenotype_D
0.15944872595844073,0.4877322429210274,GAN,t-SNE,Phenotype_D
0.5894763531237316,0.7426943107088725,GAN,t-SNE,Phenotype_D
0.05683040590526831,0.3806727969726829,GAN,t-SNE,Phenotype_D
0.20992773009439258,0.5386306291148039,GAN,t-SNE,Phenotype_D
0.4391574258883343,0.5540089739547326,GAN,t-SNE,Phenotype_D
0.5804538334461362,0.5939966468471785,GAN,t-SNE,Phenotype_D
0.020565399709344526,0.5214178652266872,GAN,t-SNE,Phenotype_D
0.4493118558651974,0.8160405104041519,GAN,t-SNE,Phenotype_D
0.32950040266286973,0.9384387599657478,GAN,t-SNE,Phenotype_D
0.5934467122888334,0.5391018735711023,GAN,t-SNE,Phenotype_D
0.21002284783220354,0.7273591552082552,GAN,t-SNE,Phenotype_D
0.1641637920169971,0.5502058050789922,GAN,t-SNE,Phenotype_D
0.39724270023639024,0.13488556331627227,GAN,t-SNE,Phenotype_D
0.7615062516552541,0.17667780661950316,GAN,t-SNE,Phenotype_D
0.7959975604611572,0.574942639789528,GAN,t-SNE,Phenotype_D
0.49182831096289215,0.9502158325871702,GAN,t-SNE,Phenotype_D
0.38526363714200024,0.6321056582959411,GAN,t-SNE,Phenotype_D
0.5125996829550838,0.9566541214938492,GAN,t-SNE,Phenotype_D
0.5496597495924177,0.71510284427465,GAN,t-SNE,Phenotype_D
0.3019153910977844,0.10724183588616286,GAN,t-SNE,Phenotype_D
0.556377955826642,0.5447050818324936,GAN,t-SNE,Phenotype_D
0.35350705489580586,0.3276524612310612,GAN,t-SNE,Phenotype_D
0.27783026761362734,0.5131122510563834,GAN,t-SNE,Phenotype_D
0.8189100599792114,0.2805678108976793,GAN,t-SNE,Phenotype_D
0.30447977690850503,0.23855806045734937,GAN,t-SNE,Phenotype_D
0.348341317073111,0.0519755159921461,GAN,t-SNE,Phenotype_D
0.8573743120547235,0.6061289335638861,GAN,t-SNE,Phenotype_D
0.21670574585348876,0.5705604457627377,GAN,t-SNE,Phenotype_D
0.43774241785592394,0.363690169391801,GAN,t-SNE,Phenotype_D
0.6324266756529813,0.6130163181280673,GAN,t-SNE,Phenotype_D
0.5750265196104762,0.5142273655313647,GAN,t-SNE,Phenotype_D
0.3095645106891923,0.5760702610516302,GAN,t-SNE,Phenotype_D
0.6412704236574412,0.36935112913048374,GAN,t-SNE,Phenotype_D
0.30304062230721673,0.7555848373761633,GAN,t-SNE,Phenotype_D
0.9205864327391878,0.6336992162468711,GAN,t-SNE,Phenotype_D
0.33410175405025017,0.5323658674583256,GAN,t-SNE,Phenotype_D
0.30627678860503593,0.4070032735072519,GAN,t-SNE,Phenotype_D
0.8577404518650772,0.3259838063116672,GAN,t-SNE,Phenotype_D
0.4245794983293725,0.5674107728169041,GAN,t-SNE,Phenotype_D
0.6433075649889004,0.7021009651927274,GAN,t-SNE,Phenotype_D
0.4519178983574269,0.5288514956380425,GAN,t-SNE,Phenotype_D
0.5439714216339229,0.6509729005532919,GAN,t-SNE,Phenotype_D
0.6132986560633028,0.4127940445586092,GAN,t-SNE,Phenotype_D
0.30424694330191315,0.6127647074808271,GAN,t-SNE,Phenotype_D
0.5051471402070744,0.643786271533231,GAN,t-SNE,Phenotype_D
0,0.4497202617168524,GAN,t-SNE,Phenotype_D
0.43982149809509963,0.32810944024882777,GAN,t-SNE,Phenotype_D
0.9212359122652779,0.6328469305177933,GAN,t-SNE,Phenotype_D
0.6526218546990585,0.6997919792351589,GAN,t-SNE,Phenotype_D
0.6824250526628194,0.24149417743846274,GAN,t-SNE,Phenotype_D
0.05811244976501771,0.4979374452225266,GAN,t-SNE,Phenotype_D
0.3183329693573343,0.7541654610009998,GAN,t-SNE,Phenotype_D
0.3123375913948723,0.44460521030714895,GAN,t-SNE,Phenotype_D
0.3320988071381873,0.5648856839359736,GAN,t-SNE,Phenotype_D
0.430864707174699,0.01085330223058907,GAN,t-SNE,Phenotype_D
0.4114380713585182,0.8108690123344056,GAN,t-SNE,Phenotype_D
0.999774612542649,0.3798249439669775,GAN,t-SNE,Phenotype_D
0.5564844245818455,0.27245130056936656,GAN,t-SNE,Phenotype_D
0.1974949933316819,0.8656122572420621,GAN,t-SNE,Phenotype_D
0.9079930578906914,0.4067915322884101,GAN,t-SNE,Phenotype_D
0.1829497210815024,0.7757606187331398,GAN,t-SNE,Phenotype_D
0.7022608918735155,0.27684302383159454,GAN,t-SNE,Phenotype_D
0.26519678825673654,0.8383667096959485,GAN,t-SNE,Phenotype_D
0.20720737578223705,0.19082656863083153,GAN,t-SNE,Phenotype_D
0.348376868143016,0.16856217773551374,GAN,t-SNE,Phenotype_D
0.798580472223238,0.5705193446672424,GAN,t-SNE,Phenotype_D
0.7060995642591226,0.8005149279727841,GAN,t-SNE,Phenotype_D
0.600877401382944,0.6166931109429368,GAN,t-SNE,Phenotype_D
0.6315810219214048,0.403783680451131,GAN,t-SNE,Phenotype_D
0.8813770954941914,0.5490068609798224,GAN,t-SNE,Phenotype_D
0.645096235716123,0.9589726885447797,GAN,t-SNE,Phenotype_D
0.41863873904601295,0.42347891427875156,GAN,t-SNE,Phenotype_D
0.29058886100249137,0.4438842236909044,GAN,t-SNE,Phenotype_D
0.31399322211631553,0.3105622883031459,GAN,t-SNE,Phenotype_D
0.691426595814826,0.8957185957183158,GAN,t-SNE,Phenotype_D
0.5115768625947628,0.49103600476523596,GAN,t-SNE,Phenotype_D
0.39259778153783187,0.33129002149405173,GAN,t-SNE,Phenotype_D
0.7945764233233878,0.7319527106700308,GAN,t-SNE,Phenotype_D
0.2541970136639528,0.2776140522154974,GAN,t-SNE,Phenotype_D
0.6377808521108412,0.43729190562968817,GAN,t-SNE,Phenotype_D
0.18388224927711713,0.39636138029139095,GAN,t-SNE,Phenotype_D
0.7375220427818352,0.41226466411817275,GAN,t-SNE,Phenotype_D
0.05606292670932695,0.37902742014184315,GAN,t-SNE,Phenotype_D
0.6917918058169154,0.5788533338168191,GAN,t-SNE,Phenotype_D
0.7798975332175783,0.8767050468218479,GAN,t-SNE,Phenotype_D
0.1406762457475995,0.22504662595432043,GAN,t-SNE,Phenotype_D
0.4307758155052446,0.617282010575255,GAN,t-SNE,Phenotype_D
0.19222190278092752,0.2949719610702168,GAN,t-SNE,Phenotype_D
0.19389589448254,0.2861874844007044,GAN,t-SNE,Phenotype_D
0.21868169405030055,0.8409519393162135,GAN,t-SNE,Phenotype_D
0.7206370722794961,0.568665868756967,GAN,t-SNE,Phenotype_D
0.7915949951533486,0.6171110285761954,GAN,t-SNE,Phenotype_D
0.8093032670501562,0.8218629066888589,Real,UMAP,Phenotype_E
0.5503291017542871,0.7326070965942639,Real,UMAP,Phenotype_E
0.7588735684705973,0.7951366586109696,Real,UMAP,Phenotype_E
0.7509459903767208,0.7557856668786984,Real,UMAP,Phenotype_E
0.9307728854170504,0.5697746709795681,Real,UMAP,Phenotype_E
0.8408358609137923,0.7055168692558516,Real,UMAP,Phenotype_E
0.811966269467773,0.7280196217753253,Real,UMAP,Phenotype_E
0.6031766886950488,0.6444876233061289,Real,UMAP,Phenotype_E
0,0,Real,UMAP,Phenotype_E
0.74899005132789,0.9618484342887044,Real,UMAP,Phenotype_E
0.6793451166990645,0.8854117206697872,Real,UMAP,Phenotype_E
0.9630089186855484,0.7497646592313142,Real,UMAP,Phenotype_E
0.7414559915835772,0.9916006067756701,Real,UMAP,Phenotype_E
0.818487393103673,0.6923210609262141,Real,UMAP,Phenotype_E
0.6777841105498258,0.8174064046705543,Real,UMAP,Phenotype_E
0.6677835335905811,0.4828157028465457,Real,UMAP,Phenotype_E
0.6827154235703038,0.9443210291104498,Real,UMAP,Phenotype_E
0.6863009909546879,0.8445089716211241,Real,UMAP,Phenotype_E
0.5279477721448383,0.7200646903774384,Real,UMAP,Phenotype_E
0.7470580626916903,0.7153504555171758,Real,UMAP,Phenotype_E
0.6630818509595187,0.7378677011862156,Real,UMAP,Phenotype_E
0.8249476392378711,0.821164846183512,Real,UMAP,Phenotype_E
0.856275169363026,0.6241769675181481,Real,UMAP,Phenotype_E
0.6021716709902452,0.6569853318322916,Real,UMAP,Phenotype_E
0.6863093024141032,0.6448811154606978,Real,UMAP,Phenotype_E
0.7574955201186012,0.7163183212493686,Real,UMAP,Phenotype_E
0.7147960972879001,0.7273048045482459,Real,UMAP,Phenotype_E
0.8281354035135307,0.7183415303464388,Real,UMAP,Phenotype_E
0.6317907185446296,0.5542481005092692,Real,UMAP,Phenotype_E
0.7845945293591151,0.5772368628008983,Real,UMAP,Phenotype_E
0.8898789562101247,0.524530519216926,Real,UMAP,Phenotype_E
0.8121698649492076,0.7168904391144516,Real,UMAP,Phenotype_E
0.755899117331391,0.6498879956197363,Real,UMAP,Phenotype_E
0.8681603282377741,0.6086866043779812,Real,UMAP,Phenotype_E
0.00972967266015417,0.010837952094701822,Real,UMAP,Phenotype_E
0.7546801245014079,0.8786820577417768,Real,UMAP,Phenotype_E
0.6068810418140935,0.6416034079462261,Real,UMAP,Phenotype_E
0.9082135487365436,0.8846493998657136,Real,UMAP,Phenotype_E
0.7465375910298151,0.7097371738062824,Real,UMAP,Phenotype_E
0.788355440079072,0.6946894962171779,Real,UMAP,Phenotype_E
0.012981293386783548,0.011312862110634541,Real,UMAP,Phenotype_E
0.7844071526014714,0.5547573806678551,Real,UMAP,Phenotype_E
0.004037520163073284,0.003826065731432004,Real,UMAP,Phenotype_E
0.016892526469788956,0.0162509391073622,Real,UMAP,Phenotype_E
0.7851810428834599,0.6235181894214407,Real,UMAP,Phenotype_E
0.7862157567235564,0.8010352447303489,Real,UMAP,Phenotype_E
0.7737985456277426,0.6727605906804144,Real,UMAP,Phenotype_E
0.7763853599326062,0.8760285852695966,Real,UMAP,Phenotype_E
0.6054598368893727,0.5183200179617594,Real,UMAP,Phenotype_E
0.5501465965547051,0.743081603882982,Real,UMAP,Phenotype_E
0.9136030196191393,0.9104014316339429,Real,UMAP,Phenotype_E
0.7723339634673884,0.6712775579300777,Real,UMAP,Phenotype_E
0.5556538759694528,0.6954412851229769,Real,UMAP,Phenotype_E
0.939693132579877,0.7676964421455633,Real,UMAP,Phenotype_E
0.6758907450835879,0.9467186236123084,Real,UMAP,Phenotype_E
0.8244057081081227,0.7505053817842992,Real,UMAP,Phenotype_E
0.8105720363401258,0.7196354133476123,Real,UMAP,Phenotype_E
0.752255183414161,0.8837653491806859,Real,UMAP,Phenotype_E
0.962811323537824,0.7120192632506449,Real,UMAP,Phenotype_E
0.8035626535835062,0.9981400667646898,Real,UMAP,Phenotype_E
0.8622413003223885,0.687038983837183,Real,UMAP,Phenotype_E
0.9588557711583054,0.6906912260893292,Real,UMAP,Phenotype_E
0.8557056044474779,0.807706117659035,Real,UMAP,Phenotype_E
0.9060447887992865,0.925748765307839,Real,UMAP,Phenotype_E
0.5368080159705629,0.7387807696088777,Real,UMAP,Phenotype_E
0.8647058334276809,0.6726118236874716,Real,UMAP,Phenotype_E
0.7011450559032505,0.7222539733629744,Real,UMAP,Phenotype_E
0.6790689442056381,0.6185562977592113,Real,UMAP,Phenotype_E
0.778627286598174,0.8081029658737258,Real,UMAP,Phenotype_E
0.8108054298012727,0.4586409053710197,Real,UMAP,Phenotype_E
0.9036709481494785,0.663532902954908,Real,UMAP,Phenotype_E
0.7559457705625156,0.7693161380654525,Real,UMAP,Phenotype_E
0.7527973776419927,0.7975502553105054,Real,UMAP,Phenotype_E
0.017610325937787656,0.01645324586974318,Real,UMAP,Phenotype_E
0.7891171005436964,0.5524123316927989,Real,UMAP,Phenotype_E
0.7890700484219292,0.4959590717543259,Real,UMAP,Phenotype_E
0.8747069723877713,0.7820543747131826,Real,UMAP,Phenotype_E
0.7532320496240328,0.4456010477321034,Real,UMAP,Phenotype_E
0.7734771501011909,0.6954020813105932,Real,UMAP,Phenotype_E
0.019210369662991725,0.009931737265543833,Real,UMAP,Phenotype_E
0.6659967920705293,0.6649444131124838,Real,UMAP,Phenotype_E
0.8884666626721022,0.9044999217338485,Real,UMAP,Phenotype_E
0.8225558060739673,0.7362130142132526,Real,UMAP,Phenotype_E
0.7866935683042514,0.5449135425074174,Real,UMAP,Phenotype_E
0.7847735294132624,0.6502495305367046,Real,UMAP,Phenotype_E
0.8427250239716302,0.49373948205256063,Real,UMAP,Phenotype_E
0.7011752294342594,0.6473070281935144,Real,UMAP,Phenotype_E
0.638570624606732,0.7255841753166824,Real,UMAP,Phenotype_E
0.7169134045757679,0.7506228360289386,Real,UMAP,Phenotype_E
0.8939712686708403,0.9327104129444135,Real,UMAP,Phenotype_E
0.8564232511488474,0.7159845543895679,Real,UMAP,Phenotype_E
0.008060306833471984,0.007606985773543249,Real,UMAP,Phenotype_E
0.675827191513678,0.8074159088441883,Real,UMAP,Phenotype_E
0.9007153891500727,0.575331398754614,Real,UMAP,Phenotype_E
0.962566540475773,0.7948239398284671,Real,UMAP,Phenotype_E
0.9103201666038909,0.5678381260439351,Real,UMAP,Phenotype_E
0.7801002878971997,0.8444859271989291,Real,UMAP,Phenotype_E
0.5236319621057284,0.723507630800439,Real,UMAP,Phenotype_E
0.7574583808536566,0.8765394294936726,Real,UMAP,Phenotype_E
0.7724140301551141,0.662639522894319,Real,UMAP,Phenotype_E
0.9615858126649985,0.7508406576922109,Real,UMAP,Phenotype_E
0.9494503202073417,0.6834790135893241,Real,UMAP,Phenotype_E
0.7940983026099839,0.6637283404045337,Real,UMAP,Phenotype_E
0.7253687404510248,0.9083637136680555,Real,UMAP,Phenotype_E
0.7383738781625027,0.8744042521706163,Real,UMAP,Phenotype_E
0.709094878515733,0.7254915889273721,Real,UMAP,Phenotype_E
0.8274959733262676,0.8202050287079112,Real,UMAP,Phenotype_E
0.6705230519326761,0.8429836698044283,Real,UMAP,Phenotype_E
0.7721650205496577,0.6819917837989287,Real,UMAP,Phenotype_E
0.5782680898179514,0.7021696747916437,Real,UMAP,Phenotype_E
0.8182267902084738,0.994570350581114,Real,UMAP,Phenotype_E
0.7595951871043238,0.6911477131429068,Real,UMAP,Phenotype_E
0.9772500275404284,0.7763531752305723,Real,UMAP,Phenotype_E
0.9123110043404394,0.6832048541299078,Real,UMAP,Phenotype_E
0.9245806258984587,0.7896123321423695,Real,UMAP,Phenotype_E
0.6785385437737499,0.9683452007915838,Real,UMAP,Phenotype_E
0.686040535521721,0.47037426923952236,Real,UMAP,Phenotype_E
0.6697837028220579,0.8238984239595845,Real,UMAP,Phenotype_E
0.6055800727135207,0.6146141610772415,Real,UMAP,Phenotype_E
0.8498668808567967,0.631245545360713,Real,UMAP,Phenotype_E
0.5872263843584625,0.7507171515358761,Real,UMAP,Phenotype_E
0.787332718419361,0.7010139482888825,Real,UMAP,Phenotype_E
0.8179446896537442,0.9192082992867453,Real,UMAP,Phenotype_E
0.7039952186591197,0.6194123996156832,Real,UMAP,Phenotype_E
0.6586554644029142,0.654862140438242,Real,UMAP,Phenotype_E
0.6619310864643844,0.5516314995055824,Real,UMAP,Phenotype_E
0.007023123266204847,0.0073482154610090104,Real,UMAP,Phenotype_E
0.8372817113393067,0.6559504942305475,Real,UMAP,Phenotype_E
0.7327477547973389,0.9858098232807203,Real,UMAP,Phenotype_E
0.7848540544008756,0.47899385380423637,Real,UMAP,Phenotype_E
0.8574305094308781,0.8129335231925447,Real,UMAP,Phenotype_E
0.7600042537019174,0.8600184336514459,Real,UMAP,Phenotype_E
0.8949787306417099,0.5345244821206251,Real,UMAP,Phenotype_E
0.7648396315336802,0.8656590668593511,Real,UMAP,Phenotype_E
0.896629306173011,0.6074375919792332,Real,UMAP,Phenotype_E
0.86792567869545445,0.7987706979702769,Real,UMAP,Phenotype_E
0.8097054930975793,0.6615643654133593,Real,UMAP,Phenotype_E
0.6961958732980736,0.6575644762026414,Real,UMAP,Phenotype_E
0.827734628749084,0.7088648811211197,Real,UMAP,Phenotype_E
0.671941866696179,0.8360997067070681,Real,UMAP,Phenotype_E
0.760809868520552,0.7709506729584332,Real,UMAP,Phenotype_E
0.6286217657819385,0.5599928344579567,Real,UMAP,Phenotype_E
0.6116566199975931,0.5541290586202628,Real,UMAP,Phenotype_E
0.5519595714997898,0.7142975329169765,Real,UMAP,Phenotype_E
0.6774731917374811,0.6596853647263965,Real,UMAP,Phenotype_E
0.8429629664835108,0.6309677704735308,Real,UMAP,Phenotype_E
0.539159264133332,0.6993881375802935,Real,UMAP,Phenotype_E
0.890059339650969,0.8193644574715817,Real,UMAP,Phenotype_E
0.8788433834820912,0.5331324871677465,Real,UMAP,Phenotype_E
0.7396186291435615,0.9920274787600692,Real,UMAP,Phenotype_E
0.5649455582169011,0.6791004633375032,Real,UMAP,Phenotype_E
0.027178337556199025,0.025258447281922978,Real,UMAP,Phenotype_E
0.6543998125892942,0.7182110605618419,Real,UMAP,Phenotype_E
0.8319256284522075,0.7258244597898569,Real,UMAP,Phenotype_E
0.6702169235211214,0.6653959328826959,Real,UMAP,Phenotype_E
0.7748145879909474,0.479156017528977,Real,UMAP,Phenotype_E
0.6606980900267324,0.6605922476237287,Real,UMAP,Phenotype_E
0.7727386083197725,0.6436739319892766,Real,UMAP,Phenotype_E
0.9310656032525034,0.725101342798167,Real,UMAP,Phenotype_E
0.7899271540816103,0.5659528415863226,Real,UMAP,Phenotype_E
0.809624645602638,0.6888527024740938,Real,UMAP,Phenotype_E
0.7356083990413724,0.7071220563069235,Real,UMAP,Phenotype_E
0.7689001176133303,0.6984294204522736,Real,UMAP,Phenotype_E
0.6790653228939125,0.5407882352864429,Real,UMAP,Phenotype_E
0.8811172638342489,0.7825425046193377,Real,UMAP,Phenotype_E
0.018925544770042938,0.010994295766701917,Real,UMAP,Phenotype_E
0.6750764199148954,0.6885235256356307,Real,UMAP,Phenotype_E
0.8308934182874216,0.7763846608906383,Real,UMAP,Phenotype_E
0.7298619761992987,0.8923389745848318,Real,UMAP,Phenotype_E
0.7310982231713368,0.7259632293390643,Real,UMAP,Phenotype_E
0.9277579511211288,0.5687228605163881,Real,UMAP,Phenotype_E
0.9551754024000316,0.7189030377169913,Real,UMAP,Phenotype_E
0.6868587313087907,0.7937535374209821,Real,UMAP,Phenotype_E
0.012668495226636933,0.014368590219903207,Real,UMAP,Phenotype_E
0.7913242133918962,0.6254414712389106,Real,UMAP,Phenotype_E
0.7745012975827736,0.7144693914898678,Real,UMAP,Phenotype_E
0.7551746640279909,0.6892296501168208,Real,UMAP,Phenotype_E
0.7115697594383892,0.6791669086121407,Real,UMAP,Phenotype_E
0.5708049986598972,0.6992340260419576,Real,UMAP,Phenotype_E
0.7575393980892968,0.8480713311951589,Real,UMAP,Phenotype_E
0.7962441645269437,0.6916810516153873,Real,UMAP,Phenotype_E
0.7927172668216852,0.656399978357735,Real,UMAP,Phenotype_E
0.8812532431082306,0.5524655413579629,Real,UMAP,Phenotype_E
0.796989122506785,0.6979852730108538,Real,UMAP,Phenotype_E
0.9170602302804167,0.8749625999716865,Real,UMAP,Phenotype_E
0.6793139035062742,0.9361665418191343,Real,UMAP,Phenotype_E
0.6049951971869213,0.7611188786917408,Real,UMAP,Phenotype_E
0.6931393610179282,0.6754609851172959,Real,UMAP,Phenotype_E
0.8435255380822594,0.5904553775888309,Real,UMAP,Phenotype_E
0.840864020895759,0.8330813275385467,Real,UMAP,Phenotype_E
0.6385287198716625,0.6756904390264238,Real,UMAP,Phenotype_E
0.7992229864891496,0.8218501112184177,Real,UMAP,Phenotype_E
0.773450398967026,0.5769083579604222,Real,UMAP,Phenotype_E
0.5634005189652131,0.6928793301310284,Real,UMAP,Phenotype_E
0.8059751696515851,0.5511755154680418,Real,UMAP,Phenotype_E
0.8867550823335748,0.9537817861728499,Real,UMAP,Phenotype_E
0.6745950326402878,0.8422109114175869,Real,UMAP,Phenotype_E
0.627207240153724,0.7224569874916574,Real,UMAP,Phenotype_E
0.6081111356857923,0.6055917903507125,Real,UMAP,Phenotype_E
0.8159693492430159,0.6983399936324457,Real,UMAP,Phenotype_E
0.6849296020077099,0.8430626747607396,Real,UMAP,Phenotype_E
0.6893933821750878,0.6932200448998402,Real,UMAP,Phenotype_E
0.8186306287925377,0.7136067818634173,Real,UMAP,Phenotype_E
0.9254726641939973,0.7792160124089026,Real,UMAP,Phenotype_E
0.6405183651798004,0.534768938826915,Real,UMAP,Phenotype_E
0.919416451845667,0.8998236645843793,Real,UMAP,Phenotype_E
0.6794773355535134,0.9563687033356345,Real,UMAP,Phenotype_E
0.7793232913604191,0.7653731053861669,Real,UMAP,Phenotype_E
0.7118146125184784,0.9802851038308412,Real,UMAP,Phenotype_E
0.8595414047638407,0.7968374501475739,Real,UMAP,Phenotype_E
0.01726711024437738,0.015695986664541844,Real,UMAP,Phenotype_E
0.8391407793712091,0.7189264436819629,Real,UMAP,Phenotype_E
0.7444566040080193,0.5956995280546349,Real,UMAP,Phenotype_E
0.6062713841454379,0.7331513127885445,Real,UMAP,Phenotype_E
0.750916116013694,0.6829998122178257,Real,UMAP,Phenotype_E
0.7797434080775185,0.7198270152999559,Real,UMAP,Phenotype_E
0.741582215010883,0.7003657649674544,Real,UMAP,Phenotype_E
0.9190868663303877,0.5841211756515967,Real,UMAP,Phenotype_E
0.9148014229023317,0.6737446629605494,Real,UMAP,Phenotype_E
0.766394872201379,0.8366726105347089,Real,UMAP,Phenotype_E
0.7283700997345425,0.6335701396602019,Real,UMAP,Phenotype_E
0.6197686510655727,0.6742973675504543,Real,UMAP,Phenotype_E
0.7677408650223659,0.6360207630558362,Real,UMAP,Phenotype_E
0.7960846082698687,1,Real,UMAP,Phenotype_E
0.8525433182507406,0.6160351499432645,Real,UMAP,Phenotype_E
0.8536012101832877,0.896047051617085,Real,UMAP,Phenotype_E
0.8392896249901762,0.7570878024867289,Real,UMAP,Phenotype_E
0.9067432887498071,0.6702077056963831,Real,UMAP,Phenotype_E
0.70220877630705,0.461478796097765,Real,UMAP,Phenotype_E
0.6657293889385758,0.48740487534460913,Real,UMAP,Phenotype_E
0.6825123150324994,0.924520714530508,Real,UMAP,Phenotype_E
0.5920654031282192,0.7566405740720824,Real,UMAP,Phenotype_E
0.6233473239275485,0.537211172317858,Real,UMAP,Phenotype_E
0.7331194317624568,0.695279534028579,Real,UMAP,Phenotype_E
0.9179285048780931,0.9055310102941918,Real,UMAP,Phenotype_E
0.597117972671408,0.6271088908053102,Real,UMAP,Phenotype_E
0.6077538824365735,0.630428010686953,Real,UMAP,Phenotype_E
0.5755189015604093,0.7433254094684155,Real,UMAP,Phenotype_E
0.9774510344762031,0.794043966305345,Real,UMAP,Phenotype_E
0.8414175283411801,0.8367512382289924,Real,UMAP,Phenotype_E
0.7969620828134317,0.7384039162816577,Real,UMAP,Phenotype_E
0.682001382665299,0.8030853494661475,Real,UMAP,Phenotype_E
0.5856263066851186,0.748708844288902,Real,UMAP,Phenotype_E
0.9210563167388602,0.9082939830699264,Real,UMAP,Phenotype_E
0.013274401625844312,0.012279061602204796,Real,UMAP,Phenotype_E
0.6647370986035602,0.5332099899531192,Real,UMAP,Phenotype_E
0.8242581185703284,0.7950433176976038,Real,UMAP,Phenotype_E
0.8664612068665545,0.6969579256322856,Real,UMAP,Phenotype_E
0.023792078507110185,0.022104756799448542,Real,UMAP,Phenotype_E
0.8363553005522174,0.8584155416110428,Real,UMAP,Phenotype_E
0.7762866472290935,0.7468986467642503,Real,UMAP,Phenotype_E
0.8434584226098685,0.7486433578885852,Real,UMAP,Phenotype_E
0.8836826059406868,0.7475281241768025,Real,UMAP,Phenotype_E
0.9667939665329054,0.7492286170476348,Real,UMAP,Phenotype_E
0.7955779153092362,0.5984302252779329,Real,UMAP,Phenotype_E
0.8362019398306565,0.7995354081005263,Real,UMAP,Phenotype_E
0.8207135678323723,0.7780704877001419,Real,UMAP,Phenotype_E
0.8009503102775107,0.5229168339456977,Real,UMAP,Phenotype_E
0.8554589542377378,0.4824863255876303,Real,UMAP,Phenotype_E
0.8301937980482875,0.7126056699150289,Real,UMAP,Phenotype_E
0.8352097036004887,0.9879850532557226,Real,UMAP,Phenotype_E
0.6797229043293469,0.6042583970117578,Real,UMAP,Phenotype_E
0.9592410655710017,0.7089889374512448,Real,UMAP,Phenotype_E
0.7343186795056268,0.5949885109565224,Real,UMAP,Phenotype_E
0.9079360396677224,0.5511697445379611,Real,UMAP,Phenotype_E
0.6880049191703278,0.9488830701810176,Real,UMAP,Phenotype_E
0.017185023642333264,0.01694849659667209,Real,UMAP,Phenotype_E
0.7810908691555519,0.6638761956809094,Real,UMAP,Phenotype_E
0.7850041985361902,0.5782096761673925,Real,UMAP,Phenotype_E
0.9202550387950854,0.9119347817072307,Real,UMAP,Phenotype_E
0.9216768378122528,0.9064573457648297,Real,UMAP,Phenotype_E
0.7928766193899214,0.5550141546354924,Real,UMAP,Phenotype_E
0.5796797128802128,0.6960878179230335,Real,UMAP,Phenotype_E
0.9135662368096624,0.5622472462308458,Real,UMAP,Phenotype_E
0.6533842306477357,0.8204415405608082,Real,UMAP,Phenotype_E
0.6824751351889189,0.819184817869368,Real,UMAP,Phenotype_E
0.7978133154449268,0.6472747722901417,Real,UMAP,Phenotype_E
0.8524724515089015,0.7712583301420634,Real,UMAP,Phenotype_E
0.7429619904744914,0.6707438736340717,Real,UMAP,Phenotype_E
0.7048180621587045,0.7720355842347355,Real,UMAP,Phenotype_E
0.6622144643178741,0.733368662874282,Real,UMAP,Phenotype_E
0.01991526883786521,0.017489207397944885,Real,UMAP,Phenotype_E
0.6614815685364567,0.7326143431690469,Real,UMAP,Phenotype_E
0.8215914667276828,0.726469735049821,Real,UMAP,Phenotype_E
0.8750611193821982,0.6821998909649862,Real,UMAP,Phenotype_E
0.7643282876778946,0.8686816902256848,Real,UMAP,Phenotype_E
0.9853255091923925,0.7921359007229943,Real,UMAP,Phenotype_E
0.8273957244694288,0.6851179970303819,Real,UMAP,Phenotype_E
0.9176017879806272,0.8926082767956407,Real,UMAP,Phenotype_E
0.7245472803381371,0.9099601293769822,Real,UMAP,Phenotype_E
0.011282800056150222,0.010741530208109367,Real,UMAP,Phenotype_E
0.031697310237961185,0.008199884488654803,Real,UMAP,Phenotype_E
0.7682578442693588,0.6844763371981837,Real,UMAP,Phenotype_E
0.7913545884899851,0.5532899080112567,Real,UMAP,Phenotype_E
0.8038961770830026,0.47307789791232935,Real,UMAP,Phenotype_E
0.749286830209567,0.7136853938384496,Real,UMAP,Phenotype_E
0.85091336621437,0.75442469411359,Real,UMAP,Phenotype_E
0.8324487862606447,0.7113604065576817,Real,UMAP,Phenotype_E
0.6752748441398466,0.6142531606148126,Real,UMAP,Phenotype_E
0.7397023197952113,0.8858723890441724,Real,UMAP,Phenotype_E
0.807195749557104,0.7418139563119883,Real,UMAP,Phenotype_E
0.7542233607673909,0.6551830253717202,Real,UMAP,Phenotype_E
0.6436434102671735,0.5425931039849528,Real,UMAP,Phenotype_E
0.7402252314796348,0.6683167583785417,Real,UMAP,Phenotype_E
0.5484106923740087,0.740186605116786,Real,UMAP,Phenotype_E
0.016771399506971166,0.015286060032889074,Real,UMAP,Phenotype_E
0.7257750699798466,0.6528116584404158,Real,UMAP,Phenotype_E
0.8413600371664235,0.5850299252100037,Real,UMAP,Phenotype_E
0.8300274012410421,0.8245526277542053,Real,UMAP,Phenotype_E
0.8498722955850954,0.7318741865091036,Real,UMAP,Phenotype_E
0.7460276687523838,0.6244748394679336,Real,UMAP,Phenotype_E
0.8155621497931116,0.7457067345453274,Real,UMAP,Phenotype_E
0.9333000698143495,0.5578888991465736,Real,UMAP,Phenotype_E
0.8582902460713939,0.6130813926162465,Real,UMAP,Phenotype_E
0.6759839518231764,0.7489344627007478,Real,UMAP,Phenotype_E
0.01694860879674383,0.017689753604196362,Real,UMAP,Phenotype_E
0.8436000881972672,0.731650690196164,Real,UMAP,Phenotype_E
0.8869933982749931,0.9549333156355524,Real,UMAP,Phenotype_E
0.9667706781090003,0.7007103466720506,Real,UMAP,Phenotype_E
0.7115768121644332,0.6771780303595958,Real,UMAP,Phenotype_E
0.6045735103683559,0.5302899479636983,Real,UMAP,Phenotype_E
0.8425410420279669,0.7978614964833992,Real,UMAP,Phenotype_E
0.8582147454084716,0.8972852884691653,Real,UMAP,Phenotype_E
0.014677274555071436,0.015113871355723478,Real,UMAP,Phenotype_E
0.7835673180579152,0.4839859814460648,Real,UMAP,Phenotype_E
0.9328732059044642,0.5768305437373858,Real,UMAP,Phenotype_E
0.8640000685752424,0.7531322101257694,Real,UMAP,Phenotype_E
0.5998445429808063,0.5454841562366554,Real,UMAP,Phenotype_E
0.006477576659567545,0.006323225970114371,Real,UMAP,Phenotype_E
0.6278684013939785,0.6850004484702354,Real,UMAP,Phenotype_E
0.8292546736828419,0.7855435140153315,Real,UMAP,Phenotype_E
0.6762762293936914,0.708571355544279,Real,UMAP,Phenotype_E
0.7430362053516187,0.8784689361346003,Real,UMAP,Phenotype_E
0.7674876713086787,0.8571217843638785,Real,UMAP,Phenotype_E
0.9170289979917978,0.5965938787789826,Real,UMAP,Phenotype_E
0.8786226187289511,0.8010304346394952,Real,UMAP,Phenotype_E
0.8663624687019369,0.7817171496181275,Real,UMAP,Phenotype_E
0.7615421214090718,0.6865298687307343,Real,UMAP,Phenotype_E
0.840454521459383,0.7068097305057,Real,UMAP,Phenotype_E
0.9459843679000648,0.7520816296939924,Real,UMAP,Phenotype_E
0.9137845912448765,0.9058393276863705,Real,UMAP,Phenotype_E
0.7367608535173413,0.6070944878842457,Real,UMAP,Phenotype_E
0.013082458843397062,0.012236085169543599,Real,UMAP,Phenotype_E
0.5264445824624928,0.7155266683226373,Real,UMAP,Phenotype_E
0.665905460965665,0.6470883576906797,Real,UMAP,Phenotype_E
0.8022213116576724,0.7218574395333067,Real,UMAP,Phenotype_E
0.7354633343964759,0.986002446984389,Real,UMAP,Phenotype_E
0.7966052624029953,0.7533042416104234,Real,UMAP,Phenotype_E
0.8740738395804417,0.7951906385194402,Real,UMAP,Phenotype_E
0.8875013133686587,0.5856223759264573,Real,UMAP,Phenotype_E
0.922150838714255,0.8223949090249911,Real,UMAP,Phenotype_E
0.6768085253517918,0.8340565498802807,Real,UMAP,Phenotype_E
0.7793025235858945,0.6932542342711051,Real,UMAP,Phenotype_E
0.7515445682212482,0.7467632096962881,Real,UMAP,Phenotype_E
0.7909706010806712,0.7654849950158971,Real,UMAP,Phenotype_E
0.7104670665700955,0.7860507585308926,Real,UMAP,Phenotype_E
0.9422256468351252,0.6756777378714895,Real,UMAP,Phenotype_E
0.6475471217154538,0.5065576235837308,Real,UMAP,Phenotype_E
0.013316904696877909,0.01171775858191731,Real,UMAP,Phenotype_E
0.6979942091687475,0.9322126785758019,Real,UMAP,Phenotype_E
0.6740501427179797,0.8727940349591744,Real,UMAP,Phenotype_E
0.7104982161101236,0.6773046646469105,Real,UMAP,Phenotype_E
0.8292490043434948,0.46162925291020707,Real,UMAP,Phenotype_E
0.6926571595184049,0.9626646406857416,Real,UMAP,Phenotype_E
0.7543783425126275,0.8733189007552817,Real,UMAP,Phenotype_E
0.8791742081044733,0.8511956895549757,Real,UMAP,Phenotype_E
0.87801389463414,0.8536179632811497,Real,UMAP,Phenotype_E
0.7534663002757098,0.619455085242198,Real,UMAP,Phenotype_E
0.881235912582861,0.7554134350113183,Real,UMAP,Phenotype_E
0.5785292783185623,0.7447139066422985,Real,UMAP,Phenotype_E
0.8216950340151874,0.81826813401894,Real,UMAP,Phenotype_E
0.8324803240825218,0.7023106921937664,Real,UMAP,Phenotype_E
0.6926430307269705,0.4663858079243951,Real,UMAP,Phenotype_E
0.8183987799717517,0.9938374247767026,Real,UMAP,Phenotype_E
0.8909979378202476,0.5245741956474902,Real,UMAP,Phenotype_E
0.8501922568027405,0.47824891063231595,Real,UMAP,Phenotype_E
0.6771006618253508,0.9289547380196592,Real,UMAP,Phenotype_E
0.881732013723875,0.7872315258007457,Real,UMAP,Phenotype_E
0.8892567886519516,0.7716551469182518,Real,UMAP,Phenotype_E
0.6544841567426353,0.5423979760080843,Real,UMAP,Phenotype_E
0.020437527020597524,0.017767563897419812,Real,UMAP,Phenotype_E
0.9172677213108938,0.5569228961456427,Real,UMAP,Phenotype_E
0.7861985619907461,0.6982679365851455,Real,UMAP,Phenotype_E
0.983004339081489,0.7803726506282309,Real,UMAP,Phenotype_E
0.8595592275372372,0.4863297335829005,Real,UMAP,Phenotype_E
0.6951816291253992,0.6866349833632162,Real,UMAP,Phenotype_E
0.5846274505676893,0.7451934695565734,Real,UMAP,Phenotype_E
0.8259555764826977,0.8173304806874695,Real,UMAP,Phenotype_E
0.9240438548859605,0.7771959628813149,Real,UMAP,Phenotype_E
0.689233560167731,0.6705249044654651,Real,UMAP,Phenotype_E
0.8265948199551918,0.6423617046220037,Real,UMAP,Phenotype_E
0.7722773379701966,0.8532788361567047,Real,UMAP,Phenotype_E
0.8200633166755469,0.701825548945331,Real,UMAP,Phenotype_E
0.6994215003584074,0.6155948930165057,Real,UMAP,Phenotype_E
0.8303006667923879,0.46335393770856886,Real,UMAP,Phenotype_E
0.9199493018480179,0.686898343697088,Real,UMAP,Phenotype_E
0.6724220159245632,0.5463106646379191,Real,UMAP,Phenotype_E
0.9354336934269103,0.7828900415431513,Real,UMAP,Phenotype_E
0.7525394905979778,0.9612848048192457,Real,UMAP,Phenotype_E
0.7927349877506624,0.5201828445217356,Real,UMAP,Phenotype_E
0.8214111851312579,0.4638765163536329,Diffusion,UMAP,Phenotype_E
0.9431147146684311,0.6880653094644259,Diffusion,UMAP,Phenotype_E
0.8094020476499485,0.7069931898859446,Diffusion,UMAP,Phenotype_E
0.8390165122054596,0.7747376920699931,Diffusion,UMAP,Phenotype_E
0.836536668489116,0.7100597014015064,Diffusion,UMAP,Phenotype_E
0.6628359815569941,0.5483225047865906,Diffusion,UMAP,Phenotype_E
0.7409060486928354,0.645099943156044,Diffusion,UMAP,Phenotype_E
0.9524466678967209,0.7477352095915349,Diffusion,UMAP,Phenotype_E
0.7431917514846794,0.6433377915225512,Diffusion,UMAP,Phenotype_E
0.7560610499582523,0.7812673904040448,Diffusion,UMAP,Phenotype_E
0.9199274052978449,0.8077920390858552,Diffusion,UMAP,Phenotype_E
0.7224062645181342,0.9014686842178813,Diffusion,UMAP,Phenotype_E
0.8360849545408947,0.9863131537027435,Diffusion,UMAP,Phenotype_E
0.8655215053827322,0.6880533313950449,Diffusion,UMAP,Phenotype_E
0.6647739694660246,0.829769564266445,Diffusion,UMAP,Phenotype_E
0.6827524316840365,0.9617561308459148,Diffusion,UMAP,Phenotype_E
0.7690528078591301,0.5724636218016079,Diffusion,UMAP,Phenotype_E
0.6618285800562487,0.659081604008736,Diffusion,UMAP,Phenotype_E
0.8359050633480776,0.8741604151466805,Diffusion,UMAP,Phenotype_E
0.8555747173944667,0.7881059091463123,Diffusion,UMAP,Phenotype_E
0.8434861412660178,0.9071823176281562,Diffusion,UMAP,Phenotype_E
0.6251720576595575,0.5343747218674999,Diffusion,UMAP,Phenotype_E
0.6831081482494896,0.955542216548341,Diffusion,UMAP,Phenotype_E
0.9161801417300889,0.5927764311269971,Diffusion,UMAP,Phenotype_E
0.0264645439686971,0.024841761372273022,Diffusion,UMAP,Phenotype_E
0.914025317504221,0.6070649828498255,Diffusion,UMAP,Phenotype_E
0.8487079253120555,0.7785008965160511,Diffusion,UMAP,Phenotype_E
0.9329865247951272,0.7296046724656661,Diffusion,UMAP,Phenotype_E
0.7440698413382764,0.9670284305607267,Diffusion,UMAP,Phenotype_E
0.7980199662589439,0.664135107466704,Diffusion,UMAP,Phenotype_E
0.9605154447910738,0.7555879972954085,Diffusion,UMAP,Phenotype_E
0.764029297923613,0.5757104252683064,Diffusion,UMAP,Phenotype_E
0.8113664567596602,0.6777736485051574,Diffusion,UMAP,Phenotype_E
0.8802167724518993,0.5700644475150081,Diffusion,UMAP,Phenotype_E
0.722115982461712,0.9127592249918739,Diffusion,UMAP,Phenotype_E
0.8984664097584607,0.94217764633829,Diffusion,UMAP,Phenotype_E
0.5295692541203282,0.7103001430671925,Diffusion,UMAP,Phenotype_E
0.8901294255855927,0.6897871490783284,Diffusion,UMAP,Phenotype_E
0.6545622756558399,0.5458863991018523,Diffusion,UMAP,Phenotype_E
0.6200493639900878,0.7511521189346209,Diffusion,UMAP,Phenotype_E
0.6635586228784323,0.5471248226200401,Diffusion,UMAP,Phenotype_E
0.769409560373287,0.6983420842928495,Diffusion,UMAP,Phenotype_E
0.8200456551558143,0.6978130057374323,Diffusion,UMAP,Phenotype_E
0.8873298073663729,0.7582397092114592,Diffusion,UMAP,Phenotype_E
0.7182733458386964,0.9148583109142754,Diffusion,UMAP,Phenotype_E
0.921566591228242,0.5646693254312868,Diffusion,UMAP,Phenotype_E
0.7541088282307299,0.4458939995562769,Diffusion,UMAP,Phenotype_E
0.6934908399007425,0.4665265423799971,Diffusion,UMAP,Phenotype_E
0.7572673886191238,0.6589415454809338,Diffusion,UMAP,Phenotype_E
0.7747644890236328,0.7409388341616173,Diffusion,UMAP,Phenotype_E
0.7093276927367446,0.7558747164364986,Diffusion,UMAP,Phenotype_E
0.8938904042018292,0.950089617022767,Diffusion,UMAP,Phenotype_E
0.5793884548147713,0.7422689185982038,Diffusion,UMAP,Phenotype_E
0.7383597260317222,0.9751308242537104,Diffusion,UMAP,Phenotype_E
0.7552568864225943,0.6174433040407183,Diffusion,UMAP,Phenotype_E
0.8231089910120603,0.46470453576791415,Diffusion,UMAP,Phenotype_E
0.6961830653014536,0.7777870696017946,Diffusion,UMAP,Phenotype_E
0.8355472839026917,0.7771681398067682,Diffusion,UMAP,Phenotype_E
0.6728363413011881,0.7400248697416393,Diffusion,UMAP,Phenotype_E
0.7737469359682069,0.995728073428772,Diffusion,UMAP,Phenotype_E
0.8973433034493516,0.7659271461124201,Diffusion,UMAP,Phenotype_E
0.795153614483906,0.7314366725916716,Diffusion,UMAP,Phenotype_E
0.6286891316218605,0.6816094916108085,Diffusion,UMAP,Phenotype_E
0.6941659612526117,0.7818459531621018,Diffusion,UMAP,Phenotype_E
0.5425314601655074,0.6938173764437778,Diffusion,UMAP,Phenotype_E
0.7060268217462957,0.6836202824994653,Diffusion,UMAP,Phenotype_E
0.7076179646935952,0.6225299436801238,Diffusion,UMAP,Phenotype_E
0.8922400832815766,0.7430737914151574,Diffusion,UMAP,Phenotype_E
0.6771798535528171,0.6697480590733231,Diffusion,UMAP,Phenotype_E
0.6788900075390332,0.8486708948727607,Diffusion,UMAP,Phenotype_E
0.7721874432959978,0.47517083760752865,Diffusion,UMAP,Phenotype_E
0.7309369440461667,0.8544112510100011,Diffusion,UMAP,Phenotype_E
0.8124748974723742,0.7026506995962762,Diffusion,UMAP,Phenotype_E
0.79930398675072,0.6908136476173341,Diffusion,UMAP,Phenotype_E
0.7854859650751722,0.5489408588640433,Diffusion,UMAP,Phenotype_E
0.6786268203416914,0.7450593843442106,Diffusion,UMAP,Phenotype_E
0.5857747194653032,0.6477847598150297,Diffusion,UMAP,Phenotype_E
0.6891413336806794,0.9763703186458833,Diffusion,UMAP,Phenotype_E
0.7390080379010612,0.8996471373938947,Diffusion,UMAP,Phenotype_E
0.7763463704940422,0.8540509657734998,Diffusion,UMAP,Phenotype_E
0.738618406613505,0.7096062638826531,Diffusion,UMAP,Phenotype_E
0.6980022145644649,0.5497252436020211,Diffusion,UMAP,Phenotype_E
0.8457294173701428,0.6190871761688859,Diffusion,UMAP,Phenotype_E
0.5319317900395818,0.7249004193298877,Diffusion,UMAP,Phenotype_E
0.7416359167245341,0.6391587814449079,Diffusion,UMAP,Phenotype_E
0.6295545630628283,0.5322833746061266,Diffusion,UMAP,Phenotype_E
0.9352261854223632,0.5782323472573726,Diffusion,UMAP,Phenotype_E
0.8275773979395855,0.4635734727702171,Diffusion,UMAP,Phenotype_E
0.8201541703846952,0.790954394648337,Diffusion,UMAP,Phenotype_E
0.6865271592968933,0.7455528587957588,Diffusion,UMAP,Phenotype_E
0.7104478200965858,0.7883274405528574,Diffusion,UMAP,Phenotype_E
0.8341596706623061,0.49645398451735495,Diffusion,UMAP,Phenotype_E
0.8992676537540957,0.9216427082748119,Diffusion,UMAP,Phenotype_E
0.7020987843340877,0.4624987239897873,Diffusion,UMAP,Phenotype_E
0.6135322929133767,0.5209321144175367,Diffusion,UMAP,Phenotype_E
0.7019648610443229,0.8575948709466771,Diffusion,UMAP,Phenotype_E
0.6658779969205643,0.8283634143735135,Diffusion,UMAP,Phenotype_E
0.9538627296782616,0.7058950115616665,Diffusion,UMAP,Phenotype_E
0.9771889887850623,0.7811488515310755,Diffusion,UMAP,Phenotype_E
0.6924539523188192,0.7523898213321619,Diffusion,UMAP,Phenotype_E
0.7396142371029744,0.6301048228831804,Diffusion,UMAP,Phenotype_E
0.7354103965159703,0.6239496514271775,Diffusion,UMAP,Phenotype_E
0.7386754861670666,0.7296051283239496,Diffusion,UMAP,Phenotype_E
0.8388837580047592,0.7512151374125062,Diffusion,UMAP,Phenotype_E
0.8867129357180091,0.7131706826785893,Diffusion,UMAP,Phenotype_E
0.6871257148629539,0.7144606201477226,Diffusion,UMAP,Phenotype_E
0.8633814146495389,0.8857264200779355,Diffusion,UMAP,Phenotype_E
0.7607387217065594,0.7269426330016058,Diffusion,UMAP,Phenotype_E
0.8302167469907945,0.7391139548563856,Diffusion,UMAP,Phenotype_E
0.8421522679309407,0.6782711785235039,Diffusion,UMAP,Phenotype_E
0.7032194018201974,0.9749782217634856,Diffusion,UMAP,Phenotype_E
0.9046508951530373,0.5479361413124211,Diffusion,UMAP,Phenotype_E
0.9174257499016777,0.9067959698732377,Diffusion,UMAP,Phenotype_E
0.7824977649393458,0.6741024016783633,Diffusion,UMAP,Phenotype_E
0.8402123693781668,0.4708180551381657,Diffusion,UMAP,Phenotype_E
0.7356360158531023,0.679341879596761,Diffusion,UMAP,Phenotype_E
0.8843027026623319,0.5849497216607917,Diffusion,UMAP,Phenotype_E
0.8406698884582945,0.8016150335899962,Diffusion,UMAP,Phenotype_E
0.8501662016054414,0.605171017435762,Diffusion,UMAP,Phenotype_E
0.6629524130677253,0.8429232135644814,Diffusion,UMAP,Phenotype_E
0.7690608875164033,0.8548628022187157,Diffusion,UMAP,Phenotype_E
0.7859234377787461,0.7976441935554152,Diffusion,UMAP,Phenotype_E
0.6615350601959928,0.6816177284984144,Diffusion,UMAP,Phenotype_E
0.6759190376754758,0.6241398936642961,Diffusion,UMAP,Phenotype_E
0.748945965424838,0.9655847116575318,Diffusion,UMAP,Phenotype_E
0.8278656006724447,0.4654145546935781,Diffusion,UMAP,Phenotype_E
0.8772706849834987,0.7766078113800525,Diffusion,UMAP,Phenotype_E
0.7207334317376746,0.6793207843617093,Diffusion,UMAP,Phenotype_E
0.5956649413656216,0.7519003710089096,Diffusion,UMAP,Phenotype_E
0.7788875669860451,0.5573839083786469,Diffusion,UMAP,Phenotype_E
0.8566823772999652,0.7595018707637994,Diffusion,UMAP,Phenotype_E
0.6739141735223521,0.8237359812181357,Diffusion,UMAP,Phenotype_E
0.73356992357764506,0.6588394725235507,Diffusion,UMAP,Phenotype_E
0.8498872327666087,0.6290521517909996,Diffusion,UMAP,Phenotype_E
0.6978035585373715,0.9485977028955269,Diffusion,UMAP,Phenotype_E
0.8506760517430757,0.6712302901418509,Diffusion,UMAP,Phenotype_E
0.8467189207750564,0.6223659997501897,Diffusion,UMAP,Phenotype_E
0.7901598600929263,0.585924955791964,Diffusion,UMAP,Phenotype_E
0.7566948108061682,0.6502430620648538,Diffusion,UMAP,Phenotype_E
0.7066521698208166,0.7813502780153917,Diffusion,UMAP,Phenotype_E
0.9476812996162672,0.7227518963625998,Diffusion,UMAP,Phenotype_E
0.8312920712931304,0.7012905756707303,Diffusion,UMAP,Phenotype_E
0.6918342513051786,0.9728278282053101,Diffusion,UMAP,Phenotype_E
0.8168623635475738,0.6662080837129349,Diffusion,UMAP,Phenotype_E
0.8592146878663747,0.7627828871806395,Diffusion,UMAP,Phenotype_E
0.9596172788563008,0.7474512570386483,Diffusion,UMAP,Phenotype_E
0.7523098993284888,0.44585400978133544,Diffusion,UMAP,Phenotype_E
0.6197078754082901,0.7305477332195344,Diffusion,UMAP,Phenotype_E
0.839088023961955,0.7301121213314923,Diffusion,UMAP,Phenotype_E
0.6013858903722906,0.5487515067295214,Diffusion,UMAP,Phenotype_E
0.7103652624641019,0.6647710769299837,Diffusion,UMAP,Phenotype_E
0.9232039609331597,0.5774212692660251,Diffusion,UMAP,Phenotype_E
0.8170751250267554,0.6244310220553355,Diffusion,UMAP,Phenotype_E
0.7430769346323476,0.44390966416731614,Diffusion,UMAP,Phenotype_E
0.7060770352885821,0.7757357702029082,Diffusion,UMAP,Phenotype_E
0.8529763437480002,0.7279681412277886,Diffusion,UMAP,Phenotype_E
0.7460911942089905,0.6090149402365075,Diffusion,UMAP,Phenotype_E
0.5635827610667117,0.6945059739599286,Diffusion,UMAP,Phenotype_E
0.7461382972529674,0.8331137720729331,Diffusion,UMAP,Phenotype_E
0.7428439697664656,0.6271407930255317,Diffusion,UMAP,Phenotype_E
0.6858990534664531,0.9422490746155441,Diffusion,UMAP,Phenotype_E
0.806528897759915,0.47011183241165594,Diffusion,UMAP,Phenotype_E
0.8228836602341165,0.5073979138384458,Diffusion,UMAP,Phenotype_E
0.8457132410815267,0.8060260440954548,Diffusion,UMAP,Phenotype_E
0.6285420682802331,0.7181186156457919,Diffusion,UMAP,Phenotype_E
0.634486663388408,0.5906690415101723,Diffusion,UMAP,Phenotype_E
0.8180612081565838,0.6568946396127455,Diffusion,UMAP,Phenotype_E
0.7017115697297338,0.7855940828463012,Diffusion,UMAP,Phenotype_E
0.6715258301211321,0.48939677562318884,Diffusion,UMAP,Phenotype_E
0.834191598887791,0.7959440936658617,Diffusion,UMAP,Phenotype_E
0.7933710316109801,0.5125590195003912,Diffusion,UMAP,Phenotype_E
0.7029779541628821,0.8000523513940507,Diffusion,UMAP,Phenotype_E
0.6874194850907408,0.770902666365402,Diffusion,UMAP,Phenotype_E
0.7215713227502271,0.7830610827149825,Diffusion,UMAP,Phenotype_E
0.7463756796205413,0.8026980899946621,Diffusion,UMAP,Phenotype_E
0.9290512394550713,0.8989159092686081,Diffusion,UMAP,Phenotype_E
0.8584808479023189,0.7188975202598354,Diffusion,UMAP,Phenotype_E
0.836251521088839,0.9140661549715071,Diffusion,UMAP,Phenotype_E
0.8050552599332681,0.7778808034964393,Diffusion,UMAP,Phenotype_E
0.6527877321267712,0.830375792906537,Diffusion,UMAP,Phenotype_E
0.6113945148972075,0.7511454539721306,Diffusion,UMAP,Phenotype_E
0.544342542501798,0.7398824061684102,Diffusion,UMAP,Phenotype_E
0.9924101804360604,0.7836945685365795,Diffusion,UMAP,Phenotype_E
0.7634869339550822,0.7344742921236083,Diffusion,UMAP,Phenotype_E
0.8223474069307504,0.9923050807354886,Diffusion,UMAP,Phenotype_E
0.8791224541653434,0.5891046891437915,Diffusion,UMAP,Phenotype_E
0.6722316082345626,0.7216776427385815,Diffusion,UMAP,Phenotype_E
0.7485237142184484,0.7582078934471189,Diffusion,UMAP,Phenotype_E
0.5922754148080768,0.6410230924916651,Diffusion,UMAP,Phenotype_E
0.6649608401842094,0.5575718949032246,Diffusion,UMAP,Phenotype_E
0.9141928855222896,0.5581687804134107,Diffusion,UMAP,Phenotype_E
0.9326566167725198,0.5518359401563079,Diffusion,UMAP,Phenotype_E
0.9194313720531105,0.8167177757159011,Diffusion,UMAP,Phenotype_E
0.7413881462261805,0.777933180041292,Diffusion,UMAP,Phenotype_E
0.9184585711329801,0.5796575803212078,Diffusion,UMAP,Phenotype_E
0.7559785559785305,0.7635890332569367,Diffusion,UMAP,Phenotype_E
0.819021270037253,0.8088727690413499,Diffusion,UMAP,Phenotype_E
0.9633910049990333,0.6932563249315089,Diffusion,UMAP,Phenotype_E
0.9069745604522164,0.5978559931735694,Diffusion,UMAP,Phenotype_E
0.7329115970070641,0.6908635090820017,Diffusion,UMAP,Phenotype_E
0.7339906980399532,0.7210229202086724,Diffusion,UMAP,Phenotype_E
0.7707980392912376,0.9958202825560546,Diffusion,UMAP,Phenotype_E
0.7548480489749444,0.7433754438448459,Diffusion,UMAP,Phenotype_E
0.6748136178167645,0.6708251736010519,Diffusion,UMAP,Phenotype_E
0.8804047433019896,0.6246057100934349,Diffusion,UMAP,Phenotype_E
0.6139777222122169,0.5924417682698804,Diffusion,UMAP,Phenotype_E
0.7338916840466997,0.7710783761548266,Diffusion,UMAP,Phenotype_E
0.8297589902736882,0.6428686268929161,Diffusion,UMAP,Phenotype_E
0.9181849151780266,0.5619523727282184,Diffusion,UMAP,Phenotype_E
0.7613354790820899,0.44745047264801563,Diffusion,UMAP,Phenotype_E
0.851160525646207,0.6750656616699673,Diffusion,UMAP,Phenotype_E
0.7662026748078833,0.6853108408035669,Diffusion,UMAP,Phenotype_E
0.6810085406398592,0.9100100222801522,Diffusion,UMAP,Phenotype_E
0.628623161899188,0.5218124268681489,Diffusion,UMAP,Phenotype_E
0.8098413365790018,0.6677873497188502,Diffusion,UMAP,Phenotype_E
0.9644954907534603,0.6992688127447664,Diffusion,UMAP,Phenotype_E
0.880090570242181,0.9605257536194126,Diffusion,UMAP,Phenotype_E
0.9205391507770984,0.6103859104453512,Diffusion,UMAP,Phenotype_E
0.7404174118990606,0.7507335624340833,Diffusion,UMAP,Phenotype_E
0.6955696457545559,0.6907246766557896,Diffusion,UMAP,Phenotype_E
0.6049583040459903,0.5508518226833259,Diffusion,UMAP,Phenotype_E
0.7124783601826342,0.782388613150518,Diffusion,UMAP,Phenotype_E
0.7979758676253395,0.7146762411158329,Diffusion,UMAP,Phenotype_E
0.7535424459532883,0.7390759771455921,Diffusion,UMAP,Phenotype_E
0.8961008864029043,0.5296713607992246,Diffusion,UMAP,Phenotype_E
0.6262625313192808,0.5197747629371873,Diffusion,UMAP,Phenotype_E
0.6390105118717494,0.6764713557046153,Diffusion,UMAP,Phenotype_E
0.8351989929623809,0.6608351493522207,Diffusion,UMAP,Phenotype_E
0.7392626956282774,0.6511137671056498,Diffusion,UMAP,Phenotype_E
0.6987907014856894,0.9740712209717698,Diffusion,UMAP,Phenotype_E
0.7948137341952314,0.5497159378053367,Diffusion,UMAP,Phenotype_E
0.8075731934624709,0.5509510052634026,Diffusion,UMAP,Phenotype_E
0.7184054889728804,0.7696492447167047,Diffusion,UMAP,Phenotype_E
0.5686283118319961,0.7480982142584863,Diffusion,UMAP,Phenotype_E
0.6194801258253854,0.604845880444846,Diffusion,UMAP,Phenotype_E
0.9334649219812338,0.6848040993040427,Diffusion,UMAP,Phenotype_E
0.6342422749734823,0.7301051419839789,Diffusion,UMAP,Phenotype_E
0.6848196291305763,0.6754945299992634,Diffusion,UMAP,Phenotype_E
0.9735497821462998,0.7826678342088066,Diffusion,UMAP,Phenotype_E
0.7473992627142998,0.44710691269474456,Diffusion,UMAP,Phenotype_E
0.6000186884509616,0.7569567982475928,Diffusion,UMAP,Phenotype_E
0.8997970240721167,0.7402186095121401,Diffusion,UMAP,Phenotype_E
0.63804745831126,0.6487157796225123,Diffusion,UMAP,Phenotype_E
0.6747117829452693,0.7023622041798054,Diffusion,UMAP,Phenotype_E
0.7343443018641432,0.604307763320014,Diffusion,UMAP,Phenotype_E
0.746958586155032,0.718459047468083,Diffusion,UMAP,Phenotype_E
0.9273527800725777,0.6893963999330863,Diffusion,UMAP,Phenotype_E
0.795266076184039,0.5196831000538824,Diffusion,UMAP,Phenotype_E
0.8088740182834496,0.5934260213214037,Diffusion,UMAP,Phenotype_E
0.6740311879862965,0.829686472304833,Diffusion,UMAP,Phenotype_E
0.9005980813529827,0.6125084887886056,Diffusion,UMAP,Phenotype_E
0.8169194558316878,0.46178110087637647,Diffusion,UMAP,Phenotype_E
0.6853219250114447,0.9459506438778186,Diffusion,UMAP,Phenotype_E
0.8069327363439789,0.7318468978890963,Diffusion,UMAP,Phenotype_E
0.8408701315609236,0.5866426810805073,Diffusion,UMAP,Phenotype_E
0.7930708282107005,0.5242021253936611,Diffusion,UMAP,Phenotype_E
0.8355071402273745,0.7419487646099043,Diffusion,UMAP,Phenotype_E
0.9100921539229028,0.5533127264692164,Diffusion,UMAP,Phenotype_E
0.9244576317879518,0.5690995880895988,Diffusion,UMAP,Phenotype_E
0.7960381417535131,0.6007888203176729,Diffusion,UMAP,Phenotype_E
0.5868234029649286,0.7486562948322868,Diffusion,UMAP,Phenotype_E
0.7126183156324903,0.7428361163376748,Diffusion,UMAP,Phenotype_E
0.8126658557587673,0.8195460462609387,Diffusion,UMAP,Phenotype_E
0.759268275005054,0.7263126840115189,Diffusion,UMAP,Phenotype_E
0.6380352751725881,0.5097218459644799,Diffusion,UMAP,Phenotype_E
0.7506888289741942,0.44750580441208565,Diffusion,UMAP,Phenotype_E
0.8586626741391049,0.6425968960578036,Diffusion,UMAP,Phenotype_E
0.7463884398775898,0.7653178364991015,Diffusion,UMAP,Phenotype_E
0.6917578457121547,0.9708034401644032,Diffusion,UMAP,Phenotype_E
0.9403450726566576,0.762416047016406,Diffusion,UMAP,Phenotype_E
0.6162466291618934,0.7331785070930449,Diffusion,UMAP,Phenotype_E
0.6667421659150832,0.6882690781171644,Diffusion,UMAP,Phenotype_E
0.6800386621440176,0.69292747819732,Diffusion,UMAP,Phenotype_E
0.7701444102945018,0.8573444318372557,Diffusion,UMAP,Phenotype_E
0.6883995710694971,0.6612213084761251,Diffusion,UMAP,Phenotype_E
0.7134984954184439,0.6535538507433838,Diffusion,UMAP,Phenotype_E
0.9090791923533852,0.8796565569979575,Diffusion,UMAP,Phenotype_E
0.7826478411783807,0.9970704660390137,Diffusion,UMAP,Phenotype_E
0.6710208706373882,0.8279693327470262,Diffusion,UMAP,Phenotype_E
0.8028454482079541,0.6766365493150164,Diffusion,UMAP,Phenotype_E
0.6550712388983218,0.4956230766906738,Diffusion,UMAP,Phenotype_E
0.6141581523317534,0.5269803401939114,Diffusion,UMAP,Phenotype_E
0.8404439126656945,0.5769920158150758,Diffusion,UMAP,Phenotype_E
0.7419584749748741,0.6236663826617163,Diffusion,UMAP,Phenotype_E
0.6358707884574287,0.5380296378660224,Diffusion,UMAP,Phenotype_E
0.8397920574592636,0.8706228919894727,Diffusion,UMAP,Phenotype_E
0.6760033229500119,0.8148178527056494,Diffusion,UMAP,Phenotype_E
0.9975195112690002,0.7560417334800338,Diffusion,UMAP,Phenotype_E
0.5410745502847485,0.739056139450633,Diffusion,UMAP,Phenotype_E
0.8461604059790143,0.47485132810852665,Diffusion,UMAP,Phenotype_E
0.6901933308370135,0.9515324870863994,Diffusion,UMAP,Phenotype_E
0.8003556407125783,0.637681619834878,Diffusion,UMAP,Phenotype_E
0.8544777511530062,0.7420574632316498,Diffusion,UMAP,Phenotype_E
0.7252706175964412,0.8975960266260221,Diffusion,UMAP,Phenotype_E
0.666455576779744,0.739546171386178,Diffusion,UMAP,Phenotype_E
0.6633880037712988,0.7380748651972038,Diffusion,UMAP,Phenotype_E
0.7712044409598565,0.7706535005153242,Diffusion,UMAP,Phenotype_E
0.9306286906932363,0.8999068823000006,Diffusion,UMAP,Phenotype_E
0.8876352897023919,0.858967161572618,Diffusion,UMAP,Phenotype_E
0.8570321280102876,0.5540979541520374,Diffusion,UMAP,Phenotype_E
0.7077879154467261,0.726253642504176,Diffusion,UMAP,Phenotype_E
0.8710341231424639,0.8552154164606528,Diffusion,UMAP,Phenotype_E
0.8545324076580892,0.8048977162474589,Diffusion,UMAP,Phenotype_E
0.7389502411930463,0.7244677783803142,Diffusion,UMAP,Phenotype_E
0.8016056027330969,0.5418883745873029,Diffusion,UMAP,Phenotype_E
0.8958944477647611,0.5481211470739982,Diffusion,UMAP,Phenotype_E
0.6025083346926734,0.5308665693328343,Diffusion,UMAP,Phenotype_E
0.7883859424826851,0.7220612867823011,Diffusion,UMAP,Phenotype_E
0.6223986728653707,0.7537122033356817,Diffusion,UMAP,Phenotype_E
0.7943912920305554,0.9969410337249931,Diffusion,UMAP,Phenotype_E
0.9992354878916321,0.7723198983303986,Diffusion,UMAP,Phenotype_E
0.7830903806418201,0.6633801747106738,Diffusion,UMAP,Phenotype_E
0.7428269914530465,0.6484264668049814,Diffusion,UMAP,Phenotype_E
0.7648989134728116,0.768045393801981,Diffusion,UMAP,Phenotype_E
0.8821020654217997,0.5404595536043912,Diffusion,UMAP,Phenotype_E
0.8584517034242979,0.840944254159416,Diffusion,UMAP,Phenotype_E
0.7861036599659262,0.5953040277657308,Diffusion,UMAP,Phenotype_E
0.6058803524971148,0.6149919104017775,Diffusion,UMAP,Phenotype_E
0.8524827717434016,0.8574484932799101,Diffusion,UMAP,Phenotype_E
0.537406555623433,0.727784084516,Diffusion,UMAP,Phenotype_E
0.8210669594806885,0.5588654045721831,Diffusion,UMAP,Phenotype_E
0.7382219772109533,0.7207090853593379,Diffusion,UMAP,Phenotype_E
0.8301089955950591,0.733158905186853,Diffusion,UMAP,Phenotype_E
0.5340878533725525,0.730916003835623,Diffusion,UMAP,Phenotype_E
0.7701126263486111,0.7696326294682325,Diffusion,UMAP,Phenotype_E
0.7431492441701284,0.8096707096685436,Diffusion,UMAP,Phenotype_E
0.9661643643321153,0.7892893172503597,Diffusion,UMAP,Phenotype_E
0.9227554890322897,0.6762646632711617,Diffusion,UMAP,Phenotype_E
0.6822889735359823,0.7325729701000037,Diffusion,UMAP,Phenotype_E
0.8057021077890781,0.7398252509712061,Diffusion,UMAP,Phenotype_E
0.8061684873336944,0.8071716631197224,Diffusion,UMAP,Phenotype_E
0.7894537727331596,0.771867231054852,Diffusion,UMAP,Phenotype_E
0.8830515269958154,0.5393204639640726,Diffusion,UMAP,Phenotype_E
0.7566260403619619,0.6746845327064328,Diffusion,UMAP,Phenotype_E
0.7631111365344958,0.6612043631233787,Diffusion,UMAP,Phenotype_E
0.8606189696434037,0.4851847590479302,Diffusion,UMAP,Phenotype_E
0.7427122976627215,0.6452593520820196,Diffusion,UMAP,Phenotype_E
0.8828160626981404,0.8997219610293984,Diffusion,UMAP,Phenotype_E
0.89104237593525,0.9526151976675398,Diffusion,UMAP,Phenotype_E
0.8561067356673924,0.8043356587031159,Diffusion,UMAP,Phenotype_E
0.6056220580754222,0.521667230110125,Diffusion,UMAP,Phenotype_E
0.8794496802849063,0.8454833451232957,Diffusion,UMAP,Phenotype_E
0.6664811789815525,0.8424511958907613,Diffusion,UMAP,Phenotype_E
0.7762785251366455,0.8266961677188767,Diffusion,UMAP,Phenotype_E
0.9330367340938961,0.6919731153018704,Diffusion,UMAP,Phenotype_E
0.8405053418246684,0.9079641617421659,Diffusion,UMAP,Phenotype_E
0.8292631776918625,0.7343130440452474,Diffusion,UMAP,Phenotype_E
0.9436187936222987,0.7883591620016906,Diffusion,UMAP,Phenotype_E
0.8191136768737973,0.4634121696744772,Diffusion,UMAP,Phenotype_E
0.7093055288449706,0.7348585334988718,Diffusion,UMAP,Phenotype_E
0.8088290879204201,0.6208722307513133,Diffusion,UMAP,Phenotype_E
0.7423603912455216,0.7868910939784548,Diffusion,UMAP,Phenotype_E
0.7755424361083278,0.46630545897210995,Diffusion,UMAP,Phenotype_E
0.8428283281610514,0.9050290317277679,Diffusion,UMAP,Phenotype_E
0.7270609151841373,0.9521850246403978,Diffusion,UMAP,Phenotype_E
0.8218447792598592,0.6587093957202327,Diffusion,UMAP,Phenotype_E
0.8900418224108305,0.5407822000764522,Diffusion,UMAP,Phenotype_E
0.9593107101798081,0.6931755279805657,Diffusion,UMAP,Phenotype_E
0.6966039755563209,0.6774338926106661,Diffusion,UMAP,Phenotype_E
0.7199323405086687,0.6189294020450306,Diffusion,UMAP,Phenotype_E
0.7309932852276876,0.7424033024763386,Diffusion,UMAP,Phenotype_E
0.7103879822566652,0.9415697200190731,Diffusion,UMAP,Phenotype_E
0.7501892142007106,0.8706636362884698,Diffusion,UMAP,Phenotype_E
0.9780442782192639,0.745273810649233,Diffusion,UMAP,Phenotype_E
0.7241417782952229,0.7432229828278814,Diffusion,UMAP,Phenotype_E
0.7701033839675496,0.8205702497892756,Diffusion,UMAP,Phenotype_E
0.8960311229756087,0.8635854775623252,Diffusion,UMAP,Phenotype_E
0.8098453933817084,0.7443156436950037,Diffusion,UMAP,Phenotype_E
0.8685486440349129,0.7682750834998762,Diffusion,UMAP,Phenotype_E
0.7044539259241405,0.9787340853192538,Diffusion,UMAP,Phenotype_E
0.8527917167896806,0.48416572715322376,Diffusion,UMAP,Phenotype_E
0.6844578265654039,0.6405425864223208,Diffusion,UMAP,Phenotype_E
0.7484471696502272,0.7416325875921475,Diffusion,UMAP,Phenotype_E
0.8631736520339434,0.5976117160106011,Diffusion,UMAP,Phenotype_E
0.749426641379829,0.7994287372621799,Diffusion,UMAP,Phenotype_E
0.7012395420633577,0.6441759655730794,Diffusion,UMAP,Phenotype_E
0.6086074150545402,0.65644694748019,Diffusion,UMAP,Phenotype_E
0.9653260150196755,0.7964252285052523,Diffusion,UMAP,Phenotype_E
0.824133291260272,0.7897874288809991,Diffusion,UMAP,Phenotype_E
0.8034647726094186,0.99611196898051,Diffusion,UMAP,Phenotype_E
0.785034760349048,0.6796174537887812,Diffusion,UMAP,Phenotype_E
0.7991595374158574,0.5257173128546911,Diffusion,UMAP,Phenotype_E
0.9503025712830309,0.6986200320917944,Diffusion,UMAP,Phenotype_E
0.834017207293622,0.652614955591072,Diffusion,UMAP,Phenotype_E
0.8770901318019554,0.6922035280853188,Diffusion,UMAP,Phenotype_E
0.8149099466182476,0.6201727083556088,Diffusion,UMAP,Phenotype_E
0.7469538079543547,0.8739001986630399,Diffusion,UMAP,Phenotype_E
0.7920000190109583,0.5642544197268302,Diffusion,UMAP,Phenotype_E
0.6828567869396923,0.9464683416953986,Diffusion,UMAP,Phenotype_E
0.7389447331073632,0.604065105239915,Diffusion,UMAP,Phenotype_E
0.906905628754346,0.5475803478519377,Diffusion,UMAP,Phenotype_E
0.7345104313297877,0.9847376445978545,Diffusion,UMAP,Phenotype_E
0.8929709527833994,0.9498626939130752,Diffusion,UMAP,Phenotype_E
0.9569597166280874,0.6921127494098914,Diffusion,UMAP,Phenotype_E
0.9070641835412968,0.5995330722198045,Diffusion,UMAP,Phenotype_E
0.9529237920275849,0.7025664129715764,Diffusion,UMAP,Phenotype_E
0.7849468431539927,0.7425102719804568,Diffusion,UMAP,Phenotype_E
0.7618099976932239,0.6425321170237887,Diffusion,UMAP,Phenotype_E
0.8319699307746508,0.8369360966225899,Diffusion,UMAP,Phenotype_E
0.6377171429109749,0.6602824211834389,Diffusion,UMAP,Phenotype_E
0.8577161660532521,0.8060379907263334,GAN,UMAP,Phenotype_E
0.7904737445935466,0.6412316397967551,GAN,UMAP,Phenotype_E
0.8338490621571768,0.580522991904177,GAN,UMAP,Phenotype_E
0.8345534521099532,0.4675593286194652,GAN,UMAP,Phenotype_E
0.5850591775486015,0.7468300479522044,GAN,UMAP,Phenotype_E
0.9855284511721359,0.7639508432608002,GAN,UMAP,Phenotype_E
0.7862668995961699,0.5072288297133836,GAN,UMAP,Phenotype_E
0.8156015550963881,0.7660152839536533,GAN,UMAP,Phenotype_E
0.8954903291085439,0.6668148939653198,GAN,UMAP,Phenotype_E
0.9118184507800349,0.9083100167061058,GAN,UMAP,Phenotype_E
0.55670986680617085,0.6894817397476136,GAN,UMAP,Phenotype_E
0.754277694765146,0.8826256405948529,GAN,UMAP,Phenotype_E
0.8791908596670468,0.5573595690831379,GAN,UMAP,Phenotype_E
0.7987136795217522,0.6102101613577987,GAN,UMAP,Phenotype_E
0.759329169480826,0.8745035349609193,GAN,UMAP,Phenotype_E
0.8606341274878258,0.7069819820598702,GAN,UMAP,Phenotype_E
0.8594175619498385,0.852294685280314,GAN,UMAP,Phenotype_E
0.6039509863547149,0.6027350522418309,GAN,UMAP,Phenotype_E
0.9238062009332683,0.6941356755604409,GAN,UMAP,Phenotype_E
0.7092137394402189,0.6806823230198593,GAN,UMAP,Phenotype_E
0.7983766339027512,0.7108110658875242,GAN,UMAP,Phenotype_E
0.8771052726723076,0.8487260065673145,GAN,UMAP,Phenotype_E
0.8257939154409549,0.7489787123927527,GAN,UMAP,Phenotype_E
0.5678976545060469,0.6916927310189964,GAN,UMAP,Phenotype_E
0.7904240360298397,0.4704672211014221,GAN,UMAP,Phenotype_E
0.771300276558521,0.7053148297207402,GAN,UMAP,Phenotype_E
0.7506662874093648,0.7272352940196329,GAN,UMAP,Phenotype_E
0.8019357653667528,0.6733323784412231,GAN,UMAP,Phenotype_E
0.9889221109157018,0.7685685933574657,GAN,UMAP,Phenotype_E
0.8022429705708668,0.6321383359493835,GAN,UMAP,Phenotype_E
0.8388686850306866,0.7759832540931122,GAN,UMAP,Phenotype_E
0.8832768407996892,0.7490792841616504,GAN,UMAP,Phenotype_E
0.9618608095714744,0.7521187585652235,GAN,UMAP,Phenotype_E
0.913381389188434,0.5890372456967057,GAN,UMAP,Phenotype_E
0.7983742066107552,0.6530525638240109,GAN,UMAP,Phenotype_E
0.7960832758053814,0.7374259745094737,GAN,UMAP,Phenotype_E
0.9774465533217491,0.7512619336231984,GAN,UMAP,Phenotype_E
0.6821916386495498,0.8948245968931655,GAN,UMAP,Phenotype_E
0.6892005355234183,0.9752553521613703,GAN,UMAP,Phenotype_E
0.8978151656185461,0.6623811141245615,GAN,UMAP,Phenotype_E
0.7523358102461936,0.5851785035719326,GAN,UMAP,Phenotype_E
0.8158448274662178,0.7592035193768537,GAN,UMAP,Phenotype_E
0.851037209028372,0.5771378550974906,GAN,UMAP,Phenotype_E
0.747130656545142,0.6987342638899469,GAN,UMAP,Phenotype_E
0.668394725290804,0.840722927103136,GAN,UMAP,Phenotype_E
0.7873395674565663,0.7408632402828069,GAN,UMAP,Phenotype_E
0.7401772839756803,0.711290817432813,GAN,UMAP,Phenotype_E
0.8469348139701348,0.8499216756872637,GAN,UMAP,Phenotype_E
0.8217407706465373,0.6142679995879041,GAN,UMAP,Phenotype_E
0.8686257742085458,0.6919094366154365,GAN,UMAP,Phenotype_E
0.6001092620879566,0.625744577699331,GAN,UMAP,Phenotype_E
0.7410727807379612,0.6316484690659756,GAN,UMAP,Phenotype_E
0.5553691698949933,0.7056991968500129,GAN,UMAP,Phenotype_E
0.9369274625004604,0.8825844561568236,GAN,UMAP,Phenotype_E
0.7122339887417783,0.6824352081547954,GAN,UMAP,Phenotype_E
0.9162323030468965,0.905521170042968,GAN,UMAP,Phenotype_E
0.6847645506607242,0.8474771120629502,GAN,UMAP,Phenotype_E
0.8815959326054739,0.5495403164366998,GAN,UMAP,Phenotype_E
0.8834023810206814,0.5131708265097373,GAN,UMAP,Phenotype_E
0.9296338744044436,0.5783579165654216,GAN,UMAP,Phenotype_E
0.5498031941465259,0.7275521784036918,GAN,UMAP,Phenotype_E
0.6690501376257587,0.8678509278020767,GAN,UMAP,Phenotype_E
0.7597570093997307,0.8488599031486634,GAN,UMAP,Phenotype_E
0.8425317911598704,0.6732838688321549,GAN,UMAP,Phenotype_E
0.67289427751484,0.5413221033011968,GAN,UMAP,Phenotype_E
0.8790497202758151,0.7701956773253983,GAN,UMAP,Phenotype_E
0.6983144875893239,0.6193683071161898,GAN,UMAP,Phenotype_E
0.7983933448745693,0.6064068728212921,GAN,UMAP,Phenotype_E
0.9908966705192147,0.7464674677050342,GAN,UMAP,Phenotype_E
0.8989726953414156,0.9208156870329791,GAN,UMAP,Phenotype_E
0.6878353264639838,0.7651169601885757,GAN,UMAP,Phenotype_E
0.9971080598145854,0.7614109895359774,GAN,UMAP,Phenotype_E
0.97719282492486,0.7776975484664598,GAN,UMAP,Phenotype_E
0.7301575287044253,0.8937106678792287,GAN,UMAP,Phenotype_E
0.6115861563899141,0.715509329988612,GAN,UMAP,Phenotype_E
0.8000989248793865,0.688309067892106,GAN,UMAP,Phenotype_E
0.9048445013943349,0.8956313088625044,GAN,UMAP,Phenotype_E
0.92723335051675,0.5800589321013548,GAN,UMAP,Phenotype_E
0.6673955721271514,0.6567746231301675,GAN,UMAP,Phenotype_E
0.8166979017842972,0.7638230771874022,GAN,UMAP,Phenotype_E
0.6716204653347906,0.8417032739207468,GAN,UMAP,Phenotype_E
0.9002962823901324,0.8123442084666967,GAN,UMAP,Phenotype_E
0.6160402074978201,0.55915828369482,GAN,UMAP,Phenotype_E
0.9262697834906461,0.6785053796464809,GAN,UMAP,Phenotype_E
0.6926416070268575,0.7849147125305791,GAN,UMAP,Phenotype_E
0.9230447781056225,0.8135590236345543,GAN,UMAP,Phenotype_E
0.8390460301130185,0.5781235464604947,GAN,UMAP,Phenotype_E
0.5947920073857573,0.7537005396513238,GAN,UMAP,Phenotype_E
0.7198447033857668,0.724843515640702,GAN,UMAP,Phenotype_E
0.8308906684880976,0.8340540662385979,GAN,UMAP,Phenotype_E
0.657576800452325,0.6549490285990083,GAN,UMAP,Phenotype_E
0.6057324234779224,0.6472980289222274,GAN,UMAP,Phenotype_E
0.662688053598681,0.664058444678815,GAN,UMAP,Phenotype_E
0.845883592847059,0.4753880776585081,GAN,UMAP,Phenotype_E
0.7236731921215194,0.6390238709718594,GAN,UMAP,Phenotype_E
0.9214845385743377,0.5828930502078227,GAN,UMAP,Phenotype_E
0.6985675115623121,0.7797379387050437,GAN,UMAP,Phenotype_E
0.5480129899162143,0.728364549303447,GAN,UMAP,Phenotype_E
0.7607343339094899,0.8528488831990789,GAN,UMAP,Phenotype_E
0.707514522589856,0.7236582998227717,GAN,UMAP,Phenotype_E
1,0.7609951053081364,GAN,UMAP,Phenotype_E
0.7382119922143336,0.5906603409046574,GAN,UMAP,Phenotype_E
0.760612341269107,0.6189124331134074,GAN,UMAP,Phenotype_E
0.79406017036195,0.4839019227505067,GAN,UMAP,Phenotype_E
0.5285212410964638,0.7147775831280373,GAN,UMAP,Phenotype_E
0.7448308610317621,0.5989821989226591,GAN,UMAP,Phenotype_E
0.8250874546516505,0.5165179423776894,GAN,UMAP,Phenotype_E
0.7531100060614404,0.7980450658984019,GAN,UMAP,Phenotype_E
0.9787123776105907,0.7381230761405001,GAN,UMAP,Phenotype_E
0.8298400414574684,0.5798432757649294,GAN,UMAP,Phenotype_E
0.9400121602236775,0.6815385820688427,GAN,UMAP,Phenotype_E
0.9453349909078395,0.7948401306571581,GAN,UMAP,Phenotype_E
0.7029977947288384,0.7835476092575198,GAN,UMAP,Phenotype_E
0.7836823683037082,0.49765398822081053,GAN,UMAP,Phenotype_E
0.8024743526047304,0.6807432665565921,GAN,UMAP,Phenotype_E
0.7089649250365664,0.7236591958200876,GAN,UMAP,Phenotype_E
0.6563017698523205,0.6526377170667462,GAN,UMAP,Phenotype_E
0.8864531815263049,0.7669735609426407,GAN,UMAP,Phenotype_E
0.9055389275680792,0.6906703037660402,GAN,UMAP,Phenotype_E
0.8875211560563736,0.7483414696701293,GAN,UMAP,Phenotype_E
0.7147668000432499,0.7726110660195659,GAN,UMAP,Phenotype_E
0.6295189429771398,0.5784516976178198,GAN,UMAP,Phenotype_E
0.6687058568094622,0.6646222942177897,GAN,UMAP,Phenotype_E
0.9537113718969491,0.7848799101085191,GAN,UMAP,Phenotype_E
0.75533091882847,0.7504956044100799,GAN,UMAP,Phenotype_E
0.7087733111267235,0.7229154394516295,GAN,UMAP,Phenotype_E
0.6865182431362378,0.9514567831728309,GAN,UMAP,Phenotype_E
0.7068220738952554,0.6556083254310038,GAN,UMAP,Phenotype_E
0.644439044332706,0.6624275409328514,GAN,UMAP,Phenotype_E
0.8504779643473241,0.8878468841819094,GAN,UMAP,Phenotype_E
0.8506592304398033,0.4786441397641376,GAN,UMAP,Phenotype_E
0.7904382008911727,0.7256159124847669,GAN,UMAP,Phenotype_E
0.8149581190286282,0.7217200218396987,GAN,UMAP,Phenotype_E
0.6926799238679017,0.7340315122570389,GAN,UMAP,Phenotype_E
0.9422474415408789,0.8026102822577033,GAN,UMAP,Phenotype_E
0.8360677767821543,0.6988651109365716,GAN,UMAP,Phenotype_E
0.5447410172797729,0.6943998375761217,GAN,UMAP,Phenotype_E
0.943935105414915,0.7958613160892729,GAN,UMAP,Phenotype_E
0.7996984386741283,0.8248230617510975,GAN,UMAP,Phenotype_E
0.8891347281152893,0.5863021313638327,GAN,UMAP,Phenotype_E
0.8073562733361634,0.7324433648742203,GAN,UMAP,Phenotype_E
0.6692714625232057,0.8502523458545866,GAN,UMAP,Phenotype_E
0.909262410463903,0.5526859861712717,GAN,UMAP,Phenotype_E
0.8463226271650638,0.7437826510460486,GAN,UMAP,Phenotype_E
0.7376378570304646,0.6285365289145722,GAN,UMAP,Phenotype_E
0.7606693486828716,0.8610459067840233,GAN,UMAP,Phenotype_E
0.7438490638545838,0.9723631042641266,GAN,UMAP,Phenotype_E
0.8464770063308189,0.6889655509781446,GAN,UMAP,Phenotype_E
0.8434524477372631,0.8612515145891471,GAN,UMAP,Phenotype_E
0.6377921470823525,0.5535836890259286,GAN,UMAP,Phenotype_E
0.6059457620754807,0.7285635078653316,GAN,UMAP,Phenotype_E
0.7142135705482234,0.734319536095975,GAN,UMAP,Phenotype_E
0.8508616122752399,0.8835007313067216,GAN,UMAP,Phenotype_E
0.7796780579083974,0.7601498182964601,GAN,UMAP,Phenotype_E
0.6731514855960589,0.8892788450852394,GAN,UMAP,Phenotype_E
0.9425697112320306,0.7507394257147646,GAN,UMAP,Phenotype_E
0.9358242328272062,0.8214092176619872,GAN,UMAP,Phenotype_E
0.948098420410029,0.7039146374239971,GAN,UMAP,Phenotype_E
0.8739729796570864,0.7202374606668968,GAN,UMAP,Phenotype_E
0.6570953203507726,0.6915738306032505,GAN,UMAP,Phenotype_E
0.7818265592932269,0.8250308388128809,GAN,UMAP,Phenotype_E
0.7362808650121815,0.6087038090983717,GAN,UMAP,Phenotype_E
0.9734491259117833,0.7585706308868007,GAN,UMAP,Phenotype_E
0.7912075336353925,0.4974965756397318,GAN,UMAP,Phenotype_E
0.8420942845081568,0.7039371002338993,GAN,UMAP,Phenotype_E
0.5864063585544814,0.6978813687607109,GAN,UMAP,Phenotype_E
0.8259015480182009,0.6364123296021386,GAN,UMAP,Phenotype_E
0.7617259336120362,0.8495818569157678,GAN,UMAP,Phenotype_E
0.8058745813133483,0.8389816427755532,GAN,UMAP,Phenotype_E
0.738897502757862,0.6690952071343016,GAN,UMAP,Phenotype_E
0.784762207708638,0.7322537435475225,GAN,UMAP,Phenotype_E
0.7805704102242291,0.8058230142475206,GAN,UMAP,Phenotype_E
0.7682847057349781,0.8461682957731782,GAN,UMAP,Phenotype_E
0.7619861291295578,0.7888018632720043,GAN,UMAP,Phenotype_E
0.6865511144834816,0.7471736236247266,GAN,UMAP,Phenotype_E
0.6638983111479411,0.541017755019935,GAN,UMAP,Phenotype_E
0.7856246347392333,0.7266490288285092,GAN,UMAP,Phenotype_E
0.7714835540782834,0.8373980854140722,GAN,UMAP,Phenotype_E
0.7004500717069583,0.7265916692810401,GAN,UMAP,Phenotype_E
0.8093913200377707,0.4667451578654526,GAN,UMAP,Phenotype_E
0.7940551120891193,0.5274448750128543,GAN,UMAP,Phenotype_E
0.6187173493156649,0.5212582653001523,GAN,UMAP,Phenotype_E
0.593455749193859,0.6529450913038556,GAN,UMAP,Phenotype_E
0.6286037096150807,0.6650923155466129,GAN,UMAP,Phenotype_E
0.6513010773102685,0.543256533015096,GAN,UMAP,Phenotype_E
0.8941798290677213,0.5245561170349807,GAN,UMAP,Phenotype_E
0.7675458244721616,0.7411408422582264,GAN,UMAP,Phenotype_E
0.6890595679946443,0.9577826814156418,GAN,UMAP,Phenotype_E
0.7927441537484093,0.6231247994420043,GAN,UMAP,Phenotype_E
0.7072710974533972,0.8300574151936183,GAN,UMAP,Phenotype_E
0.917142113193622,0.5603938973968637,GAN,UMAP,Phenotype_E
0.9749629413618873,0.7914117462607281,GAN,UMAP,Phenotype_E
0.5496303641667879,0.739657840946392,GAN,UMAP,Phenotype_E
0.8510798478919648,0.6016630779092302,GAN,UMAP,Phenotype_E
0.5499010496595086,0.6829086248418683,GAN,UMAP,Phenotype_E
0.7893842724039476,0.7092311711115626,GAN,UMAP,Phenotype_E
0.9960925012123729,0.7736956943493474,GAN,UMAP,Phenotype_E
0.7035651975722327,0.6493273292291207,GAN,UMAP,Phenotype_E
0.8136245257657045,0.7590472543011093,GAN,UMAP,Phenotype_E
0.7755208535784479,0.7140156553052426,GAN,UMAP,Phenotype_E
0.7634119085661172,0.7335397983616202,GAN,UMAP,Phenotype_E
0.6700087885368674,0.7562122087588233,GAN,UMAP,Phenotype_E
0.7401740886070213,0.7994827486091528,GAN,UMAP,Phenotype_E
0.6779931048463685,0.82419051908457,GAN,UMAP,Phenotype_E
0.7673444271327792,0.787952064835246,GAN,UMAP,Phenotype_E
0.7638588103655213,0.7523976337999866,GAN,UMAP,Phenotype_E
0.918716118695597,0.753445746309332,GAN,UMAP,Phenotype_E
0.6669704469985516,0.6594844726966196,GAN,UMAP,Phenotype_E
0.7969657492125305,0.6014384891083352,GAN,UMAP,Phenotype_E
0.7322400815841695,0.7857561954834756,GAN,UMAP,Phenotype_E
0.7370932355106369,0.9865710751757153,GAN,UMAP,Phenotype_E
0.9075453135526576,0.5488475493891798,GAN,UMAP,Phenotype_E
0.9621323946898999,0.7507108323969114,GAN,UMAP,Phenotype_E
0.6688074444960644,0.7271875860923737,GAN,UMAP,Phenotype_E
0.7988174335240257,0.6513474101952108,GAN,UMAP,Phenotype_E
0.7526112569655218,0.80812173465960635,GAN,UMAP,Phenotype_E
0.7889597678897785,0.551178250617743,GAN,UMAP,Phenotype_E
0.879070428641095,0.7777226363913051,GAN,UMAP,Phenotype_E
0.7123996917339165,0.8264934522559656,GAN,UMAP,Phenotype_E
0.7088256952281985,0.6175675254229807,GAN,UMAP,Phenotype_E
0.5723369084685163,0.7455480015471516,GAN,UMAP,Phenotype_E
0.8270054227061114,0.8291124366911089,GAN,UMAP,Phenotype_E
0.8343503234154409,0.8072580875625796,GAN,UMAP,Phenotype_E
0.9213147978753217,0.9085289858747123,GAN,UMAP,Phenotype_E
0.9151551285709412,0.9080655194736214,GAN,UMAP,Phenotype_E
0.8375169040518633,0.5893678136888961,GAN,UMAP,Phenotype_E
0.8243951162885041,0.7172569020166573,GAN,UMAP,Phenotype_E
0.8002924632244045,0.5715224002001249,GAN,UMAP,Phenotype_E
0.8704738769912918,0.5568935247248573,GAN,UMAP,Phenotype_E
0.9005537960046095,0.568745201502094,GAN,UMAP,Phenotype_E
0.928311288825851,0.6999235981516801,GAN,UMAP,Phenotype_E
0.8573046467025578,0.8062858204400629,GAN,UMAP,Phenotype_E
0.8386680345503797,0.910416836500076,GAN,UMAP,Phenotype_E
0.7834104946260944,0.5744905720804533,GAN,UMAP,Phenotype_E
0.5753099592469556,0.7448678609881229,GAN,UMAP,Phenotype_E
0.7188702517373385,0.9176813312294269,GAN,UMAP,Phenotype_E
0.6864253546604601,0.974346087797488,GAN,UMAP,Phenotype_E
0.7518483149586198,0.9596411684798456,GAN,UMAP,Phenotype_E
0.7892549724264721,0.5373744938636916,GAN,UMAP,Phenotype_E
0.692483446887032,0.6038636787555987,GAN,UMAP,Phenotype_E
0.8947811354939853,0.8633863775271801,GAN,UMAP,Phenotype_E
0.782262258206496,0.5812402181064961,GAN,UMAP,Phenotype_E
0.75598122939454,0.880258604317242,GAN,UMAP,Phenotype_E
0.8384457421309485,0.5784588380876575,GAN,UMAP,Phenotype_E
0.902410945966613,0.6027330794758108,GAN,UMAP,Phenotype_E
0.8744162065703569,0.8177760585807446,GAN,UMAP,Phenotype_E
0.7559303920551848,0.668063584119419,GAN,UMAP,Phenotype_E
0.9399705907264885,0.8798173020602814,GAN,UMAP,Phenotype_E
0.7485957818757332,0.5806421949155076,GAN,UMAP,Phenotype_E
0.568858794240155,0.7421979776177355,GAN,UMAP,Phenotype_E
0.9383313199257418,0.6787206390718147,GAN,UMAP,Phenotype_E
0.7509877338581263,0.7898436252038826,GAN,UMAP,Phenotype_E
0.8001547695693627,0.8088210212665434,GAN,UMAP,Phenotype_E
0.8541284247944313,0.609903447329238,GAN,UMAP,Phenotype_E
0.6995536434925914,0.7873417020320999,GAN,UMAP,Phenotype_E
0.7597127240513575,0.8477606559153067,GAN,UMAP,Phenotype_E
0.8050543857686682,0.7769509783520446,GAN,UMAP,Phenotype_E
0.7947126790700721,0.5578048601000795,GAN,UMAP,Phenotype_E
0.8092769827029136,0.7408213484784755,GAN,UMAP,Phenotype_E
0.7909503679893485,0.7458146943622685,GAN,UMAP,Phenotype_E
0.870857287282229,0.831173764972233,GAN,UMAP,Phenotype_E
0.8019591471480423,0.8437283850472069,GAN,UMAP,Phenotype_E
0.7574509631851095,0.8441708505287532,GAN,UMAP,Phenotype_E
0.7896589977253049,0.6856340600458417,GAN,UMAP,Phenotype_E
0.5400471352947097,0.732585278273659,GAN,UMAP,Phenotype_E
0.6390277745008393,0.7524604322083558,GAN,UMAP,Phenotype_E
0.8048176653898206,0.7149553835778657,GAN,UMAP,Phenotype_E
0.9769250419980925,0.7976985192874111,GAN,UMAP,Phenotype_E
0.8357751947392604,0.7896008570890255,GAN,UMAP,Phenotype_E
0.7508016046946203,0.6540859002372695,GAN,UMAP,Phenotype_E
0.7804259608893666,0.8278872782559906,GAN,UMAP,Phenotype_E
0.7434754603325322,0.7898476178936763,GAN,UMAP,Phenotype_E
0.8999004980022368,0.803326136955359,GAN,UMAP,Phenotype_E
0.7856638787888458,0.6941016276624363,GAN,UMAP,Phenotype_E
0.8992541593685238,0.6049963451169137,GAN,UMAP,Phenotype_E
0.8976229682250504,0.7642071456509029,GAN,UMAP,Phenotype_E
0.9465255861188773,0.6918587105919553,GAN,UMAP,Phenotype_E
0.9454194538796697,0.6878484309562232,GAN,UMAP,Phenotype_E
0.7915097739240604,0.7115900962555769,GAN,UMAP,Phenotype_E
0.9575361899900855,0.7428295771291938,GAN,UMAP,Phenotype_E
0.6862078139197219,0.824705198805928,GAN,UMAP,Phenotype_E
0.7744377042298873,0.7509630792202158,GAN,UMAP,Phenotype_E
0.878416502598136,0.5667154138984148,GAN,UMAP,Phenotype_E
0.9640470018785203,0.6994726128360073,GAN,UMAP,Phenotype_E
0.6234241528114407,0.5614477159943789,GAN,UMAP,Phenotype_E
0.9174083175318888,0.7287650129459037,GAN,UMAP,Phenotype_E
0.7057686758477147,0.7026185380084105,GAN,UMAP,Phenotype_E
0.894134508301084,0.6457094178214998,GAN,UMAP,Phenotype_E
0.8339630260624962,0.7759031959469734,GAN,UMAP,Phenotype_E
0.9202626771265412,0.5873556237868864,GAN,UMAP,Phenotype_E
0.9529413262417933,0.7902540705708235,GAN,UMAP,Phenotype_E
0.782964314224661,0.690307613484112,GAN,UMAP,Phenotype_E
0.7480804024348284,0.7323602100356038,GAN,UMAP,Phenotype_E
0.6031298232880504,0.7047323528691453,GAN,UMAP,Phenotype_E
0.6614163881080345,0.5280498689548908,GAN,UMAP,Phenotype_E
0.7773790304716806,0.7591301890702098,GAN,UMAP,Phenotype_E
0.6037543078067652,0.5405736714379729,GAN,UMAP,Phenotype_E
0.900750695215468,0.6130104909339061,GAN,UMAP,Phenotype_E
0.7936049088331193,0.4651552852948197,GAN,UMAP,Phenotype_E
0.7475745836387959,0.8883506233044626,GAN,UMAP,Phenotype_E
0.8990034693301472,0.8112813984575202,GAN,UMAP,Phenotype_E
0.7789471884065745,0.8152443474280209,GAN,UMAP,Phenotype_E
0.8296318035679155,0.8213377893847331,GAN,UMAP,Phenotype_E
0.7959982781503492,0.5154553878063441,GAN,UMAP,Phenotype_E
0.7829994675234272,0.7126568046390402,GAN,UMAP,Phenotype_E
0.7366353217833841,0.7978952299963805,GAN,UMAP,Phenotype_E
0.8068215052639137,0.7038879618547849,GAN,UMAP,Phenotype_E
0.7034595700569939,0.9297401975614349,GAN,UMAP,Phenotype_E
0.5645073556283215,0.7446757088619887,GAN,UMAP,Phenotype_E
0.828996090701961,0.6695538162867853,GAN,UMAP,Phenotype_E
0.6341545232756085,0.7586532198323755,GAN,UMAP,Phenotype_E
0.7692752530451906,0.845685180308142,GAN,UMAP,Phenotype_E
0.5896557896260934,0.7452306770240603,GAN,UMAP,Phenotype_E
0.7426002009050914,0.708691985077652,GAN,UMAP,Phenotype_E
0.8386973827172397,0.6542164879162501,GAN,UMAP,Phenotype_E
0.8352626966467216,0.7817710352110911,GAN,UMAP,Phenotype_E
0.7878436209493291,0.5608088797326696,GAN,UMAP,Phenotype_E
0.9248266310935426,0.5687237722329551,GAN,UMAP,Phenotype_E
0.7813137047452201,0.830556469979327,GAN,UMAP,Phenotype_E
0.6604649151067356,0.730681205381102,GAN,UMAP,Phenotype_E
0.7653373706724397,0.7147096602437911,GAN,UMAP,Phenotype_E
0.6720345695180671,0.5472627728032811,GAN,UMAP,Phenotype_E
0.7296816054890068,0.8246698619293287,GAN,UMAP,Phenotype_E
0.7957124008650664,0.7141954363807166,GAN,UMAP,Phenotype_E
0.7657597109926962,0.7847101264767804,GAN,UMAP,Phenotype_E
0.9099265888450826,0.6850753978597485,GAN,UMAP,Phenotype_E
0.7500716433055372,0.9571314328402383,GAN,UMAP,Phenotype_E
0.6570910683462622,0.7332317010389576,GAN,UMAP,Phenotype_E
0.7504512853529562,0.7701686087749072,GAN,UMAP,Phenotype_E
0.552245177199954,0.6850286173683074,GAN,UMAP,Phenotype_E
0.8594122490659594,0.5968284021466084,GAN,UMAP,Phenotype_E
0.6613606198013728,0.6599010171330092,GAN,UMAP,Phenotype_E
0.6098727725564596,0.6439331581600943,GAN,UMAP,Phenotype_E
0.8147281967647763,0.7035782297300021,GAN,UMAP,Phenotype_E
0.6706084177128493,0.581647087343799,GAN,UMAP,Phenotype_E
0.7836643163803678,0.8501437572675993,GAN,UMAP,Phenotype_E
0.8065368161635241,0.6841581795547811,GAN,UMAP,Phenotype_E
0.936741918942366,0.7562644281111645,GAN,UMAP,Phenotype_E
0.7937841380372103,0.6494162530329116,GAN,UMAP,Phenotype_E
0.9133598151455892,0.8943502213317721,GAN,UMAP,Phenotype_E
0.7877217725885406,0.7037203474797057,GAN,UMAP,Phenotype_E
0.6521039550601315,0.6538562891356301,GAN,UMAP,Phenotype_E
0.5261175430576988,0.7209300823113436,GAN,UMAP,Phenotype_E
0.8116048236232883,0.769464669269628,GAN,UMAP,Phenotype_E
0.7831205690251402,0.673516670941779,GAN,UMAP,Phenotype_E
0.7989290295465937,0.7173755666436359,GAN,UMAP,Phenotype_E
0.7444273407115088,0.5872976001010559,GAN,UMAP,Phenotype_E
0.6275383957704691,0.6554618534487299,GAN,UMAP,Phenotype_E
0.8309386881318491,0.8624528426395125,GAN,UMAP,Phenotype_E
0.6482237654292173,0.6118174862270279,GAN,UMAP,Phenotype_E
0.8123230134948948,0.7271593857557993,GAN,UMAP,Phenotype_E
0.7148712690782181,0.779916540836681,GAN,UMAP,Phenotype_E
0.6583947511762606,0.7337217801322561,GAN,UMAP,Phenotype_E
0.7747015576594727,0.7203676475049728,GAN,UMAP,Phenotype_E
0.9125135049943655,0.9135567254800353,GAN,UMAP,Phenotype_E
0.8092733502519546,0.7195751928964327,GAN,UMAP,Phenotype_E
0.831132599906405,0.6599785759182141,GAN,UMAP,Phenotype_E
0.631989624939254,0.539921400128791,GAN,UMAP,Phenotype_E
0.7816661628196917,0.6134313424451125,GAN,UMAP,Phenotype_E
0.7279810116172232,0.726352217928177,GAN,UMAP,Phenotype_E
0.8560893032976035,0.7989478539308078,GAN,UMAP,Phenotype_E
0.8557669657101722,0.7444424823325835,GAN,UMAP,Phenotype_E
0.8029778544402215,0.6144888943647774,GAN,UMAP,Phenotype_E
0.6415243885982457,0.6208334199202085,GAN,UMAP,Phenotype_E
0.7475022146917704,0.962890935025387,GAN,UMAP,Phenotype_E
0.8914880810627261,0.6189074186722885,GAN,UMAP,Phenotype_E
0.8316516839380657,0.7480402102217197,GAN,UMAP,Phenotype_E
0.9633043863203254,0.7419086490809536,GAN,UMAP,Phenotype_E
0.7240604555263244,0.6225971749173191,GAN,UMAP,Phenotype_E
0.6799876813870327,0.7793168828435723,GAN,UMAP,Phenotype_E
0.5879803555694215,0.6959775788146748,GAN,UMAP,Phenotype_E
0.9197476838457268,0.910179318615105,GAN,UMAP,Phenotype_E
0.8835652302473173,0.7814512113270661,GAN,UMAP,Phenotype_E
0.7906685305327024,0.5318084717129796,GAN,UMAP,Phenotype_E
0.8277219660929375,0.7716403236644115,GAN,UMAP,Phenotype_E
0.68598345490728,0.6793593436847956,GAN,UMAP,Phenotype_E
0.7028549006431305,0.7315355624006956,GAN,UMAP,Phenotype_E
0.7937785790293175,0.7127487151005508,GAN,UMAP,Phenotype_E
0.9071027146799734,0.8083231297054203,GAN,UMAP,Phenotype_E
0.7957990110567394,0.5380599745470741,GAN,UMAP,Phenotype_E
0.8938390576403769,0.7267408135360106,GAN,UMAP,Phenotype_E
0.9227078937402855,0.687349140381747,GAN,UMAP,Phenotype_E
0.9531708665890726,0.758504578593442,GAN,UMAP,Phenotype_E
0.7596769681731097,0.763675284788031,GAN,UMAP,Phenotype_E
0.9282615378269694,0.7612632285751086,GAN,UMAP,Phenotype_E
0.7591598191854178,0.7910430983826117,GAN,UMAP,Phenotype_E
0.7878928457520438,0.5931871908789611,GAN,UMAP,Phenotype_E
0.754946795626597,0.9581147348770664,GAN,UMAP,Phenotype_E
0.8582280361052046,0.8778579917191613,GAN,UMAP,Phenotype_E
0.8563868757170484,0.8491947860752963,GAN,UMAP,Phenotype_E
0.5609129180989245,0.68303766417461,GAN,UMAP,Phenotype_E
0.5740624754406426,0.6963027944018465,GAN,UMAP,Phenotype_E
0.6865243394795308,0.6182441605890016,GAN,UMAP,Phenotype_E
0.9141629941851929,0.5704652294723006,GAN,UMAP,Phenotype_E
0.8155570405980712,0.4656527838746639,GAN,UMAP,Phenotype_E
0.5496253058939572,0.6968411944731994,GAN,UMAP,Phenotype_E
0.7798736076806987,0.548513120355924,GAN,UMAP,Phenotype_E
0.7614420253188622,0.6241703654326625,GAN,UMAP,Phenotype_E
0.6924389748238898,0.6124902544572643,GAN,UMAP,Phenotype_E
0.8111544506265893,0.7555127649593747,GAN,UMAP,Phenotype_E
0.17489921828137545,0.490560722224695,Real,t-SNE,Phenotype_E
0.6684843529501924,0.4990464863124894,Real,t-SNE,Phenotype_E
0.13618526107762358,0.3647816497135922,Real,t-SNE,Phenotype_E
0.21498087952517844,0.46351183925649125,Real,t-SNE,Phenotype_E
0.3672160962881476,0.18334077704365048,Real,t-SNE,Phenotype_E
0.3240676799874355,0.5388558506764278,Real,t-SNE,Phenotype_E
0.3137633711184243,0.5189683907514889,Real,t-SNE,Phenotype_E
0.7598958334717607,0.5969383222237659,Real,t-SNE,Phenotype_E
1,0.7491061980059244,Real,t-SNE,Phenotype_E
0.581767853127926,0.11717800374590531,Real,t-SNE,Phenotype_E
0.5109127081470063,0.13403416142150032,Real,t-SNE,Phenotype_E
0.5253245803975319,0.7674205991611647,Real,t-SNE,Phenotype_E
0.5763157388684513,0.06571731502618067,Real,t-SNE,Phenotype_E
0.24893977707462056,0.4945633827251611,Real,t-SNE,Phenotype_E
0.23671711607303866,0.3377267300892668,Real,t-SNE,Phenotype_E
0.8705066148145929,0.7289457803401801,Real,t-SNE,Phenotype_E
0.49830778146412513,0.03680018189500938,Real,t-SNE,Phenotype_E
0.18094717176826508,0.3182742665331179,Real,t-SNE,Phenotype_E
0.7012695359410638,0.45475639869044177,Real,t-SNE,Phenotype_E
0.2277344265864986,0.540227584558224,Real,t-SNE,Phenotype_E
0.43285273148788517,0.4208287202237709,Real,t-SNE,Phenotype_E
0.3680760870326943,0.44844822487684477,Real,t-SNE,Phenotype_E
0.40154597027188094,0.29843001031767685,Real,t-SNE,Phenotype_E
0.7528993280192507,0.5836685588754388,Real,t-SNE,Phenotype_E
0.27667423439506145,0.6992933802581738,Real,t-SNE,Phenotype_E
0.24977956733612988,0.5675666871969466,Real,t-SNE,Phenotype_E
0.23801774303221002,0.5554291708285284,Real,t-SNE,Phenotype_E
0.30611468018339255,0.5359726271180734,Real,t-SNE,Phenotype_E
0.812867587674462,0.7438405401105025,Real,t-SNE,Phenotype_E
0.5456592175010118,0.4325587900031921,Real,t-SNE,Phenotype_E
0.4624981211138758,0.219663927533889,Real,t-SNE,Phenotype_E
0.19653686977464593,0.6597681473836321,Real,t-SNE,Phenotype_E
0.29735822397134726,0.41917266530676506,Real,t-SNE,Phenotype_E
0.4229480488365763,0.2845505239488105,Real,t-SNE,Phenotype_E
0.9949421889303341,0.7386783662767474,Real,t-SNE,Phenotype_E
0.08258146392390657,0.47847454845005916,Real,t-SNE,Phenotype_E
0.7629562096583757,0.6161100555149531,Real,t-SNE,Phenotype_E
0.39912350660301704,0.9251087782237911,Real,t-SNE,Phenotype_E
0.2962322692177253,0.5557629198639522,Real,t-SNE,Phenotype_E
0.4097907236836174,0.5656590881321905,Real,t-SNE,Phenotype_E
0.9937635619757769,0.7372551405721061,Real,t-SNE,Phenotype_E
0.5174453453288475,0.3870635839117646,Real,t-SNE,Phenotype_E
0.9996064020291183,0.742028853368595,Real,t-SNE,Phenotype_E
0.9882012501504392,0.7393733263031236,Real,t-SNE,Phenotype_E
0.4968649329976243,0.45855665507697746,Real,t-SNE,Phenotype_E
0.2511104236669781,0.7031885384364285,Real,t-SNE,Phenotype_E
0.3299891372136334,0.5648921441826371,Real,t-SNE,Phenotype_E
0.10657510073940987,0.4480724117039267,Real,t-SNE,Phenotype_E
0.7633281082895962,0.7126881841170676,Real,t-SNE,Phenotype_E
0.660129498330031,0.4607147668921225,Real,t-SNE,Phenotype_E
0.4329240318714916,0.9527766473795011,Real,t-SNE,Phenotype_E
0.2582017058386559,0.5051636168406449,Real,t-SNE,Phenotype_E
0.7076950456310479,0.5438354533773452,Real,t-SNE,Phenotype_E
0.4782481874994113,0.7765289679593479,Real,t-SNE,Phenotype_E
0.4921733220227924,0.05670041469177006,Real,t-SNE,Phenotype_E
0.38488285459054133,0.4701321639051143,Real,t-SNE,Phenotype_E
0.3501940005626655,0.5115826658213845,Real,t-SNE,Phenotype_E
0.07579139939237342,0.4719159953421478,Real,t-SNE,Phenotype_E
0.5874608045708254,0.7406488141956796,Real,t-SNE,Phenotype_E
0.8102583479390973,0.2125500755601316,Real,t-SNE,Phenotype_E
0.41834748549836914,0.5687702676226217,Real,t-SNE,Phenotype_E
0.6511091214652984,0.7137849689862292,Real,t-SNE,Phenotype_E
0.14044141397457086,0.6863376138547579,Real,t-SNE,Phenotype_E
0.4586720070285654,0.9613132499619639,Real,t-SNE,Phenotype_E
0.6643127104046062,0.46414465472921485,Real,t-SNE,Phenotype_E
0.5609542987557506,0.6389553675535182,Real,t-SNE,Phenotype_E
0.5743983909923357,0.5035119079913968,Real,t-SNE,Phenotype_E
0.37846844870025753,0.7529222980527234,Real,t-SNE,Phenotype_E
0.12494359519449186,0.5040022515153224,Real,t-SNE,Phenotype_E
0.622583039805757,0.28988344562410573,Real,t-SNE,Phenotype_E
0.5910930189748466,0.6356525490367958,Real,t-SNE,Phenotype_E
0.22920790979498923,0.42590785708917306,Real,t-SNE,Phenotype_E
0.13632195864628513,0.3621527879559453,Real,t-SNE,Phenotype_E
0.9861544000070471,0.7435527269019577,Real,t-SNE,Phenotype_E
0.5475475712282164,0.4084690261132818,Real,t-SNE,Phenotype_E
0.6176776178052695,0.33300763157684504,Real,t-SNE,Phenotype_E
0.09172169350499779,0.6619031615852122,Real,t-SNE,Phenotype_E
0.692450781166805,0.3310047811912689,Real,t-SNE,Phenotype_E
0.320505242380002,0.5657421971934261,Real,t-SNE,Phenotype_E
0.9749965239504207,0.7334250129482227,Real,t-SNE,Phenotype_E
0.2566576403179437,0.8127527426360328,Real,t-SNE,Phenotype_E
0.4288773721099678,0.9807763822549193,Real,t-SNE,Phenotype_E
0.3359336273650019,0.5377523104484725,Real,t-SNE,Phenotype_E
0.5598142948928372,0.38549088352143374,Real,t-SNE,Phenotype_E
0.33344323743695925,0.6936977561298903,Real,t-SNE,Phenotype_E
0.5578692726366729,0.29361116322815617,Real,t-SNE,Phenotype_E
0.2900931584511463,0.6770286296244126,Real,t-SNE,Phenotype_E
0.43336917725324553,0.6189109282461253,Real,t-SNE,Phenotype_E
0.19169264717385814,0.5287090995254263,Real,t-SNE,Phenotype_E
0.46547107375144786,0.9675823659859769,Real,t-SNE,Phenotype_E
0.27894829684254996,0.48268264114963616,Real,t-SNE,Phenotype_E
0.9994011896853626,0.7422824546180221,Real,t-SNE,Phenotype_E
0.2527183482043795,0.347960947927655,Real,t-SNE,Phenotype_E
0.39712234662499485,0.24504926400478544,Real,t-SNE,Phenotype_E
0.4669108346976699,0.8416191864582288,Real,t-SNE,Phenotype_E
0.30195983146805944,0.18071716573856325,Real,t-SNE,Phenotype_E
0.09114434801562032,0.5473915004688025,Real,t-SNE,Phenotype_E
0.6991918447340031,0.4560907694092082,Real,t-SNE,Phenotype_E
0.08460989617654535,0.47591781333629307,Real,t-SNE,Phenotype_E
0.31279938439815064,0.6564676461299234,Real,t-SNE,Phenotype_E
0.5228434461971666,0.767945592089143,Real,t-SNE,Phenotype_E
0.6504447005296038,0.7032517705547979,Real,t-SNE,Phenotype_E
0.08046991441687082,0.33748463224413655,Real,t-SNE,Phenotype_E
0.036304369650505916,0.38653374533116114,Real,t-SNE,Phenotype_E
0.02563870101759121,0.48496271006398833,Real,t-SNE,Phenotype_E
0.22738971286591567,0.5507233769246744,Real,t-SNE,Phenotype_E
0.1598351895286497,0.4820266294733878,Real,t-SNE,Phenotype_E
0.2119002366164638,0.30493056610951175,Real,t-SNE,Phenotype_E
0.35241218509056693,0.5792741471278972,Real,t-SNE,Phenotype_E
0.6777739785789769,0.5505350076994849,Real,t-SNE,Phenotype_E
0.8233404206876052,0.22260727341939948,Real,t-SNE,Phenotype_E
0.349543071797315,0.5872268350498078,Real,t-SNE,Phenotype_E
0.5311815954980696,0.8268657732299625,Real,t-SNE,Phenotype_E
0.6181081884319587,0.6339501557736651,Real,t-SNE,Phenotype_E
0.4536481624586813,0.8032305768202039,Real,t-SNE,Phenotype_E
0.5663934288534952,0.019941375932257137,Real,t-SNE,Phenotype_E
0.8671561169342887,0.7004957392414403,Real,t-SNE,Phenotype_E
0.2403631161805865,0.3148721472905218,Real,t-SNE,Phenotype_E
0.789808998947819,0.6241863042408545,Real,t-SNE,Phenotype_E
0.41631637831245466,0.3171866941319511,Real,t-SNE,Phenotype_E
0.48958880528736953,0.627063509088424,Real,t-SNE,Phenotype_E
0.23196421233990103,0.43869522555556106,Real,t-SNE,Phenotype_E
0.7913135848337367,0.36500322661551676,Real,t-SNE,Phenotype_E
0.38186791811759196,0.702875425960854,Real,t-SNE,Phenotype_E
0.2793575774273957,0.7817124009315255,Real,t-SNE,Phenotype_E
0.7272846231580217,0.789812845097894,Real,t-SNE,Phenotype_E
0.9955499014835675,0.7389960248218448,Real,t-SNE,Phenotype_E
0.5142786735287603,0.46096292723348137,Real,t-SNE,Phenotype_E
0.5722997013853237,0.07385744999351856,Real,t-SNE,Phenotype_E
0.6492853076544277,0.3529307952788561,Real,t-SNE,Phenotype_E
0.13457161972056267,0.6925588259199836,Real,t-SNE,Phenotype_E
0.06979205993602311,0.5026360908258872,Real,t-SNE,Phenotype_E
0.43449209683633533,0.21005125967702729,Real,t-SNE,Phenotype_E
0,0.5166447177850647,Real,t-SNE,Phenotype_E
0.3329953419669271,0.24458757584246255,Real,t-SNE,Phenotype_E
0.1061615589712033,0.7023281010383026,Real,t-SNE,Phenotype_E
0.5816588247830224,0.5773411956601281,Real,t-SNE,Phenotype_E
0.27112292588663844,0.671510604580692,Real,t-SNE,Phenotype_E
0.3291056483347179,0.4716139769630125,Real,t-SNE,Phenotype_E
0.25759385683758457,0.2748372951910284,Real,t-SNE,Phenotype_E
0.23290141887780194,0.6442347483575354,Real,t-SNE,Phenotype_E
0.8193307576627982,0.7017109272907075,Real,t-SNE,Phenotype_E
0.8174983884807404,0.7005891008484176,Real,t-SNE,Phenotype_E
0.6871202961199107,0.5127834114199562,Real,t-SNE,Phenotype_E
0.3901748763493402,0.7743443462695592,Real,t-SNE,Phenotype_E
0.4044347885387454,0.3490875923189375,Real,t-SNE,Phenotype_E
0.719448872036949,0.5210260126231585,Real,t-SNE,Phenotype_E
0.36365959505761064,0.8406793180111154,Real,t-SNE,Phenotype_E
0.5148812399625483,0.2425114886193809,Real,t-SNE,Phenotype_E
0.5795627793935234,0.06791058335764537,Real,t-SNE,Phenotype_E
0.7270621566441491,0.5577901883620574,Real,t-SNE,Phenotype_E
0.9706180976368951,0.7560864972645289,Real,t-SNE,Phenotype_E
0.42433101104349896,0.6099459932264264,Real,t-SNE,Phenotype_E
0.32569317617634114,0.5040238466077359,Real,t-SNE,Phenotype_E
0.3013701100460281,0.7681632111178076,Real,t-SNE,Phenotype_E
0.6568746155487784,0.3730558588615259,Real,t-SNE,Phenotype_E
0.25022566427706083,0.7149769413025321,Real,t-SNE,Phenotype_E
0.35009821188185836,0.6698539970033472,Real,t-SNE,Phenotype_E
0.5386390635149153,0.6941215008768803,Real,t-SNE,Phenotype_E
0.5486980880229695,0.4081870833999265,Real,t-SNE,Phenotype_E
0.33594938329252805,0.5609537357642633,Real,t-SNE,Phenotype_E
0.2897756285983142,0.5532856892991479,Real,t-SNE,Phenotype_E
0.31353104258371023,0.5661402832457206,Real,t-SNE,Phenotype_E
0.6874740620334152,0.7536738146690062,Real,t-SNE,Phenotype_E
0.09331760054404085,0.6403886517861541,Real,t-SNE,Phenotype_E
0.9676499955283239,0.7253806386574835,Real,t-SNE,Phenotype_E
0.22920500790680953,0.6655944588638759,Real,t-SNE,Phenotype_E
0.4286894334091011,0.4809881120210698,Real,t-SNE,Phenotype_E
0.04236321515335222,0.45230848182489636,Real,t-SNE,Phenotype_E
0.24351338812836493,0.6103947863941763,Real,t-SNE,Phenotype_E
0.36055215389166106,0.21191453871466487,Real,t-SNE,Phenotype_E
0.5859760226766871,0.7446804963110497,Real,t-SNE,Phenotype_E
0.38948972053437,0.36360660645036497,Real,t-SNE,Phenotype_E
0.9885895845421994,0.7504734567747519,Real,t-SNE,Phenotype_E
0.34518249244114063,0.697504264319777,Real,t-SNE,Phenotype_E
0.2816156713679019,0.44300274467009054,Real,t-SNE,Phenotype_E
0.2987474184058767,0.5675134638169367,Real,t-SNE,Phenotype_E
0.18360112419690586,0.5708370507819969,Real,t-SNE,Phenotype_E
0.6993955524451552,0.5469232403021916,Real,t-SNE,Phenotype_E
0.07529480877831281,0.52282282642604,Real,t-SNE,Phenotype_E
0.36590254422017293,0.5497582389975083,Real,t-SNE,Phenotype_E
0.3327849261659745,0.6634545378862744,Real,t-SNE,Phenotype_E
0.43350378882305307,0.24991301048915945,Real,t-SNE,Phenotype_E
0.3331109071464697,0.5188917228568487,Real,t-SNE,Phenotype_E
0.3968284036863568,0.894149673125612,Real,t-SNE,Phenotype_E
0.4910444770440738,0.04973337098145655,Real,t-SNE,Phenotype_E
0.46245783829103027,0.6199005500020268,Real,t-SNE,Phenotype_E
0.3166645533857168,0.7737149742409377,Real,t-SNE,Phenotype_E
0.4609800341556733,0.3324772182508166,Real,t-SNE,Phenotype_E
0.16014476944492845,0.7315499083650394,Real,t-SNE,Phenotype_E
0.3262067223455294,0.7822874822869484,Real,t-SNE,Phenotype_E
0.17602898490789565,0.4709262442794026,Real,t-SNE,Phenotype_E
0.5845239705944604,0.46746928281678324,Real,t-SNE,Phenotype_E
0.7511740813160074,0.5313193255687914,Real,t-SNE,Phenotype_E
0.5229381895387933,0.35486850961756106,Real,t-SNE,Phenotype_E
0.5085238484998396,0.9565207375718537,Real,t-SNE,Phenotype_E
0.2056618937662476,0.3195824675643074,Real,t-SNE,Phenotype_E
0.09295989876842688,0.2738280295823969,Real,t-SNE,Phenotype_E
0.8088119863866896,0.6272686561569197,Real,t-SNE,Phenotype_E
0.3909687095274171,0.5521652798952359,Real,t-SNE,Phenotype_E
0.18601335025117371,0.313589388423634,Real,t-SNE,Phenotype_E
0.3412337449997815,0.4360754552456035,Real,t-SNE,Phenotype_E
0.3480202451744393,0.5269237989483557,Real,t-SNE,Phenotype_E
0.007504302591704631,0.6584911458049553,Real,t-SNE,Phenotype_E
0.8419294520788961,0.6941512110950288,Real,t-SNE,Phenotype_E
0.41947774314663383,0.938590075652964,Real,t-SNE,Phenotype_E
0.5095802912964899,0.059814143314725766,Real,t-SNE,Phenotype_E
0.19762620558932106,0.4046085936805159,Real,t-SNE,Phenotype_E
0.5557358118697117,0.06012394732032134,Real,t-SNE,Phenotype_E
0.12074595201920943,0.6631931032423232,Real,t-SNE,Phenotype_E
0.9859971982105666,0.7426371846637887,Real,t-SNE,Phenotype_E
0.3252823779787511,0.5377556809181906,Real,t-SNE,Phenotype_E
0.561509758469687,0.5852441607578064,Real,t-SNE,Phenotype_E
0.4418216967322116,0.6127977076546877,Real,t-SNE,Phenotype_E
0.31222817788696305,0.6293035448239623,Real,t-SNE,Phenotype_E
0.32247695144012417,0.5307535162418476,Real,t-SNE,Phenotype_E
0.28635928639793895,0.5417522281745987,Real,t-SNE,Phenotype_E
0.32480564712749543,0.2149213877941827,Real,t-SNE,Phenotype_E
0.5881476361463156,0.6493583918952539,Real,t-SNE,Phenotype_E
0.11686375082535017,0.5012457761371866,Real,t-SNE,Phenotype_E
0.3878583114244131,0.6860385416096889,Real,t-SNE,Phenotype_E
0.6800372154817889,0.5865417080974904,Real,t-SNE,Phenotype_E
0.5201439385094137,0.36628427300578786,Real,t-SNE,Phenotype_E
0.8070310831575572,0.21112771037213474,Real,t-SNE,Phenotype_E
0.4145658148801914,0.28917892112165,Real,t-SNE,Phenotype_E
0.8072403378972615,0.403623251905756,Real,t-SNE,Phenotype_E
0.27013638652491706,0.5263451703627499,Real,t-SNE,Phenotype_E
0.5913544360576531,0.6353205194444365,Real,t-SNE,Phenotype_E
0.869778426485297,0.6889604857303364,Real,t-SNE,Phenotype_E
0.8702693757262376,0.7318822148404951,Real,t-SNE,Phenotype_E
0.5067614446642947,0.08747497963902383,Real,t-SNE,Phenotype_E
0.474115634971331,0.601459890703089,Real,t-SNE,Phenotype_E
0.7814492097587324,0.7574553066527328,Real,t-SNE,Phenotype_E
0.19351488097166009,0.5657786571115966,Real,t-SNE,Phenotype_E
0.42674322538879916,0.9371213146951926,Real,t-SNE,Phenotype_E
0.7896537764208506,0.6113969650064828,Real,t-SNE,Phenotype_E
0.7771405071471149,0.6177364000276225,Real,t-SNE,Phenotype_E
0.48772734360803244,0.5811872314520875,Real,t-SNE,Phenotype_E
0.5095653486013967,0.2547143795521961,Real,t-SNE,Phenotype_E
0.16087725288402355,0.7487721000121754,Real,t-SNE,Phenotype_E
0.28660352955131535,0.6193008814036862,Real,t-SNE,Phenotype_E
0.2680272868422365,0.3375545380032494,Real,t-SNE,Phenotype_E
0.4726832386620946,0.5968813145326379,Real,t-SNE,Phenotype_E
0.435434069045613,0.9327085614363406,Real,t-SNE,Phenotype_E
0.9954517068182379,0.7511911151178627,Real,t-SNE,Phenotype_E
0.7042245982615722,0.7525499239247987,Real,t-SNE,Phenotype_E
0.38297833500593925,0.4609351391469504,Real,t-SNE,Phenotype_E
0.4251682907877713,0.5776628054669346,Real,t-SNE,Phenotype_E
0.9764470695389834,0.7549425983975863,Real,t-SNE,Phenotype_E
0.48367682926433025,0.6821423206212275,Real,t-SNE,Phenotype_E
0.29235159060293253,0.6137200837472628,Real,t-SNE,Phenotype_E
0.28330064759505125,0.5694659963557079,Real,t-SNE,Phenotype_E
0.023797061321978726,0.6235483428418566,Real,t-SNE,Phenotype_E
0.5256168230528044,0.772789328274569,Real,t-SNE,Phenotype_E
0.6477663241947945,0.4101799508613692,Real,t-SNE,Phenotype_E
0.17760080151292207,0.6892867637235616,Real,t-SNE,Phenotype_E
0.23947118387861452,0.45825106811547467,Real,t-SNE,Phenotype_E
0.5803242652832927,0.35790301557022763,Real,t-SNE,Phenotype_E
0.5653297080557819,0.25043840161933983,Real,t-SNE,Phenotype_E
0.317017294909687,0.5858665148488995,Real,t-SNE,Phenotype_E
0.8323525017887539,0.2315025716736341,Real,t-SNE,Phenotype_E
0.3915166050392566,0.7249579431060369,Real,t-SNE,Phenotype_E
0.5931601885942307,0.7280174068349512,Real,t-SNE,Phenotype_E
0.570804320609337,0.6001551440752343,Real,t-SNE,Phenotype_E
0.39623987276580697,0.18398394961817263,Real,t-SNE,Phenotype_E
0.48969443463066814,0.007110637123861077,Real,t-SNE,Phenotype_E
0.990098523649286,0.7522608454114994,Real,t-SNE,Phenotype_E
0.3083219373579629,0.7020851422162171,Real,t-SNE,Phenotype_E
0.5579934107248611,0.4278953667694453,Real,t-SNE,Phenotype_E
0.44543980055151977,0.9258493670126212,Real,t-SNE,Phenotype_E
0.43505311496211546,0.9318455622526451,Real,t-SNE,Phenotype_E
0.5273112525060312,0.3603653363366956,Real,t-SNE,Phenotype_E
0.6820677230391319,0.5790562256995356,Real,t-SNE,Phenotype_E
0.3775190799729819,0.21879692144350762,Real,t-SNE,Phenotype_E
0.24597721860774877,0.28383379821444016,Real,t-SNE,Phenotype_E
0.22224389415624532,0.3388613869183752,Real,t-SNE,Phenotype_E
0.5685243127794266,0.5846681557339223,Real,t-SNE,Phenotype_E
0.14335377763310106,0.6391606638007556,Real,t-SNE,Phenotype_E
0.4608888206618607,0.3661845189299032,Real,t-SNE,Phenotype_E
0.27241412772978035,0.3860485720264299,Real,t-SNE,Phenotype_E
0.4411684742889927,0.4259794570452564,Real,t-SNE,Phenotype_E
0.9860271192523434,0.7484856003164793,Real,t-SNE,Phenotype_E
0.44386999126538795,0.4241503304845624,Real,t-SNE,Phenotype_E
0.29387990129304475,0.5240135219175561,Real,t-SNE,Phenotype_E
0.5527041474332611,0.6554603779455439,Real,t-SNE,Phenotype_E
0.053868968522220735,0.55087780670145,Real,t-SNE,Phenotype_E
0.5068160921896265,0.8343474178814392,Real,t-SNE,Phenotype_E
0.47833108316769507,0.5491849071648627,Real,t-SNE,Phenotype_E
0.41193074791451684,0.9245772482063819,Real,t-SNE,Phenotype_E
0.06232361307547121,0.41288786653190945,Real,t-SNE,Phenotype_E
0.9971610459076894,0.7500907859338444,Real,t-SNE,Phenotype_E
0.9556341401722046,0.7146778104845921,Real,t-SNE,Phenotype_E
0.3332022002249397,0.5720357534492249,Real,t-SNE,Phenotype_E
0.5313849544502487,0.3571918283087534,Real,t-SNE,Phenotype_E
0.6363563155719313,0.3182504805715701,Real,t-SNE,Phenotype_E
0.28310680303607594,0.44875354308169857,Real,t-SNE,Phenotype_E
0.46554160765930225,0.5083524814213115,Real,t-SNE,Phenotype_E
0.3748148466168704,0.5671772308889902,Real,t-SNE,Phenotype_E
0.3954066681321039,0.7242102119295442,Real,t-SNE,Phenotype_E
0.06034467235411376,0.4535751054879399,Real,t-SNE,Phenotype_E
0.4221555268791087,0.5401459971931102,Real,t-SNE,Phenotype_E
0.35698646736303563,0.6207278552009529,Real,t-SNE,Phenotype_E
0.7652807836537762,0.7862960020680694,Real,t-SNE,Phenotype_E
0.341131676014624,0.37694156004759594,Real,t-SNE,Phenotype_E
0.6543602370781261,0.48310907835512523,Real,t-SNE,Phenotype_E
0.9919233183217795,0.7537147798997649,Real,t-SNE,Phenotype_E
0.2462505557533494,0.20163483505213786,Real,t-SNE,Phenotype_E
0.5082622894616643,0.3242398478335409,Real,t-SNE,Phenotype_E
0.15556250849698097,0.7042097000315886,Real,t-SNE,Phenotype_E
0.35749320686503283,0.5664281274106057,Real,t-SNE,Phenotype_E
0.3616407757103361,0.6234109730687026,Real,t-SNE,Phenotype_E
0.39995824257605467,0.6025771328971329,Real,t-SNE,Phenotype_E
0.4088215099626241,0.13556152318190964,Real,t-SNE,Phenotype_E
0.402139956158663,0.2947084927047375,Real,t-SNE,Phenotype_E
0.19012148496813222,0.6171624076456328,Real,t-SNE,Phenotype_E
0.9900067627336013,0.7396428254723721,Real,t-SNE,Phenotype_E
0.3814387347766834,0.4921474010953557,Real,t-SNE,Phenotype_E
0.5050704369627069,0.9511657883856589,Real,t-SNE,Phenotype_E
0.6133549748819778,0.7389142572921589,Real,t-SNE,Phenotype_E
0.16417235894295262,0.5564691580649335,Real,t-SNE,Phenotype_E
0.7781446348173625,0.7272079597770104,Real,t-SNE,Phenotype_E
0.1662921938468953,0.6817609684644236,Real,t-SNE,Phenotype_E
0.4199655358292794,0.993670133865128,Real,t-SNE,Phenotype_E
0.9790355907147865,0.7299984357902255,Real,t-SNE,Phenotype_E
0.6553363777994851,0.372514878746172,Real,t-SNE,Phenotype_E
0.3564236823855446,0.20761318373216983,Real,t-SNE,Phenotype_E
0.12141147991586299,0.625582569194657,Real,t-SNE,Phenotype_E
0.7937913844502462,0.7001576069663185,Real,t-SNE,Phenotype_E
0.9935823686521332,0.7539216919529584,Real,t-SNE,Phenotype_E
0.4264547074515271,0.37581435483339803,Real,t-SNE,Phenotype_E
0.42955549440590274,0.48123864802839883,Real,t-SNE,Phenotype_E
0.41937688061429673,0.41245290581139604,Real,t-SNE,Phenotype_E
0.03842434220951898,0.47592298560347535,Real,t-SNE,Phenotype_E
0.07340051917687061,0.49881035176955535,Real,t-SNE,Phenotype_E
0.32446429942915506,0.2362635806322963,Real,t-SNE,Phenotype_E
0.09889409781956197,0.643934395557477,Real,t-SNE,Phenotype_E
0.12875717918592022,0.6516447856976593,Real,t-SNE,Phenotype_E
0.3185452926148117,0.6005883526317398,Real,t-SNE,Phenotype_E
0.3555506577656163,0.5035971893964916,Real,t-SNE,Phenotype_E
0.47426760021705816,0.7594695647132216,Real,t-SNE,Phenotype_E
0.4293732082236553,0.9082816147422135,Real,t-SNE,Phenotype_E
0.5454258550279281,0.5751098364537871,Real,t-SNE,Phenotype_E
0.9986092549426425,0.7409562751610022,Real,t-SNE,Phenotype_E
0.6877686885607515,0.42990179879490853,Real,t-SNE,Phenotype_E
0.26872589038986155,0.7312892098312941,Real,t-SNE,Phenotype_E
0.32624382804222457,0.4983144659756058,Real,t-SNE,Phenotype_E
0.5713948526722208,0.06733814531234046,Real,t-SNE,Phenotype_E
0.33023447997492095,0.49107590783029537,Real,t-SNE,Phenotype_E
0.11314214476025844,0.6587678207635268,Real,t-SNE,Phenotype_E
0.40604452202237357,0.25984404505694636,Real,t-SNE,Phenotype_E
0.4032793193038427,0.8492739732547069,Real,t-SNE,Phenotype_E
0.21663773343394185,0.3194897231632482,Real,t-SNE,Phenotype_E
0.3296573022898975,0.5904055419825716,Real,t-SNE,Phenotype_E
0.28423991473875804,0.4256023541265676,Real,t-SNE,Phenotype_E
0.2984287366910046,0.4708178060458409,Real,t-SNE,Phenotype_E
0.33066677905213804,0.38421647721841024,Real,t-SNE,Phenotype_E
0.6092016065425521,0.6906300303848049,Real,t-SNE,Phenotype_E
0.5807606741731925,0.8587187772917854,Real,t-SNE,Phenotype_E
0.998329808669426,0.7492525716254944,Real,t-SNE,Phenotype_E
0.4881220048573259,0.03355479840545357,Real,t-SNE,Phenotype_E
0.49790101389248725,0.09728891894959692,Real,t-SNE,Phenotype_E
0.2650333310843891,0.548141089786144,Real,t-SNE,Phenotype_E
0.6065642674439116,0.2611098896482456,Real,t-SNE,Phenotype_E
0.5223696569059093,0.036478440800978895,Real,t-SNE,Phenotype_E
0.09387159577337337,0.47635276869082877,Real,t-SNE,Phenotype_E
0.3473849734268487,0.9081308962244816,Real,t-SNE,Phenotype_E
0.3513074297571187,0.9235659722533992,Real,t-SNE,Phenotype_E
0.5302577692351981,0.5667392515533508,Real,t-SNE,Phenotype_E
0.02597116048219822,0.6219765072248744,Real,t-SNE,Phenotype_E
0.5078505968375978,0.6190519993499156,Real,t-SNE,Phenotype_E
0.37642534646756387,0.45428401343367025,Real,t-SNE,Phenotype_E
0.3068836712557318,0.28081338276267787,Real,t-SNE,Phenotype_E
0.8698223319385107,0.6921185577886282,Real,t-SNE,Phenotype_E
0.8263429791118374,0.22514704107193886,Real,t-SNE,Phenotype_E
0.46049833812559815,0.20200262074959077,Real,t-SNE,Phenotype_E
0.5729581352205094,0.2656047011423654,Real,t-SNE,Phenotype_E
0.4838602517375419,0.06949405176763353,Real,t-SNE,Phenotype_E
0.09210676760019171,0.6595470007769517,Real,t-SNE,Phenotype_E
0.08686742141348065,0.6139373141713077,Real,t-SNE,Phenotype_E
0.729789823883127,0.7719540507584717,Real,t-SNE,Phenotype_E
0.978872359036404,0.7488201358202035,Real,t-SNE,Phenotype_E
0.37221053068686233,0.2032256475611755,Real,t-SNE,Phenotype_E
0.34321669407394845,0.5442888465291751,Real,t-SNE,Phenotype_E
0.5188696066923817,0.8218106689683474,Real,t-SNE,Phenotype_E
0.5479253037928731,0.25574833513163386,Real,t-SNE,Phenotype_E
0.1532235836241564,0.5740726761529108,Real,t-SNE,Phenotype_E
0.49399716996968274,0.6152080605359993,Real,t-SNE,Phenotype_E
0.09637092227140666,0.7851775252935397,Real,t-SNE,Phenotype_E
0.4512197439118601,0.5370326646339085,Real,t-SNE,Phenotype_E
0.30645277145311095,0.7523268629392639,Real,t-SNE,Phenotype_E
0.4368623861522548,0.3263735527459495,Real,t-SNE,Phenotype_E
0.06009965867845552,0.5495510041163801,Real,t-SNE,Phenotype_E
0.3641023620829139,0.5401240796551801,Real,t-SNE,Phenotype_E
0.42134488320130037,0.7299038517349532,Real,t-SNE,Phenotype_E
0.6008908779479518,0.2910982501044558,Real,t-SNE,Phenotype_E
0.6199485871525041,0.6485304156036368,Real,t-SNE,Phenotype_E
0.7111700265503571,0.7774226609644364,Real,t-SNE,Phenotype_E
0.46156631254660485,0.8115037232814007,Real,t-SNE,Phenotype_E
0.5799563366660945,0.11921356076106121,Real,t-SNE,Phenotype_E
0.5881688085784029,0.3649295744137552,Real,t-SNE,Phenotype_E
0.6159329491025897,0.28648279989443615,Diffusion,t-SNE,Phenotype_E
0.6203339884039054,0.6675459322547049,Diffusion,t-SNE,Phenotype_E
0.3683353582099149,0.5200588900568784,Diffusion,t-SNE,Phenotype_E
0.42295107829194034,0.4749996182497979,Diffusion,t-SNE,Phenotype_E
0.3310425628011085,0.5113455661064696,Diffusion,t-SNE,Phenotype_E
0.7168179596130377,0.8018319529672301,Diffusion,t-SNE,Phenotype_E
0.38053683230673846,0.66635004872844,Diffusion,t-SNE,Phenotype_E
0.5147197979701702,0.7614145484544239,Diffusion,t-SNE,Phenotype_E
0.3647407197332138,0.6398333700979436,Diffusion,t-SNE,Phenotype_E
0.12204641775103178,0.3670546089016312,Diffusion,t-SNE,Phenotype_E
0.3979797646243467,0.8292249677199607,Diffusion,t-SNE,Phenotype_E
0.6453725757809545,0.7856524350016508,Diffusion,t-SNE,Phenotype_E
0.8359321217617455,0.23517219820853566,Diffusion,t-SNE,Phenotype_E
0.4210344015337263,0.5651204021521734,Diffusion,t-SNE,Phenotype_E
0.24028640203183738,0.2945861770496282,Diffusion,t-SNE,Phenotype_E
0.5125028300646263,0.04362398643771236,Diffusion,t-SNE,Phenotype_E
0.5088288051264955,0.39031278838090583,Diffusion,t-SNE,Phenotype_E
0.27300729047983663,0.7539387055868169,Diffusion,t-SNE,Phenotype_E
0.4869041308297165,0.6824044983701514,Diffusion,t-SNE,Phenotype_E
0.13185377967875545,0.6585718474197976,Diffusion,t-SNE,Phenotype_E
0.8137004058889421,0.3708480016827302,Diffusion,t-SNE,Phenotype_E
0.7640561419594682,0.753164032974385,Diffusion,t-SNE,Phenotype_E
0.5147920331025199,0.052985596261222234,Diffusion,t-SNE,Phenotype_E
0.30080296441037613,0.21891186509026506,Diffusion,t-SNE,Phenotype_E
0.9560309526683598,0.761951704751594,Diffusion,t-SNE,Phenotype_E
0.32331909270052417,0.24165014349102018,Diffusion,t-SNE,Phenotype_E
0.27447936868449563,0.5736563678921203,Diffusion,t-SNE,Phenotype_E
0.5981886855372457,0.7727638800925962,Diffusion,t-SNE,Phenotype_E
0.570679591585055,0.1129428498771884,Diffusion,t-SNE,Phenotype_E
0.3704523690031364,0.5940291033158602,Diffusion,t-SNE,Phenotype_E
0.5556977340762358,0.7613757414975453,Diffusion,t-SNE,Phenotype_E
0.5035448974059451,0.3966487011381677,Diffusion,t-SNE,Phenotype_E
0.30921169832841844,0.48513685166047366,Diffusion,t-SNE,Phenotype_E
0.17056249561650486,0.5000363978276948,Diffusion,t-SNE,Phenotype_E
0.6129767055903212,0.781923779240265,Diffusion,t-SNE,Phenotype_E
0.49615352485101466,0.9479449042126041,Diffusion,t-SNE,Phenotype_E
0.7213112471623288,0.47270734154392396,Diffusion,t-SNE,Phenotype_E
0.6154743195500992,0.6398022254262177,Diffusion,t-SNE,Phenotype_E
0.7404792911059088,0.7947139455357067,Diffusion,t-SNE,Phenotype_E
0.18783007453318945,0.8202883393318585,Diffusion,t-SNE,Phenotype_E
0.7189748768538258,0.7847947204679625,Diffusion,t-SNE,Phenotype_E
0.31042759858492425,0.5564223441183993,Diffusion,t-SNE,Phenotype_E
0.3919803760995871,0.5908141356641365,Diffusion,t-SNE,Phenotype_E
0.020990506115074196,0.6545390291263838,Diffusion,t-SNE,Phenotype_E
0.47539749143062743,0.029746537360960317,Diffusion,t-SNE,Phenotype_E
0.3180172109324454,0.17578180307814154,Diffusion,t-SNE,Phenotype_E
0.6923398446719281,0.32991692158306674,Diffusion,t-SNE,Phenotype_E
0.8696708218333431,0.7005945553104496,Diffusion,t-SNE,Phenotype_E
0.3531081185701897,0.6122093146759668,Diffusion,t-SNE,Phenotype_E
0.30906116354499247,0.4222342170421939,Diffusion,t-SNE,Phenotype_E
0.3265283321156141,0.4028835115748079,Diffusion,t-SNE,Phenotype_E
0.5034855736876654,0.9398249179191615,Diffusion,t-SNE,Phenotype_E
0.5074555196138948,0.6205738596281812,Diffusion,t-SNE,Phenotype_E
0.5709088323042011,0.0935536441731773,Diffusion,t-SNE,Phenotype_E
0.520979462011674,0.548724708358738,Diffusion,t-SNE,Phenotype_E
0.6252869005342816,0.2758706271445574,Diffusion,t-SNE,Phenotype_E
0.3696177799519305,0.3718484288121686,Diffusion,t-SNE,Phenotype_E
0.19006107098867955,0.7027929921044999,Diffusion,t-SNE,Phenotype_E
0.3494563447630481,0.31755086219230105,Diffusion,t-SNE,Phenotype_E
0.783637155974733,0.20224076573377225,Diffusion,t-SNE,Phenotype_E
0.10006630507298712,0.6034395351694397,Diffusion,t-SNE,Phenotype_E
0.339287309848941,0.5537456569756163,Diffusion,t-SNE,Phenotype_E
0.42608322017544975,0.3777847120369337,Diffusion,t-SNE,Phenotype_E
0.3049596343453418,0.3424235070018592,Diffusion,t-SNE,Phenotype_E
0.7194144816238621,0.5191062464484671,Diffusion,t-SNE,Phenotype_E
0.16372185444603832,0.5722107254523564,Diffusion,t-SNE,Phenotype_E
0.38474087537773044,0.6947469675821789,Diffusion,t-SNE,Phenotype_E
0.40953038660873525,0.5381154870865436,Diffusion,t-SNE,Phenotype_E
0.3026375886138957,0.7703291302796095,Diffusion,t-SNE,Phenotype_E
0.1872603312070837,0.3100193235796894,Diffusion,t-SNE,Phenotype_E
0.6610042931033853,0.3736882242371291,Diffusion,t-SNE,Phenotype_E
0.025958084163741065,0.4894809331561071,Diffusion,t-SNE,Phenotype_E
0.3336403267263478,0.5372508451224454,Diffusion,t-SNE,Phenotype_E
0.3912236329657651,0.537965237547102,Diffusion,t-SNE,Phenotype_E
0.5642638681374379,0.41571409986868374,Diffusion,t-SNE,Phenotype_E
0.4524535058266221,0.4486447514100576,Diffusion,t-SNE,Phenotype_E
0.7819396159144965,0.5896847453012237,Diffusion,t-SNE,Phenotype_E
0.550530517129595,0.03263598207074646,Diffusion,t-SNE,Phenotype_E
0.0763865812841711,0.428277102817318,Diffusion,t-SNE,Phenotype_E
0.05957417759925023,0.5493964112750094,Diffusion,t-SNE,Phenotype_E
0.3691727927944455,0.5833209686996134,Diffusion,t-SNE,Phenotype_E
0.6820882793630464,0.7525879601295035,Diffusion,t-SNE,Phenotype_E
0.44991933237733733,0.2853509368533511,Diffusion,t-SNE,Phenotype_E
0.6864696645690894,0.4589661984620026,Diffusion,t-SNE,Phenotype_E
0.37338038989166367,0.6547720840255239,Diffusion,t-SNE,Phenotype_E
0.7594367884812744,0.7534682065320983,Diffusion,t-SNE,Phenotype_E
0.3452608560359971,0.19909363806200497,Diffusion,t-SNE,Phenotype_E
0.6083204245525162,0.2843174306040608,Diffusion,t-SNE,Phenotype_E
0.38208470045008536,0.4606301770636549,Diffusion,t-SNE,Phenotype_E
0.3771095905850125,0.39894800993682844,Diffusion,t-SNE,Phenotype_E
0.30668051453069434,0.38235609389946684,Diffusion,t-SNE,Phenotype_E
0.5689477060880531,0.22650169460313666,Diffusion,t-SNE,Phenotype_E
0.4463977126057764,0.9693338112051036,Diffusion,t-SNE,Phenotype_E
0.8692119946174578,0.6884188674820083,Diffusion,t-SNE,Phenotype_E
0.7568897678711418,0.7312225652019035,Diffusion,t-SNE,Phenotype_E
0.20762568039853627,0.25063937197453523,Diffusion,t-SNE,Phenotype_E
0.23238639605348468,0.307273651323207,Diffusion,t-SNE,Phenotype_E
0.5877006689306727,0.7285547558674423,Diffusion,t-SNE,Phenotype_E
0.5308442047204744,0.8264688338073721,Diffusion,t-SNE,Phenotype_E
0.3328983359840979,0.3992200120647087,Diffusion,t-SNE,Phenotype_E
0.3809018537799908,0.6478964408147083,Diffusion,t-SNE,Phenotype_E
0.40934365454099725,0.6624616866527667,Diffusion,t-SNE,Phenotype_E
0.21517648315916724,0.5095614282603117,Diffusion,t-SNE,Phenotype_E
0.13642912605761018,0.60551295413969,Diffusion,t-SNE,Phenotype_E
0.5031365375038523,0.5062090281580073,Diffusion,t-SNE,Phenotype_E
0.3283603706168435,0.6244314829254561,Diffusion,t-SNE,Phenotype_E
0.4190302975737913,0.9933931489305847,Diffusion,t-SNE,Phenotype_E
0.38048719271070325,0.5716613856500431,Diffusion,t-SNE,Phenotype_E
0.40209887249673104,0.4847510094231825,Diffusion,t-SNE,Phenotype_E
0.5035417699782487,0.5021772722938884,Diffusion,t-SNE,Phenotype_E
0.5543025068052861,0.0578184506004927,Diffusion,t-SNE,Phenotype_E
0.4266917785653276,0.19458976280817472,Diffusion,t-SNE,Phenotype_E
0.4223050084795305,0.9483074140276528,Diffusion,t-SNE,Phenotype_E
0.4133283436391564,0.596720163572307,Diffusion,t-SNE,Phenotype_E
0.5779854817108446,0.2671911118855661,Diffusion,t-SNE,Phenotype_E
0.29670211299204047,0.6978255003795639,Diffusion,t-SNE,Phenotype_E
0.40622465547328235,0.2681724197607025,Diffusion,t-SNE,Phenotype_E
0.1705837218320979,0.6701107766901921,Diffusion,t-SNE,Phenotype_E
0.4145829511873712,0.3143617707686189,Diffusion,t-SNE,Phenotype_E
0.1931534106892176,0.29123180796250353,Diffusion,t-SNE,Phenotype_E
0.1021948552525846,0.5242139999678985,Diffusion,t-SNE,Phenotype_E
0.20945881199943478,0.46678619737858984,Diffusion,t-SNE,Phenotype_E
0.28003507059901517,0.8135731900333194,Diffusion,t-SNE,Phenotype_E
0.3910291453856958,0.7726246854725406,Diffusion,t-SNE,Phenotype_E
0.5779034365884927,0.11436970828640096,Diffusion,t-SNE,Phenotype_E
0.6015305640427195,0.2838223095726639,Diffusion,t-SNE,Phenotype_E
0.10361789864039847,0.6212100210070062,Diffusion,t-SNE,Phenotype_E
0.2681695248502833,0.5472045311329193,Diffusion,t-SNE,Phenotype_E
0.4963535759517716,0.5992719448744707,Diffusion,t-SNE,Phenotype_E
0.5323861638558266,0.4177470060860949,Diffusion,t-SNE,Phenotype_E
0.4599475138719588,0.5115213790402224,Diffusion,t-SNE,Phenotype_E
0.22875477750520218,0.33393604721243425,Diffusion,t-SNE,Phenotype_E
0.31802861004292,0.6414448205670775,Diffusion,t-SNE,Phenotype_E
0.3208785362414628,0.5498508218347157,Diffusion,t-SNE,Phenotype_E
0.47871993864105644,0.001757239308708809,Diffusion,t-SNE,Phenotype_E
0.4806660089810918,0.292265000528072,Diffusion,t-SNE,Phenotype_E
0.4328561384869631,0.28281684137193747,Diffusion,t-SNE,Phenotype_E
0.5438247386142493,0.4322372655915122,Diffusion,t-SNE,Phenotype_E
0.3847885128124262,0.6683659477694253,Diffusion,t-SNE,Phenotype_E
0.28598690977141855,0.38181965487808794,Diffusion,t-SNE,Phenotype_E
0.5998539231420373,0.7715922732348225,Diffusion,t-SNE,Phenotype_E
0.4493876149634192,0.5402126135737325,Diffusion,t-SNE,Phenotype_E
0.5425386096649338,0.0480970203362901,Diffusion,t-SNE,Phenotype_E
0.3012417551984232,0.4925518008137011,Diffusion,t-SNE,Phenotype_E
0.13322242996216546,0.6304342182204117,Diffusion,t-SNE,Phenotype_E
0.5332302622919801,0.7511867147783043,Diffusion,t-SNE,Phenotype_E
0.6934557134723909,0.33088002578266895,Diffusion,t-SNE,Phenotype_E
0.4517984383136531,0.598177615476048,Diffusion,t-SNE,Phenotype_E
0.37539022844514036,0.50656217345424,Diffusion,t-SNE,Phenotype_E
0.7949086455663865,0.6993396547467862,Diffusion,t-SNE,Phenotype_E
0.3029283875485778,0.7423871933028119,Diffusion,t-SNE,Phenotype_E
0.34544307152158754,0.2267312239216862,Diffusion,t-SNE,Phenotype_E
0.531627323754823,0.4862212925346347,Diffusion,t-SNE,Phenotype_E
0.7048267249462812,0.33547179870342764,Diffusion,t-SNE,Phenotype_E
0.2859958295631571,0.36780701744999644,Diffusion,t-SNE,Phenotype_E
0.35286275548463925,0.5621060823912164,Diffusion,t-SNE,Phenotype_E
0.5529832016096634,0.5788706308899354,Diffusion,t-SNE,Phenotype_E
0.7064995419139632,0.5491518680869386,Diffusion,t-SNE,Phenotype_E
0.02779854961245126,0.527674371240552,Diffusion,t-SNE,Phenotype_E
0.40103228881104513,0.6499711056884453,Diffusion,t-SNE,Phenotype_E
0.5211110923501071,0.012954350782974047,Diffusion,t-SNE,Phenotype_E
0.6203121198330733,0.3177135942904081,Diffusion,t-SNE,Phenotype_E
0.5691027823728542,0.22490542378477626,Diffusion,t-SNE,Phenotype_E
0.15863166120071573,0.672266367390559,Diffusion,t-SNE,Phenotype_E
0.4526493996726301,0.5868828022339457,Diffusion,t-SNE,Phenotype_E
0.8128942791164643,0.6718884614130277,Diffusion,t-SNE,Phenotype_E
0.5085234467592501,0.4640040659989782,Diffusion,t-SNE,Phenotype_E
0.2852690847314498,0.3752769177942812,Diffusion,t-SNE,Phenotype_E
0.8609949594110138,0.7305408202083604,Diffusion,t-SNE,Phenotype_E
0.16566796754576285,0.6893796155018574,Diffusion,t-SNE,Phenotype_E
0.5972784162348556,0.3630737957634325,Diffusion,t-SNE,Phenotype_E
0.21471996909626745,0.2562013289744113,Diffusion,t-SNE,Phenotype_E
0.068986002578394,0.529265031874975,Diffusion,t-SNE,Phenotype_E
0.19966788015173853,0.4501294742475626,Diffusion,t-SNE,Phenotype_E
0.12168777673987245,0.37449229866685996,Diffusion,t-SNE,Phenotype_E
0.4709837258016434,0.9112977247026879,Diffusion,t-SNE,Phenotype_E
0.2828230087520987,0.4776749479623624,Diffusion,t-SNE,Phenotype_E
0.8077178674550678,0.37011833708767394,Diffusion,t-SNE,Phenotype_E
0.35227245586056,0.46506244339907293,Diffusion,t-SNE,Phenotype_E
0.18216654251511227,0.29996316917728216,Diffusion,t-SNE,Phenotype_E
0.4710985908918919,0.6117589556012266,Diffusion,t-SNE,Phenotype_E
0.6675684649065261,0.48219497348760676,Diffusion,t-SNE,Phenotype_E
0.5120732988662968,0.8382737189516472,Diffusion,t-SNE,Phenotype_E
0.3034580803998077,0.4611958571192666,Diffusion,t-SNE,Phenotype_E
0.8227202735350222,0.2218801316641516,Diffusion,t-SNE,Phenotype_E
0.4113556539943037,0.26538551483233036,Diffusion,t-SNE,Phenotype_E
0.34840548634247676,0.7612846586108766,Diffusion,t-SNE,Phenotype_E
0.26562721497767217,0.4046611356847742,Diffusion,t-SNE,Phenotype_E
0.782811305647783,0.5895653405846077,Diffusion,t-SNE,Phenotype_E
0.717417183156556,0.7929115063220787,Diffusion,t-SNE,Phenotype_E
0.37828730791096593,0.21422375640317723,Diffusion,t-SNE,Phenotype_E
0.4084261165351345,0.13612877108122315,Diffusion,t-SNE,Phenotype_E
0.40448379219175135,0.837210752043497,Diffusion,t-SNE,Phenotype_E
0.22015789471450092,0.37292246423492625,Diffusion,t-SNE,Phenotype_E
0.34409284009742597,0.21682862310793716,Diffusion,t-SNE,Phenotype_E
0.14895717141197873,0.3984493974991796,Diffusion,t-SNE,Phenotype_E
0.29217591602133525,0.8892617364071709,Diffusion,t-SNE,Phenotype_E
0.649382413779645,0.7136286324313332,Diffusion,t-SNE,Phenotype_E
0.3423589208800488,0.25068935459359537,Diffusion,t-SNE,Phenotype_E
0.300886649784162,0.5641941484889198,Diffusion,t-SNE,Phenotype_E
0.30830996612395706,0.4443050164463209,Diffusion,t-SNE,Phenotype_E
0.7965748504294488,0.2019469161247541,Diffusion,t-SNE,Phenotype_E
0.2873042892125664,0.4257424600312754,Diffusion,t-SNE,Phenotype_E
0.2989659407581326,0.7682236836460018,Diffusion,t-SNE,Phenotype_E
0.27647346557985786,0.22406301022595698,Diffusion,t-SNE,Phenotype_E
0.794408590970185,0.6409833847549131,Diffusion,t-SNE,Phenotype_E
0.24228575854880283,0.4309457011483989,Diffusion,t-SNE,Phenotype_E
0.5307106546611052,0.47589796558889647,Diffusion,t-SNE,Phenotype_E
0.35117412147065424,0.17561372193884323,Diffusion,t-SNE,Phenotype_E
0.6879939048861362,0.3218828274412506,Diffusion,t-SNE,Phenotype_E
0.5030908941350816,0.48751964654533697,Diffusion,t-SNE,Phenotype_E
0.35072981396102604,0.5754307242657174,Diffusion,t-SNE,Phenotype_E
0.49650738003033307,0.09105939418108668,Diffusion,t-SNE,Phenotype_E
0.7505494880835143,0.7461506276392565,Diffusion,t-SNE,Phenotype_E
0.3063221950189508,0.4965298044907244,Diffusion,t-SNE,Phenotype_E
0.62679193590979,0.7284084656504947,Diffusion,t-SNE,Phenotype_E
0.5081943784673506,0.9545670705526426,Diffusion,t-SNE,Phenotype_E
0.2975766433968731,0.2569056169503375,Diffusion,t-SNE,Phenotype_E
0.28332852676338993,0.41007390330395577,Diffusion,t-SNE,Phenotype_E
0.15117084863776853,0.5794316856522341,Diffusion,t-SNE,Phenotype_E
0.7959914851065655,0.7001824330017858,Diffusion,t-SNE,Phenotype_E
0.2965707078289575,0.383103276712862,Diffusion,t-SNE,Phenotype_E
0.29173375881991176,0.5089618869441758,Diffusion,t-SNE,Phenotype_E
0.28546347037441105,0.429099834957735,Diffusion,t-SNE,Phenotype_E
0.4538600001892132,0.21612833803712295,Diffusion,t-SNE,Phenotype_E
0.7484496756141797,0.7413946562657756,Diffusion,t-SNE,Phenotype_E
0.41740062862045124,0.3940793429794458,Diffusion,t-SNE,Phenotype_E
0.3718233590111725,0.3028110974462704,Diffusion,t-SNE,Phenotype_E
0.36886426472599126,0.654411102254244,Diffusion,t-SNE,Phenotype_E
0.5442210697301553,0.05217342734493513,Diffusion,t-SNE,Phenotype_E
0.5299301001391558,0.35088960689260557,Diffusion,t-SNE,Phenotype_E
0.5059363650137155,0.3421476185492288,Diffusion,t-SNE,Phenotype_E
0.2878306678537012,0.39506589996812375,Diffusion,t-SNE,Phenotype_E
0.6509871893631356,0.4900960604329611,Diffusion,t-SNE,Phenotype_E
0.7898296363602904,0.6369395121459657,Diffusion,t-SNE,Phenotype_E
0.6006775421506522,0.6722951361119864,Diffusion,t-SNE,Phenotype_E
0.4298223417597212,0.6170488090436427,Diffusion,t-SNE,Phenotype_E
0.46174972096048206,0.6441800526792194,Diffusion,t-SNE,Phenotype_E
0.5096438407333894,0.8199254944308212,Diffusion,t-SNE,Phenotype_E
0.7046720945595203,0.33581046337815956,Diffusion,t-SNE,Phenotype_E
0.47092679166109097,0.6101858596740828,Diffusion,t-SNE,Phenotype_E
0.28403619298497956,0.5361701045839942,Diffusion,t-SNE,Phenotype_E
0.2459470880290134,0.7725838240544028,Diffusion,t-SNE,Phenotype_E
0.34514226020748445,0.36106454209444766,Diffusion,t-SNE,Phenotype_E
0.5525732736588893,0.5998466119733495,Diffusion,t-SNE,Phenotype_E
0.20616487153156787,0.5076722608346412,Diffusion,t-SNE,Phenotype_E
0.637207990315885,0.6781015163790859,Diffusion,t-SNE,Phenotype_E
0.5819761783325005,0.3681298469649593,Diffusion,t-SNE,Phenotype_E
0.6068071677222604,0.4262338874712791,Diffusion,t-SNE,Phenotype_E
0.22882111275960662,0.2921861131695052,Diffusion,t-SNE,Phenotype_E
0.3363845640225997,0.49062665976025366,Diffusion,t-SNE,Phenotype_E
0.6122392071374544,0.294789843236948,Diffusion,t-SNE,Phenotype_E
0.5007692238092609,0.03542004327463201,Diffusion,t-SNE,Phenotype_E
0.33452344852379373,0.557451318345962,Diffusion,t-SNE,Phenotype_E
0.47867213936837566,0.326747995320007,Diffusion,t-SNE,Phenotype_E
0.5849223558756299,0.3887700253284626,Diffusion,t-SNE,Phenotype_E
0.35142163377429403,0.4901273463353182,Diffusion,t-SNE,Phenotype_E
0.3871618373514815,0.21294840064004042,Diffusion,t-SNE,Phenotype_E
0.3564551363464369,0.18988217357408416,Diffusion,t-SNE,Phenotype_E
0.6447664328508529,0.40964818201915837,Diffusion,t-SNE,Phenotype_E
0.4723136204824082,0.6410960424644989,Diffusion,t-SNE,Phenotype_E
0.23697629408267917,0.6768826710585863,Diffusion,t-SNE,Phenotype_E
0.06574947744668824,0.7580409313628823,Diffusion,t-SNE,Phenotype_E
0.27253132447469564,0.4257334017613874,Diffusion,t-SNE,Phenotype_E
0.7451050736036179,0.7418946160996325,Diffusion,t-SNE,Phenotype_E
0.6941701407218172,0.33858912969646887,Diffusion,t-SNE,Phenotype_E
0.3960701519427209,0.32403105370032376,Diffusion,t-SNE,Phenotype_E
0.1813190674340038,0.6470965114938712,Diffusion,t-SNE,Phenotype_E
0.5372751291880898,0.04914597172636385,Diffusion,t-SNE,Phenotype_E
0.4829765706108412,0.773757357396866,Diffusion,t-SNE,Phenotype_E
0.43929098683765044,0.6073325495273917,Diffusion,t-SNE,Phenotype_E
0.23660032495715713,0.6752656850772463,Diffusion,t-SNE,Phenotype_E
0.34388447491273627,0.43241501710245717,Diffusion,t-SNE,Phenotype_E
0.1089351563262665,0.540209612224945,Diffusion,t-SNE,Phenotype_E
0.25580947638955187,0.7005597721010776,Diffusion,t-SNE,Phenotype_E
0.2756791201741264,0.6764178407150344,Diffusion,t-SNE,Phenotype_E
0.3913493282414438,0.908274481439783,Diffusion,t-SNE,Phenotype_E
0.7975141400297401,0.20347582354693777,Diffusion,t-SNE,Phenotype_E
0.23427052612717658,0.3157171602450058,Diffusion,t-SNE,Phenotype_E
0.38633522599631304,0.5397274619430674,Diffusion,t-SNE,Phenotype_E
0.8614115462283702,0.7330758524469986,Diffusion,t-SNE,Phenotype_E
0.7653872638600727,0.7372828933288246,Diffusion,t-SNE,Phenotype_E
0.3794625926170025,0.13654484649435444,Diffusion,t-SNE,Phenotype_E
0.37030856917622346,0.6287775471192236,Diffusion,t-SNE,Phenotype_E
0.7564675934326225,0.7613837149223477,Diffusion,t-SNE,Phenotype_E
0.1424662863952262,0.7461902782927666,Diffusion,t-SNE,Phenotype_E
0.258194291753086,0.33499674226360837,Diffusion,t-SNE,Phenotype_E
0.5843542806358455,0.8165705857579404,Diffusion,t-SNE,Phenotype_E
0.6971880413112964,0.4834405829418406,Diffusion,t-SNE,Phenotype_E
0.5724200217651557,0.275731083265478,Diffusion,t-SNE,Phenotype_E
0.5157694101779293,0.021017988096970266,Diffusion,t-SNE,Phenotype_E
0.3653138467879184,0.6019085739145745,Diffusion,t-SNE,Phenotype_E
0.38620987662915823,0.5011621715813294,Diffusion,t-SNE,Phenotype_E
0.04458334674704493,0.3926964209311232,Diffusion,t-SNE,Phenotype_E
0.4308546130847657,0.4219358552029384,Diffusion,t-SNE,Phenotype_E
0.43875725718440844,0.4117608875493906,Diffusion,t-SNE,Phenotype_E
0.15662546358992407,0.40830927969971237,Diffusion,t-SNE,Phenotype_E
0.4659481873456507,0.9193621100348099,Diffusion,t-SNE,Phenotype_E
0.3578833610629433,0.914809284733331,Diffusion,t-SNE,Phenotype_E
0.4670637063594654,0.2724316260076338,Diffusion,t-SNE,Phenotype_E
0.2238821548451017,0.5642845437434528,Diffusion,t-SNE,Phenotype_E
0.3537661426638235,0.9550547868068273,Diffusion,t-SNE,Phenotype_E
0.1106697530553704,0.6706700451642893,Diffusion,t-SNE,Phenotype_E
0.234902612721189,0.5211810916179098,Diffusion,t-SNE,Phenotype_E
0.5538091510884046,0.30618446035268215,Diffusion,t-SNE,Phenotype_E
0.42103554818822725,0.22347960085560767,Diffusion,t-SNE,Phenotype_E
0.7763542301665604,0.7054045803473812,Diffusion,t-SNE,Phenotype_E
0.3524207985398299,0.5293860183492817,Diffusion,t-SNE,Phenotype_E
0.1864017423278913,0.8201038083469472,Diffusion,t-SNE,Phenotype_E
0.8014216705504765,0.2055142669172505,Diffusion,t-SNE,Phenotype_E
0.5679947695886765,0.8548102454334789,Diffusion,t-SNE,Phenotype_E
0.44836273948801514,0.35870762081943236,Diffusion,t-SNE,Phenotype_E
0.3338417232296719,0.6389691411678813,Diffusion,t-SNE,Phenotype_E
0.36907148479634744,0.42438069689683255,Diffusion,t-SNE,Phenotype_E
0.44015466047588453,0.22766008858092351,Diffusion,t-SNE,Phenotype_E
0.3572180306313298,0.8978101635675463,Diffusion,t-SNE,Phenotype_E
0.5967247283271329,0.3847085877106308,Diffusion,t-SNE,Phenotype_E
0.7954909989435394,0.6251596619199362,Diffusion,t-SNE,Phenotype_E
0.39564480697333465,0.4421481839964527,Diffusion,t-SNE,Phenotype_E
0.6830412412583383,0.4675918921957611,Diffusion,t-SNE,Phenotype_E
0.4890211043365442,0.36722632117724185,Diffusion,t-SNE,Phenotype_E
0.23776270716689457,0.5619417663433631,Diffusion,t-SNE,Phenotype_E
0.35030013840450813,0.481218803247709,Diffusion,t-SNE,Phenotype_E
0.6814831390578074,0.4674389825222268,Diffusion,t-SNE,Phenotype_E
0.19835258514102846,0.39417031450283396,Diffusion,t-SNE,Phenotype_E
0.1313421442157875,0.41729983204023435,Diffusion,t-SNE,Phenotype_E
0.4904719480625591,0.8193944460970092,Diffusion,t-SNE,Phenotype_E
0.6008927386620792,0.670495042994937,Diffusion,t-SNE,Phenotype_E
0.42031250255352576,0.4300141296421364,Diffusion,t-SNE,Phenotype_E
0.3263850261691101,0.5169281240692252,Diffusion,t-SNE,Phenotype_E
0.19812032571020508,0.4755675121536198,Diffusion,t-SNE,Phenotype_E
0.3528936546621193,0.45860725562519583,Diffusion,t-SNE,Phenotype_E
0.4549452834093001,0.22898307471225507,Diffusion,t-SNE,Phenotype_E
0.32843081204287655,0.5778032046074523,Diffusion,t-SNE,Phenotype_E
0.34225419783930927,0.6099389700005942,Diffusion,t-SNE,Phenotype_E
0.5562864818799856,0.26076299873210157,Diffusion,t-SNE,Phenotype_E
0.34975563019446515,0.6175861537041906,Diffusion,t-SNE,Phenotype_E
0.4358265491962434,0.8821398177772191,Diffusion,t-SNE,Phenotype_E
0.5163993793198702,0.9358323464426884,Diffusion,t-SNE,Phenotype_E
0.1314153424218797,0.6765444959754091,Diffusion,t-SNE,Phenotype_E
0.7630359679043015,0.7105884079557885,Diffusion,t-SNE,Phenotype_E
0.36034254749871636,0.9123076629646525,Diffusion,t-SNE,Phenotype_E
0.21893156885746534,0.3059063790581403,Diffusion,t-SNE,Phenotype_E
0.14514428380969446,0.4399345047947588,Diffusion,t-SNE,Phenotype_E
0.5724321799868263,0.7024368492059572,Diffusion,t-SNE,Phenotype_E
0.8113885604485701,0.37085118725453514,Diffusion,t-SNE,Phenotype_E
0.2879882052340811,0.4688138417781067,Diffusion,t-SNE,Phenotype_E
0.4237053650855262,0.7791388341698633,Diffusion,t-SNE,Phenotype_E
0.6162833632297011,0.28563867713343444,Diffusion,t-SNE,Phenotype_E
0.22469119260922446,0.5688265283312052,Diffusion,t-SNE,Phenotype_E
0.5333006209626564,0.4901635159309832,Diffusion,t-SNE,Phenotype_E
0.22353514621848272,0.4092554900129459,Diffusion,t-SNE,Phenotype_E
0.6644418712441335,0.3565954799570911,Diffusion,t-SNE,Phenotype_E
0.8041447415108,0.3868306065815967,Diffusion,t-SNE,Phenotype_E
0.5433225221362347,0.11379307697907268,Diffusion,t-SNE,Phenotype_E
0.5068670905983177,0.4721960828686563,Diffusion,t-SNE,Phenotype_E
0.4155983733665141,0.2187299047915227,Diffusion,t-SNE,Phenotype_E
0.6284407611888144,0.7332489126393735,Diffusion,t-SNE,Phenotype_E
0.30593697964645217,0.7552693259548672,Diffusion,t-SNE,Phenotype_E
0.40216049220411604,0.6851319777331755,Diffusion,t-SNE,Phenotype_E
0.2408303808693224,0.5275394965115769,Diffusion,t-SNE,Phenotype_E
0.48347496879793017,0,Diffusion,t-SNE,Phenotype_E
0.07364962685424564,0.46920449403215997,Diffusion,t-SNE,Phenotype_E
0.5503159222513053,0.7836039071374853,Diffusion,t-SNE,Phenotype_E
0.2022239962922349,0.5346851429489871,Diffusion,t-SNE,Phenotype_E
0.31246113586960217,0.37679538470799523,Diffusion,t-SNE,Phenotype_E
0.38571000376789766,0.9121651360860488,Diffusion,t-SNE,Phenotype_E
0.24752064909595836,0.4511436379482562,Diffusion,t-SNE,Phenotype_E
0.11646888050703862,0.6263992270435952,Diffusion,t-SNE,Phenotype_E
0.5455634753889902,0.055430946837874216,Diffusion,t-SNE,Phenotype_E
0.5688258249732815,0.26698256310343194,Diffusion,t-SNE,Phenotype_E
0.28329185100330934,0.6952714560327089,Diffusion,t-SNE,Phenotype_E
0.31799351765281136,0.298348200887656,Diffusion,t-SNE,Phenotype_E
0.4261552415698215,0.2814035659263479,Diffusion,t-SNE,Phenotype_E
0.1386426890473485,0.3939588371958507,Diffusion,t-SNE,Phenotype_E
0.2778226012539355,0.6624499524871149,Diffusion,t-SNE,Phenotype_E
0.7421520020682864,0.6072356808394782,Diffusion,t-SNE,Phenotype_E
0.48816802623088834,0.8232429017602108,Diffusion,t-SNE,Phenotype_E
0.4025245536745048,0.46657608344703827,Diffusion,t-SNE,Phenotype_E
0.8106287070813847,0.2127350897518431,Diffusion,t-SNE,Phenotype_E
0.232243743421258,0.4787626613869724,Diffusion,t-SNE,Phenotype_E
0.5730318078412203,0.3635657895887607,Diffusion,t-SNE,Phenotype_E
0.5894063076596503,0.7154076433781978,Diffusion,t-SNE,Phenotype_E
0.29861383548263076,0.24292656396963233,Diffusion,t-SNE,Phenotype_E
0.5641218843800454,0.6972999706493284,Diffusion,t-SNE,Phenotype_E
0.545931375852989,0.4799933283816116,Diffusion,t-SNE,Phenotype_E
0.042437130855631826,0.4787092618182493,Diffusion,t-SNE,Phenotype_E
0.5320222272106973,0.3965735885948377,Diffusion,t-SNE,Phenotype_E
0.5017431557185168,0.0328267083951834,Diffusion,t-SNE,Phenotype_E
0.5439196324335086,0.6063528007719583,Diffusion,t-SNE,Phenotype_E
0.40078279965895575,0.19485689634688122,Diffusion,t-SNE,Phenotype_E
0.5694219635582001,0.0664864955102249,Diffusion,t-SNE,Phenotype_E
0.5063518790538707,0.9412919829550478,Diffusion,t-SNE,Phenotype_E
0.6286698656389385,0.7234289313531403,Diffusion,t-SNE,Phenotype_E
0.3448586967302673,0.23706383883363819,Diffusion,t-SNE,Phenotype_E
0.5917209622701906,0.7220807488081926,Diffusion,t-SNE,Phenotype_E
0.25380164795291454,0.6142718149519052,Diffusion,t-SNE,Phenotype_E
0.35901275442861275,0.6192224022413003,Diffusion,t-SNE,Phenotype_E
0.16915446889841468,0.7271138376164145,Diffusion,t-SNE,Phenotype_E
0.27593045741014804,0.6562634911519497,Diffusion,t-SNE,Phenotype_E
0.10923189562743062,0.7025801860513283,GAN,t-SNE,Phenotype_E
0.34102494352711393,0.6829812365271586,GAN,t-SNE,Phenotype_E
0.48094073959265243,0.3289193582929017,GAN,t-SNE,Phenotype_E
0.6072171928335914,0.25713596181268134,GAN,t-SNE,Phenotype_E
0.49318295011742963,0.6080733841153318,GAN,t-SNE,Phenotype_E
0.5379165586231661,0.8049559420414938,GAN,t-SNE,Phenotype_E
0.6107015495583566,0.36123617007457504,GAN,t-SNE,Phenotype_E
0.19240335530730743,0.6752504523037688,GAN,t-SNE,Phenotype_E
0.46786897130290167,0.5597863636565196,GAN,t-SNE,Phenotype_E
0.42796192260060184,0.9583483593902735,GAN,t-SNE,Phenotype_E
0.7152020268853201,0.5461103486698219,GAN,t-SNE,Phenotype_E
0.06385304088844379,0.47909113431092554,GAN,t-SNE,Phenotype_E
0.4437403699901517,0.24145911783213628,GAN,t-SNE,Phenotype_E
0.6035858122475409,0.43882144654809097,GAN,t-SNE,Phenotype_E
0.09295479867394055,0.46787872893538135,GAN,t-SNE,Phenotype_E
0.4290149842342851,0.5590447693837926,GAN,t-SNE,Phenotype_E
0.35399990064053605,0.9561239561510545,GAN,t-SNE,Phenotype_E
0.7981004223062417,0.631104894394379,GAN,t-SNE,Phenotype_E
0.6384943389437745,0.6768644172921217,GAN,t-SNE,Phenotype_E
0.1813542050573462,0.5744154125040909,GAN,t-SNE,Phenotype_E
0.3284229046615613,0.5267492827157823,GAN,t-SNE,Phenotype_E
0.35777135817394856,0.9135050529330705,GAN,t-SNE,Phenotype_E
0.4056042465591078,0.5209342449561557,GAN,t-SNE,Phenotype_E
0.7519513356261932,0.5316371294025362,GAN,t-SNE,Phenotype_E
0.6509384129823973,0.3479696185494626,GAN,t-SNE,Phenotype_E
0.34268408609606543,0.7357838133595168,GAN,t-SNE,Phenotype_E
0.21304679433615695,0.4999670729247552,GAN,t-SNE,Phenotype_E
0.306640245959647,0.490419945971233,GAN,t-SNE,Phenotype_E
0.5523388267494242,0.8225217339694045,GAN,t-SNE,Phenotype_E
0.5323829293662203,0.4498701474035813,GAN,t-SNE,Phenotype_E
0.2684923723544293,0.5747090088527111,GAN,t-SNE,Phenotype_E
0.02457233035530433,0.6303730134694754,GAN,t-SNE,Phenotype_E
0.5143026817804762,0.7547027206537733,GAN,t-SNE,Phenotype_E
0.3292069842421782,0.22079900206266928,GAN,t-SNE,Phenotype_E
0.24466106451626454,0.49120204581142846,GAN,t-SNE,Phenotype_E
0.39021289048905483,0.579016734373449,GAN,t-SNE,Phenotype_E
0.5456138671170682,0.7845614916724059,GAN,t-SNE,Phenotype_E
0.5111616197242835,0.13440457481562545,GAN,t-SNE,Phenotype_E
0.5587803506259031,0.029341806092413898,GAN,t-SNE,Phenotype_E
0.5887383453751328,0.6263681981327648,GAN,t-SNE,Phenotype_E
0.5434228714884409,0.5488727547498472,GAN,t-SNE,Phenotype_E
0.40388540689026364,0.4900136979834679,GAN,t-SNE,Phenotype_E
0.44619969903178364,0.3148400422380917,GAN,t-SNE,Phenotype_E
0.2975594756782307,0.5414379887527965,GAN,t-SNE,Phenotype_E
0.2057653654409179,0.30756601663218214,GAN,t-SNE,Phenotype_E
0.26546053821689675,0.612804928447564,GAN,t-SNE,Phenotype_E
0.3880956166280018,0.5679429838941943,GAN,t-SNE,Phenotype_E
0.14813624151142887,0.7376661443864443,GAN,t-SNE,Phenotype_E
0.5521560868124293,0.4657513227210937,GAN,t-SNE,Phenotype_E
0.4167940083951727,0.5748332123185005,GAN,t-SNE,Phenotype_E
0.785018480422056,0.6158953021170576,GAN,t-SNE,Phenotype_E
0.3821042973695012,0.6395890709524292,GAN,t-SNE,Phenotype_E
0.638430494407621,0.6151201323581222,GAN,t-SNE,Phenotype_E
0.47263749220059736,0.9101902830689947,GAN,t-SNE,Phenotype_E
0.33931267118908226,0.4442269558736198,GAN,t-SNE,Phenotype_E
0.4158508625740613,0.9604479428411019,GAN,t-SNE,Phenotype_E
0.29100263334263277,0.17384998040837754,GAN,t-SNE,Phenotype_E
0.4255320332886339,0.23416138379222232,GAN,t-SNE,Phenotype_E
0.4559264885832603,0.21879950699664838,GAN,t-SNE,Phenotype_E
0.3353323998213332,0.19123694461468407,GAN,t-SNE,Phenotype_E
0.6677092194131639,0.5141163695068327,GAN,t-SNE,Phenotype_E
0.4922207263730793,0.09677231933682973,GAN,t-SNE,Phenotype_E
0.06691758487213909,0.5070678443487439,GAN,t-SNE,Phenotype_E
0.16679268727799218,0.6104088633213298,GAN,t-SNE,Phenotype_E
0.7049785010922728,0.7696491970611323,GAN,t-SNE,Phenotype_E
0.08446200615935963,0.6132140489101151,GAN,t-SNE,Phenotype_E
0.3838116888954235,0.7099158238270155,GAN,t-SNE,Phenotype_E
0.6124254833173847,0.4298261089206035,GAN,t-SNE,Phenotype_E
0.5843233796163896,0.8085476750377332,GAN,t-SNE,Phenotype_E
0.4516403578233092,0.9757383643475079,GAN,t-SNE,Phenotype_E
0.3628483520829181,0.3844731256563789,GAN,t-SNE,Phenotype_E
0.5670976253908979,0.8234129461752475,GAN,t-SNE,Phenotype_E
0.5206413067898389,0.8025716217762128,GAN,t-SNE,Phenotype_E
0.04174052452342253,0.44336006858367866,GAN,t-SNE,Phenotype_E
0.6449362412687165,0.5945172191596172,GAN,t-SNE,Phenotype_E
0.30050228094695647,0.5161188289511861,GAN,t-SNE,Phenotype_E
0.4000257775340539,0.9479803869693597,GAN,t-SNE,Phenotype_E
0.34364468735209147,0.20437152753996204,GAN,t-SNE,Phenotype_E
0.2803196051948293,0.7866002839990541,GAN,t-SNE,Phenotype_E
0.40465583999072186,0.4950813012124735,GAN,t-SNE,Phenotype_E
0.19938371991950565,0.30925048458344023,GAN,t-SNE,Phenotype_E
0.36967388078330693,0.8362735920856001,GAN,t-SNE,Phenotype_E
0.8089540981819818,0.7316458539943326,GAN,t-SNE,Phenotype_E
0.6166032918870811,0.6538008033595164,GAN,t-SNE,Phenotype_E
0.3049383098397864,0.3422795137515423,GAN,t-SNE,Phenotype_E
0.4068800165894391,0.8364306486491809,GAN,t-SNE,Phenotype_E
0.48188925867106586,0.3255582111368427,GAN,t-SNE,Phenotype_E
0.47693398105175816,0.6165245684508778,GAN,t-SNE,Phenotype_E
0.6385509429827968,0.5535469832378356,GAN,t-SNE,Phenotype_E
0.3732558052729121,0.4495087263610255,GAN,t-SNE,Phenotype_E
0.2696124875260341,0.7563679896803944,GAN,t-SNE,Phenotype_E
0.7609713592531568,0.5929940091574736,GAN,t-SNE,Phenotype_E
0.25627389860427663,0.7472496488680627,GAN,t-SNE,Phenotype_E
0.5760400823174631,0.2687910903259273,GAN,t-SNE,Phenotype_E
0.294366851125821,0.6515852632276062,GAN,t-SNE,Phenotype_E
0.35319990410470664,0.22774517977134862,GAN,t-SNE,Phenotype_E
0.2762413525336647,0.3766582577248682,GAN,t-SNE,Phenotype_E
0.6676555436493878,0.501190221013414,GAN,t-SNE,Phenotype_E
0.05121135145115738,0.5067183298289542,GAN,t-SNE,Phenotype_E
0.4612301785203172,0.4647314896986595,GAN,t-SNE,Phenotype_E
0.5885531417591496,0.8196926603474348,GAN,t-SNE,Phenotype_E
0.5654725422988802,0.5923726200655605,GAN,t-SNE,Phenotype_E
0.5593187318219509,0.577411634781348,GAN,t-SNE,Phenotype_E
0.6222788863041524,0.32552355671587746,GAN,t-SNE,Phenotype_E
0.6799478542169235,0.43028978321073313,GAN,t-SNE,Phenotype_E
0.5724848337116388,0.5942688344364496,GAN,t-SNE,Phenotype_E
0.5293756858343108,0.290598036127922,GAN,t-SNE,Phenotype_E
0.13767861795629474,0.37799855278392913,GAN,t-SNE,Phenotype_E
0.5624394491863517,0.8062166532147361,GAN,t-SNE,Phenotype_E
0.5116151400181664,0.31469783882337815,GAN,t-SNE,Phenotype_E
0.628836491591794,0.7018511134570432,GAN,t-SNE,Phenotype_E
0.4422199080134763,0.8257601969832715,GAN,t-SNE,Phenotype_E
0.06700116756766833,0.454087760478319,GAN,t-SNE,Phenotype_E
0.645408491726008,0.3894669828137718,GAN,t-SNE,Phenotype_E
0.3422574100530926,0.5362579999971371,GAN,t-SNE,Phenotype_E
0.22222183673966742,0.5468444036843941,GAN,t-SNE,Phenotype_E
0.26503860663833106,0.7569373842470645,GAN,t-SNE,Phenotype_E
0.09899493797294034,0.6117085131475491,GAN,t-SNE,Phenotype_E
0.593743460140624,0.6673914402597191,GAN,t-SNE,Phenotype_E
0.4601396252693867,0.7240796621346093,GAN,t-SNE,Phenotype_E
0.28174091978790394,0.38506803617832885,GAN,t-SNE,Phenotype_E
0.8360671514828311,0.6597955261671891,GAN,t-SNE,Phenotype_E
0.29233608585621573,0.7945674199212638,GAN,t-SNE,Phenotype_E
0.4664030688981602,0.8139225305028134,GAN,t-SNE,Phenotype_E
0.2988867109395763,0.5030553298196971,GAN,t-SNE,Phenotype_E
0.1444065760592007,0.5671178975544582,GAN,t-SNE,Phenotype_E
0.5189330383029782,0.07178697183773235,GAN,t-SNE,Phenotype_E
0.3168888420013907,0.615702482095315,GAN,t-SNE,Phenotype_E
0.2366372800872413,0.7518082548451807,GAN,t-SNE,Phenotype_E
0.8015997444105809,0.39101593778656396,GAN,t-SNE,Phenotype_E
0.5685086855094147,0.26344999750752784,GAN,t-SNE,Phenotype_E
0.26318327078437564,0.47043587992548924,GAN,t-SNE,Phenotype_E
0.21160181639188744,0.620665232501893,GAN,t-SNE,Phenotype_E
0.2186982683931784,0.5697521750042559,GAN,t-SNE,Phenotype_E
0.4340926012031376,0.8132956298584956,GAN,t-SNE,Phenotype_E
0.36658790686563336,0.48783438001380924,GAN,t-SNE,Phenotype_E
0.7167716953149885,0.5238885958336525,GAN,t-SNE,Phenotype_E
0.4383868410822014,0.817268646990339,GAN,t-SNE,Phenotype_E
0.17661236541908612,0.47271188114891616,GAN,t-SNE,Phenotype_E
0.38485831724135633,0.2643564560229271,GAN,t-SNE,Phenotype_E
0.3221691019345348,0.5509464808003116,GAN,t-SNE,Phenotype_E
0.2638185128380266,0.3079531401747944,GAN,t-SNE,Phenotype_E
0.38834842099346617,0.20899328673541048,GAN,t-SNE,Phenotype_E
0.47550055572743305,0.5100887077198016,GAN,t-SNE,Phenotype_E
0.4016186399076928,0.6864423416423601,GAN,t-SNE,Phenotype_E
0.11122829946142977,0.47357494174400666,GAN,t-SNE,Phenotype_E
0.5886614624483831,0.10813292966040818,GAN,t-SNE,Phenotype_E
0.4034129414173135,0.6292817629093025,GAN,t-SNE,Phenotype_E
0.13922781462675096,0.7389001615220521,GAN,t-SNE,Phenotype_E
0.7661534177591038,0.7864228179645799,GAN,t-SNE,Phenotype_E
0.4407351059262606,0.6406967921796883,GAN,t-SNE,Phenotype_E
0.21693257796275497,0.5864002799664433,GAN,t-SNE,Phenotype_E
0.1275694460474214,0.7511504654854559,GAN,t-SNE,Phenotype_E
0.2738782802327349,0.6178052829481037,GAN,t-SNE,Phenotype_E
0.4783401793252087,0.09486388887051984,GAN,t-SNE,Phenotype_E
0.4917949608442689,0.758092027744574,GAN,t-SNE,Phenotype_E
0.41202677482284644,0.7993464102486308,GAN,t-SNE,Phenotype_E
0.5891721860105307,0.7163363486607085,GAN,t-SNE,Phenotype_E
0.3827473577123866,0.6027460259049555,GAN,t-SNE,Phenotype_E
0.20248444544668562,0.7708571297608593,GAN,t-SNE,Phenotype_E
0.12217331544670294,0.501678256964356,GAN,t-SNE,Phenotype_E
0.5326460545786721,0.584066217287273,GAN,t-SNE,Phenotype_E
0.535349930155087,0.7881088692207221,GAN,t-SNE,Phenotype_E
0.6162951561840343,0.34691731618516347,GAN,t-SNE,Phenotype_E
0.3048960754459783,0.2809133614057882,GAN,t-SNE,Phenotype_E
0.676682809198755,0.5569991211718472,GAN,t-SNE,Phenotype_E
0.4544192965424877,0.35053627706938345,GAN,t-SNE,Phenotype_E
0.08331058791935445,0.5186720125229941,GAN,t-SNE,Phenotype_E
0.1491167711932632,0.47917272375969033,GAN,t-SNE,Phenotype_E
0.3114845841211384,0.6586521699111202,GAN,t-SNE,Phenotype_E
0.2980532594543362,0.6073924423688699,GAN,t-SNE,Phenotype_E
0.17984346463150558,0.46400215790979954,GAN,t-SNE,Phenotype_E
0.14686789117034077,0.45545552380051596,GAN,t-SNE,Phenotype_E
0.2332619551407845,0.6407290039027547,GAN,t-SNE,Phenotype_E
0.6126393075382701,0.5375119112478459,GAN,t-SNE,Phenotype_E
0.7121805262544642,0.7718143849694327,GAN,t-SNE,Phenotype_E
0.26729713245731235,0.5143393387418658,GAN,t-SNE,Phenotype_E
0.10554123824826105,0.5134749158387852,GAN,t-SNE,Phenotype_E
0.4577459708572629,0.4602258087554486,GAN,t-SNE,Phenotype_E
0.62590359828434,0.31006785744332555,GAN,t-SNE,Phenotype_E
0.5885153050786283,0.3736380382394821,GAN,t-SNE,Phenotype_E
0.7469811927150656,0.7266232246202775,GAN,t-SNE,Phenotype_E
0.7643691455165531,0.5782447280852915,GAN,t-SNE,Phenotype_E
0.41968527322644655,0.38984498654563277,GAN,t-SNE,Phenotype_E
0.7449488905427701,0.7978039029789603,GAN,t-SNE,Phenotype_E
0.46070456732126547,0.19347762443461378,GAN,t-SNE,Phenotype_E
0.29982577963775314,0.40083850554263806,GAN,t-SNE,Phenotype_E
0.513604903578474,0.04188226950929399,GAN,t-SNE,Phenotype_E
0.3426600955950764,0.6839222591241774,GAN,t-SNE,Phenotype_E
0.1725612926648726,0.3240277988806125,GAN,t-SNE,Phenotype_E
0.36515337500736683,0.20823484630023298,GAN,t-SNE,Phenotype_E
0.48731020465987296,0.8246545036376702,GAN,t-SNE,Phenotype_E
0.6671939621747063,0.4781546828124959,GAN,t-SNE,Phenotype_E
0.42969575887256994,0.3224033371053295,GAN,t-SNE,Phenotype_E
0.7282612954008892,0.4768064766987569,GAN,t-SNE,Phenotype_E
0.3638770845633404,0.5361512803169951,GAN,t-SNE,Phenotype_E
0.5683784643073913,0.8537221492110216,GAN,t-SNE,Phenotype_E
0.2879813823600139,0.6736814180235717,GAN,t-SNE,Phenotype_E
0.3676058007965296,0.8087030887439007,GAN,t-SNE,Phenotype_E
0.2689369002876242,0.6038694635719704,GAN,t-SNE,Phenotype_E
0.28399297984145705,0.4990620495020181,GAN,t-SNE,Phenotype_E
0.41302911016236776,0.40053258271191616,GAN,t-SNE,Phenotype_E
0.1646586013733143,0.3726307810939876,GAN,t-SNE,Phenotype_E
0.23130897453204569,0.3324513749242489,GAN,t-SNE,Phenotype_E
0.24107459184176358,0.6354085261955663,GAN,t-SNE,Phenotype_E
0.28320946074167047,0.5973665490933832,GAN,t-SNE,Phenotype_E
0.49412632570871085,0.7396977354738621,GAN,t-SNE,Phenotype_E
0.26304843203047895,0.7567807036769607,GAN,t-SNE,Phenotype_E
0.6087454342998901,0.43087117323304547,GAN,t-SNE,Phenotype_E
0.35458008930409857,0.404903344221784,GAN,t-SNE,Phenotype_E
0.582927273223722,0.07794967716174007,GAN,t-SNE,Phenotype_E
0.39205912891582473,0.21106112904840793,GAN,t-SNE,Phenotype_E
0.515483399801872,0.7700195106374151,GAN,t-SNE,Phenotype_E
0.4279190608670401,0.4242720889077218,GAN,t-SNE,Phenotype_E
0.3331009261819664,0.665458090926149,GAN,t-SNE,Phenotype_E
0.13132359913900965,0.4167243090932049,GAN,t-SNE,Phenotype_E
0.5432358749566483,0.358369860231632,GAN,t-SNE,Phenotype_E
0.09885456727506539,0.6235398093727026,GAN,t-SNE,Phenotype_E
0.1974665091646381,0.3485252675798278,GAN,t-SNE,Phenotype_E
0.4241671965021426,0.7282355712654675,GAN,t-SNE,Phenotype_E
0.6409482909525887,0.4956137022898786,GAN,t-SNE,Phenotype_E
0.12949599169595966,0.7239295292839281,GAN,t-SNE,Phenotype_E
0.2936511604131606,0.8896360836999079,GAN,t-SNE,Phenotype_E
0.43342193953516545,0.9334281018032753,GAN,t-SNE,Phenotype_E
0.4356878075046154,0.9380420863613514,GAN,t-SNE,Phenotype_E
0.47848945745397736,0.33543397597299524,GAN,t-SNE,Phenotype_E
0.3624206252794528,0.500885133010633,GAN,t-SNE,Phenotype_E
0.5510718056245892,0.40569544987873146,GAN,t-SNE,Phenotype_E
0.44210130990761876,0.24725172141378335,GAN,t-SNE,Phenotype_E
0.3696589742015802,0.2344565443186656,GAN,t-SNE,Phenotype_E
0.3111471147406059,0.9250034351928135,GAN,t-SNE,Phenotype_E
0.11301444866444754,0.6829000384474724,GAN,t-SNE,Phenotype_E
0.8060561015614115,0.3718983477809444,GAN,t-SNE,Phenotype_E
0.5261944143595813,0.4323862434764303,GAN,t-SNE,Phenotype_E
0.49895683687475584,0.6177838182560345,GAN,t-SNE,Phenotype_E
0.4641923653542959,0.015208449273052154,GAN,t-SNE,Phenotype_E
0.5478886766568868,0.03388301757537151,GAN,t-SNE,Phenotype_E
0.5778582480792197,0.11838420125636827,GAN,t-SNE,Phenotype_E
0.5564487354055336,0.3697179059296139,GAN,t-SNE,Phenotype_E
0.3797846370828499,0.7268581384242847,GAN,t-SNE,Phenotype_E
0.3724227026138778,0.9118921860679617,GAN,t-SNE,Phenotype_E
0.0021030313596975348,0.45801234131248497,GAN,t-SNE,Phenotype_E
0.09311351137474662,0.47943050041342566,GAN,t-SNE,Phenotype_E
0.4807206880007104,0.3230267248574249,GAN,t-SNE,Phenotype_E
0.3638375609788896,0.2689681942215887,GAN,t-SNE,Phenotype_E
0.4346867452798921,0.4983042127242843,GAN,t-SNE,Phenotype_E
0.2680065028008913,0.585084729087823,GAN,t-SNE,Phenotype_E
0.4777430737293942,0.9087022461240852,GAN,t-SNE,Phenotype_E
0.5491938109345286,0.543466823776784,GAN,t-SNE,Phenotype_E
0.4803690632748318,0.6481793737142141,GAN,t-SNE,Phenotype_E
0.6086523961240451,0.6811360577118788,GAN,t-SNE,Phenotype_E
0.1907040591147585,0.38527415726741604,GAN,t-SNE,Phenotype_E
0.062393992933510334,0.7507794956959668,GAN,t-SNE,Phenotype_E
0.42976772364048366,0.2966693485856317,GAN,t-SNE,Phenotype_E
0.2984878845687259,0.3567719528487404,GAN,t-SNE,Phenotype_E
0.07718951556348119,0.5227618604128335,GAN,t-SNE,Phenotype_E
0.16515844555940185,0.6578248521075086,GAN,t-SNE,Phenotype_E
0.5360435424667325,0.3394742416370721,GAN,t-SNE,Phenotype_E
0.3875408105690989,0.5184204437839761,GAN,t-SNE,Phenotype_E
0.4134796807600618,0.5223961087460884,GAN,t-SNE,Phenotype_E
0.33930753563218014,0.9250486377232762,GAN,t-SNE,Phenotype_E
0.07938911137660695,0.5839460769935753,GAN,t-SNE,Phenotype_E
0.036149718822719425,0.5236053482398528,GAN,t-SNE,Phenotype_E
0.2595113480957876,0.46309567540565083,GAN,t-SNE,Phenotype_E
0.6803355057292307,0.4704287119831869,GAN,t-SNE,Phenotype_E
0.33724940519222396,0.31888997731423857,GAN,t-SNE,Phenotype_E
0.3460853206887973,0.5230646679286683,GAN,t-SNE,Phenotype_E
0.5013413012820037,0.847997584370568,GAN,t-SNE,Phenotype_E
0.1649939872260327,0.6884598513451745,GAN,t-SNE,Phenotype_E
0.34477016112574277,0.6270649969028337,GAN,t-SNE,Phenotype_E
0.16437412909604165,0.4515529741731872,GAN,t-SNE,Phenotype_E
0.17139496135739912,0.3733991772978422,GAN,t-SNE,Phenotype_E
0.07684539692953361,0.666569073959772,GAN,t-SNE,Phenotype_E
0.36988721199536656,0.5522330620618808,GAN,t-SNE,Phenotype_E
0.3633154940862499,0.27587161934626137,GAN,t-SNE,Phenotype_E
0.07050201191212621,0.6252774680212594,GAN,t-SNE,Phenotype_E
0.5934538247475966,0.7037502341492322,GAN,t-SNE,Phenotype_E
0.6058304587040944,0.6844576267434221,GAN,t-SNE,Phenotype_E
0.2975461979007022,0.5821005553791492,GAN,t-SNE,Phenotype_E
0.5546367914336288,0.7591477658965552,GAN,t-SNE,Phenotype_E
0.24951739609294613,0.3139015785770232,GAN,t-SNE,Phenotype_E
0.20204183873944814,0.41651305603664596,GAN,t-SNE,Phenotype_E
0.39499779072874736,0.16895415776871286,GAN,t-SNE,Phenotype_E
0.6203374189169115,0.7371179578566367,GAN,t-SNE,Phenotype_E
0.8101458122769131,0.732584468457239,GAN,t-SNE,Phenotype_E
0.5322451366378778,0.7015997367408403,GAN,t-SNE,Phenotype_E
0.3278735169144669,0.4072790722134887,GAN,t-SNE,Phenotype_E
0.46470441778266963,0.5591795906757925,GAN,t-SNE,Phenotype_E
0.42005904859368387,0.49433115740918815,GAN,t-SNE,Phenotype_E
0.3290035950148918,0.20322192570917294,GAN,t-SNE,Phenotype_E
0.4639719499811641,0.8123131864494783,GAN,t-SNE,Phenotype_E
0.3033758245028318,0.5915010769620281,GAN,t-SNE,Phenotype_E
0.27639861331715776,0.4480675656561563,GAN,t-SNE,Phenotype_E
0.6465527691985758,0.5917611572372904,GAN,t-SNE,Phenotype_E
0.7175679593070068,0.7478117032947581,GAN,t-SNE,Phenotype_E
0.19347358415142532,0.4091176437232065,GAN,t-SNE,Phenotype_E
0.7795147119813374,0.6993491790497472,GAN,t-SNE,Phenotype_E
0.3403939440421011,0.4932375858552954,GAN,t-SNE,Phenotype_E
0.6561426406820025,0.3443042001490163,GAN,t-SNE,Phenotype_E
0.07746536488561047,0.43074154544428467,GAN,t-SNE,Phenotype_E
0.3721584925772896,0.8358706795972334,GAN,t-SNE,Phenotype_E
0.05877556309384257,0.7473517024142878,GAN,t-SNE,Phenotype_E
0.35948942950629276,0.45924729537609144,GAN,t-SNE,Phenotype_E
0.5815866388462648,0.3375409954250328,GAN,t-SNE,Phenotype_E
0.3071935860852827,0.4508598746228886,GAN,t-SNE,Phenotype_E
0.22527033820414671,0.40457919738495446,GAN,t-SNE,Phenotype_E
0.37553172940950075,0.5256621032467675,GAN,t-SNE,Phenotype_E
0.48501924386787115,0.032113876882106256,GAN,t-SNE,Phenotype_E
0.6496943942662085,0.4899709700318825,GAN,t-SNE,Phenotype_E
0.37943582428179,0.3434605130973614,GAN,t-SNE,Phenotype_E
0.33364469200769553,0.3344774297188895,GAN,t-SNE,Phenotype_E
0.10417163755894644,0.5210925461645771,GAN,t-SNE,Phenotype_E
0.5050984216111758,0.6315422480850539,GAN,t-SNE,Phenotype_E
0.3166197624574015,0.4438869178526991,GAN,t-SNE,Phenotype_E
0.5046165965942764,0.4750855602211847,GAN,t-SNE,Phenotype_E
0.39123307860406165,0.6146977353473614,GAN,t-SNE,Phenotype_E
0.5446030419668664,0.3812508060343604,GAN,t-SNE,Phenotype_E
0.36522829859354045,0.18238610862639756,GAN,t-SNE,Phenotype_E
0.17065701556972424,0.464158381400283,GAN,t-SNE,Phenotype_E
0.4588993177181769,0.41179054758811867,GAN,t-SNE,Phenotype_E
0.2458464301572274,0.57220933259297,GAN,t-SNE,Phenotype_E
0.7088650291023139,0.7708329007701089,GAN,t-SNE,Phenotype_E
0.186540499978343,0.34685344832635917,GAN,t-SNE,Phenotype_E
0.24995279013256225,0.5155028248586587,GAN,t-SNE,Phenotype_E
0.14761240984622856,0.39666034256185656,GAN,t-SNE,Phenotype_E
0.5791039559615199,0.6787588964641244,GAN,t-SNE,Phenotype_E
0.5865780213950799,0.13272962529994484,GAN,t-SNE,Phenotype_E
0.44093865930030474,0.42177935733305194,GAN,t-SNE,Phenotype_E
0.16708114948378514,0.37663115500406513,GAN,t-SNE,Phenotype_E
0.7330902956538506,0.5318755871994711,GAN,t-SNE,Phenotype_E
0.4775891604912049,0.28241489421325144,GAN,t-SNE,Phenotype_E
0.2705062233410088,0.7520653019328707,GAN,t-SNE,Phenotype_E
0.7496976337182261,0.6082036550122571,GAN,t-SNE,Phenotype_E
0.36318697038549214,0.5469681003825578,GAN,t-SNE,Phenotype_E
0.701617698539113,0.7009683043829203,GAN,t-SNE,Phenotype_E
0.06196317376107121,0.5613596995221416,GAN,t-SNE,Phenotype_E
0.4095977486285791,0.5387563078132,GAN,t-SNE,Phenotype_E
0.5241826634844734,0.7435587451769449,GAN,t-SNE,Phenotype_E
0.3236515708187031,0.694069260986934,GAN,t-SNE,Phenotype_E
0.4076865661729847,0.9286091220694906,GAN,t-SNE,Phenotype_E
0.3455885484905055,0.546804519219039,GAN,t-SNE,Phenotype_E
0.26184567452285434,0.7675252496663154,GAN,t-SNE,Phenotype_E
0.6888760766476275,0.4615206245176621,GAN,t-SNE,Phenotype_E
0.09823549008777917,0.5764989980685457,GAN,t-SNE,Phenotype_E
0.3381393229097738,0.5821520731094816,GAN,t-SNE,Phenotype_E
0.31961004514253255,0.47905189900797857,GAN,t-SNE,Phenotype_E
0.5493331692229355,0.542098142596053,GAN,t-SNE,Phenotype_E
0.7444315484761681,0.6103778353558752,GAN,t-SNE,Phenotype_E
0.4842914512165333,0.6815357011949794,GAN,t-SNE,Phenotype_E
0.28582444869996976,0.701368089286877,GAN,t-SNE,Phenotype_E
0.2663438176790823,0.48855240117324517,GAN,t-SNE,Phenotype_E
0.25304448236016286,0.36493430722922837,GAN,t-SNE,Phenotype_E
0.4549688869507593,0.410771283098793,GAN,t-SNE,Phenotype_E
0.2762538695337241,0.5126029539445853,GAN,t-SNE,Phenotype_E
0.44102469355975576,0.9587298504115543,GAN,t-SNE,Phenotype_E
0.3394829947768738,0.510506642200718,GAN,t-SNE,Phenotype_E
0.3792234900809672,0.34049988205822207,GAN,t-SNE,Phenotype_E
0.7653288477221603,0.7718332303130491,GAN,t-SNE,Phenotype_E
0.44570646722026885,0.6738045954666951,GAN,t-SNE,Phenotype_E
0.22597260153057838,0.600636014040179,GAN,t-SNE,Phenotype_E
0.1250271304515563,0.6765148893852277,GAN,t-SNE,Phenotype_E
0.14049475709678286,0.6298801376691434,GAN,t-SNE,Phenotype_E
0.5400273815271431,0.4695889178331259,GAN,t-SNE,Phenotype_E
0.248550096175807,0.8017948758004064,GAN,t-SNE,Phenotype_E
0.5857293985037219,0.11360770667411603,GAN,t-SNE,Phenotype_E
0.3087758742849878,0.2419310473467119,GAN,t-SNE,Phenotype_E
0.31054306916009977,0.5273505928882588,GAN,t-SNE,Phenotype_E
0.534015166395355,0.7707149716705262,GAN,t-SNE,Phenotype_E
0.41882264469753705,0.7092926375059947,GAN,t-SNE,Phenotype_E
0.3272120018159803,0.360954110721389,GAN,t-SNE,Phenotype_E
0.6777223237876373,0.5547828073359002,GAN,t-SNE,Phenotype_E
0.4423677891833942,0.9343607742282141,GAN,t-SNE,Phenotype_E
0.340324614517917,0.8430932931890913,GAN,t-SNE,Phenotype_E
0.5799369100684826,0.3840803313550902,GAN,t-SNE,Phenotype_E
0.43182303700893676,0.5039882870516962,GAN,t-SNE,Phenotype_E
0.25877192109211633,0.8135638856160686,GAN,t-SNE,Phenotype_E
0.2193303740034607,0.5615162008150495,GAN,t-SNE,Phenotype_E
0.14214404621202598,0.515818674045509,GAN,t-SNE,Phenotype_E
0.3893359543970524,0.8317774620532237,GAN,t-SNE,Phenotype_E
0.5635445002107513,0.37606933808186693,GAN,t-SNE,Phenotype_E
0.5281204984513296,0.7021388439172513,GAN,t-SNE,Phenotype_E
0.5936650648504664,0.6700466877743945,GAN,t-SNE,Phenotype_E
0.49887636846052313,0.7799595355460371,GAN,t-SNE,Phenotype_E
0.4931867857983875,0.5373866966555934,GAN,t-SNE,Phenotype_E
0.47862131226675164,0.7727553723208787,GAN,t-SNE,Phenotype_E
0.14614819187002728,0.3669533369538617,GAN,t-SNE,Phenotype_E
0.5247364936968176,0.44022212820179574,GAN,t-SNE,Phenotype_E
0.5843548570897499,0.12965100199276844,GAN,t-SNE,Phenotype_E
0.41241446739484744,1,GAN,t-SNE,Phenotype_E
0.4056685408066706,0.4529814423832107,GAN,t-SNE,Phenotype_E
0.7211887206642622,0.555393573285002,GAN,t-SNE,Phenotype_E
0.6860696597870966,0.5531248402345288,GAN,t-SNE,Phenotype_E
0.3842566091753175,0.7266344566035036,GAN,t-SNE,Phenotype_E
0.3003949395496473,0.17574198165419722,GAN,t-SNE,Phenotype_E
0.6191675543411564,0.3019769693673794,GAN,t-SNE,Phenotype_E
0.7095207740073588,0.5177409755390785,GAN,t-SNE,Phenotype_E
0.48648011380620076,0.4235537737234429,GAN,t-SNE,Phenotype_E
0.41416168758641264,0.6603847563339384,GAN,t-SNE,Phenotype_E
0.3996250543880572,0.7299259307516814,GAN,t-SNE,Phenotype_E
0.1868541084947774,0.7298365097807623,GAN,t-SNE,Phenotype_E
