phenotype,step,eps_mse
Phenotype_A,25,0.4329347437620163
Phenotype_A,50,0.18169735461473466
Phenotype_A,75,0.16463587313890457
Phenotype_A,100,0.14152941435575486
Phenotype_A,125,0.14601031094789504
Phenotype_A,150,0.13667098701000213
Phenotype_A,175,0.15576511591672898
Phenotype_A,200,0.13688337847590445
Phenotype_A,225,0.13358902901411057
Phenotype_A,250,0.12609783440828323
Phenotype_A,275,0.11634902909398079
Phenotype_A,300,0.1256294694542885
Phenotype_A,325,0.11764912277460099
Phenotype_A,350,0.11942636460065842
Phenotype_A,375,0.12740461736917497
Phenotype_A,400,0.12660130560398103
Phenotype_A,425,0.10743549048900604
Phenotype_A,450,0.11500235855579376
Phenotype_A,475,0.1214814704656601
Phenotype_A,500,0.12600124329328538
Phenotype_A,525,0.12424890697002411
Phenotype_A,550,0.124562449157238
Phenotype_A,575,0.10719113230705261
Phenotype_A,600,0.1166085386276245
Phenotype_A,625,0.10293450400233269
Phenotype_A,650,0.10727496445178986
Phenotype_A,675,0.11084260284900666
Phenotype_A,700,0.12322638839483262
Phenotype_A,725,0.10764878824353218
Phenotype_A,750,0.11352319613099099
Phenotype_A,775,0.10811172038316727
Phenotype_A,800,0.1095973864197731
Phenotype_A,825,0.12328722774982452
Phenotype_A,850,0.10630724176764489
Phenotype_A,875,0.10637960031628609
Phenotype_A,900,0.11334803938865662
Phenotype_A,925,0.11473492294549942
Phenotype_A,950,0.113548274487257
Phenotype_A,975,0.12374054968357086
Phenotype_A,1000,0.1026969799399376
Phenotype_A,1025,0.11980920761823655
Phenotype_A,1050,0.1117558029294014
Phenotype_A,1075,0.09346185207366943
Phenotype_A,1100,0.10732212617993354
Phenotype_A,1125,0.10743209928274154
Phenotype_A,1150,0.09834756135940552
Phenotype_A,1175,0.10657885029911995
Phenotype_A,1200,0.11086762890219688
Phenotype_A,1225,0.09905010044574737
Phenotype_A,1250,0.11260023236274719
Phenotype_A,1275,0.10346095710992813
Phenotype_A,1300,0.10583508595824241
Phenotype_A,1325,0.10574807405471802
Phenotype_A,1350,0.11690033614635467
Phenotype_A,1375,0.09829654827713967
Phenotype_A,1400,0.10185264080762862
Phenotype_A,1425,0.11029337406158447
Phenotype_A,1450,0.10145101249217987
Phenotype_A,1475,0.10593201920390129
Phenotype_A,1500,0.10113958775997162
Phenotype_A,1525,0.10858626395463944
Phenotype_A,1550,0.09899905800819397
Phenotype_A,1575,0.10529653385281562
Phenotype_A,1600,0.10813124358654022
Phenotype_A,1625,0.10464738190174103
Phenotype_A,1650,0.10591578811407089
Phenotype_A,1675,0.10752886921167373
Phenotype_A,1700,0.10373334631323815
Phenotype_A,1725,0.10607235670089722
Phenotype_A,1750,0.10568514034152031
Phenotype_A,1775,0.10785424768924713
Phenotype_A,1800,0.11115948036313057
Phenotype_A,1825,0.10854978010058403
Phenotype_A,1850,0.1132455113530159
Phenotype_A,1875,0.101747927069664
Phenotype_A,1900,0.11440393418073654
Phenotype_A,1925,0.10584454953670502
Phenotype_A,1950,0.09416293248534202
Phenotype_A,1975,0.09899283021688461
Phenotype_A,2000,0.11091202199459076
Phenotype_A,2025,0.10127264171838761
Phenotype_A,2050,0.10139393866062164
Phenotype_A,2075,0.1155270954966545
Phenotype_A,2100,0.11024008050560952
Phenotype_A,2125,0.09822693511843682
Phenotype_A,2150,0.10192600309848786
Phenotype_A,2175,0.10869994655251503
Phenotype_A,2200,0.11802675604820251
Phenotype_A,2225,0.10863719210028648
Phenotype_A,2250,0.10754977375268936
Phenotype_A,2275,0.11069289118051528
Phenotype_A,2300,0.11479758396744728
Phenotype_A,2325,0.11175381928682328
Phenotype_A,2350,0.10753249377012253
Phenotype_A,2375,0.09766473740339279
Phenotype_A,2400,0.10538788348436355
Phenotype_A,2425,0.09441221803426743
Phenotype_A,2450,0.10999573916196823
Phenotype_A,2475,0.09983574420213699
Phenotype_A,2500,0.10432561606168747
Phenotype_A,2525,0.10839173644781112
Phenotype_A,2550,0.10737003177404404
Phenotype_A,2575,0.09516803741455078
Phenotype_A,2600,0.10331826388835907
Phenotype_A,2625,0.11377068042755127
Phenotype_A,2650,0.09872634410858154
Phenotype_A,2675,0.11087168768048286
Phenotype_A,2700,0.0923971851170063
Phenotype_A,2725,0.09897928893566131
Phenotype_A,2750,0.10051518559455871
Phenotype_A,2775,0.10040042474865914
Phenotype_A,2800,0.09656257092952729
Phenotype_A,2825,0.10380512297153473
Phenotype_A,2850,0.10343490660190582
Phenotype_A,2860,0.1048085480928421
Phenotype_B,25,0.4848507952690124
Phenotype_B,50,0.31655974328517916
Phenotype_B,75,0.3282561421394348
Phenotype_B,100,0.31266495943069456
Phenotype_B,125,0.3135675048828125
Phenotype_B,150,0.3019770759344101
Phenotype_B,175,0.292668918967247
Phenotype_B,200,0.3078212082386017
Phenotype_B,225,0.2908450937271118
Phenotype_B,250,0.2817555069923401
Phenotype_B,275,0.28944086253643037
Phenotype_B,300,0.29520308613777163
Phenotype_B,325,0.30415076315402984
Phenotype_B,350,0.2808038330078125
Phenotype_B,375,0.30024796843528745
Phenotype_B,400,0.2895717185735702
Phenotype_B,425,0.28896182477474214
Phenotype_B,450,0.28732297003269197
Phenotype_B,475,0.28496433854103087
Phenotype_B,500,0.2842878931760788
Phenotype_B,525,0.2865560036897659
Phenotype_B,550,0.2862303823232651
Phenotype_B,575,0.29660663306713103
Phenotype_B,600,0.28268699228763583
Phenotype_B,625,0.28730071723461154
Phenotype_B,650,0.286083909869194
Phenotype_B,675,0.29442648589611053
Phenotype_B,700,0.2889787393808365
Phenotype_B,725,0.29123434603214265
Phenotype_B,750,0.2908901900053024
Phenotype_B,775,0.28475066244602204
Phenotype_B,800,0.313934263586998
Phenotype_B,825,0.2910375690460205
Phenotype_B,850,0.2955956476926804
Phenotype_B,875,0.28477474689483645
Phenotype_B,900,0.2684963744878769
Phenotype_B,925,0.29027306973934175
Phenotype_B,950,0.29357792794704435
Phenotype_B,975,0.2992916125059128
Phenotype_B,1000,0.27658826410770415
Phenotype_B,1025,0.29004881203174593
Phenotype_B,1050,0.26858010768890384
Phenotype_B,1075,0.2780406856536865
Phenotype_B,1100,0.2839290964603424
Phenotype_B,1125,0.280341939330101
Phenotype_B,1150,0.286740887761116
Phenotype_B,1175,0.29356419801712036
Phenotype_B,1200,0.2808816635608673
Phenotype_B,1225,0.3116124415397644
Phenotype_B,1250,0.29413455665111543
Phenotype_B,1275,0.2991808837652206
Phenotype_B,1300,0.29422837376594546
Phenotype_B,1325,0.2884982335567474
Phenotype_B,1350,0.2899833565950394
Phenotype_B,1375,0.268264074921608
Phenotype_B,1400,0.28978050768375396
Phenotype_B,1425,0.2770343613624573
Phenotype_B,1450,0.27950469493865965
Phenotype_B,1475,0.28633519768714905
Phenotype_B,1500,0.3105941039323807
Phenotype_B,1525,0.28256915271282196
Phenotype_B,1550,0.2958452880382538
Phenotype_B,1575,0.2700572884082794
Phenotype_B,1600,0.2699542284011841
Phenotype_B,1625,0.2843691062927246
Phenotype_B,1650,0.29887044191360473
Phenotype_B,1675,0.29887758553028104
Phenotype_B,1700,0.2926673477888107
Phenotype_B,1725,0.2900404250621796
Phenotype_B,1750,0.2915828323364258
Phenotype_B,1775,0.2704166793823242
Phenotype_B,1800,0.26712840914726255
Phenotype_B,1825,0.29700220286846163
Phenotype_B,1850,0.2875839501619339
Phenotype_B,1875,0.30019197762012484
Phenotype_B,1900,0.2694758850336075
Phenotype_B,1925,0.2879824835062027
Phenotype_B,1950,0.2906196641921997
Phenotype_B,1975,0.2681362622976303
Phenotype_B,2000,0.2998219269514084
Phenotype_B,2025,0.29827644050121305
Phenotype_B,2050,0.29419955670833586
Phenotype_B,2075,0.28729418814182284
Phenotype_B,2100,0.28772713243961334
Phenotype_B,2125,0.29807679712772367
Phenotype_B,2150,0.2807095491886139
Phenotype_B,2175,0.2814103442430496
Phenotype_B,2200,0.29882929861545565
Phenotype_B,2225,0.28414776027202604
Phenotype_B,2250,0.27865945994853974
Phenotype_B,2275,0.2686653280258179
Phenotype_B,2300,0.2654918682575226
Phenotype_B,2325,0.2794381231069565
Phenotype_B,2350,0.2670726329088211
Phenotype_B,2375,0.28319596469402314
Phenotype_B,2400,0.2778546297550201
Phenotype_B,2425,0.30563934803009035
Phenotype_B,2450,0.29278700053691864
Phenotype_B,2475,0.2801692122220993
Phenotype_B,2500,0.2859740769863129
Phenotype_B,2525,0.2797589188814163
Phenotype_B,2550,0.28063293516635895
Phenotype_B,2575,0.28986384212970734
Phenotype_B,2600,0.3046636295318603
Phenotype_B,2625,0.2806046193838119
Phenotype_B,2650,0.2863558232784271
Phenotype_B,2675,0.28552059292793275
Phenotype_B,2700,0.28251813352108
Phenotype_B,2725,0.281856484413147
Phenotype_B,2750,0.27514924824237824
Phenotype_B,2775,0.2645217931270599
Phenotype_B,2800,0.2889603912830353
Phenotype_B,2825,0.2849539601802826
Phenotype_B,2850,0.28299334943294524
Phenotype_B,2875,0.2795571100711822
Phenotype_B,2900,0.28568142771720884
Phenotype_B,2925,0.27643512964248657
Phenotype_B,2950,0.26559469401836394
Phenotype_B,2975,0.2906957000494003
Phenotype_B,3000,0.2855630856752396
Phenotype_B,3025,0.2776347929239273
Phenotype_B,3050,0.29039545595645905
Phenotype_B,3075,0.28241140305995943
Phenotype_B,3100,0.2823574435710907
Phenotype_B,3125,0.2814790141582489
Phenotype_B,3150,0.281243702173233
Phenotype_B,3175,0.288740873336792
Phenotype_B,3200,0.2859304910898209
Phenotype_B,3225,0.2851938462257385
Phenotype_B,3250,0.27424535632133484
Phenotype_B,3275,0.28259119868278504
Phenotype_B,3300,0.29300071358680724
Phenotype_B,3325,0.2805719941854477
Phenotype_B,3350,0.28331541299819946
Phenotype_B,3375,0.2721842616796494
Phenotype_B,3400,0.2761742454767227
Phenotype_B,3425,0.2780821621417999
Phenotype_B,3450,0.27726744711399076
Phenotype_B,3475,0.2910423284769058
Phenotype_B,3500,0.27692325711250304
Phenotype_B,3525,0.295917472243309
Phenotype_B,3550,0.30618829548358917
Phenotype_B,3575,0.31415062963962553
Phenotype_B,3600,0.28067756414413453
Phenotype_B,3625,0.29592113077640536
Phenotype_B,3650,0.29345168530941007
Phenotype_B,3675,0.2982502990961075
Phenotype_B,3700,0.27341593861579894
Phenotype_B,3725,0.2770117700099945
Phenotype_B,3750,0.2922109222412109
Phenotype_B,3775,0.29277484834194184
Phenotype_B,3800,0.26583042681217195
Phenotype_B,3825,0.2773616456985474
Phenotype_B,3850,0.2902211290597916
Phenotype_B,3875,0.27819845855236053
Phenotype_B,3900,0.2799051994085312
Phenotype_B,3925,0.2721426838636398
Phenotype_B,3950,0.27661003708839416
Phenotype_B,3975,0.2837674969434738
Phenotype_B,4000,0.28297791063785555
Phenotype_B,4025,0.2778038203716278
Phenotype_B,4050,0.2775946533679962
Phenotype_B,4075,0.3071482515335083
Phenotype_B,4100,0.2847315835952759
Phenotype_B,4125,0.29507397413253783
Phenotype_B,4150,0.2770977050065994
Phenotype_B,4175,0.26355732083320615
Phenotype_B,4200,0.27517480790615084
Phenotype_B,4225,0.29027807116508486
Phenotype_B,4250,0.2955723822116852
Phenotype_B,4275,0.3124866509437561
Phenotype_B,4300,0.2821091771125793
Phenotype_B,4325,0.2890818428993225
Phenotype_B,4350,0.27193336844444277
Phenotype_B,4375,0.27916842460632324
Phenotype_B,4400,0.28188807785511016
Phenotype_B,4425,0.2689705568552017
Phenotype_B,4450,0.28337845623493196
Phenotype_B,4475,0.28028188467025755
Phenotype_B,4500,0.2713185733556747
Phenotype_B,4525,0.2960217010974884
Phenotype_B,4550,0.27801390171051027
Phenotype_B,4575,0.27804143011569976
Phenotype_B,4600,0.28760661840438845
Phenotype_B,4625,0.2725538522005081
Phenotype_B,4650,0.29429523408412933
Phenotype_B,4675,0.3039771622419357
Phenotype_B,4700,0.2993340355157852
Phenotype_B,4725,0.27882281720638274
Phenotype_B,4750,0.2868883955478668
Phenotype_B,4775,0.2864535290002823
Phenotype_B,4800,0.273127583861351
Phenotype_B,4825,0.28953920781612397
Phenotype_B,4850,0.28119487822055816
Phenotype_B,4875,0.2830057007074356
Phenotype_B,4900,0.2774648767709732
Phenotype_B,4925,0.289781733751297
Phenotype_B,4950,0.2923890161514282
Phenotype_B,4975,0.29348679780960085
Phenotype_B,5000,0.2681142276525497
Phenotype_B,5025,0.2919456422328949
Phenotype_B,5050,0.28754056990146637
Phenotype_B,5075,0.2890771144628525
Phenotype_B,5100,0.266869912147522
Phenotype_B,5125,0.2804905652999878
Phenotype_B,5150,0.2768722158670425
Phenotype_B,5175,0.26685062527656556
Phenotype_B,5200,0.27109349608421324
Phenotype_B,5225,0.27040610790252684
Phenotype_B,5250,0.29553466796875
Phenotype_B,5275,0.27296274960041045
Phenotype_B,5300,0.2708250170946121
Phenotype_B,5325,0.2895843571424484
Phenotype_B,5350,0.28467384696006776
Phenotype_B,5375,0.2651382797956467
Phenotype_B,5400,0.29830162584781644
Phenotype_B,5425,0.2806923931837082
Phenotype_B,5450,0.2769010668992996
Phenotype_B,5475,0.29265275537967683
Phenotype_B,5500,0.30141997516155244
Phenotype_B,5525,0.28972785890102387
Phenotype_B,5550,0.2684307605028152
Phenotype_B,5575,0.2783283698558807
Phenotype_B,5600,0.2791958296298981
Phenotype_B,5625,0.2873730683326721
Phenotype_B,5650,0.29127739906311034
Phenotype_B,5675,0.2689346158504486
Phenotype_B,5700,0.2766603368520737
Phenotype_B,5725,0.2870958977937698
Phenotype_B,5750,0.3082570296525955
Phenotype_B,5775,0.2681258076429367
Phenotype_B,5800,0.28079219937324523
Phenotype_B,5825,0.300839449763298
Phenotype_B,5850,0.2870745468139648
Phenotype_B,5875,0.29394330859184264
Phenotype_B,5900,0.2817681908607483
Phenotype_B,5925,0.29049652874469756
Phenotype_B,5950,0.2625114065408707
Phenotype_B,5975,0.27728318810462954
Phenotype_B,6000,0.26012439489364625
Phenotype_B,6025,0.2794602447748184
Phenotype_B,6050,0.2875757378339767
Phenotype_B,6075,0.27701728701591494
Phenotype_B,6100,0.2736954391002655
Phenotype_B,6125,0.28477616488933566
Phenotype_B,6150,0.2983465188741684
Phenotype_B,6175,0.27928254783153533
Phenotype_B,6200,0.28052175521850586
Phenotype_B,6225,0.2831932282447815
Phenotype_B,6250,0.2849993640184402
Phenotype_B,6275,0.27522594690322877
Phenotype_B,6300,0.2868851602077484
Phenotype_B,6325,0.27934828519821164
Phenotype_B,6350,0.2837344723939896
Phenotype_B,6375,0.2797643494606018
Phenotype_B,6400,0.30185900449752806
Phenotype_B,6425,0.2963320368528366
Phenotype_B,6450,0.26610046088695527
Phenotype_B,6475,0.27028816282749174
Phenotype_B,6500,0.2940367949008942
Phenotype_B,6525,0.27150669097900393
Phenotype_B,6550,0.27323495745658877
Phenotype_B,6575,0.2815887463092804
Phenotype_B,6600,0.28095634818077087
Phenotype_B,6625,0.2931552678346634
Phenotype_B,6650,0.27900207936763766
Phenotype_B,6675,0.2710259747505188
Phenotype_B,6700,0.27256367444992063
Phenotype_B,6725,0.30020084261894225
Phenotype_B,6750,0.29052717685699464
Phenotype_B,6775,0.3176897323131561
Phenotype_B,6800,0.30296748876571655
Phenotype_B,6825,0.28199930489063263
Phenotype_B,6850,0.2902022993564606
Phenotype_B,6875,0.29092967331409453
Phenotype_B,6900,0.27665099024772644
Phenotype_B,6925,0.2746658080816269
Phenotype_B,6950,0.2831371420621872
Phenotype_B,6975,0.286138077378273
Phenotype_B,7000,0.2939034783840179
Phenotype_B,7025,0.29317149877548215
Phenotype_B,7050,0.2893193143606186
Phenotype_B,7075,0.2826368486881256
Phenotype_B,7100,0.290905984044075
Phenotype_B,7125,0.3065852302312851
Phenotype_B,7150,0.2827785807847977
Phenotype_B,7175,0.2704803478717804
Phenotype_B,7200,0.28338375985622405
Phenotype_B,7225,0.27848832309246063
Phenotype_B,7250,0.2841670286655426
Phenotype_B,7275,0.27318862855434417
Phenotype_B,7300,0.2624064648151398
Phenotype_B,7325,0.2633440661430359
Phenotype_B,7350,0.28318302989006044
Phenotype_B,7375,0.2714565122127533
Phenotype_B,7400,0.300529255270958
Phenotype_B,7425,0.26220731556415555
Phenotype_B,7450,0.2692542803287506
Phenotype_B,7475,0.2842968362569809
Phenotype_B,7500,0.28527163088321683
Phenotype_B,7525,0.28098548769950865
Phenotype_B,7550,0.3173898911476135
Phenotype_B,7575,0.3024925029277801
Phenotype_B,7600,0.28612386882305146
Phenotype_B,7625,0.28952018976211547
Phenotype_B,7650,0.26002193927764894
Phenotype_B,7675,0.2794741594791412
Phenotype_B,7700,0.2870134890079498
Phenotype_B,7725,0.27460032761096953
Phenotype_B,7750,0.2957820129394531
Phenotype_B,7775,0.2784148812294006
Phenotype_B,7800,0.2774861580133438
Phenotype_B,7825,0.2922029447555542
Phenotype_B,7850,0.2684479308128357
Phenotype_B,7875,0.2802911728620529
Phenotype_B,7900,0.2672401148080826
Phenotype_B,7925,0.262197453379631
Phenotype_B,7950,0.28990573227405547
Phenotype_B,7975,0.28420263588428496
Phenotype_B,8000,0.28111005008220674
Phenotype_B,8025,0.27784631729125975
Phenotype_B,8050,0.2852461391687393
Phenotype_B,8075,0.26788717687129976
Phenotype_B,8100,0.28757127225399015
Phenotype_B,8125,0.30641253471374513
Phenotype_B,8150,0.2866439914703369
Phenotype_B,8175,0.2743516844511032
Phenotype_B,8200,0.2816051125526428
Phenotype_B,8225,0.27555142760276796
Phenotype_B,8250,0.2931018358469009
Phenotype_B,8275,0.29470253705978394
Phenotype_B,8300,0.3070415514707565
Phenotype_B,8325,0.2744091314077377
Phenotype_B,8350,0.2867900586128235
Phenotype_B,8375,0.28979421973228453
Phenotype_B,8400,0.28044172465801237
Phenotype_B,8425,0.2705715250968933
Phenotype_B,8450,0.26458209574222563
Phenotype_B,8475,0.2834531623125076
Phenotype_B,8500,0.27495514452457426
Phenotype_B,8525,0.27110432624816894
Phenotype_B,8550,0.28014452278614044
Phenotype_B,8575,0.28740033209323884
Phenotype_B,8600,0.29753925144672394
Phenotype_B,8625,0.3024340969324112
Phenotype_B,8650,0.29175122976303103
Phenotype_B,8675,0.2908018589019775
Phenotype_B,8700,0.27291983425617217
Phenotype_B,8725,0.2645223981142044
Phenotype_B,8750,0.27985544860363004
Phenotype_B,8775,0.26088700115680696
Phenotype_B,8800,0.2780439454317093
Phenotype_B,8825,0.2688451766967773
Phenotype_B,8850,0.26655048966407774
Phenotype_B,8875,0.2859661400318146
Phenotype_B,8900,0.2727316439151764
Phenotype_B,8925,0.28244365751743317
Phenotype_B,8950,0.27509468495845796
Phenotype_B,8975,0.27646882712841037
Phenotype_B,9000,0.2620304119586945
Phenotype_B,9025,0.2808547919988632
Phenotype_B,9050,0.2850702118873596
Phenotype_B,9075,0.28384830892086027
Phenotype_B,9100,0.2927814888954163
Phenotype_B,9125,0.28345126450061797
Phenotype_B,9150,0.27299263775348664
Phenotype_B,9175,0.2961067855358124
Phenotype_B,9200,0.2921388918161392
Phenotype_B,9225,0.2716493743658066
Phenotype_B,9250,0.2727998960018158
Phenotype_B,9275,0.27001556813716887
Phenotype_B,9300,0.2850119876861572
Phenotype_B,9325,0.2612086832523346
Phenotype_B,9350,0.2972650080919266
Phenotype_B,9375,0.2878153473138809
Phenotype_B,9400,0.27718695998191833
Phenotype_B,9425,0.27717678129673007
Phenotype_B,9450,0.2862275445461273
Phenotype_B,9475,0.29016387403011323
Phenotype_B,9500,0.2769584035873413
Phenotype_B,9525,0.27457017242908477
Phenotype_B,9550,0.28182273209095
Phenotype_B,9575,0.2748268854618072
Phenotype_B,9600,0.2809142237901688
Phenotype_B,9625,0.29059764683246614
Phenotype_B,9650,0.26893622398376466
Phenotype_B,9675,0.27966349601745605
Phenotype_B,9700,0.27663251042366027
Phenotype_B,9725,0.2660774064064026
Phenotype_B,9750,0.28671243727207185
Phenotype_B,9775,0.2745379853248596
Phenotype_B,9800,0.28500680208206175
Phenotype_B,9825,0.26526900589466096
Phenotype_B,9850,0.28068858027458193
Phenotype_B,9875,0.28688992857933043
Phenotype_B,9900,0.2900004726648331
Phenotype_B,9925,0.28933961153030396
Phenotype_B,9950,0.2853796523809433
Phenotype_B,9975,0.2948644208908081
Phenotype_B,10000,0.2741193801164627
Phenotype_B,10025,0.283595957159996
Phenotype_B,10050,0.2688695687055588
Phenotype_B,10075,0.2635517281293869
Phenotype_B,10100,0.26785533368587494
Phenotype_B,10125,0.2949280446767807
Phenotype_B,10150,0.2744565826654434
Phenotype_B,10175,0.2842461627721786
Phenotype_B,10200,0.27448227763175964
Phenotype_B,10225,0.27288506031036375
Phenotype_B,10250,0.2708070188760757
Phenotype_B,10275,0.28986273825168607
Phenotype_B,10300,0.27488633096218107
Phenotype_B,10325,0.2919238954782486
Phenotype_B,10350,0.2726435101032257
Phenotype_B,10375,0.2746443849802017
Phenotype_B,10400,0.27300468742847445
Phenotype_B,10425,0.2800389355421066
Phenotype_B,10450,0.2876890605688095
Phenotype_B,10475,0.2594291251897812
Phenotype_B,10500,0.2784357136487961
Phenotype_B,10525,0.2824318480491638
Phenotype_B,10550,0.28648887038230897
Phenotype_B,10575,0.28726023256778715
Phenotype_B,10600,0.2743050068616867
Phenotype_B,10625,0.2728986829519272
Phenotype_B,10650,0.2834377706050873
Phenotype_B,10675,0.2768564397096634
Phenotype_B,10700,0.2857559597492218
Phenotype_B,10725,0.2843363618850708
Phenotype_B,10750,0.29823480248451234
Phenotype_B,10775,0.2770720201730728
Phenotype_B,10800,0.29067822694778445
Phenotype_B,10825,0.2705870443582535
Phenotype_B,10850,0.28705748677253723
Phenotype_B,10875,0.26640802502632144
Phenotype_B,10900,0.28322798371315
Phenotype_B,10925,0.28432909548282626
Phenotype_B,10950,0.2798162978887558
Phenotype_B,10975,0.2944286400079727
Phenotype_B,11000,0.2724124079942703
Phenotype_B,11025,0.2824148964881897
Phenotype_B,11050,0.26575360119342806
Phenotype_B,11075,0.27859861552715304
Phenotype_B,11100,0.2767989408969879
Phenotype_B,11125,0.2742967176437378
Phenotype_B,11150,0.2850062584877014
Phenotype_B,11175,0.28512556552886964
Phenotype_B,11200,0.27677303314208984
Phenotype_B,11225,0.28009954035282136
Phenotype_B,11250,0.2782841414213181
Phenotype_B,11275,0.2750645077228546
Phenotype_B,11300,0.2751495212316513
Phenotype_B,11325,0.28069287359714507
Phenotype_B,11350,0.2969401073455811
Phenotype_B,11375,0.2738799697160721
Phenotype_B,11400,0.3027452647686005
Phenotype_B,11425,0.2650724238157272
Phenotype_B,11450,0.26958701372146604
Phenotype_B,11475,0.29409250140190124
Phenotype_B,11500,0.27922376930713655
Phenotype_B,11525,0.28130952596664427
Phenotype_B,11550,0.2956255835294723
Phenotype_B,11575,0.27255207479000093
Phenotype_B,11600,0.284531951546669
Phenotype_B,11625,0.2872095912694931
Phenotype_B,11650,0.2770231533050537
Phenotype_B,11675,0.28367019951343536
Phenotype_B,11700,0.25459206640720367
Phenotype_B,11725,0.2702020591497421
Phenotype_B,11750,0.28969220101833343
Phenotype_B,11775,0.29387984991073607
Phenotype_B,11800,0.2807522559165955
Phenotype_B,11825,0.303511363863945
Phenotype_B,11850,0.2774651724100113
Phenotype_B,11875,0.265695613026619
Phenotype_B,11900,0.29162658035755157
Phenotype_B,11925,0.26972551107406617
Phenotype_B,11950,0.30956102550029757
Phenotype_B,11975,0.2810127294063568
Phenotype_B,12000,0.2653006613254547
Phenotype_B,12025,0.2976561391353607
Phenotype_B,12050,0.279571675658226
Phenotype_B,12075,0.2934189707040787
Phenotype_B,12100,0.27468223333358766
Phenotype_B,12125,0.27868839740753176
Phenotype_B,12150,0.2708546924591064
Phenotype_B,12175,0.2799031341075897
Phenotype_B,12200,0.28062061488628387
Phenotype_B,12225,0.26630365461111066
Phenotype_B,12250,0.2744136261940002
Phenotype_B,12275,0.2927000308036804
Phenotype_B,12300,0.2846889090538025
Phenotype_B,12325,0.2808085215091705
Phenotype_B,12350,0.2575955265760422
Phenotype_B,12375,0.28858726799488066
Phenotype_B,12400,0.288145170211792
Phenotype_B,12425,0.29763022899627684
Phenotype_B,12450,0.2797516047954559
Phenotype_B,12475,0.2813277113437653
Phenotype_B,12500,0.29234793365001677
Phenotype_B,12525,0.2870336383581161
Phenotype_B,12550,0.28523276150226595
Phenotype_B,12575,0.28597289204597476
Phenotype_B,12600,0.27815289199352267
Phenotype_B,12625,0.28162324368953706
Phenotype_B,12650,0.2696429765224457
Phenotype_B,12675,0.2807169163227081
Phenotype_B,12700,0.2796267008781433
Phenotype_B,12725,0.27812729418277743
Phenotype_B,12750,0.27714317858219145
Phenotype_B,12775,0.29920194506645204
Phenotype_B,12800,0.2701581799983978
Phenotype_B,12825,0.28516234040260313
Phenotype_B,12850,0.280390722155571
Phenotype_B,12875,0.28935363233089445
Phenotype_B,12900,0.27236822843551634
Phenotype_B,12925,0.2706553089618683
Phenotype_B,12950,0.26125917553901673
Phenotype_B,12975,0.2812598216533661
Phenotype_B,13000,0.2940783476829529
Phenotype_B,13025,0.27730278968811034
Phenotype_B,13050,0.2788308310508728
Phenotype_B,13075,0.2880464071035385
Phenotype_B,13100,0.2666998243331909
Phenotype_B,13125,0.28313355028629306
Phenotype_B,13150,0.28347493052482603
Phenotype_B,13175,0.2715122604370117
Phenotype_B,13200,0.27686448872089386
Phenotype_B,13225,0.2792268693447113
Phenotype_B,13250,0.2705680364370346
Phenotype_B,13275,0.2726595115661621
Phenotype_B,13300,0.2877035838365555
Phenotype_B,13325,0.27876985669136045
Phenotype_B,13350,0.2926176190376282
Phenotype_B,13375,0.26901168048381807
Phenotype_B,13400,0.2881033545732498
Phenotype_B,13425,0.278861927986145
Phenotype_B,13450,0.2835510563850403
Phenotype_B,13475,0.26458942592144014
Phenotype_B,13500,0.27905008137226106
Phenotype_B,13525,0.2985454821586609
Phenotype_B,13550,0.2853304731845856
Phenotype_B,13575,0.26192855775356294
Phenotype_B,13600,0.2885772955417633
Phenotype_B,13625,0.27619532227516175
Phenotype_B,13650,0.2750517898797989
Phenotype_B,13675,0.2740556079149246
Phenotype_B,13700,0.2800187003612518
Phenotype_B,13725,0.2745271420478821
Phenotype_B,13750,0.26994711339473726
Phenotype_B,13775,0.2786959236860275
Phenotype_B,13800,0.28855768859386444
Phenotype_B,13825,0.28261844992637636
Phenotype_B,13850,0.2960880345106125
Phenotype_B,13875,0.2647403085231781
Phenotype_B,13900,0.2823102855682373
Phenotype_B,13925,0.28743295431137084
Phenotype_B,13950,0.2853300017118454
Phenotype_B,13975,0.2813638836145401
Phenotype_B,14000,0.2677737808227539
Phenotype_B,14025,0.30405159831047057
Phenotype_B,14050,0.29919327795505524
Phenotype_B,14075,0.2813424634933472
Phenotype_B,14100,0.2799088650941849
Phenotype_B,14125,0.30255448937416074
Phenotype_B,14150,0.29189407467842104
Phenotype_B,14175,0.2877618008852005
Phenotype_B,14200,0.2855588310956955
Phenotype_B,14225,0.2724020856618881
Phenotype_B,14250,0.2892277091741562
Phenotype_B,14275,0.27985985338687897
Phenotype_B,14300,0.28476402759552
Phenotype_B,14325,0.2828828084468842
Phenotype_B,14350,0.2733824217319489
Phenotype_B,14375,0.28055461645126345
Phenotype_B,14400,0.27462502121925353
Phenotype_B,14425,0.28203782320022586
Phenotype_B,14450,0.2784696978330612
Phenotype_B,14475,0.28791397869586943
Phenotype_B,14500,0.27072489976882935
Phenotype_B,14525,0.28793040215969085
Phenotype_B,14550,0.28072245597839357
Phenotype_B,14575,0.28743974030017855
Phenotype_B,14600,0.2622069877386093
Phenotype_B,14625,0.2851851534843445
Phenotype_B,14650,0.27587256133556365
Phenotype_B,14675,0.27603939175605774
Phenotype_B,14700,0.2628762578964233
Phenotype_B,14725,0.26071710884571075
Phenotype_B,14750,0.2657372009754181
Phenotype_B,14775,0.2685494476556778
Phenotype_B,14800,0.29210877180099487
Phenotype_B,14825,0.27175055563449857
Phenotype_B,14850,0.2976928943395615
Phenotype_B,14875,0.26833176136016845
Phenotype_B,14900,0.2793257349729538
Phenotype_B,14925,0.26883542358875273
Phenotype_B,14950,0.2723300820589066
Phenotype_B,14975,0.2685933017730713
Phenotype_B,15000,0.28733799934387205
Phenotype_B,15025,0.2825033104419708
Phenotype_B,15050,0.29396819293498994
Phenotype_B,15075,0.2958298420906067
Phenotype_B,15100,0.2816092354059219
Phenotype_B,15125,0.2876181769371033
Phenotype_B,15150,0.29406736433506014
Phenotype_B,15175,0.28249995291233065
Phenotype_B,15200,0.27181841373443605
Phenotype_B,15225,0.2724440807104111
Phenotype_B,15250,0.2819480204582214
Phenotype_B,15275,0.29514443278312685
Phenotype_B,15300,0.2922865962982178
Phenotype_B,15325,0.27342178821563723
Phenotype_B,15350,0.26645772814750673
Phenotype_B,15375,0.2911986827850342
Phenotype_B,15400,0.2986955159902573
Phenotype_B,15425,0.266225700378418
Phenotype_B,15450,0.2980220937728882
Phenotype_B,15475,0.30471966981887816
Phenotype_B,15500,0.29743342638015746
Phenotype_B,15525,0.26339886248111727
Phenotype_B,15550,0.2783051109313965
Phenotype_B,15575,0.2858102536201477
Phenotype_B,15600,0.3022668719291687
Phenotype_B,15625,0.2817131918668747
Phenotype_B,15650,0.28042141437530516
Phenotype_B,15675,0.28274951100349427
Phenotype_B,15700,0.27121416926383973
Phenotype_B,15725,0.2801724201440811
Phenotype_B,15750,0.2762278735637665
Phenotype_B,15775,0.2791174429655075
Phenotype_B,15800,0.29108679354190825
Phenotype_B,15825,0.2825570088624954
Phenotype_B,15850,0.28057572603225706
Phenotype_B,15875,0.2767589831352234
Phenotype_B,15900,0.28604462563991545
Phenotype_B,15925,0.273227244913578
Phenotype_B,15950,0.26798196852207185
Phenotype_B,15975,0.28333458840847014
Phenotype_B,16000,0.28011344075202943
Phenotype_B,16025,0.2947379547357559
Phenotype_B,16050,0.2778733056783676
Phenotype_B,16075,0.27564759969711305
Phenotype_B,16100,0.2836259651184082
Phenotype_B,16125,0.28954025864601135
Phenotype_B,16150,0.2878466874361038
Phenotype_B,16175,0.277263850569725
Phenotype_B,16200,0.2685606950521469
Phenotype_B,16225,0.29099458158016206
Phenotype_B,16250,0.29078158736228943
Phenotype_B,16275,0.28320112586021423
Phenotype_B,16300,0.2932079553604126
Phenotype_B,16325,0.2765303617715836
Phenotype_B,16350,0.282892404794693
Phenotype_B,16375,0.2839510715007782
Phenotype_B,16400,0.2833630430698395
Phenotype_B,16425,0.2663175272941589
Phenotype_B,16450,0.2826578950881958
Phenotype_B,16475,0.2809475302696228
Phenotype_B,16500,0.27175025403499603
Phenotype_B,16525,0.2945185345411301
Phenotype_B,16550,0.2817501896619797
Phenotype_B,16575,0.2744357573986054
Phenotype_B,16600,0.27066935479640963
Phenotype_B,16625,0.2611239409446716
Phenotype_B,16650,0.26693114519119265
Phenotype_B,16675,0.2846555322408676
Phenotype_B,16700,0.2807800179719925
Phenotype_B,16725,0.28864206552505495
Phenotype_B,16750,0.2816036224365234
Phenotype_B,16775,0.2725375908613205
Phenotype_B,16800,0.2926753348112106
Phenotype_B,16825,0.27922547519207
Phenotype_B,16850,0.3013495296239853
Phenotype_B,16875,0.2810738867521286
Phenotype_B,16900,0.26443849861621854
Phenotype_B,16925,0.2654301655292511
Phenotype_B,16950,0.30408271491527555
Phenotype_B,16975,0.2766327220201492
Phenotype_B,17000,0.28425400257110595
Phenotype_B,17025,0.2807246547937393
Phenotype_B,17050,0.2770523548126221
Phenotype_B,17075,0.2864103418588638
Phenotype_B,17100,0.2808484935760498
Phenotype_B,17125,0.2887129044532776
Phenotype_B,17150,0.28384805738925933
Phenotype_B,17175,0.29044076085090637
Phenotype_B,17200,0.26470882177352906
Phenotype_B,17225,0.2811333501338959
Phenotype_B,17250,0.2857230705022812
Phenotype_B,17275,0.27229638278484347
Phenotype_B,17300,0.2976811081171036
Phenotype_B,17325,0.277264404296875
Phenotype_B,17350,0.2743178880214691
Phenotype_B,17375,0.27856338322162627
Phenotype_B,17400,0.2880191618204117
Phenotype_B,17425,0.2722275459766388
Phenotype_B,17450,0.28789191782474516
Phenotype_B,17475,0.29942969024181365
Phenotype_B,17500,0.2825596213340759
Phenotype_B,17525,0.27562998414039613
Phenotype_B,17550,0.27954596519470215
Phenotype_B,17575,0.2814427125453949
Phenotype_B,17600,0.29073991656303405
Phenotype_B,17625,0.28943930208683016
Phenotype_B,17650,0.27275573551654814
Phenotype_B,17675,0.29744248211383817
Phenotype_B,17700,0.27190063655376434
Phenotype_B,17725,0.30463001132011414
Phenotype_B,17750,0.27964271783828737
Phenotype_B,17775,0.2793784213066101
Phenotype_B,17800,0.25903199017047884
Phenotype_B,17825,0.2806927698850632
Phenotype_B,17850,0.28185526967048646
Phenotype_B,17875,0.29110256373882293
Phenotype_B,17900,0.27999886095523835
Phenotype_B,17925,0.28104923844337465
Phenotype_B,17950,0.28709160089492797
Phenotype_B,17975,0.2758326107263565
Phenotype_B,18000,0.27826287746429446
Phenotype_B,18025,0.2706488800048828
Phenotype_B,18050,0.28066167294979094
Phenotype_B,18075,0.26390348613262177
Phenotype_B,18100,0.30534489631652834
Phenotype_B,18125,0.27458443462848664
Phenotype_B,18150,0.27415145695209503
Phenotype_B,18175,0.2876762515306473
Phenotype_B,18200,0.2836407035589218
Phenotype_B,18225,0.2751457118988037
Phenotype_B,18250,0.2816336905956268
Phenotype_B,18275,0.2881400388479233
Phenotype_B,18300,0.28239848732948303
Phenotype_B,18325,0.290236394405365
Phenotype_B,18350,0.28042649328708646
Phenotype_B,18375,0.27787529170513153
Phenotype_B,18400,0.2761281782388687
Phenotype_B,18425,0.28401616632938387
Phenotype_B,18450,0.28447018682956693
Phenotype_B,18475,0.2855944484472275
Phenotype_B,18500,0.2779421466588974
Phenotype_B,18525,0.2818965148925781
Phenotype_B,18550,0.27314128398895265
Phenotype_B,18575,0.30595208823680875
Phenotype_B,18600,0.2712048041820526
Phenotype_B,18625,0.26515687227249146
Phenotype_B,18650,0.2807737350463867
Phenotype_B,18675,0.2857274705171585
Phenotype_B,18700,0.26931194186210633
Phenotype_B,18725,0.27118071377277375
Phenotype_B,18750,0.29712110459804536
Phenotype_B,18775,0.29864267230033875
Phenotype_B,18800,0.28367783427238463
Phenotype_B,18825,0.279338338971138
Phenotype_B,18850,0.28194556534290316
Phenotype_B,18875,0.284157355427742
Phenotype_B,18900,0.2777133762836456
Phenotype_B,18925,0.2910875129699707
Phenotype_B,18950,0.26438679337501525
Phenotype_B,18975,0.29005257070064544
Phenotype_B,19000,0.279036665558815
Phenotype_B,19025,0.28157137989997866
Phenotype_B,19050,0.3042800968885422
Phenotype_B,19075,0.28200086653232576
Phenotype_B,19100,0.2871153199672699
Phenotype_B,19125,0.27415488541126254
Phenotype_B,19150,0.2855351424217224
Phenotype_B,19175,0.31651522874832155
Phenotype_B,19200,0.27306271851062774
Phenotype_B,19225,0.2609069287776947
Phenotype_B,19250,0.25259743094444276
Phenotype_B,19275,0.27359092235565186
Phenotype_B,19300,0.27860602498054504
Phenotype_B,19325,0.28680371344089506
Phenotype_B,19350,0.27937052845954896
Phenotype_B,19375,0.2892788815498352
Phenotype_B,19400,0.29208013534545896
Phenotype_B,19425,0.2821428018808365
Phenotype_B,19450,0.2795058012008667
Phenotype_B,19475,0.2844926553964615
Phenotype_B,19500,0.2720751643180847
Phenotype_B,19525,0.2828356844186783
Phenotype_B,19550,0.2794122499227524
Phenotype_B,19575,0.2897085350751877
Phenotype_B,19600,0.26639242708683014
Phenotype_B,19625,0.2943085241317749
Phenotype_B,19650,0.26836534678936
Phenotype_B,19675,0.26755054235458375
Phenotype_B,19700,0.28540958881378176
Phenotype_B,19725,0.2744732141494751
Phenotype_B,19750,0.27426245033741
Phenotype_B,19775,0.27251817524433136
Phenotype_B,19800,0.2674813675880432
Phenotype_B,19825,0.26169239819049833
Phenotype_B,19850,0.27211244821548464
Phenotype_B,19875,0.28048069655895236
Phenotype_B,19900,0.2724859696626663
Phenotype_B,19925,0.29341187596321106
Phenotype_B,19950,0.29159421861171725
Phenotype_B,19975,0.28488743662834165
Phenotype_B,20000,0.28499402463436124
Phenotype_B,20025,0.29327016353607177
Phenotype_B,20050,0.2963306570053101
Phenotype_B,20075,0.2739810651540756
Phenotype_B,20100,0.2830184680223465
Phenotype_B,20125,0.2831582164764404
Phenotype_B,20150,0.276171954870224
Phenotype_B,20175,0.291105660200119
Phenotype_B,20200,0.28907665073871613
Phenotype_B,20225,0.27831100165843964
Phenotype_B,20250,0.2973778176307678
Phenotype_B,20275,0.2597402894496918
Phenotype_B,20300,0.2797339165210724
Phenotype_B,20325,0.28394957184791564
Phenotype_B,20350,0.2682187992334366
Phenotype_B,20375,0.2797666496038437
Phenotype_B,20400,0.2739661878347397
Phenotype_B,20425,0.2874748295545578
Phenotype_B,20450,0.27595867574214933
Phenotype_B,20475,0.28219350457191467
Phenotype_B,20500,0.2875443470478058
Phenotype_B,20525,0.2867467427253723
Phenotype_B,20550,0.28955401420593263
Phenotype_B,20575,0.2875643187761307
Phenotype_B,20600,0.27342812836170194
Phenotype_B,20625,0.2780022293329239
Phenotype_B,20650,0.2696051603555679
Phenotype_B,20675,0.2920373690128326
Phenotype_B,20700,0.2724103629589081
Phenotype_B,20725,0.29695513486862185
Phenotype_B,20750,0.29603537917137146
Phenotype_B,20775,0.2682010966539383
Phenotype_B,20800,0.2683340638875961
Phenotype_B,20825,0.2787590134143829
Phenotype_B,20850,0.2897296810150147
Phenotype_B,20875,0.2911476820707321
Phenotype_B,20900,0.2605815875530243
Phenotype_B,20925,0.2820942866802216
Phenotype_B,20950,0.27166978776454925
Phenotype_B,20975,0.27998715281486514
Phenotype_B,21000,0.2770348680019379
Phenotype_B,21025,0.2770682889223099
Phenotype_B,21050,0.2809119933843613
Phenotype_B,21075,0.27175519526004793
Phenotype_B,21100,0.28329607486724856
Phenotype_B,21125,0.28846021950244904
Phenotype_B,21150,0.28337579131126406
Phenotype_B,21175,0.2803568148612976
Phenotype_B,21200,0.27094507932662965
Phenotype_B,21225,0.292859206199646
Phenotype_B,21250,0.28660287022590636
Phenotype_B,21275,0.28509575307369234
Phenotype_B,21300,0.26136701703071596
Phenotype_B,21325,0.2915608435869217
Phenotype_B,21350,0.2876313930749893
Phenotype_B,21375,0.2685836660861969
Phenotype_B,21400,0.2825336700677872
Phenotype_B,21425,0.26447901129722595
Phenotype_B,21450,0.27759812474250795
Phenotype_B,21475,0.2953749787807465
Phenotype_B,21500,0.29298332929611204
Phenotype_B,21525,0.2713925689458847
Phenotype_B,21550,0.27045764803886413
Phenotype_B,21575,0.26921381771564484
Phenotype_B,21600,0.2621679216623306
Phenotype_B,21625,0.2637095314264297
Phenotype_B,21650,0.2833844584226608
Phenotype_B,21675,0.2918943011760712
Phenotype_B,21700,0.2663060015439987
Phenotype_B,21725,0.27369240701198577
Phenotype_B,21750,0.28707358658313753
Phenotype_B,21775,0.298167867064476
Phenotype_B,21800,0.2994856053590775
Phenotype_B,21825,0.280408576130867
Phenotype_B,21850,0.3057347083091736
Phenotype_B,21875,0.2936062413454056
Phenotype_B,21900,0.2551373618841171
Phenotype_B,21925,0.26499020159244535
Phenotype_B,21950,0.2757057672739029
Phenotype_B,21975,0.275904124379158
Phenotype_B,22000,0.2873318284749985
Phenotype_B,22025,0.27978697657585144
Phenotype_B,22050,0.29806072473526
Phenotype_B,22075,0.27116230845451356
Phenotype_B,22100,0.27343623101711273
Phenotype_B,22125,0.2536279457807541
Phenotype_B,22150,0.27164282023906705
Phenotype_B,22175,0.2828592646121979
Phenotype_B,22200,0.27203552901744843
Phenotype_B,22225,0.2751490962505341
Phenotype_B,22250,0.2846099728345871
Phenotype_B,22275,0.2736625397205353
Phenotype_B,22300,0.28650851905345914
Phenotype_B,22325,0.29559810638427736
Phenotype_B,22350,0.28055407404899596
Phenotype_B,22375,0.3080294579267502
Phenotype_B,22400,0.2882921659946442
Phenotype_B,22425,0.28014119088649747
Phenotype_B,22450,0.2805603140592575
Phenotype_B,22475,0.2897310107946396
Phenotype_B,22500,0.2822157400846481
Phenotype_B,22525,0.29347841382026674
Phenotype_B,22550,0.28245515704154966
Phenotype_B,22575,0.2644290941953659
Phenotype_B,22600,0.27977792024612425
Phenotype_B,22625,0.278603395819664
Phenotype_B,22650,0.27457778215408324
Phenotype_B,22675,0.2797069126367569
Phenotype_B,22700,0.2813630735874176
Phenotype_B,22725,0.29507080078125
Phenotype_B,22750,0.27894929349422454
Phenotype_B,22775,0.2882962340116501
Phenotype_B,22800,0.27802000343799593
Phenotype_B,22825,0.2745765548944473
Phenotype_B,22850,0.27914555847644806
Phenotype_B,22875,0.2634634262323379
Phenotype_B,22900,0.30181256771087644
Phenotype_B,22925,0.2820072001218796
Phenotype_B,22950,0.27257787585258486
Phenotype_B,22975,0.2847551691532135
Phenotype_B,23000,0.2791466987133026
Phenotype_B,23025,0.2679741507768631
Phenotype_B,23050,0.28161996126174926
Phenotype_B,23075,0.28273764193058015
Phenotype_B,23100,0.25349742293357846
Phenotype_B,23125,0.2917334097623825
Phenotype_B,23150,0.286233001947403
Phenotype_B,23175,0.3042608630657196
Phenotype_B,23200,0.26605979800224305
Phenotype_B,23225,0.27804259419441224
Phenotype_B,23250,0.27773306488990784
Phenotype_B,23275,0.2868378657102585
Phenotype_B,23300,0.2639200896024704
Phenotype_B,23325,0.29192251920700074
Phenotype_B,23350,0.27294619858264924
Phenotype_B,23375,0.27913392543792725
Phenotype_B,23400,0.2898299181461334
Phenotype_B,23425,0.27966173470020295
Phenotype_B,23450,0.26823037207126615
Phenotype_B,23475,0.28343148410320285
Phenotype_B,23500,0.2735287243127823
Phenotype_B,23525,0.30397324562072753
Phenotype_B,23550,0.2948274290561676
Phenotype_B,23575,0.2719130092859268
Phenotype_B,23600,0.29046662092208864
Phenotype_B,23625,0.28883139669895175
Phenotype_B,23650,0.2971292197704315
Phenotype_B,23675,0.26362266659736633
Phenotype_B,23700,0.29121058285236356
Phenotype_B,23725,0.27562527775764467
Phenotype_B,23750,0.25867550015449525
Phenotype_B,23775,0.2570151740312576
Phenotype_B,23800,0.2927656006813049
Phenotype_B,23825,0.28734206676483154
Phenotype_B,23850,0.26848737239837644
Phenotype_B,23875,0.26991978645324705
Phenotype_B,23900,0.28178738832473754
Phenotype_B,23925,0.2962316220998764
Phenotype_B,23950,0.29133609056472776
Phenotype_B,23975,0.2956045234203339
Phenotype_B,24000,0.293037970662117
Phenotype_B,24025,0.2591181015968323
Phenotype_B,24050,0.28941778659820555
Phenotype_B,24075,0.29030906319618227
Phenotype_B,24100,0.26398430109024046
Phenotype_B,24125,0.28149113059043884
Phenotype_B,24150,0.2806904649734497
Phenotype_B,24175,0.2784614259004593
Phenotype_B,24200,0.2511576682329178
Phenotype_B,24225,0.2843203854560852
Phenotype_B,24250,0.2924286353588104
Phenotype_B,24275,0.296098016500473
Phenotype_B,24300,0.2725104409456253
Phenotype_B,24325,0.27206710636615755
Phenotype_B,24350,0.3044306868314743
Phenotype_B,24375,0.28426702439785
Phenotype_B,24400,0.2801488745212555
Phenotype_B,24425,0.27961489439010623
Phenotype_B,24450,0.27531678318977354
Phenotype_B,24475,0.28402582108974456
Phenotype_B,24500,0.28592931389808657
Phenotype_B,24525,0.2735732489824295
Phenotype_B,24550,0.2835141068696976
Phenotype_B,24575,0.28118192791938784
Phenotype_B,24600,0.28432624876499174
Phenotype_B,24625,0.29014451920986173
Phenotype_B,24650,0.277697349190712
Phenotype_B,24675,0.2888439792394638
Phenotype_B,24700,0.2861974287033081
Phenotype_B,24725,0.30021453320980074
Phenotype_B,24750,0.2797988963127136
Phenotype_B,24775,0.2853549188375473
Phenotype_B,24800,0.28655595898628233
Phenotype_B,24825,0.2992955082654953
Phenotype_B,24850,0.27502296268939974
Phenotype_B,24875,0.28352714240550997
Phenotype_B,24900,0.2575526612997055
Phenotype_B,24925,0.2756754231452942
Phenotype_B,24950,0.2985949116945267
Phenotype_B,24975,0.26421670079231263
Phenotype_B,25000,0.290020951628685
Phenotype_B,25025,0.2922788268327713
Phenotype_B,25050,0.2722030967473984
Phenotype_B,25075,0.29555049061775207
Phenotype_B,25100,0.2818702584505081
Phenotype_B,25125,0.2724423414468765
Phenotype_B,25150,0.2905459249019623
Phenotype_B,25175,0.2716856503486633
Phenotype_B,25200,0.28802975416183474
Phenotype_B,25225,0.28239249527454374
Phenotype_B,25250,0.26894375622272493
Phenotype_B,25275,0.27858139872550963
Phenotype_B,25300,0.2529862767457962
Phenotype_B,25325,0.2636971408128738
Phenotype_B,25350,0.27121217012405396
Phenotype_B,25375,0.2751768988370895
Phenotype_B,25400,0.2682547527551651
Phenotype_B,25425,0.29507589519023897
Phenotype_B,25450,0.28201872289180757
Phenotype_B,25475,0.28240991771221163
Phenotype_B,25500,0.2720641553401947
Phenotype_B,25525,0.27320421755313873
Phenotype_B,25550,0.2822102272510529
Phenotype_B,25575,0.2726425498723984
Phenotype_B,25600,0.29188270926475524
Phenotype_B,25625,0.27570216536521913
Phenotype_B,25650,0.2788009279966354
Phenotype_B,25675,0.28589985370635984
Phenotype_B,25700,0.2776652532815933
Phenotype_B,25725,0.2934665590524673
Phenotype_B,25750,0.28764228761196137
Phenotype_B,25775,0.2934642606973648
Phenotype_B,25800,0.30023644626140594
Phenotype_B,25825,0.2710351485013962
Phenotype_B,25850,0.27717621803283693
Phenotype_B,25875,0.25858527958393096
Phenotype_B,25900,0.2942246788740158
Phenotype_B,25925,0.2855240094661713
Phenotype_B,25950,0.28166787683963773
Phenotype_B,25975,0.2659551614522934
Phenotype_B,26000,0.2862541729211807
Phenotype_B,26025,0.28488393008708957
Phenotype_B,26050,0.2774615740776062
Phenotype_B,26075,0.2871610081195831
Phenotype_B,26100,0.28185046553611753
Phenotype_B,26125,0.2767659693956375
Phenotype_B,26150,0.2645348757505417
Phenotype_B,26175,0.28208560526371
Phenotype_B,26200,0.29164719879627227
Phenotype_B,26225,0.2965930074453354
Phenotype_B,26250,0.2849604159593582
Phenotype_B,26275,0.27532483339309693
Phenotype_B,26300,0.3149074685573578
Phenotype_B,26325,0.26450269103050233
Phenotype_B,26350,0.26355079770088197
Phenotype_B,26375,0.28112607419490815
Phenotype_B,26400,0.2680242085456848
Phenotype_B,26425,0.27352364003658297
Phenotype_B,26450,0.28720508098602293
Phenotype_B,26475,0.2700210177898407
Phenotype_B,26500,0.2847072720527649
Phenotype_B,26525,0.279585075378418
Phenotype_B,26550,0.28276794016361234
Phenotype_B,26575,0.3056805205345154
Phenotype_B,26600,0.2741027265787125
Phenotype_B,26625,0.28004090785980223
Phenotype_B,26650,0.2776962906122208
Phenotype_B,26675,0.2784535789489746
Phenotype_B,26700,0.2974584949016571
Phenotype_B,26725,0.2792470395565033
Phenotype_B,26750,0.2879277002811432
Phenotype_B,26775,0.2761903297901154
Phenotype_B,26800,0.28669251143932345
Phenotype_B,26825,0.2797477740049362
Phenotype_B,26850,0.2889559131860733
Phenotype_B,26875,0.28071156322956087
Phenotype_B,26900,0.2623746871948242
Phenotype_B,26925,0.2945768272876739
Phenotype_B,26950,0.267670995593071
Phenotype_B,26975,0.28367037415504454
Phenotype_B,27000,0.27174647331237795
Phenotype_B,27025,0.2742399525642395
Phenotype_B,27050,0.27882285237312315
Phenotype_B,27075,0.2773638963699341
Phenotype_B,27100,0.289910968542099
Phenotype_B,27125,0.2984244877099991
Phenotype_B,27150,0.29439984798431396
Phenotype_B,27175,0.28052539587020875
Phenotype_B,27200,0.26409644246101377
Phenotype_B,27225,0.2920576810836792
Phenotype_B,27250,0.26567462980747225
Phenotype_B,27275,0.27494925558567046
Phenotype_B,27300,0.26183405339717863
Phenotype_B,27325,0.2771937382221222
Phenotype_B,27350,0.2747669690847397
Phenotype_B,27375,0.30792267739772794
Phenotype_B,27400,0.27600451827049255
Phenotype_B,27425,0.27440805912017824
Phenotype_B,27450,0.2943491816520691
Phenotype_B,27475,0.27731908977031705
Phenotype_B,27500,0.26798716485500335
Phenotype_B,27525,0.2641982501745224
Phenotype_B,27550,0.30821703612804413
Phenotype_B,27575,0.28464062631130216
Phenotype_B,27600,0.28399378776550294
Phenotype_B,27625,0.2813104331493378
Phenotype_B,27650,0.2972173762321472
Phenotype_B,27675,0.27983241140842435
Phenotype_B,27700,0.27701811015605926
Phenotype_B,27725,0.26930951058864594
Phenotype_B,27750,0.2782858228683472
Phenotype_B,27775,0.27614110469818115
Phenotype_B,27800,0.2624958562850952
Phenotype_B,27825,0.2797866815328598
Phenotype_B,27850,0.2894450855255127
Phenotype_B,27875,0.28796679735183717
Phenotype_B,27900,0.28237132489681244
Phenotype_B,27925,0.2760225415229797
Phenotype_B,27950,0.29056930661201474
Phenotype_B,27975,0.2688882863521576
Phenotype_B,28000,0.28298953294754026
Phenotype_B,28025,0.27809652626514436
Phenotype_B,28050,0.28270525217056275
Phenotype_B,28075,0.27012934744358064
Phenotype_B,28100,0.2745082253217697
Phenotype_B,28125,0.27626083612442015
Phenotype_B,28150,0.2822761046886444
Phenotype_B,28175,0.29395079135894775
Phenotype_B,28200,0.29645884931087496
Phenotype_B,28225,0.2926159077882767
Phenotype_B,28250,0.2845644700527191
Phenotype_B,28275,0.2893227356672287
Phenotype_B,28300,0.28417036175727844
Phenotype_B,28325,0.2897892910242081
Phenotype_B,28350,0.2875671356916428
Phenotype_B,28375,0.2894499725103378
Phenotype_B,28400,0.26750651359558103
Phenotype_B,28425,0.2885586714744568
Phenotype_B,28450,0.27556784272193907
Phenotype_B,28475,0.285687175989151
Phenotype_B,28500,0.29022086441516876
Phenotype_B,28525,0.2997197514772415
Phenotype_B,28550,0.2766984748840332
Phenotype_B,28575,0.27492195308208467
Phenotype_B,28600,0.26290362894535063
Phenotype_B,28625,0.2785904008150101
Phenotype_B,28650,0.28140306890010836
Phenotype_B,28675,0.2789559119939804
Phenotype_B,28700,0.29337610602378844
Phenotype_B,28725,0.26853460490703585
Phenotype_B,28750,0.26746041715145114
Phenotype_B,28775,0.2752262979745865
Phenotype_B,28800,0.2656123131513596
Phenotype_B,28825,0.2631955003738403
Phenotype_B,28850,0.294389328956604
Phenotype_B,28875,0.3033507764339447
Phenotype_B,28900,0.3030562770366669
Phenotype_B,28925,0.2968396371603012
Phenotype_B,28950,0.2785776376724243
Phenotype_B,28975,0.2725170922279358
Phenotype_B,29000,0.2788421392440796
Phenotype_B,29025,0.2705458724498749
Phenotype_B,29050,0.2811652958393097
Phenotype_B,29075,0.27147213101387024
Phenotype_B,29100,0.27512716233730317
Phenotype_B,29125,0.2715465408563614
Phenotype_B,29150,0.26999837696552276
Phenotype_B,29175,0.27697228014469144
Phenotype_B,29200,0.274777899980545
Phenotype_B,29225,0.2853131103515625
Phenotype_B,29250,0.27328185856342313
Phenotype_B,29275,0.2827595257759094
Phenotype_B,29300,0.2831524634361267
Phenotype_B,29325,0.2823123514652252
Phenotype_B,29350,0.2780314922332764
Phenotype_B,29375,0.28473134100437164
Phenotype_B,29400,0.2747438585758209
Phenotype_B,29425,0.2794095575809479
Phenotype_B,29450,0.282378705739975
Phenotype_B,29475,0.2803455412387848
Phenotype_B,29500,0.2803791207075119
Phenotype_B,29525,0.2895325845479965
Phenotype_B,29550,0.28087509870529176
Phenotype_B,29575,0.2923899233341217
Phenotype_B,29600,0.2853835242986679
Phenotype_B,29625,0.2635901403427124
Phenotype_B,29650,0.29007191717624664
Phenotype_B,29675,0.29762991666793825
Phenotype_B,29700,0.2695383805036545
Phenotype_B,29725,0.2836434131860733
Phenotype_B,29750,0.2768888968229294
Phenotype_B,29775,0.2714494031667709
Phenotype_B,29800,0.27432637214660643
Phenotype_B,29825,0.2802558124065399
Phenotype_B,29850,0.30274827241897584
Phenotype_B,29875,0.27088280260562897
Phenotype_B,29900,0.2668633830547333
Phenotype_B,29925,0.275892099738121
Phenotype_B,29950,0.28109496891498564
Phenotype_B,29975,0.27525597929954526
Phenotype_B,30000,0.27978769719600677
Phenotype_B,30025,0.2649210554361343
Phenotype_B,30050,0.2837698882818222
Phenotype_B,30075,0.2678027844429016
Phenotype_B,30100,0.2930004298686981
Phenotype_B,30125,0.28370341956615447
Phenotype_B,30150,0.2681285923719406
Phenotype_B,30175,0.28391756415367125
Phenotype_B,30200,0.28543493688106536
Phenotype_B,30225,0.261828647851944
Phenotype_B,30250,0.28259527683258057
Phenotype_B,30275,0.2818776172399521
Phenotype_B,30300,0.29601394295692446
Phenotype_B,30325,0.2789723879098892
Phenotype_B,30350,0.2987505567073822
Phenotype_B,30375,0.27776661813259124
Phenotype_B,30400,0.2915478140115738
Phenotype_B,30425,0.28799325168132783
Phenotype_B,30450,0.26850000441074373
Phenotype_B,30475,0.29378621876239774
Phenotype_B,30500,0.27107700407505037
Phenotype_B,30525,0.28112400710582736
Phenotype_B,30550,0.28208393812179566
Phenotype_B,30575,0.27165731728076936
Phenotype_B,30600,0.28404968172311784
Phenotype_B,30625,0.2648995679616928
Phenotype_B,30650,0.2738845670223236
Phenotype_B,30675,0.2807308006286621
Phenotype_B,30700,0.28077300667762756
Phenotype_B,30725,0.2955545711517334
Phenotype_B,30750,0.2744947820901871
Phenotype_B,30775,0.29485739588737486
Phenotype_B,30800,0.27494829416275024
Phenotype_B,30825,0.2671295827627182
Phenotype_B,30850,0.27846423149108884
Phenotype_B,30875,0.29922123849391935
Phenotype_B,30900,0.279241863489151
Phenotype_B,30925,0.2602974319458008
Phenotype_B,30950,0.280993258357048
Phenotype_B,30975,0.28069605588912966
Phenotype_B,31000,0.2945057821273804
Phenotype_B,31025,0.27592419743537905
Phenotype_B,31050,0.28120519876480105
Phenotype_B,31075,0.2783451783657074
Phenotype_B,31100,0.2681297397613525
Phenotype_B,31125,0.26560574233531953
Phenotype_B,31150,0.27802377998828887
Phenotype_B,31175,0.2643928200006485
Phenotype_B,31200,0.26965340733528137
Phenotype_B,31225,0.29419708490371704
Phenotype_B,31250,0.28617200791835784
Phenotype_B,31275,0.2945280569791794
Phenotype_B,31300,0.2893083840608597
Phenotype_B,31325,0.2647526890039444
Phenotype_B,31350,0.2808855676651001
Phenotype_B,31375,0.2780805426836014
Phenotype_B,31400,0.268577162027359
Phenotype_B,31425,0.27323334991931914
Phenotype_B,31450,0.2852409565448761
Phenotype_B,31475,0.2963875740766525
Phenotype_B,31500,0.2709901249408722
Phenotype_B,31525,0.28818441927433014
Phenotype_B,31550,0.2741461765766144
Phenotype_B,31575,0.29144854605197906
Phenotype_B,31600,0.2650908064842224
Phenotype_B,31625,0.28624146699905395
Phenotype_B,31650,0.2803607451915741
Phenotype_B,31675,0.2782068568468094
Phenotype_B,31700,0.28195280134677886
Phenotype_B,31725,0.2678722196817398
Phenotype_B,31750,0.27675303936004636
Phenotype_B,31775,0.29142770648002625
Phenotype_B,31800,0.2713855028152466
Phenotype_B,31825,0.27388360023498537
Phenotype_B,31850,0.2816904067993164
Phenotype_B,31875,0.2916372138261795
Phenotype_B,31900,0.27584967970848084
Phenotype_B,31925,0.279226775765419
Phenotype_B,31950,0.2821381741762161
Phenotype_B,31975,0.28036412358283996
Phenotype_B,32000,0.29438933670520784
Phenotype_B,32025,0.2847458064556122
Phenotype_B,32050,0.2731713730096817
Phenotype_B,32075,0.25432354569435117
Phenotype_B,32100,0.2743246304988861
Phenotype_B,32125,0.2837261295318603
Phenotype_B,32150,0.2873603665828705
Phenotype_B,32175,0.2871201598644257
Phenotype_B,32200,0.2828309988975525
Phenotype_B,32225,0.29146144092082976
Phenotype_B,32250,0.29206975877285
Phenotype_B,32275,0.29111652076244354
Phenotype_B,32300,0.28172844648361206
Phenotype_B,32325,0.27494903564453127
Phenotype_B,32350,0.2873568058013916
Phenotype_B,32375,0.2701115235686302
Phenotype_B,32400,0.3007823038101196
Phenotype_B,32425,0.2830995905399323
Phenotype_B,32450,0.27178504526615144
Phenotype_B,32475,0.2901316767930984
Phenotype_B,32500,0.2525651448965073
Phenotype_B,32525,0.283915279507637
Phenotype_B,32550,0.2817395436763763
Phenotype_B,32575,0.2785719883441925
Phenotype_B,32600,0.296839439868927
Phenotype_B,32625,0.29879671514034273
Phenotype_B,32650,0.26850398898124694
Phenotype_B,32675,0.27709634125232696
Phenotype_B,32700,0.274080331325531
Phenotype_B,32725,0.2795058113336563
Phenotype_B,32750,0.2796931862831116
Phenotype_B,32775,0.27813835501670836
Phenotype_B,32800,0.27671258211135863
Phenotype_B,32825,0.28159923136234283
Phenotype_B,32850,0.28347011387348175
Phenotype_B,32875,0.2673138177394867
Phenotype_B,32900,0.2756102705001831
Phenotype_B,32925,0.2982227849960327
Phenotype_B,32950,0.31319704592227937
Phenotype_B,32975,0.2847032618522644
Phenotype_B,33000,0.2722424668073654
Phenotype_B,33025,0.26642436802387237
Phenotype_B,33050,0.279275381565094
Phenotype_B,33075,0.28425284564495085
Phenotype_B,33100,0.28474390745162964
Phenotype_B,33125,0.29697090744972227
Phenotype_B,33150,0.2946394604444504
Phenotype_B,33175,0.2702777647972107
Phenotype_B,33200,0.28264784812927246
Phenotype_B,33225,0.2824877279996872
Phenotype_B,33250,0.2834482342004776
Phenotype_B,33275,0.2903843653202057
Phenotype_B,33300,0.287943389415741
Phenotype_B,33325,0.2782324105501175
Phenotype_B,33350,0.28734413206577303
Phenotype_B,33375,0.2874582713842392
Phenotype_B,33400,0.27941042304039
Phenotype_B,33425,0.2655948185920715
Phenotype_B,33450,0.26682152569293976
Phenotype_B,33475,0.2688023114204407
Phenotype_B,33500,0.3018346792459488
Phenotype_B,33525,0.2627843290567398
Phenotype_B,33550,0.26881658732891084
Phenotype_B,33575,0.2855136609077454
Phenotype_B,33600,0.30786118149757385
Phenotype_B,33625,0.27983319699764253
Phenotype_B,33650,0.26167493522167207
Phenotype_B,33675,0.28191059827804565
Phenotype_B,33700,0.26851188600063325
Phenotype_B,33725,0.28705036640167236
Phenotype_B,33750,0.26335479915142057
Phenotype_B,33775,0.2952311837673187
Phenotype_B,33800,0.2874330371618271
Phenotype_B,33825,0.27429366409778594
Phenotype_B,33850,0.2831315910816193
Phenotype_B,33875,0.2659082341194153
Phenotype_B,33900,0.26172888159751895
Phenotype_B,33925,0.3040383070707321
Phenotype_B,33950,0.2776056307554245
Phenotype_B,33975,0.28261399030685425
Phenotype_B,34000,0.26739685773849486
Phenotype_B,34025,0.2923795109987259
Phenotype_B,34050,0.2852789551019669
Phenotype_B,34075,0.2941788613796234
Phenotype_B,34100,0.2744699162244797
Phenotype_B,34125,0.28518948793411253
Phenotype_B,34150,0.29134746789932253
Phenotype_B,34175,0.28849006712436676
Phenotype_B,34200,0.29340335726737976
Phenotype_B,34225,0.29047428369522094
Phenotype_B,34250,0.26661270976066587
Phenotype_B,34275,0.2831746798753738
Phenotype_B,34300,0.28203382015228273
Phenotype_B,34325,0.27901159167289735
Phenotype_B,34350,0.2848679268360138
Phenotype_B,34375,0.28002587556838987
Phenotype_B,34400,0.2846247774362564
Phenotype_B,34425,0.30283407866954803
Phenotype_B,34450,0.2775790137052536
Phenotype_B,34475,0.28244407594203946
Phenotype_B,34500,0.26879928886890414
Phenotype_B,34525,0.26570588648319243
Phenotype_B,34550,0.275012434720993
Phenotype_B,34575,0.2715385049581528
Phenotype_B,34600,0.26582219302654264
Phenotype_B,34625,0.31265147149562833
Phenotype_B,34650,0.27342391312122344
Phenotype_B,34675,0.2866863477230072
Phenotype_B,34700,0.28574292302131654
Phenotype_B,34725,0.29023661017417907
Phenotype_B,34750,0.2740024495124817
Phenotype_B,34775,0.27676825046539305
Phenotype_B,34800,0.2898509109020233
Phenotype_B,34825,0.29397603213787077
Phenotype_B,34850,0.2732282984256744
Phenotype_B,34875,0.28110981822013853
Phenotype_B,34900,0.2681068229675293
Phenotype_B,34925,0.2678635162115097
Phenotype_B,34950,0.27250217378139496
Phenotype_B,34975,0.2860067105293274
Phenotype_B,35000,0.2676650434732437
Phenotype_B,35025,0.2805413734912872
Phenotype_B,35050,0.27640986800193784
Phenotype_B,35075,0.2633114320039749
Phenotype_B,35100,0.2562218025326729
Phenotype_B,35125,0.26485431790351865
Phenotype_B,35150,0.2770585453510284
Phenotype_B,35175,0.2814540785551071
Phenotype_B,35200,0.2812099200487137
Phenotype_B,35225,0.2720237445831299
Phenotype_B,35250,0.2739964038133621
Phenotype_B,35275,0.2935334312915802
Phenotype_B,35300,0.2882112967967987
Phenotype_B,35325,0.3009254264831543
Phenotype_B,35350,0.2845883983373642
Phenotype_B,35375,0.2939992731809616
Phenotype_B,35400,0.2880892497301102
Phenotype_B,35425,0.26930409014225004
Phenotype_B,35450,0.26596076965332033
Phenotype_B,35475,0.2820345842838287
Phenotype_B,35500,0.27988943219184875
Phenotype_B,35525,0.28026605367660523
Phenotype_B,35550,0.2781041830778122
Phenotype_B,35575,0.2775113207101822
Phenotype_B,35600,0.28096021473407745
Phenotype_B,35625,0.300651039481163
Phenotype_B,35650,0.30297009348869325
Phenotype_B,35675,0.270123673081398
Phenotype_B,35700,0.2605750006437302
Phenotype_B,35725,0.2770517629384994
Phenotype_B,35750,0.2843205338716507
Phenotype_B,35775,0.2816281270980835
Phenotype_B,35800,0.2685896641016006
Phenotype_B,35825,0.29726948857307434
Phenotype_B,35850,0.2970143359899521
Phenotype_B,35875,0.2856680691242218
Phenotype_B,35900,0.27517760515213013
Phenotype_B,35925,0.28169013679027555
Phenotype_B,35950,0.2812239015102386
Phenotype_B,35975,0.2782090020179748
Phenotype_B,36000,0.2899228966236114
Phenotype_B,36025,0.2805482870340347
Phenotype_B,36050,0.2734508216381073
Phenotype_B,36075,0.2758676093816757
Phenotype_B,36100,0.2731600642204285
Phenotype_B,36125,0.27799836337566375
Phenotype_B,36150,0.26808401823043826
Phenotype_B,36175,0.2668899494409561
Phenotype_B,36200,0.2882386255264282
Phenotype_B,36225,0.2941189533472061
Phenotype_B,36250,0.29508057415485384
Phenotype_B,36275,0.30111398577690124
Phenotype_B,36300,0.2948316788673401
Phenotype_B,36325,0.2900297838449478
Phenotype_B,36350,0.2872634905576706
Phenotype_B,36375,0.27461913228034973
Phenotype_B,36400,0.280776834487915
Phenotype_B,36425,0.27321317315101623
Phenotype_B,36450,0.2914723646640778
Phenotype_B,36475,0.26969622522592546
Phenotype_B,36500,0.2649202072620392
Phenotype_B,36525,0.2647788441181183
Phenotype_B,36550,0.27990094959735873
Phenotype_B,36575,0.28456826210021974
Phenotype_B,36600,0.29659921050071714
Phenotype_B,36625,0.2990130227804184
Phenotype_B,36650,0.2701664632558823
Phenotype_B,36675,0.28558343291282656
Phenotype_B,36700,0.2714238512516022
Phenotype_B,36725,0.28175103187561035
Phenotype_B,36750,0.27288700222969053
Phenotype_B,36775,0.2674824148416519
Phenotype_B,36800,0.2758009433746338
Phenotype_B,36825,0.2819509935379028
Phenotype_B,36850,0.28528532445430754
Phenotype_B,36875,0.28607516407966616
Phenotype_B,36900,0.277221622467041
Phenotype_B,36925,0.2910543477535248
Phenotype_B,36950,0.27894233584403993
Phenotype_B,36975,0.276902596950531
Phenotype_B,37000,0.2859294891357422
Phenotype_B,37025,0.2784848594665527
Phenotype_B,37050,0.28710284948348996
Phenotype_B,37075,0.2621746468544006
Phenotype_B,37100,0.2751984089612961
Phenotype_B,37125,0.28809627950191496
Phenotype_B,37150,0.2974506664276123
Phenotype_B,37175,0.2854578077793121
Phenotype_B,37200,0.2751434588432312
Phenotype_B,37225,0.2802535021305084
Phenotype_B,37250,0.28097706973552705
Phenotype_B,37275,0.2677111858129501
Phenotype_B,37300,0.26830968737602234
Phenotype_B,37325,0.27510413229465486
Phenotype_B,37350,0.2833530259132385
Phenotype_B,37375,0.2851313078403473
Phenotype_B,37400,0.28776581585407257
Phenotype_B,37425,0.28880702555179594
Phenotype_B,37450,0.2715160870552063
Phenotype_B,37475,0.2688946235179901
Phenotype_B,37500,0.2718435275554657
Phenotype_B,37525,0.2883568423986435
Phenotype_B,37550,0.26677914619445803
Phenotype_B,37575,0.28483319938182833
Phenotype_B,37600,0.27951445400714875
Phenotype_B,37625,0.2878355538845062
Phenotype_B,37650,0.28755017697811125
Phenotype_B,37675,0.28827711880207063
Phenotype_B,37700,0.29543034493923187
Phenotype_B,37725,0.2852185833454132
Phenotype_B,37750,0.2618255913257599
Phenotype_B,37775,0.2759717690944672
Phenotype_B,37800,0.27654807925224306
Phenotype_B,37825,0.26499043345451356
Phenotype_B,37850,0.2756380450725555
Phenotype_B,37875,0.2861292177438736
Phenotype_B,37900,0.28500534951686857
Phenotype_B,37925,0.2797172427177429
Phenotype_B,37950,0.26722641348838805
Phenotype_B,37975,0.2832289302349091
Phenotype_B,38000,0.27299640417098997
Phenotype_B,38025,0.30187096059322355
Phenotype_B,38050,0.26858304023742674
Phenotype_B,38075,0.271073459982872
Phenotype_B,38100,0.2767262494564056
Phenotype_B,38125,0.2889255166053772
Phenotype_B,38150,0.27688348829746245
Phenotype_B,38175,0.26761275470256807
Phenotype_B,38200,0.2840121668577194
Phenotype_B,38225,0.2787169027328491
Phenotype_B,38250,0.29716584622859954
Phenotype_B,38275,0.2535520327091217
Phenotype_B,38300,0.2724313181638718
Phenotype_B,38325,0.28874241530895234
Phenotype_B,38350,0.26369712233543396
Phenotype_B,38375,0.2663159465789795
Phenotype_B,38400,0.2863693475723267
Phenotype_B,38425,0.28932778716087343
Phenotype_B,38450,0.28398483484983444
Phenotype_B,38475,0.2675394701957703
Phenotype_B,38500,0.28897996187210084
Phenotype_B,38525,0.2886352002620697
Phenotype_B,38550,0.2790917009115219
Phenotype_B,38575,0.3099275016784668
Phenotype_B,38600,0.2885323315858841
Phenotype_B,38625,0.2923026782274246
Phenotype_B,38650,0.27151025474071505
Phenotype_B,38675,0.2948113203048706
Phenotype_B,38700,0.2908508586883545
Phenotype_B,38725,0.2928839188814163
Phenotype_B,38750,0.2958027249574661
Phenotype_B,38775,0.2740107238292694
Phenotype_B,38800,0.2859252941608429
Phenotype_B,38825,0.2770643949508667
Phenotype_B,38850,0.2849654394388199
Phenotype_B,38875,0.2885908830165863
Phenotype_B,38900,0.2658041715621948
Phenotype_B,38925,0.2838362169265747
Phenotype_B,38950,0.25425040900707246
Phenotype_B,38975,0.29547262370586397
Phenotype_B,39000,0.27249666571617126
Phenotype_B,39025,0.2708043161034584
Phenotype_B,39050,0.28399251759052274
Phenotype_B,39075,0.27481687903404234
Phenotype_B,39080,0.24952345192432404
Phenotype_C,25,0.4202019774913788
Phenotype_C,50,0.2092621487379074
Phenotype_C,75,0.2166421002149582
Phenotype_C,100,0.17931373327970504
Phenotype_C,125,0.17407797068357467
Phenotype_C,150,0.162594256401062
Phenotype_C,175,0.17522677898406983
Phenotype_C,200,0.19099948108196257
Phenotype_C,225,0.19615478217601776
Phenotype_C,250,0.18223461359739304
Phenotype_C,275,0.1882300364971161
Phenotype_C,300,0.16693925321102143
Phenotype_C,325,0.17997982621192932
Phenotype_C,350,0.1674465122818947
Phenotype_C,375,0.1781284937262535
Phenotype_C,400,0.1745918321609497
Phenotype_C,425,0.16877745032310487
Phenotype_C,450,0.16478280276060103
Phenotype_C,475,0.17374638587236405
Phenotype_C,500,0.150290447473526
Phenotype_C,525,0.15849614650011062
Phenotype_C,550,0.17306900680065154
Phenotype_C,575,0.16827230751514435
Phenotype_C,600,0.16159664928913117
Phenotype_C,625,0.17061195760965348
Phenotype_C,650,0.16577715277671815
Phenotype_C,675,0.17816498041152953
Phenotype_C,700,0.17034521579742432
Phenotype_C,725,0.15808950245380402
Phenotype_C,750,0.17287491470575334
Phenotype_C,775,0.16465617835521698
Phenotype_C,800,0.1808716768026352
Phenotype_C,825,0.168063685297966
Phenotype_C,850,0.15243734240531923
Phenotype_C,875,0.16123888701200484
Phenotype_C,900,0.16229513466358184
Phenotype_C,925,0.16116149544715883
Phenotype_C,950,0.17988890469074248
Phenotype_C,975,0.16367465049028396
Phenotype_C,1000,0.16513264626264573
Phenotype_C,1025,0.15201205998659134
Phenotype_C,1050,0.15111124277114868
Phenotype_C,1075,0.16751567810773849
Phenotype_C,1100,0.16474226772785186
Phenotype_C,1125,0.1689092370867729
Phenotype_C,1150,0.17237097322940825
Phenotype_C,1175,0.15750962853431702
Phenotype_C,1200,0.14548493593931197
Phenotype_C,1225,0.17268403083086015
Phenotype_C,1250,0.15964181542396547
Phenotype_C,1275,0.15130335628986358
Phenotype_C,1300,0.1697286006808281
Phenotype_C,1325,0.15716365069150925
Phenotype_C,1350,0.1625391960144043
Phenotype_C,1375,0.16675862431526184
Phenotype_C,1400,0.15095885306596757
Phenotype_C,1425,0.15863524049520492
Phenotype_C,1450,0.16168543964624404
Phenotype_C,1475,0.15628336608409882
Phenotype_C,1500,0.15313514977693557
Phenotype_C,1525,0.17570293426513672
Phenotype_C,1550,0.15989477396011353
Phenotype_C,1575,0.17174310177564622
Phenotype_C,1600,0.14552711069583893
Phenotype_C,1625,0.17267682105302812
Phenotype_C,1650,0.15766570568084717
Phenotype_C,1675,0.15880054712295533
Phenotype_C,1700,0.15010953202843666
Phenotype_C,1725,0.17716361373662948
Phenotype_C,1750,0.15739674508571624
Phenotype_C,1775,0.1638828459382057
Phenotype_C,1800,0.14463611364364623
Phenotype_C,1825,0.16689821660518647
Phenotype_C,1850,0.17149235904216767
Phenotype_C,1875,0.14789839833974838
Phenotype_C,1900,0.14733951181173324
Phenotype_C,1925,0.17562315344810486
Phenotype_C,1950,0.1643696415424347
Phenotype_C,1975,0.16118464171886443
Phenotype_C,2000,0.1578948175907135
Phenotype_C,2025,0.15737316012382507
Phenotype_C,2050,0.1610279479622841
Phenotype_C,2075,0.16716984182596206
Phenotype_C,2100,0.17004679262638092
Phenotype_C,2125,0.1511148741841316
Phenotype_C,2150,0.15742478460073472
Phenotype_C,2175,0.15751074731349946
Phenotype_C,2200,0.14019494324922563
Phenotype_C,2225,0.15861235111951827
Phenotype_C,2250,0.15449363589286805
Phenotype_C,2275,0.16882084667682648
Phenotype_C,2300,0.14824088633060456
Phenotype_C,2325,0.16947231888771058
Phenotype_C,2350,0.15705241680145263
Phenotype_C,2375,0.15620710849761962
Phenotype_C,2400,0.16773980021476745
Phenotype_C,2425,0.15782954275608063
Phenotype_C,2450,0.15862504810094832
Phenotype_C,2475,0.15246294125914572
Phenotype_C,2500,0.1653614640235901
Phenotype_C,2525,0.14845062851905821
Phenotype_C,2550,0.14859869390726088
Phenotype_C,2575,0.16821735024452208
Phenotype_C,2600,0.14808344841003418
Phenotype_C,2625,0.16878466978669165
Phenotype_C,2650,0.15559718266129494
Phenotype_C,2675,0.15981531292200088
Phenotype_C,2700,0.16251414746046067
Phenotype_C,2725,0.14574898958206176
Phenotype_C,2750,0.16217130929231643
Phenotype_C,2775,0.1579139107465744
Phenotype_C,2800,0.16276406943798066
Phenotype_C,2825,0.1706152480840683
Phenotype_C,2850,0.15836623519659043
Phenotype_C,2875,0.1549373522400856
Phenotype_C,2900,0.14577238008379936
Phenotype_C,2925,0.15408237308263778
Phenotype_C,2950,0.16648958057165145
Phenotype_C,2975,0.16041096448898315
Phenotype_C,3000,0.17040216863155366
Phenotype_C,3025,0.1659144502878189
Phenotype_C,3050,0.16136907726526262
Phenotype_C,3075,0.15930862605571747
Phenotype_C,3100,0.1579649418592453
Phenotype_C,3125,0.17047035843133926
Phenotype_C,3150,0.16354938566684724
Phenotype_C,3175,0.1667461308836937
Phenotype_C,3200,0.15593163087964057
Phenotype_C,3225,0.1659241324663162
Phenotype_C,3250,0.14074937522411346
Phenotype_C,3275,0.1491055381298065
Phenotype_C,3300,0.15630036503076553
Phenotype_C,3325,0.14831970870494843
Phenotype_C,3350,0.1499829861521721
Phenotype_C,3375,0.15611691862344743
Phenotype_C,3400,0.14732344210147857
Phenotype_C,3425,0.17152473747730254
Phenotype_C,3450,0.15941762149333955
Phenotype_C,3475,0.1496129459142685
Phenotype_C,3500,0.17366816699504853
Phenotype_C,3525,0.17505099713802338
Phenotype_C,3550,0.15696314334869385
Phenotype_C,3575,0.15869029968976975
Phenotype_C,3600,0.15828802227973937
Phenotype_C,3625,0.139098599255085
Phenotype_C,3650,0.15485713213682176
Phenotype_C,3675,0.1572239476442337
Phenotype_C,3700,0.1651467940211296
Phenotype_C,3725,0.15754752844572067
Phenotype_C,3750,0.1626594504714012
Phenotype_C,3775,0.16964803218841554
Phenotype_C,3800,0.15616897016763687
Phenotype_C,3825,0.16252535790205003
Phenotype_C,3850,0.15991999477148056
Phenotype_C,3875,0.16587809056043626
Phenotype_C,3900,0.1814683297276497
Phenotype_C,3925,0.14989657640457155
Phenotype_C,3950,0.16962456285953523
Phenotype_C,3975,0.15490961074829102
Phenotype_C,4000,0.15359191834926605
Phenotype_C,4025,0.16049128770828247
Phenotype_C,4050,0.14351348459720611
Phenotype_C,4075,0.15966110020875932
Phenotype_C,4100,0.15721432775259017
Phenotype_C,4125,0.1511843830347061
Phenotype_C,4150,0.15340682923793791
Phenotype_C,4175,0.15604669481515884
Phenotype_C,4200,0.15691472917795182
Phenotype_C,4225,0.16364728808403015
Phenotype_C,4250,0.15156386464834212
Phenotype_C,4275,0.1538894096016884
Phenotype_C,4300,0.16110118716955185
Phenotype_C,4325,0.15680721461772917
Phenotype_C,4350,0.15197909504175186
Phenotype_C,4375,0.1575211039185524
Phenotype_C,4400,0.1750780639052391
Phenotype_C,4425,0.1619358941912651
Phenotype_C,4450,0.14166921108961106
Phenotype_C,4475,0.1482040476799011
Phenotype_C,4500,0.15433706015348433
Phenotype_C,4525,0.15750171035528182
Phenotype_C,4550,0.16094176083803177
Phenotype_C,4575,0.15805984050035476
Phenotype_C,4600,0.15728521779179572
Phenotype_C,4625,0.16402326703071593
Phenotype_C,4650,0.15725565910339356
Phenotype_C,4675,0.158117795586586
Phenotype_C,4700,0.15630032002925873
Phenotype_C,4725,0.13806932501494884
Phenotype_C,4750,0.16731183528900145
Phenotype_C,4775,0.154187371134758
Phenotype_C,4800,0.1478544795513153
Phenotype_C,4825,0.15379134804010391
Phenotype_C,4850,0.16146129339933396
Phenotype_C,4875,0.14327384561300277
Phenotype_C,4900,0.16290591061115264
Phenotype_C,4925,0.1492349961400032
Phenotype_C,4950,0.14591578036546707
Phenotype_C,4975,0.1555158545076847
Phenotype_C,5000,0.15355434119701386
Phenotype_C,5025,0.14988481745123863
Phenotype_C,5050,0.165367793738842
Phenotype_C,5075,0.16955529734492303
Phenotype_C,5100,0.1419057485461235
Phenotype_C,5125,0.14138733029365538
Phenotype_C,5150,0.15287365466356279
Phenotype_C,5175,0.17396507740020753
Phenotype_C,5200,0.14816711902618407
Phenotype_C,5225,0.1631757515668869
Phenotype_C,5250,0.1492351061105728
Phenotype_C,5275,0.15715452075004577
Phenotype_C,5300,0.15395291775465011
Phenotype_C,5325,0.1462075626850128
Phenotype_C,5350,0.16641649037599562
Phenotype_C,5375,0.1407441096007824
Phenotype_C,5400,0.1614542829990387
Phenotype_C,5425,0.15195591509342193
Phenotype_C,5450,0.1615497002005577
Phenotype_C,5475,0.14699420124292373
Phenotype_C,5500,0.15863511711359024
Phenotype_C,5525,0.16404236167669295
Phenotype_C,5550,0.1567443349957466
Phenotype_C,5575,0.14721297949552536
Phenotype_C,5600,0.15437688678503036
Phenotype_C,5625,0.15074753284454345
Phenotype_C,5650,0.14891998916864396
Phenotype_C,5675,0.1517024204134941
Phenotype_C,5700,0.1639651718735695
Phenotype_C,5725,0.1445851057767868
Phenotype_C,5750,0.15743311673402785
Phenotype_C,5775,0.1554064381122589
Phenotype_C,5800,0.15231553882360457
Phenotype_C,5825,0.14093008756637573
Phenotype_C,5850,0.16539020836353302
Phenotype_C,5875,0.15047749876976013
Phenotype_C,5900,0.14994758158922195
Phenotype_D,25,0.5804508578777313
Phenotype_D,50,0.38448610067367556
Phenotype_D,75,0.3732029855251312
Phenotype_D,100,0.3332668197154999
Phenotype_D,125,0.32359702944755553
Phenotype_D,150,0.32760854601860045
Phenotype_D,175,0.29660741090774534
Phenotype_D,200,0.30956445217132567
Phenotype_D,225,0.32017561674118045
Phenotype_D,250,0.30231698751449587
Phenotype_D,275,0.30163468420505524
Phenotype_D,300,0.3267892754077911
Phenotype_D,325,0.30013113617897036
Phenotype_D,350,0.30717101752758025
Phenotype_D,375,0.29957079887390137
Phenotype_D,400,0.3163607168197632
Phenotype_D,425,0.2974927580356598
Phenotype_D,450,0.30810205698013304
Phenotype_D,475,0.3024311774969101
Phenotype_D,500,0.30805032074451444
Phenotype_D,525,0.29826430201530457
Phenotype_D,550,0.31090668618679046
Phenotype_D,575,0.2812610602378845
Phenotype_D,600,0.319592581987381
Phenotype_D,625,0.3085226976871491
Phenotype_D,650,0.29375244438648224
Phenotype_D,675,0.29154551327228545
Phenotype_D,700,0.31046236515045167
Phenotype_D,725,0.3063415890932083
Phenotype_D,750,0.30567782700061796
Phenotype_D,775,0.2920779639482498
Phenotype_D,800,0.29901439070701596
Phenotype_D,825,0.29482155203819277
Phenotype_D,850,0.29341071128845214
Phenotype_D,875,0.30305628657341005
Phenotype_D,900,0.28767251074314115
Phenotype_D,925,0.29796493172645566
Phenotype_D,950,0.3002349817752838
Phenotype_D,975,0.29284478068351744
Phenotype_D,1000,0.3016984188556671
Phenotype_D,1025,0.29814464688301084
Phenotype_D,1050,0.3043739956617355
Phenotype_D,1075,0.284057549238205
Phenotype_D,1100,0.3071024280786514
Phenotype_D,1125,0.2977348589897156
Phenotype_D,1150,0.2978727048635483
Phenotype_D,1175,0.3008326929807663
Phenotype_D,1200,0.29808240592479707
Phenotype_D,1225,0.2903775036334991
Phenotype_D,1250,0.2920924347639084
Phenotype_D,1275,0.30792335331439974
Phenotype_D,1300,0.29380953788757325
Phenotype_D,1325,0.2855187803506851
Phenotype_D,1350,0.3031186830997467
Phenotype_D,1375,0.28295322179794313
Phenotype_D,1400,0.2961510664224625
Phenotype_D,1425,0.2978849321603775
Phenotype_D,1450,0.3033109712600708
Phenotype_D,1475,0.29744103491306306
Phenotype_D,1500,0.29111475229263306
Phenotype_D,1525,0.2933660680055618
Phenotype_D,1550,0.30090462386608124
Phenotype_D,1575,0.29413230836391446
Phenotype_D,1600,0.303014577627182
Phenotype_D,1625,0.2994940340518951
Phenotype_D,1650,0.2998542308807373
Phenotype_D,1675,0.2790167987346649
Phenotype_D,1700,0.28902180612087247
Phenotype_D,1725,0.30173840939998625
Phenotype_D,1750,0.294896821975708
Phenotype_D,1775,0.3013103586435318
Phenotype_D,1800,0.3015609681606293
Phenotype_D,1825,0.2979389095306397
Phenotype_D,1850,0.29234203696250916
Phenotype_D,1875,0.29850114047527315
Phenotype_D,1900,0.295998626947403
Phenotype_D,1925,0.3029800045490265
Phenotype_D,1950,0.2935924804210663
Phenotype_D,1975,0.2957426351308823
Phenotype_D,2000,0.29850133299827575
Phenotype_D,2025,0.27901204288005826
Phenotype_D,2050,0.28823022425174716
Phenotype_D,2075,0.3022264790534973
Phenotype_D,2100,0.2837121373414993
Phenotype_D,2125,0.2920499622821808
Phenotype_D,2150,0.2928687012195587
Phenotype_D,2175,0.279929575920105
Phenotype_D,2200,0.30286602675914764
Phenotype_D,2225,0.29219661772251126
Phenotype_D,2250,0.28441841542720797
Phenotype_D,2275,0.305989511013031
Phenotype_D,2300,0.29823857426643374
Phenotype_D,2325,0.29431552231311797
Phenotype_D,2350,0.295473290681839
Phenotype_D,2375,0.2906609684228897
Phenotype_D,2400,0.276656933426857
Phenotype_D,2425,0.2955526012182236
Phenotype_D,2450,0.28718360245227814
Phenotype_D,2475,0.29895470023155213
Phenotype_D,2500,0.2872930771112442
Phenotype_D,2525,0.3002238929271698
Phenotype_D,2550,0.3033129715919495
Phenotype_D,2575,0.29115240573883056
Phenotype_D,2600,0.2909779989719391
Phenotype_D,2625,0.2907017147541046
Phenotype_D,2650,0.2906803357601166
Phenotype_D,2675,0.3094358307123184
Phenotype_D,2700,0.2873613095283508
Phenotype_D,2725,0.2917224824428558
Phenotype_D,2750,0.2916313648223877
Phenotype_D,2775,0.29891708672046663
Phenotype_D,2800,0.30389593124389647
Phenotype_D,2825,0.28883739292621613
Phenotype_D,2850,0.2918801975250244
Phenotype_D,2875,0.29643182694911957
Phenotype_D,2900,0.2806203597784042
Phenotype_D,2925,0.276730123758316
Phenotype_D,2950,0.2909693217277527
Phenotype_D,2975,0.2945165747404099
Phenotype_D,3000,0.2941709470748901
Phenotype_D,3025,0.2929062569141388
Phenotype_D,3050,0.2892721128463745
Phenotype_D,3075,0.28701836049556734
Phenotype_D,3100,0.29304616391658783
Phenotype_D,3125,0.2912482899427414
Phenotype_D,3150,0.28512426376342775
Phenotype_D,3175,0.3002343648672104
Phenotype_D,3200,0.2868311882019043
Phenotype_D,3225,0.2814930784702301
Phenotype_D,3250,0.2851402235031128
Phenotype_D,3275,0.290955638885498
Phenotype_D,3300,0.2985915821790695
Phenotype_D,3325,0.3036071002483368
Phenotype_D,3350,0.3013180124759674
Phenotype_D,3375,0.29835676550865176
Phenotype_D,3400,0.29596316277980805
Phenotype_D,3425,0.28620958387851714
Phenotype_D,3450,0.29011292695999147
Phenotype_D,3475,0.28795118927955626
Phenotype_D,3500,0.2920228385925293
Phenotype_D,3525,0.30122251093387603
Phenotype_D,3550,0.30140715003013613
Phenotype_D,3575,0.2962586748600006
Phenotype_D,3600,0.2917781835794449
Phenotype_D,3625,0.2976451510190964
Phenotype_D,3650,0.28301040768623353
Phenotype_D,3675,0.2942256271839142
Phenotype_D,3700,0.2878057897090912
Phenotype_D,3725,0.28218302488327024
Phenotype_D,3750,0.2913267594575882
Phenotype_D,3775,0.2914645302295685
Phenotype_D,3800,0.28271597504615786
Phenotype_D,3825,0.29513315558433534
Phenotype_D,3850,0.3000574505329132
Phenotype_D,3875,0.2787021189928055
Phenotype_D,3900,0.27773146092891693
Phenotype_D,3925,0.2918315529823303
Phenotype_D,3950,0.30105976343154905
Phenotype_D,3975,0.29155484318733216
Phenotype_D,4000,0.29361861526966093
Phenotype_D,4025,0.28614778161048887
Phenotype_D,4050,0.2927467429637909
Phenotype_D,4075,0.2829775536060333
Phenotype_D,4100,0.2856717717647552
Phenotype_D,4125,0.3049739933013916
Phenotype_D,4150,0.2737863051891327
Phenotype_D,4175,0.29588877618312837
Phenotype_D,4200,0.290607852935791
Phenotype_D,4225,0.28942333817481997
Phenotype_D,4250,0.28036454737186434
Phenotype_D,4275,0.28324284315109255
Phenotype_D,4300,0.2995471656322479
Phenotype_D,4325,0.2934426176548004
Phenotype_D,4350,0.2841677314043045
Phenotype_D,4375,0.2887846678495407
Phenotype_D,4400,0.2891263335943222
Phenotype_D,4425,0.29141098260879517
Phenotype_D,4450,0.2831342899799347
Phenotype_D,4475,0.29366209745407107
Phenotype_D,4500,0.2896189427375793
Phenotype_D,4525,0.2863340151309967
Phenotype_D,4550,0.2908891475200653
Phenotype_D,4575,0.2856254780292511
Phenotype_D,4600,0.2847360020875931
Phenotype_D,4625,0.29947134912014006
Phenotype_D,4650,0.28200808346271516
Phenotype_D,4675,0.29462473213672635
Phenotype_D,4700,0.2863006496429443
Phenotype_D,4725,0.29454460740089417
Phenotype_D,4750,0.27972372353076935
Phenotype_D,4775,0.2901690173149109
Phenotype_D,4800,0.30458649575710295
Phenotype_D,4825,0.2887297558784485
Phenotype_D,4850,0.29535270273685454
Phenotype_D,4875,0.29800454556941985
Phenotype_D,4900,0.29340009450912474
Phenotype_D,4925,0.2804616463184357
Phenotype_D,4950,0.2948617672920227
Phenotype_D,4975,0.28431751906871794
Phenotype_D,5000,0.2994682163000107
Phenotype_D,5025,0.28786405801773074
Phenotype_D,5050,0.28803122878074644
Phenotype_D,5075,0.29388143658638
Phenotype_D,5100,0.2869722408056259
Phenotype_D,5125,0.2838138097524643
Phenotype_D,5150,0.2932479947805405
Phenotype_D,5175,0.285179061293602
Phenotype_D,5200,0.29228722214698794
Phenotype_D,5225,0.28187270343303683
Phenotype_D,5250,0.30103970408439634
Phenotype_D,5275,0.28836376309394834
Phenotype_D,5300,0.2821595150232315
Phenotype_D,5325,0.28842847526073456
Phenotype_D,5350,0.2850401097536087
Phenotype_D,5375,0.29897856831550595
Phenotype_D,5400,0.300749431848526
Phenotype_D,5425,0.2886531937122345
Phenotype_D,5450,0.29127406716346743
Phenotype_D,5475,0.2855790901184082
Phenotype_D,5500,0.3090340530872345
Phenotype_D,5525,0.307998868227005
Phenotype_D,5550,0.29689075708389284
Phenotype_D,5575,0.29432558834552763
Phenotype_D,5600,0.3050019347667694
Phenotype_D,5625,0.2836550092697144
Phenotype_D,5650,0.2907965075969696
Phenotype_D,5675,0.28559489130973814
Phenotype_D,5700,0.2711776602268219
Phenotype_D,5725,0.2727602356672287
Phenotype_D,5750,0.289693740606308
Phenotype_D,5775,0.28258043646812436
Phenotype_D,5800,0.2859902346134186
Phenotype_D,5825,0.2991512769460678
Phenotype_D,5850,0.2904746472835541
Phenotype_D,5875,0.28020588397979734
Phenotype_D,5900,0.2929741358757019
Phenotype_D,5925,0.29398588120937347
Phenotype_D,5950,0.29005848705768583
Phenotype_D,5975,0.28913487017154693
Phenotype_D,6000,0.2855373710393906
Phenotype_D,6025,0.29418016731739044
Phenotype_D,6050,0.29276257634162905
Phenotype_D,6075,0.29174755692481996
Phenotype_D,6100,0.2730882441997528
Phenotype_D,6125,0.2791084676980972
Phenotype_D,6150,0.2822933059930801
Phenotype_D,6175,0.2909763526916504
Phenotype_D,6200,0.28202475905418395
Phenotype_D,6225,0.2773594677448273
Phenotype_D,6250,0.3000184535980225
Phenotype_D,6275,0.28058596193790436
Phenotype_D,6300,0.27894011318683626
Phenotype_D,6325,0.27794570446014405
Phenotype_D,6350,0.28855674028396605
Phenotype_D,6375,0.3061409491300583
Phenotype_D,6400,0.29380184710025786
Phenotype_D,6425,0.2942110288143158
Phenotype_D,6450,0.2772847199440002
Phenotype_D,6475,0.2935871207714081
Phenotype_D,6500,0.2771167677640915
Phenotype_D,6525,0.2866555565595627
Phenotype_D,6550,0.2884784454107285
Phenotype_D,6575,0.2860572963953018
Phenotype_D,6600,0.2875474834442139
Phenotype_D,6625,0.2912298530340195
Phenotype_D,6650,0.29413008987903594
Phenotype_D,6675,0.2956812793016434
Phenotype_D,6700,0.2866459912061691
Phenotype_D,6725,0.28720784723758697
Phenotype_D,6750,0.2847470051050186
Phenotype_D,6775,0.2823647904396057
Phenotype_D,6800,0.29024847090244293
Phenotype_D,6825,0.2907279133796692
Phenotype_D,6850,0.28904727756977083
Phenotype_D,6875,0.28755821943283083
Phenotype_D,6900,0.2872168231010437
Phenotype_D,6925,0.29252313494682314
Phenotype_D,6950,0.29383150458335877
Phenotype_D,6975,0.28875616550445554
Phenotype_D,7000,0.2823264741897583
Phenotype_D,7025,0.29478701889514924
Phenotype_D,7050,0.2784507536888123
Phenotype_D,7075,0.27800714075565336
Phenotype_D,7100,0.2922529476881027
Phenotype_D,7125,0.2957096552848816
Phenotype_D,7150,0.29424792051315307
Phenotype_D,7175,0.286429306268692
Phenotype_D,7200,0.28652469992637636
Phenotype_D,7225,0.28952164232730865
Phenotype_D,7250,0.28850371479988096
Phenotype_D,7275,0.2862955355644226
Phenotype_D,7300,0.28589958131313326
Phenotype_D,7325,0.28652785062789915
Phenotype_D,7350,0.2770709240436554
Phenotype_D,7375,0.29760241210460664
Phenotype_D,7400,0.2888677513599396
Phenotype_D,7425,0.29652638733386993
Phenotype_D,7450,0.28864502608776094
Phenotype_D,7475,0.2700964176654816
Phenotype_D,7500,0.2932799345254898
Phenotype_D,7525,0.27758422374725344
Phenotype_D,7550,0.27636208236217497
Phenotype_D,7575,0.2874858313798904
Phenotype_D,7600,0.28967961072921755
Phenotype_D,7625,0.29067269682884217
Phenotype_D,7650,0.29586746871471403
Phenotype_D,7675,0.2827386599779129
Phenotype_D,7700,0.2924479556083679
Phenotype_D,7725,0.28840249896049497
Phenotype_D,7750,0.29750178575515746
Phenotype_D,7775,0.29139515638351443
Phenotype_D,7800,0.28094951510429383
Phenotype_D,7825,0.28600347101688384
Phenotype_D,7850,0.2824811142683029
Phenotype_D,7875,0.28959125638008115
Phenotype_D,7900,0.28934506356716155
Phenotype_D,7925,0.2744595158100128
Phenotype_D,7950,0.29082159757614134
Phenotype_D,7975,0.28505434334278107
Phenotype_D,8000,0.28664801120758054
Phenotype_D,8025,0.2824653112888336
Phenotype_D,8050,0.28878301739692686
Phenotype_D,8075,0.2911148154735565
Phenotype_D,8100,0.28628196656703947
Phenotype_D,8125,0.2802905052900314
Phenotype_D,8150,0.29897150039672854
Phenotype_D,8175,0.27929035186767576
Phenotype_D,8200,0.2874054080247879
Phenotype_D,8225,0.29630755543708803
Phenotype_D,8250,0.2753183203935623
Phenotype_D,8275,0.29844522356987
Phenotype_D,8300,0.28274881303310395
Phenotype_D,8325,0.28937294960021975
Phenotype_D,8350,0.2888524168729782
Phenotype_D,8375,0.2906648284196854
Phenotype_D,8400,0.30275583803653716
Phenotype_D,8425,0.2946592158079147
Phenotype_D,8450,0.28289201080799103
Phenotype_D,8475,0.2947439503669739
Phenotype_D,8500,0.2819911742210388
Phenotype_D,8525,0.29161681711673737
Phenotype_D,8550,0.28725872218608856
Phenotype_D,8575,0.30313422441482546
Phenotype_D,8600,0.283976571559906
Phenotype_D,8625,0.27694562554359436
Phenotype_D,8650,0.283663512468338
Phenotype_D,8675,0.27809431076049806
Phenotype_D,8700,0.2866032302379608
Phenotype_D,8725,0.2989646553993225
Phenotype_D,8750,0.2834848445653915
Phenotype_D,8775,0.29759914457798003
Phenotype_D,8800,0.28943862617015836
Phenotype_D,8825,0.2802919155359268
Phenotype_D,8850,0.2828070837259293
Phenotype_D,8875,0.291375025510788
Phenotype_D,8900,0.29188523948192596
Phenotype_D,8925,0.29871915102005003
Phenotype_D,8950,0.2745828199386597
Phenotype_D,8975,0.2933414596319199
Phenotype_D,9000,0.2790773326158524
Phenotype_D,9025,0.2931854784488678
Phenotype_D,9050,0.28024963855743407
Phenotype_D,9075,0.2694403338432312
Phenotype_D,9100,0.2972643768787384
Phenotype_D,9125,0.28550687670707703
Phenotype_D,9150,0.2799616575241089
Phenotype_D,9175,0.279979287981987
Phenotype_D,9200,0.295973647236824
Phenotype_D,9225,0.2916960197687149
Phenotype_D,9250,0.28359975934028625
Phenotype_D,9275,0.28821591317653655
Phenotype_D,9300,0.28216783940792084
Phenotype_D,9325,0.29174916744232177
Phenotype_D,9350,0.2837696397304535
Phenotype_D,9375,0.2906637096405029
Phenotype_D,9400,0.29399945855140686
Phenotype_D,9425,0.2986379873752594
Phenotype_D,9450,0.30028594136238096
Phenotype_D,9475,0.2832432126998901
Phenotype_D,9500,0.2943348902463913
Phenotype_D,9525,0.2903225529193878
Phenotype_D,9550,0.288095743060112
Phenotype_D,9575,0.28504768073558806
Phenotype_D,9600,0.28937637865543364
Phenotype_D,9625,0.28678828954696656
Phenotype_D,9650,0.2930723571777344
Phenotype_D,9675,0.29194445967674254
Phenotype_D,9700,0.2847005784511566
Phenotype_D,9725,0.29138009548187255
Phenotype_D,9750,0.2843711119890213
Phenotype_D,9775,0.2890617769956589
Phenotype_D,9800,0.27971026599407195
Phenotype_D,9825,0.28065074563026426
Phenotype_D,9850,0.2840469807386398
Phenotype_D,9875,0.2880812752246857
Phenotype_D,9900,0.2855322390794754
Phenotype_D,9925,0.28986452221870423
Phenotype_D,9950,0.29743212401866914
Phenotype_D,9975,0.2798819375038147
Phenotype_D,10000,0.27181932508945467
Phenotype_E,25,0.4806279718875885
Phenotype_E,50,0.25527213037014007
Phenotype_E,75,0.23164579331874846
Phenotype_E,100,0.20717351019382477
Phenotype_E,125,0.1998386400938034
Phenotype_E,150,0.17488300919532776
Phenotype_E,175,0.19822638273239135
Phenotype_E,200,0.1821788591146469
Phenotype_E,225,0.18012281239032746
Phenotype_E,250,0.18255804598331452
Phenotype_E,275,0.17521486401557923
Phenotype_E,300,0.1695832070708275
Phenotype_E,325,0.17444567859172821
Phenotype_E,350,0.17487198770046233
Phenotype_E,375,0.16318836241960524
Phenotype_E,400,0.17775610119104385
Phenotype_E,425,0.16523442476987837
Phenotype_E,450,0.15782109677791595
Phenotype_E,475,0.15589999616146089
Phenotype_E,500,0.1646026736497879
Phenotype_E,525,0.16388285666704178
Phenotype_E,550,0.16890463560819627
Phenotype_E,575,0.1628985023498535
Phenotype_E,600,0.15512411177158356
Phenotype_E,625,0.1700754916667938
Phenotype_E,650,0.16403151869773866
Phenotype_E,675,0.16291325718164443
Phenotype_E,700,0.16287042707204819
Phenotype_E,725,0.1715152245759964
Phenotype_E,750,0.15782982379198074
Phenotype_E,775,0.14260823249816895
Phenotype_E,800,0.15654490143060684
Phenotype_E,825,0.14922674059867858
Phenotype_E,850,0.15304670512676238
Phenotype_E,875,0.1446043199300766
Phenotype_E,900,0.1526191607117653
Phenotype_E,925,0.14394181817770005
Phenotype_E,950,0.1595693388581276
Phenotype_E,975,0.1679172158241272
Phenotype_E,1000,0.1547890082001686
Phenotype_E,1025,0.1663842248916626
Phenotype_E,1050,0.15137630313634873
Phenotype_E,1075,0.15493361204862593
Phenotype_E,1100,0.14869047552347184
Phenotype_E,1125,0.15905354976654051
Phenotype_E,1150,0.1610960817337036
Phenotype_E,1175,0.16125069200992584
Phenotype_E,1200,0.14835319995880128
Phenotype_E,1225,0.15537161141633987
Phenotype_E,1250,0.16268960148096084
Phenotype_E,1275,0.1589552542567253
Phenotype_E,1300,0.15819775819778442
Phenotype_E,1325,0.15605426251888274
Phenotype_E,1350,0.13755504339933394
Phenotype_E,1375,0.16255183815956115
Phenotype_E,1400,0.15981072068214416
Phenotype_E,1425,0.16157395631074906
Phenotype_E,1450,0.16148578822612764
Phenotype_E,1475,0.15634748727083206
Phenotype_E,1500,0.16151077836751937
Phenotype_E,1525,0.15514071106910707
Phenotype_E,1550,0.15797500550746918
Phenotype_E,1575,0.16234267622232437
Phenotype_E,1600,0.16366185009479522
Phenotype_E,1625,0.15922852098941803
Phenotype_E,1650,0.15921037405729294
Phenotype_E,1675,0.15741608262062073
Phenotype_E,1700,0.15729414731264113
Phenotype_E,1725,0.14795853704214096
Phenotype_E,1750,0.15423908561468125
Phenotype_E,1775,0.14929443269968032
Phenotype_E,1800,0.15507760971784593
Phenotype_E,1825,0.14797212243080138
Phenotype_E,1850,0.15433384865522384
Phenotype_E,1875,0.1480487695336342
Phenotype_E,1900,0.15796745121479033
Phenotype_E,1925,0.16449090838432312
Phenotype_E,1950,0.14825864315032958
Phenotype_E,1975,0.1570101323723793
Phenotype_E,2000,0.1568134593963623
Phenotype_E,2025,0.17369047313928604
Phenotype_E,2050,0.15424008041620255
Phenotype_E,2075,0.15217646062374116
Phenotype_E,2100,0.15666444778442382
Phenotype_E,2125,0.1538725671172142
Phenotype_E,2150,0.14993182063102722
Phenotype_E,2175,0.1560281729698181
Phenotype_E,2200,0.14562645852565764
Phenotype_E,2225,0.15791160196065904
Phenotype_E,2250,0.15337564885616303
Phenotype_E,2275,0.16385196536779403
Phenotype_E,2300,0.14961574465036392
Phenotype_E,2325,0.15291968315839768
Phenotype_E,2350,0.15292306065559388
Phenotype_E,2375,0.15694673210382462
Phenotype_E,2400,0.16177645653486253
Phenotype_E,2425,0.1606310188770294
Phenotype_E,2450,0.15420397013425827
Phenotype_E,2475,0.15865018725395202
Phenotype_E,2500,0.14495646864175796
Phenotype_E,2525,0.1670129868388176
Phenotype_E,2550,0.15279984205961228
Phenotype_E,2575,0.14517115831375121
Phenotype_E,2600,0.15154166638851166
Phenotype_E,2625,0.14791065722703933
Phenotype_E,2650,0.16229937642812728
Phenotype_E,2675,0.15733326494693756
Phenotype_E,2700,0.16475033432245254
Phenotype_E,2725,0.15716421991586685
Phenotype_E,2750,0.15228003203868867
Phenotype_E,2775,0.15227395176887512
Phenotype_E,2800,0.14888645976781845
Phenotype_E,2825,0.16120572328567506
Phenotype_E,2850,0.15871471524238587
Phenotype_E,2875,0.1523861712217331
Phenotype_E,2900,0.15733279824256896
Phenotype_E,2925,0.15444298595190048
Phenotype_E,2950,0.1566631743311882
Phenotype_E,2975,0.14861827999353408
Phenotype_E,3000,0.15339459538459776
Phenotype_E,3025,0.149743994474411
Phenotype_E,3050,0.1455747130513191
Phenotype_E,3075,0.14663860201835632
Phenotype_E,3100,0.14805107116699218
Phenotype_E,3125,0.14987588703632354
Phenotype_E,3150,0.14704426169395446
Phenotype_E,3175,0.1556619769334793
Phenotype_E,3200,0.15780677437782287
Phenotype_E,3225,0.15853957772254945
Phenotype_E,3250,0.17510756969451904
Phenotype_E,3275,0.15014024466276168
Phenotype_E,3300,0.15409509003162383
Phenotype_E,3325,0.15924437075853348
Phenotype_E,3350,0.14266189962625503
Phenotype_E,3375,0.1493750759959221
Phenotype_E,3400,0.14727924436330794
Phenotype_E,3425,0.16059408724308014
Phenotype_E,3450,0.15647756010293962
Phenotype_E,3475,0.15354108661413193
Phenotype_E,3500,0.15486160784959793
Phenotype_E,3525,0.1535916045308113
Phenotype_E,3550,0.1614184334874153
Phenotype_E,3575,0.1505221140384674
Phenotype_E,3600,0.14388584703207016
Phenotype_E,3625,0.1555333337187767
Phenotype_E,3650,0.1518051055073738
Phenotype_E,3675,0.1485249823331833
Phenotype_E,3700,0.16309364795684814
Phenotype_E,3725,0.15917620718479156
Phenotype_E,3750,0.15747320771217346
Phenotype_E,3775,0.1582452291250229
Phenotype_E,3800,0.15232843279838562
Phenotype_E,3825,0.15035827755928038
Phenotype_E,3850,0.15130274415016173
Phenotype_E,3875,0.15130324870347978
Phenotype_E,3900,0.15650348633527755
Phenotype_E,3925,0.16649543166160582
Phenotype_E,3950,0.15764883309602737
Phenotype_E,3975,0.14632838517427443
Phenotype_E,4000,0.13837123155593872
Phenotype_E,4025,0.1488848039507866
Phenotype_E,4050,0.16306146055459977
Phenotype_E,4075,0.1467547795176506
Phenotype_E,4100,0.14807440638542174
Phenotype_E,4125,0.15351026445627214
Phenotype_E,4150,0.17072272598743438
Phenotype_E,4175,0.15032246500253676
Phenotype_E,4200,0.16070531457662582
Phenotype_E,4225,0.15358554810285568
Phenotype_E,4250,0.16054951637983322
Phenotype_E,4275,0.15777744382619857
Phenotype_E,4300,0.15297332644462586
Phenotype_E,4325,0.14151057243347168
Phenotype_E,4350,0.14749331414699554
Phenotype_E,4375,0.13888032168149947
Phenotype_E,4400,0.14661703646183014
Phenotype_E,4425,0.15581090301275252
Phenotype_E,4450,0.1597304704785347
Phenotype_E,4475,0.15542616903781892
Phenotype_E,4500,0.1463380405306816
Phenotype_E,4525,0.15006403386592865
Phenotype_E,4550,0.15514893174171449
Phenotype_E,4575,0.14339116126298904
Phenotype_E,4600,0.15378641754388808
Phenotype_E,4625,0.15366821885108947
Phenotype_E,4650,0.14938813507556914
Phenotype_E,4675,0.15915391087532044
Phenotype_E,4700,0.1551959440112114
Phenotype_E,4725,0.1546983414888382
Phenotype_E,4750,0.14739514410495758
Phenotype_E,4775,0.15371809512376786
Phenotype_E,4800,0.14299670457839966
Phenotype_E,4825,0.14811709851026536
Phenotype_E,4850,0.15496597975492477
Phenotype_E,4875,0.15850216001272202
Phenotype_E,4900,0.14035960972309114
Phenotype_E,4925,0.13781707644462585
Phenotype_E,4950,0.1628831285238266
Phenotype_E,4975,0.14316000580787658
Phenotype_E,5000,0.14348573952913285
Phenotype_E,5025,0.15542798906564712
Phenotype_E,5050,0.14212933719158172
Phenotype_E,5075,0.14981830537319182
Phenotype_E,5100,0.14941498428583144
Phenotype_E,5125,0.15391112953424455
Phenotype_E,5150,0.1554488617181778
Phenotype_E,5175,0.15939682692289353
Phenotype_E,5200,0.15468701481819153
Phenotype_E,5225,0.1486908122897148
Phenotype_E,5250,0.15320172041654587
Phenotype_E,5275,0.14425489008426667
Phenotype_E,5300,0.16055865466594696
Phenotype_E,5325,0.14862054973840713
Phenotype_E,5350,0.16985992938280106
Phenotype_E,5375,0.1522913494706154
Phenotype_E,5400,0.15409655809402467
Phenotype_E,5425,0.15461018294095993
Phenotype_E,5450,0.15532633304595947
Phenotype_E,5475,0.1480759572982788
Phenotype_E,5500,0.15176378071308136
Phenotype_E,5525,0.14926666051149368
Phenotype_E,5550,0.147358461022377
Phenotype_E,5575,0.16145446985960007
Phenotype_E,5600,0.15089185744524003
Phenotype_E,5625,0.15503274232149125
Phenotype_E,5650,0.15747984230518342
Phenotype_E,5675,0.15481954962015151
Phenotype_E,5700,0.14491694957017898
Phenotype_E,5725,0.15500690668821335
Phenotype_E,5750,0.14263078778982163
Phenotype_E,5775,0.14791366934776307
Phenotype_E,5800,0.1535489335656166
Phenotype_E,5825,0.17126586198806762
Phenotype_E,5850,0.16130894631147386
Phenotype_E,5875,0.14842611610889433
Phenotype_E,5900,0.15205096006393432
Phenotype_E,5925,0.15917039811611175
Phenotype_E,5950,0.15577781647443772
Phenotype_E,5975,0.1490498161315918
Phenotype_E,6000,0.14403169065713883
Phenotype_E,6025,0.1442202153801918
Phenotype_E,6050,0.14909696251153945
Phenotype_E,6075,0.15662005931138992
Phenotype_E,6100,0.1506197741627693
Phenotype_E,6125,0.15302250444889068
Phenotype_E,6150,0.13922023862600327
Phenotype_E,6175,0.13853763431310653
Phenotype_E,6200,0.14534217298030852
Phenotype_E,6225,0.16015943378210068
Phenotype_E,6250,0.15765040278434753
Phenotype_E,6275,0.15211246728897096
Phenotype_E,6300,0.16095883041620254
Phenotype_E,6325,0.1483502334356308
Phenotype_E,6350,0.1660403436422348
Phenotype_E,6375,0.14689765781164169
Phenotype_E,6400,0.14650479584932327
Phenotype_E,6425,0.14858030080795287
Phenotype_E,6450,0.1520712271332741
Phenotype_E,6475,0.16628587007522583
Phenotype_E,6500,0.1556987476348877
Phenotype_E,6525,0.1454502123594284
Phenotype_E,6550,0.15244476079940797
Phenotype_E,6575,0.15481291323900223
Phenotype_E,6600,0.14532221257686614
Phenotype_E,6625,0.1379872253537178
Phenotype_E,6650,0.1462562522292137
Phenotype_E,6675,0.14701604306697846
Phenotype_E,6700,0.14765809535980223
Phenotype_E,6725,0.14104132413864134
Phenotype_E,6750,0.15987260580062868
Phenotype_E,6775,0.14819311678409577
Phenotype_E,6800,0.14639420837163925
Phenotype_E,6825,0.15282163560390472
Phenotype_E,6850,0.16206026673316956
Phenotype_E,6875,0.15879867255687713
Phenotype_E,6900,0.15405672490596772
Phenotype_E,6925,0.1546676418185234
Phenotype_E,6950,0.14064757972955705
Phenotype_E,6975,0.154460087120533
Phenotype_E,7000,0.15179633170366288
Phenotype_E,7025,0.1583711987733841
Phenotype_E,7050,0.15624898225069045
Phenotype_E,7075,0.15745818942785264
Phenotype_E,7100,0.15494198620319366
Phenotype_E,7125,0.15726533979177476
Phenotype_E,7150,0.1516193264722824
Phenotype_E,7175,0.15609413862228394
Phenotype_E,7200,0.15811095923185348
Phenotype_E,7225,0.1485279941558838
Phenotype_E,7250,0.1554472804069519
Phenotype_E,7275,0.15508257657289504
Phenotype_E,7300,0.1405627292394638
Phenotype_E,7325,0.1615537738800049
Phenotype_E,7350,0.1510603678226471
Phenotype_E,7375,0.15158461064100265
Phenotype_E,7400,0.14810050189495086
Phenotype_E,7425,0.15453761100769042
Phenotype_E,7450,0.14615291059017183
Phenotype_E,7475,0.15602177530527114
Phenotype_E,7500,0.15311221301555633
Phenotype_E,7525,0.15316517472267152
Phenotype_E,7550,0.14657988518476486
Phenotype_E,7575,0.16104761630296707
Phenotype_E,7600,0.14836876064538956
Phenotype_E,7625,0.16257780849933623
Phenotype_E,7650,0.14646469086408614
Phenotype_E,7675,0.15776918232440948
Phenotype_E,7700,0.14964833468198777
Phenotype_E,7725,0.15185653239488603
Phenotype_E,7750,0.14478654623031617
Phenotype_E,7775,0.14748259156942367
Phenotype_E,7800,0.15341304510831832
Phenotype_E,7825,0.15216492235660553
Phenotype_E,7850,0.1502802401781082
Phenotype_E,7875,0.15681836426258086
Phenotype_E,7900,0.15423209071159363
Phenotype_E,7925,0.16346918642520905
Phenotype_E,7950,0.14420372605323792
Phenotype_E,7975,0.14708920687437058
Phenotype_E,8000,0.14891491323709488
Phenotype_E,8025,0.14846376746892928
Phenotype_E,8050,0.15094481736421586
Phenotype_E,8075,0.15015168607234955
Phenotype_E,8100,0.15265406996011735
Phenotype_E,8125,0.15246991097927093
Phenotype_E,8150,0.15215985864400863
Phenotype_E,8175,0.1465904325246811
Phenotype_E,8200,0.1387476631999016
Phenotype_E,8225,0.15841447025537492
Phenotype_E,8250,0.13270137399435045
Phenotype_E,8275,0.1536285698413849
Phenotype_E,8300,0.15742188960313797
Phenotype_E,8325,0.1492742195725441
Phenotype_E,8350,0.15909347116947173
Phenotype_E,8375,0.15258887231349946
Phenotype_E,8400,0.1499578931927681
Phenotype_E,8425,0.1461658737063408
Phenotype_E,8450,0.15185623168945311
Phenotype_E,8475,0.15670254647731782
Phenotype_E,8500,0.15354771465063094
Phenotype_E,8525,0.15295566320419313
Phenotype_E,8550,0.15797930598258972
Phenotype_E,8575,0.16056894809007644
Phenotype_E,8600,0.15757087528705596
Phenotype_E,8625,0.15592682480812073
Phenotype_E,8650,0.14471663326025008
Phenotype_E,8675,0.15166503071784973
Phenotype_E,8700,0.14653001189231873
Phenotype_E,8725,0.16247929096221925
Phenotype_E,8750,0.1577043789625168
Phenotype_E,8775,0.15176191926002502
Phenotype_E,8800,0.15660397142171859
Phenotype_E,8825,0.15476324051618576
Phenotype_E,8850,0.14324961721897125
Phenotype_E,8875,0.15030432045459746
Phenotype_E,8900,0.14122493088245391
Phenotype_E,8925,0.1493889445066452
Phenotype_E,8950,0.15737995833158494
Phenotype_E,8975,0.15098108619451522
Phenotype_E,9000,0.14164255023002625
Phenotype_E,9025,0.16086954414844512
Phenotype_E,9050,0.16740121960639953
Phenotype_E,9075,0.16266082346439362
Phenotype_E,9100,0.15133479595184327
Phenotype_E,9125,0.14852274954319
Phenotype_E,9150,0.1506633687019348
Phenotype_E,9175,0.1403731906414032
Phenotype_E,9200,0.14326858550310134
Phenotype_E,9225,0.148600532412529
Phenotype_E,9250,0.14745859563350677
Phenotype_E,9275,0.1479568699002266
Phenotype_E,9300,0.1445793902873993
Phenotype_E,9325,0.14696662992238999
Phenotype_E,9350,0.15223097532987595
Phenotype_E,9375,0.1541613134741783
Phenotype_E,9400,0.15614926010370256
Phenotype_E,9425,0.15520087599754334
Phenotype_E,9450,0.15313433408737182
Phenotype_E,9475,0.15258462071418763
Phenotype_E,9500,0.14828573942184448
Phenotype_E,9525,0.14638773500919341
Phenotype_E,9550,0.14802769660949708
Phenotype_E,9575,0.15217499762773515
Phenotype_E,9600,0.1543521127104759
Phenotype_E,9625,0.15313123106956483
Phenotype_E,9650,0.14810455560684205
Phenotype_E,9675,0.14932971447706223
Phenotype_E,9700,0.14886993139982224
Phenotype_E,9725,0.14371250838041305
Phenotype_E,9750,0.15331232011318208
Phenotype_E,9775,0.169269999563694
Phenotype_E,9800,0.15222429513931274
Phenotype_E,9825,0.14979971200227737
Phenotype_E,9850,0.15528878837823867
Phenotype_E,9875,0.153696928024292
Phenotype_E,9900,0.15892226934432985
Phenotype_E,9925,0.14576497048139572
Phenotype_E,9950,0.1533609986305237
Phenotype_E,9975,0.15482941687107085
Phenotype_E,10000,0.14986536353826524
Phenotype_E,10025,0.16251339107751847
Phenotype_E,10050,0.15177136689424514
Phenotype_E,10075,0.1492304199934006
Phenotype_E,10100,0.15391130536794662
Phenotype_E,10125,0.15935931146144866
Phenotype_E,10150,0.16350356340408326
Phenotype_E,10175,0.14972892612218858
Phenotype_E,10200,0.13733973622322082
Phenotype_E,10225,0.14997578531503677
Phenotype_E,10250,0.15467249780893325
Phenotype_E,10275,0.15009799361228943
Phenotype_E,10300,0.14817964196205138
Phenotype_E,10325,0.14885300755500794
Phenotype_E,10350,0.15251217007637025
Phenotype_E,10375,0.1484272798895836
Phenotype_E,10400,0.1515531912446022
Phenotype_E,10425,0.16280314356088638
Phenotype_E,10450,0.14211079537868498
Phenotype_E,10475,0.15222330689430236
Phenotype_E,10500,0.1654551100730896
Phenotype_E,10525,0.1465076544880867
Phenotype_E,10550,0.15492951303720473
Phenotype_E,10575,0.1490684688091278
Phenotype_E,10600,0.14037227004766464
Phenotype_E,10625,0.15484342366456985
Phenotype_E,10650,0.1511379799246788
Phenotype_E,10675,0.14966124385595322
Phenotype_E,10700,0.15760329812765123
Phenotype_E,10725,0.14989777147769928
Phenotype_E,10750,0.15520820170640945
Phenotype_E,10775,0.15559991270303727
Phenotype_E,10800,0.15806915909051894
Phenotype_E,10825,0.15810489594936372
Phenotype_E,10850,0.15830045610666274
Phenotype_E,10875,0.16446352511644363
Phenotype_E,10900,0.13807447552680968
Phenotype_E,10925,0.1507182565331459
Phenotype_E,10950,0.15552591472864152
Phenotype_E,10975,0.14040552258491515
Phenotype_E,11000,0.14755925834178923
Phenotype_E,11025,0.15308983147144317
Phenotype_E,11050,0.15195797830820085
Phenotype_E,11075,0.1513299322128296
Phenotype_E,11100,0.15517917335033415
Phenotype_E,11125,0.14771364092826844
Phenotype_E,11150,0.148240764439106
Phenotype_E,11175,0.14827284425497056
Phenotype_E,11200,0.14626067906618118
Phenotype_E,11225,0.13968175888061524
Phenotype_E,11250,0.1517109802365303
Phenotype_E,11275,0.15296260356903077
Phenotype_E,11300,0.15098546773195268
Phenotype_E,11325,0.161298508644104
Phenotype_E,11350,0.1549233701825142
Phenotype_E,11375,0.15369582444429397
Phenotype_E,11400,0.1447165384888649
Phenotype_E,11425,0.1473133784532547
Phenotype_E,11450,0.15205713480710983
Phenotype_E,11475,0.14592157006263734
Phenotype_E,11500,0.1550631582736969
Phenotype_E,11525,0.15852179020643234
Phenotype_E,11550,0.15843562722206117
Phenotype_E,11575,0.14808868050575255
Phenotype_E,11600,0.15173579812049864
Phenotype_E,11625,0.14769768863916397
Phenotype_E,11650,0.1586663630604744
Phenotype_E,11675,0.14219998359680175
Phenotype_E,11700,0.1551204127073288
Phenotype_E,11725,0.15852587044239044
Phenotype_E,11750,0.15430543035268784
Phenotype_E,11775,0.15605547189712524
Phenotype_E,11800,0.14493974387645722
Phenotype_E,11825,0.15086509108543397
Phenotype_E,11850,0.15777992963790893
Phenotype_E,11875,0.14963106751441957
Phenotype_E,11900,0.15784610748291017
Phenotype_E,11925,0.14500912725925447
Phenotype_E,11950,0.1479823872447014
Phenotype_E,11975,0.14806994438171386
Phenotype_E,12000,0.1441906413435936
Phenotype_E,12025,0.1373049160838127
Phenotype_E,12050,0.15189599364995957
Phenotype_E,12075,0.14696250438690187
Phenotype_E,12100,0.16438185453414916
Phenotype_E,12125,0.14786835998296738
Phenotype_E,12150,0.14139302879571913
Phenotype_E,12175,0.16139973759651183
Phenotype_E,12200,0.14889272183179855
Phenotype_E,12225,0.1552838584780693
Phenotype_E,12250,0.15467119693756104
Phenotype_E,12275,0.15697030246257782
Phenotype_E,12300,0.1478425970673561
Phenotype_E,12325,0.15331785380840302
Phenotype_E,12350,0.14396686166524886
Phenotype_E,12375,0.1525801894068718
Phenotype_E,12400,0.14405082434415817
Phenotype_E,12425,0.1492423927783966
Phenotype_E,12450,0.1419919654726982
Phenotype_E,12475,0.1376390865445137
Phenotype_E,12500,0.1432255956530571
Phenotype_E,12525,0.1414924231171608
Phenotype_E,12550,0.15005353689193726
Phenotype_E,12575,0.1412144136428833
Phenotype_E,12600,0.15316994488239288
Phenotype_E,12625,0.16104059636592866
Phenotype_E,12650,0.15526018381118775
Phenotype_E,12675,0.1567753654718399
Phenotype_E,12700,0.15328386813402176
Phenotype_E,12725,0.1477069741487503
Phenotype_E,12750,0.14598453491926194
Phenotype_E,12775,0.15024986028671264
Phenotype_E,12800,0.1406876677274704
Phenotype_E,12825,0.15899870604276656
Phenotype_E,12850,0.15742320448160171
Phenotype_E,12875,0.1482525572180748
Phenotype_E,12900,0.16166999012231828
Phenotype_E,12925,0.14934721291065217
Phenotype_E,12950,0.15269626408815384
Phenotype_E,12975,0.15047931253910066
Phenotype_E,13000,0.14323191195726395
Phenotype_E,13025,0.1571473491191864
Phenotype_E,13050,0.14886189758777618
Phenotype_E,13075,0.15308840066194535
Phenotype_E,13100,0.14041666120290755
Phenotype_E,13125,0.15216645538806917
Phenotype_E,13150,0.14270590633153915
Phenotype_E,13175,0.14456703156232834
Phenotype_E,13200,0.1546962544322014
Phenotype_E,13225,0.13180118709802627
Phenotype_E,13250,0.14932347029447557
Phenotype_E,13275,0.14811152547597886
Phenotype_E,13300,0.138020578622818
Phenotype_E,13325,0.1444472214579582
Phenotype_E,13350,0.1520938405394554
Phenotype_E,13375,0.14948943108320237
Phenotype_E,13400,0.15645181208848954
Phenotype_E,13425,0.1552487814426422
Phenotype_E,13450,0.15348054170608522
Phenotype_E,13475,0.14243415087461472
Phenotype_E,13500,0.15571166217327118
Phenotype_E,13525,0.16578309148550033
Phenotype_E,13550,0.16976350516080857
Phenotype_E,13575,0.1498995503783226
Phenotype_E,13600,0.14545295119285584
Phenotype_E,13625,0.1468653652071953
Phenotype_E,13650,0.14419734239578247
Phenotype_E,13675,0.15182217657566072
Phenotype_E,13700,0.15283659100532532
Phenotype_E,13725,0.1505976477265358
Phenotype_E,13750,0.14204736948013305
Phenotype_E,13775,0.1654844254255295
Phenotype_E,13800,0.14118414282798766
Phenotype_E,13825,0.1523650959134102
Phenotype_E,13850,0.15189270347356795
Phenotype_E,13875,0.15000341325998306
Phenotype_E,13900,0.14967973351478578
Phenotype_E,13925,0.14521690219640732
Phenotype_E,13950,0.14427561342716216
Phenotype_E,13975,0.14833506375551223
Phenotype_E,14000,0.1535213667154312
Phenotype_E,14025,0.15479838132858276
Phenotype_E,14050,0.15653201669454575
Phenotype_E,14075,0.148213672041893
Phenotype_E,14100,0.15406670957803725
Phenotype_E,14125,0.14280604362487792
Phenotype_E,14150,0.15560946077108384
Phenotype_E,14175,0.15249504059553146
Phenotype_E,14200,0.15063543260097503
Phenotype_E,14225,0.1371690148115158
Phenotype_E,14250,0.15920289099216461
Phenotype_E,14275,0.15636239111423492
Phenotype_E,14300,0.15850715219974518
Phenotype_E,14320,0.1578643061220646
