x,y,source,method
-9.456053110838143,1.353484488327457,Real,UMAP
-10.363602015257088,4.267518914539768,Real,UMAP
-7.27257952380201,-0.09283050219302014,Real,UMAP
-10.583993288755623,5.081254876453831,Real,UMAP
4.300184396028312,-7.948305212657497,Real,UMAP
-9.804431292295662,1.987714327175571,Real,UMAP
-7.196814867735116,-0.15721651236300305,Real,UMAP
-9.483105036497323,1.4009141691517368,Real,UMAP
-8.132400843382088,0.39326009084696933,Real,UMAP
-8.835868212461678,0.7786269851517217,Real,UMAP
4.048245576143058,-7.990924917857693,Real,UMAP
-10.334188791990487,4.638598359425022,Real,UMAP
-9.376283976316659,1.0148842104267612,Real,UMAP
4.434307482957633,-7.897967421214626,Real,UMAP
-1.3552978961469813,-1.7076056830096706,Real,UMAP
-8.863327357053963,0.7025419690203206,Real,UMAP
-10.237737032652108,3.7566749223064915,Real,UMAP
3.8559637339113073,-7.921694838206814,Real,UMAP
3.328690138578208,-7.60305508295779,Real,UMAP
-10.586576792478768,5.151626504261448,Real,UMAP
4.354089167833122,-8.072222792308377,Real,UMAP
5.250118640184196,-7.525737845103786,Real,UMAP
-8.2493623225691,0.517309635181381,Real,UMAP
-1.0328417747022791,-5.899429880778835,Real,UMAP
-10.416861864805428,4.091055548984959,Real,UMAP
-8.318205210447518,0.4404395849000947,Real,UMAP
-10.625974032163827,5.066667474110081,Real,UMAP
-10.606087061643807,5.637088692982151,Real,UMAP
-7.137648913145272,-0.17950715939287976,Real,UMAP
4.083768633127006,-8.052745901744412,Real,UMAP
4.40423395943621,-8.147846304576444,Real,UMAP
4.589161542176994,-8.07510384241824,Real,UMAP
-10.616130205869881,3.951725400288059,Real,UMAP
4.251913932084831,-8.054595076243924,Real,UMAP
2.775960978984626,-7.482189261119411,Real,UMAP
-10.634072634458748,6.000855363209202,Real,UMAP
-10.843201967954842,3.700701869327976,Real,UMAP
3.3432163269517736,-7.659611784617947,Real,UMAP
3.019544986009391,-7.6238947741199,Real,UMAP
-9.2482636897566,1.1131634481739536,Real,UMAP
3.4789750249383764,-7.989046179454372,Real,UMAP
-9.088034960508553,0.8346035846066014,Real,UMAP
2.1151571543214636,-7.0979801050830345,Real,UMAP
3.2060936958787756,-7.771840178172634,Real,UMAP
-7.022591921568123,-0.20133771816973522,Real,UMAP
-8.908624026060311,0.7508940466236608,Real,UMAP
4.139347222566398,-7.791917883555935,Real,UMAP
-10.421794268369881,4.455331004459812,Real,UMAP
-10.472755762815682,4.303394950230076,Real,UMAP
4.438322928666862,-8.09777458826785,Real,UMAP
-8.807447764158455,0.8177122839283483,Real,UMAP
-9.370671602964608,9.140873826343967,Real,UMAP
-10.580581995725838,5.3727697499584695,Real,UMAP
-10.387483927488534,4.347884810764744,Real,UMAP
-10.63607058215162,5.229973710377171,Real,UMAP
2.3048643143174963,-7.226741873424099,Real,UMAP
-9.397196146726815,1.2257513769459263,Real,UMAP
4.208403495073112,-7.952443205516384,Real,UMAP
4.503287461519035,-8.00527962366824,Real,UMAP
-10.591826769590584,5.604055322010471,Real,UMAP
-10.397161814451424,4.24740067799802,Real,UMAP
-10.420197817564217,4.419913447697117,Real,UMAP
3.427135852098258,-7.909843527476833,Real,UMAP
-9.814163538694588,1.9440346129726902,Real,UMAP
-9.833240839719979,2.1051031716656223,Real,UMAP
-8.114381167173592,0.22770487447495624,Real,UMAP
-10.565885874510018,5.19293872197385,Real,UMAP
-10.49755510973951,5.118684686024143,Real,UMAP
-10.595748278379647,5.879143632252171,Real,UMAP
-1.3885630099775477,-1.5634129873919949,Real,UMAP
-9.366740557432381,9.145109093983127,Real,UMAP
-10.247091624021737,3.4789275296520725,Real,UMAP
5.260019686937126,-7.534681402843044,Real,UMAP
-9.435462328672616,1.289571381409122,Real,UMAP
-10.624842020750252,6.708251393635227,Real,UMAP
3.848395136117728,-7.7101956240344505,Real,UMAP
-7.912614199400155,0.3252069123577611,Real,UMAP
-9.307782503843514,1.1604639061283604,Real,UMAP
-9.632051798582284,1.6309956677746311,Real,UMAP
-10.296485277891366,3.8502697118114964,Real,UMAP
-9.737008425474373,1.8552152283978,Real,UMAP
-10.201611849546639,3.634967721302463,Real,UMAP
-8.641742083311287,0.6012667783092992,Real,UMAP
-10.571825358152596,5.514967358906223,Real,UMAP
2.118433323621543,-7.0534668795276145,Real,UMAP
5.216088917970451,-7.560154997508572,Real,UMAP
-0.8059521644117518,-0.8746156326938136,Real,UMAP
-9.735923144102303,1.8082877763103977,Real,UMAP
-10.478146883726327,4.70973674138303,Real,UMAP
-9.371607157469002,9.138450539905978,Real,UMAP
-0.49569282221814825,-5.9016958109546165,Real,UMAP
4.106228855371269,-4.456077658336208,Real,UMAP
3.6831550867555456,-8.137235724132108,Real,UMAP
4.5451486380098185,-8.034106337230252,Real,UMAP
-9.586100908994881,1.5463964112591282,Real,UMAP
-10.836404177427498,3.7240730889629856,Real,UMAP
4.550877121209892,-8.090427481334256,Real,UMAP
-10.637354227781502,5.497047341663792,Real,UMAP
-1.4242218463422938,-1.4887444607425198,Real,UMAP
-10.208684298277108,3.288193858463718,Real,UMAP
2.9338152976034,-7.4462233416247825,Real,UMAP
-8.140331598997323,0.44782477920169994,Real,UMAP
-8.320378634214608,0.33280307729954883,Real,UMAP
2.9187915296552496,-7.598587118785427,Real,UMAP
4.370894816636833,-8.115879141490506,Real,UMAP
-8.44261011767408,0.3658825748157041,Real,UMAP
-10.613157603025643,5.533452428181126,Real,UMAP
-0.6791511504652186,-5.8908644549060325,Real,UMAP
4.1980992825029215,-7.956699453990505,Real,UMAP
4.3249255688188395,-8.22240837733035,Real,UMAP
-10.103947970152108,3.015632308323337,Real,UMAP
3.225472536802085,-7.72281941096072,Real,UMAP
3.2459847004411535,-7.726732336680935,Real,UMAP
-10.627158495664803,6.682119286854221,Real,UMAP
-8.913038584470955,0.8482278056931035,Real,UMAP
-10.26107058215162,3.580016530353977,Real,UMAP
3.6366185219285803,-4.9334059588122825,Real,UMAP
3.0487352282998876,-7.657268606822536,Real,UMAP
-8.402283999204842,0.3887774788331525,Real,UMAP
-0.630685660124032,-6.107397638957546,Real,UMAP
-9.221224161863534,1.0924861796688572,Real,UMAP
3.636682239293845,-4.909328543345974,Real,UMAP
2.6203599208293276,-7.404060923259304,Real,UMAP
4.33610549283007,-4.238175474803493,Real,UMAP
-10.616840693235604,6.5396494038891335,Real,UMAP
3.9446944267747717,-7.7509108416247825,Real,UMAP
3.9021531612871008,-7.961891256969021,Real,UMAP
3.641716089963706,-8.144840323131131,Real,UMAP
-9.720903727293221,1.7215719588589207,Real,UMAP
4.519976881265434,-8.097244345347928,Real,UMAP
-10.553382250547616,4.667827046711399,Real,UMAP
3.6136369378564672,-7.828703962962673,Real,UMAP
-10.573097559690682,6.035483277637913,Real,UMAP
-7.517359110594002,0.01891041477437183,Real,UMAP
-8.069938036680428,0.2839444645237462,Real,UMAP
2.909908425926955,-5.176782690684841,Real,UMAP
3.35438671421984,-7.914538466136501,Real,UMAP
-10.551553103208748,4.519043362934544,Real,UMAP
4.495722559213432,-8.082554899852322,Real,UMAP
3.6655940086839514,-7.7287531725574,Real,UMAP
3.204850104570182,-7.785719954173611,Real,UMAP
5.220135119676383,-7.566230856578396,Real,UMAP
4.574785259485038,-8.175054632823514,Real,UMAP
-9.30951628375074,1.1215818293880955,Real,UMAP
-10.565783831358162,5.4548362859081765,Real,UMAP
3.0338421733377294,-7.618392073314236,Real,UMAP
-9.65656218218824,1.7109645970654026,Real,UMAP
-8.884401652097909,0.772007770140125,Real,UMAP
-8.819626185178963,0.7407742806267278,Real,UMAP
-8.327523562193123,0.5662871294211881,Real,UMAP
2.277480569600852,-7.191202723186062,Real,UMAP
4.27006533455828,-7.971530996959255,Real,UMAP
3.4064551265237646,-7.900551878612087,Real,UMAP
-10.52043280291578,5.110030568439915,Real,UMAP
4.063485649347099,-7.976267897288845,Real,UMAP
4.213687685251029,-7.980790220897243,Real,UMAP
-10.536226603269784,5.446057713825657,Real,UMAP
-9.294076296568123,1.0802365907024876,Real,UMAP
-10.870375963926522,3.7015370496105686,Real,UMAP
-10.630448672056405,5.562287247974827,Real,UMAP
-10.59222063708326,5.845523274738743,Real,UMAP
4.465989139795097,-8.152525030772733,Real,UMAP
-8.057811114073006,-0.28432049671892956,Real,UMAP
-9.252858492613045,0.7740859456848638,Real,UMAP
3.4038321645257787,-7.979052626292751,Real,UMAP
-10.362523409605233,4.23456469853635,Real,UMAP
-10.28397974658033,3.76695576985593,Real,UMAP
4.507719305276664,-8.149043165843533,Real,UMAP
3.7378808529374914,-7.831881605784939,Real,UMAP
-10.674921366453377,5.75616589864011,Real,UMAP
-7.6954272716047445,0.12962860544438526,Real,UMAP
-8.891421648740975,0.8757327266525762,Real,UMAP
-8.94589266467115,0.8180872269463079,Real,UMAP
-10.420639368772713,4.989923871357395,Real,UMAP
-7.97013697314283,0.037861115534259526,Real,UMAP
-10.511014315366952,4.901262200672581,Real,UMAP
-1.413449618101327,-1.4671729437518581,Real,UMAP
-10.518534991026131,5.27971497853513,Real,UMAP
-10.578361841917244,4.615273392994358,Real,UMAP
-10.608836504698006,6.686120904285862,Real,UMAP
-10.323254915952889,3.6691102155041233,Real,UMAP
3.3354946644304113,-7.857479178111599,Real,UMAP
3.316729632138999,-7.949652754466579,Real,UMAP
-10.009660097837655,3.121027625400974,Real,UMAP
-9.73824057269117,1.7810892232250706,Real,UMAP
-10.254413935423104,3.8968428738903538,Real,UMAP
-8.311070772886483,0.18602845748181507,Real,UMAP
4.556332019090446,-7.970499121348904,Real,UMAP
-10.234860750913827,3.2284630902599827,Real,UMAP
-10.634158465147225,5.172801411945774,Real,UMAP
-8.802198740720955,0.6976901062321202,Real,UMAP
-10.190532061338631,3.2422989972424046,Real,UMAP
-10.304537150144784,3.5564257272076145,Real,UMAP
2.9080038191078024,-7.59474381129031,Real,UMAP
-8.765406939268319,0.7614646621536748,Real,UMAP
-8.293044420957772,0.45100606908316776,Real,UMAP
5.174370434999259,-7.606451117198513,Real,UMAP
2.14390304398516,-7.090878092448757,Real,UMAP
-10.390627238035409,4.349739230472996,Real,UMAP
-8.065620753050057,0.2356967099499242,Real,UMAP
-10.513995501280037,4.606647885639622,Real,UMAP
-9.577136370420662,1.5330989726376072,Real,UMAP
3.951159504174979,-7.914528929393337,Real,UMAP
2.368022856235297,-7.195361220042751,Real,UMAP
-7.547240587949959,0.04998103459592029,Real,UMAP
2.0710662276742773,-7.017333590190456,Real,UMAP
-9.276641222715584,1.1310656436275974,Real,UMAP
-10.587579104185311,5.4233421452831765,Real,UMAP
-10.325411173582284,4.05235902150388,Real,UMAP
-9.381465288877694,1.2251548536610142,Real,UMAP
2.119588402032645,-7.101141535441921,Real,UMAP
5.265746501207145,-7.521491610209988,Real,UMAP
4.675991442918571,-7.998607718150661,Real,UMAP
-10.281362864256112,3.7978624471020237,Real,UMAP
-9.204343172788827,0.9970271356892125,Real,UMAP
-10.455326411009041,4.775623238880589,Real,UMAP
4.208004620790275,-8.054448210399197,Real,UMAP
4.049461034059318,-8.086324774425076,Real,UMAP
-10.446853968382088,5.164517319996311,Real,UMAP
-10.561714503050057,5.293103135425999,Real,UMAP
-8.10272154498121,0.4283520646881597,Real,UMAP
-9.368339869260994,9.143459237415744,Real,UMAP
3.363321748494895,-4.896646582286404,Real,UMAP
-9.16632780718824,0.8557860322784917,Real,UMAP
-10.430461260557381,5.105584061939671,Real,UMAP
2.9256047279832678,-7.561417662303493,Real,UMAP
-8.115507456541268,0.32635535975213215,Real,UMAP
-8.304754587888924,0.2714936204742925,Real,UMAP
-10.605541559934823,5.161523259479954,Real,UMAP
-10.630271288633553,6.690845883686497,Real,UMAP
-10.531722399473397,4.582334435780003,Real,UMAP
-9.105249735594002,1.0731107362103,Real,UMAP
-8.574664446592537,0.6517803587507741,Real,UMAP
3.7167533905504064,-7.828225218455837,Real,UMAP
-9.760428759336678,1.858015693027927,Real,UMAP
-8.3126586406233,0.44174326514120266,Real,UMAP
-9.74602923083326,1.8111412890743748,Real,UMAP
-10.633654925108162,5.315071976978733,Real,UMAP
1.7825848729608373,-6.93088301340823,Real,UMAP
-10.619125696897713,5.353972352344944,Real,UMAP
5.256766942262443,-7.532102667491482,Real,UMAP
-10.288455340147225,4.201192534763767,Real,UMAP
-9.095535609007088,0.959184295732929,Real,UMAP
-9.015196177244393,0.7851001389812963,Real,UMAP
-7.721578928709237,0.005943781931354253,Real,UMAP
-9.098108622312752,0.9497920044254796,Real,UMAP
-8.55927500414869,0.49701200169737503,Real,UMAP
-9.274950358152596,1.070326782066776,Real,UMAP
-10.596303316831795,5.978204644520237,Real,UMAP
3.3931744964120703,-7.855352484386013,Real,UMAP
-9.138126703977791,0.9798360832523839,Real,UMAP
-8.275779101133553,-0.03657528082613781,Real,UMAP
4.346543219804557,-8.100493513743924,Real,UMAP
4.024612811326774,-7.862472616832302,Real,UMAP
-7.99999651598951,0.3620988347124593,Real,UMAP
-9.061532351255623,0.8654684491943853,Real,UMAP
-10.586038920164315,5.591925061542942,Real,UMAP
4.4804338486192545,-8.068103872935819,Real,UMAP
-10.258952471494881,3.4547015794109837,Real,UMAP
2.2712250621316747,-7.231918417613552,Real,UMAP
3.654567209005149,-4.810923659007595,Real,UMAP
-10.192068430662362,3.92347375233884,Real,UMAP
-10.561098429441659,5.088537610371067,Real,UMAP
-10.628337237119881,6.733014500935032,Real,UMAP
-10.269257876157967,3.473623193104221,Real,UMAP
4.375947263955863,-8.134739958446072,Real,UMAP
-8.22559294390699,-0.08486249367480114,Real,UMAP
-7.926372858762948,0.11292017181630298,Real,UMAP
3.9620424778459387,-8.077482306163358,Real,UMAP
-9.158020350218026,1.0087119706463352,Real,UMAP
-10.742623659849373,4.216956771213963,Real,UMAP
-7.949314448118416,0.2042420275997655,Real,UMAP
3.6434265644548254,-4.96577652613406,Real,UMAP
-10.63000425982496,6.686853326160862,Real,UMAP
-9.140567156553475,0.9834018119167821,Real,UMAP
3.737145093202384,-7.771994673411892,Real,UMAP
-9.705551478147713,1.7667191394161716,Real,UMAP
2.110423591851981,-7.044886194865749,Real,UMAP
-0.7730787723066492,-5.807179533641384,Real,UMAP
-8.22564348864576,-0.06744565884356335,Real,UMAP
-10.43474993395826,4.7511386044811745,Real,UMAP
4.136495617151054,-8.157152258555936,Real,UMAP
-10.185967776060311,3.2708119519543186,Real,UMAP
-8.416315409422127,0.5246960662793653,Real,UMAP
-9.002417895078866,0.821884251434757,Real,UMAP
-10.454103800535409,5.248699105579807,Real,UMAP
4.0419371397493205,-7.972020231883572,Real,UMAP
3.9702217848298864,-8.014617048900174,Real,UMAP
3.8153589041230993,-7.924653135936306,Real,UMAP
-8.029162737608162,0.2799760468792455,Real,UMAP
-10.570703837156502,5.250063813526585,Real,UMAP
-9.6413300960066,1.6789633401226536,Real,UMAP
3.620863822221549,-7.691119276683376,Real,UMAP
-10.318043085813729,4.299596227009251,Real,UMAP
-9.665949198484627,3.662857926685764,Real,UMAP
-10.477656695127694,4.83099500020261,Real,UMAP
-10.570111605406014,4.830448067982151,Real,UMAP
-9.058909746885506,0.9436606832336919,Real,UMAP
4.000941899537834,-8.074550711314725,Real,UMAP
4.187454846620353,-8.043006979625272,Real,UMAP
-4.120707842588631,-5.453787409465359,Real,UMAP
-9.271039339781014,1.1173918016743198,Real,UMAP
-8.382614466428963,0.5912632339190976,Real,UMAP
4.411700633287223,-8.074918829600858,Real,UMAP
2.0560327441690283,-7.159591757457302,Real,UMAP
4.346143391847404,-8.22096451441531,Real,UMAP
4.417413976907524,-8.035928808848904,Real,UMAP
-7.621220919370858,0.08035436948056385,Real,UMAP
-7.52425131487867,0.020570195515109746,Real,UMAP
3.391268935918601,-7.725361906688259,Real,UMAP
4.372027304887565,-8.105657660167264,Real,UMAP
-10.136613222837655,3.1066533692669407,Real,UMAP
-8.321976038694588,0.6266379125904576,Real,UMAP
-10.300775858640877,3.803853905994846,Real,UMAP
-8.116341921568123,0.0617525645088689,Real,UMAP
-8.970633837461678,0.8037311502289312,Real,UMAP
-10.591297480344979,5.815739072163059,Real,UMAP
-10.560175272703377,4.966336167652561,Real,UMAP
5.211491969346794,-7.568516813914822,Real,UMAP
3.730669048547538,-7.920502745311306,Real,UMAP
-10.557849261045662,5.274642861683323,Real,UMAP
-10.333764406919686,4.285715735752537,Real,UMAP
4.370046046495231,-8.165663801829862,Real,UMAP
-9.376841875791756,1.22055844147916,Real,UMAP
-10.223805758238045,3.391580499012424,Real,UMAP
-9.004960390806405,0.7547038265060918,Real,UMAP
4.291031983613761,-7.960955702464626,Real,UMAP
-10.263038965940682,3.9534517892193333,Real,UMAP
-8.251711222410409,0.271637178261234,Real,UMAP
-7.548835131406991,0.03810921986813709,Real,UMAP
-1.159487339735238,-1.7762950293231472,Real,UMAP
-10.613775583982674,6.732550061542942,Real,UMAP
-10.403016421079842,4.307717002232029,Real,UMAP
-2.390167090177743,-3.6647606722522243,Real,UMAP
4.4452611477372965,-8.05141171137576,Real,UMAP
-10.471330973386971,5.253560937244846,Real,UMAP
-9.597366663694588,3.601996815998508,Real,UMAP
4.15494528126696,-8.065113150279569,Real,UMAP
2.0438142092225866,-7.056887709300564,Real,UMAP
-8.424332949400155,0.4755424518393637,Real,UMAP
2.380351421355994,-7.036909186046169,Real,UMAP
-10.394778582334725,4.5169347890209695,Real,UMAP
-10.301436754942147,3.935380376179172,Real,UMAP
-10.483062121153084,4.684759057362034,Real,UMAP
-10.489608141660897,4.122335351307346,Real,UMAP
-10.537371012449471,3.7643109925579563,Real,UMAP
-10.578481051206795,5.407143510181858,Real,UMAP
-4.285445067167489,-5.83960875193362,Real,UMAP
-9.442861887693612,1.3372381695103184,Real,UMAP
2.249311295270713,-7.158687197368191,Real,UMAP
-10.607488009214608,5.9947790273022195,Real,UMAP
-10.360000941038338,4.3033165105175515,Real,UMAP
-8.133923861265389,0.38653384824509784,Real,UMAP
3.3941581518647985,-7.867044531505154,Real,UMAP
3.5215252907274084,-7.898289763133572,Real,UMAP
-8.345175120115487,0.6071775176119344,Real,UMAP
-10.109831187010018,2.9564832814526096,Real,UMAP
-8.462251040220467,0.6178394474577443,Real,UMAP
-8.25485262560865,0.4071265303086774,Real,UMAP
-10.37692866015455,3.6209849484753147,Real,UMAP
-9.679861399412362,1.7130166657757298,Real,UMAP
4.620793011903556,-8.027906500499295,Real,UMAP
-10.422335001707284,4.599588788349583,Real,UMAP
-8.183164927244393,0.34900595923180744,Real,UMAP
4.362829950570854,-8.013326727550076,Real,UMAP
-10.438370081663338,4.267889655430271,Real,UMAP
-10.58736166644117,6.704672730762913,Real,UMAP
-10.607749315977303,6.676352418262913,Real,UMAP
2.384141978740485,-7.17510851542239,Real,UMAP
-10.647013994932381,5.709122575123264,Real,UMAP
-10.559470507383553,5.267492211658909,Real,UMAP
3.589514580487998,-7.758285605113552,Real,UMAP
-10.3067353694441,3.5828394063305393,Real,UMAP
-8.570483538389412,0.4703605542913364,Real,UMAP
-10.603980395078866,6.609812653858616,Real,UMAP
2.0257560880182104,-7.1128188006091575,Real,UMAP
-10.622718188047616,5.649154103596165,Real,UMAP
-7.972077700376717,0.3505097099136846,Real,UMAP
3.6516078979966955,-7.917438589732693,Real,UMAP
-10.687768313169686,3.9739340909313694,Real,UMAP
-10.500764223814217,4.49601546605344,Real,UMAP
-10.580070826292244,5.8197607167553445,Real,UMAP
-9.377782198667733,9.13346377690549,Real,UMAP
3.4707408816812353,-7.76761921564822,Real,UMAP
-9.70959124255201,1.7159846194576756,Real,UMAP
-9.124937388181893,0.8758246966194646,Real,UMAP
4.6346107990739664,-8.046856009166287,Real,UMAP
3.666314032792838,-7.833358847301052,Real,UMAP
-8.485737177610604,0.4096016355347173,Real,UMAP
4.473702815294059,-4.167688452403591,Real,UMAP
-8.251029345274178,0.5028876096498506,Real,UMAP
-8.399690005064217,0.012865639526797978,Real,UMAP
-9.028139445066659,0.943609184820606,Real,UMAP
-10.612037989378182,6.7713598378490945,Real,UMAP
-8.4109252421858,0.41452446882839367,Real,UMAP
-10.320025774717537,4.15467516263242,Real,UMAP
-0.7760895221235438,-5.838281714122341,Real,UMAP
-10.527568194151131,4.912740624744846,Real,UMAP
-10.732121798277108,3.81649509747739,Real,UMAP
-9.01641783404371,0.8771826394390599,Real,UMAP
-10.173751208067147,4.0361374982189675,Real,UMAP
-10.296201082945077,3.675682938892795,Real,UMAP
-9.704662653684823,1.7295142777752415,Real,UMAP
-7.997351977110116,0.2257928021740453,Real,UMAP
3.5475834877488928,-7.947638594310329,Real,UMAP
-10.524305674314705,4.967263615925266,Real,UMAP
-8.461919161558358,0.49741462548489734,Real,UMAP
-9.50223097491285,1.4226783283543125,Real,UMAP
-10.362133356809823,4.423373616535618,Real,UMAP
-10.37351069140455,4.836305535633518,Real,UMAP
-9.701067301511971,3.7016450532269016,Real,UMAP
-10.46101889300367,5.221823609669163,Real,UMAP
3.5308811337945776,-7.714387022655056,Real,UMAP
-1.4142001597883387,-1.4578846327472195,Real,UMAP
4.618552830934318,-7.946524702708767,Real,UMAP
-9.036209437132088,0.8991458781551854,Real,UMAP
-9.577686640501229,1.556565440494968,Real,UMAP
-1.4094909160139246,-1.485068761508511,Real,UMAP
-7.883668276548592,0.08819390018696949,Real,UMAP
-10.614743563413827,6.685731805164768,Real,UMAP
-10.6045230357649,5.600944436390354,Real,UMAP
-7.981755587339608,0.17215806921239063,Real,UMAP
-10.100184771299569,4.355896151859715,Real,UMAP
3.8364239008424597,-8.015486799876737,Real,UMAP
-9.37972006487867,9.12627497990842,Real,UMAP
4.211955812692436,-8.103502356212186,Real,UMAP
3.7646320135591345,-8.097290121715115,Real,UMAP
2.926324632882865,-7.563478552501247,Real,UMAP
-10.58997282671949,5.490543282825901,Real,UMAP
3.6298942835328893,-8.002759062449979,Real,UMAP
-10.622207018614022,6.6969699033092995,Real,UMAP
-8.366012903928963,0.313751972515537,Real,UMAP
-10.466070505857674,4.384132541019871,Real,UMAP
4.418505099534782,-8.212964140574979,Real,UMAP
2.016854611158164,-7.023830496470974,Real,UMAP
-9.580513331175057,1.5200200446438328,Real,UMAP
3.284028795480521,-7.883282744090603,Real,UMAP
3.6105400593278723,-7.831439100902126,Real,UMAP
-8.157088610410897,0.2939176626991765,Real,UMAP
-9.83380827593824,3.8921748765301243,Real,UMAP
-9.29237875628492,1.1503444679569736,Real,UMAP
-10.663624140501229,5.375722325642063,Real,UMAP
-8.701711031675545,0.6233638145517842,Real,UMAP
3.478393760442527,-7.862779699962185,Real,UMAP
-10.609073969602791,5.907442010242893,Real,UMAP
-8.390805575132577,0.47578922682668134,Real,UMAP
3.9566644699571447,-8.041127287547635,Real,UMAP
-10.507007929563729,5.108563817341282,Real,UMAP
-9.478585573911873,1.3935292132687107,Real,UMAP
-8.849591585874764,0.7887998290848272,Real,UMAP
-10.586749407530037,5.86210957844968,Real,UMAP
4.25634041142443,-8.0306969515491,Real,UMAP
-10.310426089048592,3.698591626484348,Real,UMAP
-10.608309122801034,5.8856553204845925,Real,UMAP
3.433791068315299,-7.94366844813113,Real,UMAP
-9.64215025591871,1.6567771800350681,Real,UMAP
-4.056866499662606,-5.1630130640674095,Real,UMAP
1.9698563487527685,-7.013831698100613,Real,UMAP
3.535448041677268,-7.803962790172146,Real,UMAP
4.492594149827751,-8.183528029124783,Real,UMAP
-8.173443171262948,0.37308312882895633,Real,UMAP
4.42985549283007,-8.083376967113065,Real,UMAP
2.680962779491933,-7.380148970286892,Real,UMAP
-8.279509875059334,0.5251423076283471,Real,UMAP
-10.280538889646737,3.5407725938152805,Real,UMAP
-7.260489794492928,-0.12815185705904797,Real,UMAP
3.8231666357515173,-7.9372559420276145,Real,UMAP
-10.168242785215584,4.173167861301853,Real,UMAP
-8.083107325315682,0.11668775161023304,Real,UMAP
-9.070495936155526,0.9651829369854467,Real,UMAP
-8.13236841845533,0.32301098783726856,Real,UMAP
-10.613000246763436,5.591682351429417,Real,UMAP
-10.126906725645272,4.309442437488987,Real,UMAP
2.021748271703513,-6.973106466929958,Real,UMAP
-10.267690989256112,3.625222838718845,Real,UMAP
-9.320273730039803,1.1898343332600132,Real,UMAP
-10.05779680895826,3.030658400852634,Real,UMAP
-1.3697985141279383,-1.4441221586871609,Real,UMAP
-8.030070635557381,0.20684827049489185,Real,UMAP
3.884683278322013,-7.959567152659939,Real,UMAP
-9.709952685117928,1.7780064709972874,Real,UMAP
4.263466981172355,-7.990402304332302,Real,UMAP
-10.302758547544686,4.110372937519505,Real,UMAP
-9.096989008665291,0.9381744035076635,Real,UMAP
4.398820188760551,-8.118731581370877,Real,UMAP
-10.559254023313729,5.2914203770947,Real,UMAP
3.1085461945531683,-7.593049132030056,Real,UMAP
4.46406712841967,-8.132411085765408,Real,UMAP
2.609329526245387,-7.215579115550564,Real,UMAP
2.128114012002738,-6.989144407908962,Real,UMAP
-10.522666308164803,6.4342369206738015,Real,UMAP
4.280332949876579,-4.241458021800564,Real,UMAP
-10.249784800291268,4.02860037167783,Real,UMAP
-3.45821938204786,-6.060115420024441,Real,UMAP
-3.836916777372567,-4.722870909373806,Real,UMAP
-9.235766741514412,0.9847248562168615,Real,UMAP
-10.600574824094979,6.638772404987766,Real,UMAP
-8.18920550036451,-0.051642142932461055,Real,UMAP
-7.556535097837655,0.05436278064961597,Real,UMAP
-10.310062739134041,3.7308434613537327,Real,UMAP
-10.611417147398202,6.682676232655003,Real,UMAP
-10.364531847715584,4.265982783634617,Real,UMAP
3.524263766526969,-7.759518706004665,Real,UMAP
-10.270760866880623,3.7269038327526585,Real,UMAP
3.421825793504508,-7.774767958324001,Real,UMAP
-9.374504420042244,1.2733452685665623,Real,UMAP
-9.114406916380135,0.9938353665661351,Real,UMAP
5.252547648668083,-7.533653341929958,Real,UMAP
3.6148037583825903,-4.971991144816921,Real,UMAP
-7.55191359210035,0.048612362940265386,Real,UMAP
3.5213360459802465,-7.863203131358669,Real,UMAP
-9.130488726377694,0.9909100302052037,Real,UMAP
-10.239333483457772,4.341498530704929,Real,UMAP
-10.616190287351815,4.305882609684422,Real,UMAP
-10.611912104368416,6.687712586719944,Real,UMAP
-10.559489580869881,5.823048032123997,Real,UMAP
4.384446647882255,-8.162261091868924,Real,UMAP
-10.267347666502205,3.504640496571018,Real,UMAP
3.1798467309472875,-7.702075087230251,Real,UMAP
-9.357232424497811,1.1891792782139317,Real,UMAP
-9.124316546201912,0.973708517153217,Real,UMAP
3.57766529631594,-7.966722571055935,Real,UMAP
-10.494892451048104,5.234664357502415,Real,UMAP
-9.612758013487069,1.5848383076977268,Real,UMAP
-8.024124476194588,0.2858956374716298,Real,UMAP
3.7747015030381994,-8.099344336192654,Real,UMAP
4.318348315477165,-8.051349722545194,Real,UMAP
-9.665315005064217,1.669668114979221,Real,UMAP
-10.368508669614998,4.609666741688206,Real,UMAP
-9.755177828550545,1.7928918965649143,Real,UMAP
-8.053210589170662,0.1340925165009038,Real,UMAP
3.176944998025687,-7.714635931651638,Real,UMAP
-8.025328013181893,0.3302465148758428,Real,UMAP
4.232978370904716,-8.156863295238065,Real,UMAP
-10.521130892515389,5.091353810627415,Real,UMAP
-10.21210417437574,3.80242244084592,Real,UMAP
-9.686928126096932,3.724590695698215,Real,UMAP
-10.553541514158455,4.710869229633762,Real,UMAP
3.7113795549867468,-7.8850966326404075,Real,UMAP
3.681909826516898,-8.058010183970975,Real,UMAP
-10.405129763364998,4.291888154346897,Real,UMAP
-10.873349520445077,3.6567179330181614,Real,UMAP
-9.626655909300057,1.6042052872967258,Real,UMAP
-10.425795885801522,4.977205193836643,Real,UMAP
-10.566422793150155,6.61485902150388,Real,UMAP
-7.922136637449471,0.15805921633954212,Real,UMAP
3.686273840188773,-7.8635464541125755,Real,UMAP
-7.173013064146248,-0.17054595867876843,Real,UMAP
-10.313762041807381,3.9623850949596897,Real,UMAP
-3.3763392894270106,-5.689293944041775,Real,UMAP
-10.2532103984358,3.7793101437878147,Real,UMAP
-9.367208811521737,9.144806779224826,Real,UMAP
-9.689671847105233,1.737109816868259,Real,UMAP
2.5004466594455557,-7.3224721781421165,Real,UMAP
3.496547368287833,-7.949187361400173,Real,UMAP
2.2905659646985845,-7.214129053752468,Real,UMAP
-7.7927173106672445,0.035660392839862554,Real,UMAP
-10.330269190550057,4.069277442295506,Real,UMAP
-10.363067003965584,4.169648564655735,Real,UMAP
-10.6192992656233,5.902194417316868,Real,UMAP
2.929228511571677,-7.566639982860134,Real,UMAP
3.8879872829912023,-8.0151778093982209,Real,UMAP
4.019982841729911,-7.995935522716091,Real,UMAP
-0.74549374270459845,-5.812933050792263,Real,UMAP
-10.427867266416756,4.291733659107639,Real,UMAP
-8.98445639300367,0.8565441139530675,Real,UMAP
4.409473684549125,-8.09982594172244,Real,UMAP
-8.439396235227791,0.42512570996995136,Real,UMAP
-9.387104365110604,1.268646455604984,Real,UMAP
-10.517798754453866,4.476495183308079,Real,UMAP
3.624436226606162,-7.885495268504665,Real,UMAP
-10.530763003111092,5.5884398587536355,Real,UMAP
-10.508024546385018,4.502497590382053,Real,UMAP
3.9767676861284094,-7.888067328136013,Real,UMAP
-10.727054926634041,3.809340394337131,Real,UMAP
4.5790995628831705,-7.979392134349392,Real,UMAP
-0.7637134521009608,-5.738382422130154,Real,UMAP
3.805119660615714,-7.843405806224392,Real,UMAP
-10.348769518614022,4.470820344288303,Real,UMAP
-8.45960459399244,0.49969938514049217,Real,UMAP
3.449206200361045,-7.733342253367947,Real,UMAP
-10.609257075071541,5.9147009023022195,Real,UMAP
-9.315445276975838,1.2505491145443455,Real,UMAP
-8.60829958605787,0.5508457638811605,Real,UMAP
-8.250104281187264,0.28751348634476825,Real,UMAP
-10.601799341917244,5.846530831654026,Real,UMAP
-1.3774054973127527,-1.587803684871243,Real,UMAP
3.1936058671472387,-7.700499617259548,Real,UMAP
-8.373198839903084,0.49155742605443165,Real,UMAP
2.3530139894483404,-7.211979471843288,Real,UMAP
-8.522357317686287,0.5737124525498883,Real,UMAP
-10.605068537473885,5.8798803456615945,Real,UMAP
-10.51457056689283,5.056839383442356,Real,UMAP
3.13778093171099,-7.752671324412868,Real,UMAP
-10.614602419614998,5.550796426136448,Real,UMAP
-10.309366556883065,4.498065388996555,Real,UMAP
-9.09751734423658,0.9495349593948857,Real,UMAP
4.4480088026521525,-8.02083595911746,Real,UMAP
-9.368094774961678,9.143779671986056,Real,UMAP
-9.147751185178963,0.9268403716873662,Real,UMAP
-2.888826224088876,-4.074963652293728,Generated,UMAP
-2.8794849841596766,-5.789190375011013,Generated,UMAP
-1.15417680430433,-1.5963903299975857,Generated,UMAP
1.9507337481973486,-7.017745100657986,Generated,UMAP
2.053784814595969,-7.020227991740749,Generated,UMAP
-3.2177070109846277,-5.315982424418972,Generated,UMAP
4.6075783045289835,-3.6423655382800564,Generated,UMAP
-4.286088320493905,-5.597798906962917,Generated,UMAP
0.30816808056810663,0.35505519737715885,Generated,UMAP
-2.8306683032514734,-5.218659006755398,Generated,UMAP
-2.7731641261579676,-5.323713862102077,Generated,UMAP
-2.7629164187910242,-4.0093055597949485,Generated,UMAP
-3.9696243731977625,-4.682688795726345,Generated,UMAP
-4.175677153349129,-5.020173155467556,Generated,UMAP
-1.1692977874281092,-1.5381971232104763,Generated,UMAP
-3.662092539549081,-5.750533186595486,Generated,UMAP
-0.41019401240369513,-1.9849863878894314,Generated,UMAP
2.323533353328498,-7.244309984843777,Generated,UMAP
-2.2227414577009363,-3.6078272692370876,Generated,UMAP
-3.9543608157636805,-4.971989237468288,Generated,UMAP
4.766377595186027,-3.2503162256885036,Generated,UMAP
-3.7388757197858973,-4.970614515941189,Generated,UMAP
-2.070753428220956,-3.374997936885403,Generated,UMAP
-3.0764010875227137,-4.345831953685329,Generated,UMAP
-3.700014921903817,-5.277142130534695,Generated,UMAP
3.4595154197213964,-5.010660254161404,Generated,UMAP
-3.455890032530038,-4.495391451518581,Generated,UMAP
-3.1796468226911707,-5.0009485117602805,Generated,UMAP
-3.3940256564619227,-5.7369266382861595,Generated,UMAP
-1.295043799162118,-1.9949921003985867,Generated,UMAP
4.846740630388053,-3.0579770437884792,Generated,UMAP
-2.9724415271284266,-6.05665787379031,Generated,UMAP
-4.1309107272627035,-5.6394863955188255,Generated,UMAP
-3.0682247607710047,-5.126347147624538,Generated,UMAP
7.059777405977043,6.059421456654026,Generated,UMAP
-2.8059962718488856,-5.279986464183376,Generated,UMAP
-3.769726130247323,-5.503733240764187,Generated,UMAP
-2.2723959414961024,-3.483661972682522,Generated,UMAP
3.42906990361193,-6.941602789561794,Generated,UMAP
-4.137617918729989,-5.824868284862087,Generated,UMAP
3.1435564727781133,-4.991115652720974,Generated,UMAP
-3.4047440021040125,-5.015758120219753,Generated,UMAP
-3.6441844432356043,-5.60938700358157,Generated,UMAP
-2.6287382571699305,-3.9574509493518337,Generated,UMAP
-2.95036444354078,-4.6245051256824,Generated,UMAP
-3.395852896452157,-5.540368639628933,Generated,UMAP
-0.5828004806043787,-6.161739432017849,Generated,UMAP
-3.580847594022958,-4.853381239574001,Generated,UMAP
-3.523679587125985,-5.199168287913845,Generated,UMAP
-2.951671454191415,-4.72831257502322,Generated,UMAP
2.751872477054389,-4.99036034266238,Generated,UMAP
-4.243251177549569,-5.322081648509548,Generated,UMAP
-4.050390574217049,-5.244838320415066,Generated,UMAP
6.972582486390861,5.989463723499729,Generated,UMAP
-3.740693899870126,-4.493422114055202,Generated,UMAP
-3.3219707934858484,-5.743097864787624,Generated,UMAP
7.786611703157218,6.1719335683178445,Generated,UMAP
-1.1374796359541102,-1.6082256666827663,Generated,UMAP
7.466911938905509,5.826232350666477,Generated,UMAP
-1.0586152999403162,-6.167097651164577,Generated,UMAP
-4.318386885404793,-5.324483000438259,Generated,UMAP
-1.0288206069471522,-1.0336303345370754,Generated,UMAP
-3.4504354922773524,-5.863801085155056,Generated,UMAP
-4.243152949094979,-5.372299276988552,Generated,UMAP
-1.5151666133405848,-2.2940545908618435,Generated,UMAP
4.429831174135002,-3.9919372431445583,Generated,UMAP
-3.0943001239301844,-5.296297156016872,Generated,UMAP
-4.029167982816903,-5.279265963237331,Generated,UMAP
-4.271522375822274,-5.339935862224148,Generated,UMAP
-2.044163080930917,-4.48303087870364,Generated,UMAP
-3.8569887607099695,-4.92845209757571,Generated,UMAP
-2.94747719454786,-4.052243315379665,Generated,UMAP
2.894802522778304,-5.189990126292751,Generated,UMAP
-1.527961107969491,-2.7235895029712185,Generated,UMAP
-1.0161350696088953,-6.235218607585476,Generated,UMAP
-0.42240557360669806,-3.1673665873218044,Generated,UMAP
7.272979405641349,6.21345988591428,Generated,UMAP
-3.5819200007917567,-5.164002501170681,Generated,UMAP
-3.6171506373884363,-5.031105124156521,Generated,UMAP
6.983230736970695,6.693550980884983,Generated,UMAP
4.407619741678031,-3.9724717966723904,Generated,UMAP
-2.190136286497323,-3.512064062755154,Generated,UMAP
-0.5872829883100672,-0.6425295702624781,Generated,UMAP
-3.8064583270551844,-5.0181275240588645,Generated,UMAP
-3.082129332304208,-4.807118498485134,Generated,UMAP
3.444852975129874,-4.944163881938503,Generated,UMAP
-1.3527754275800867,-1.9913297526050076,Generated,UMAP
-0.9066260783674402,-6.193852507274197,Generated,UMAP
-3.8517187564375086,-5.387044512431667,Generated,UMAP
-1.5972770183088465,-2.959873758952664,Generated,UMAP
-3.212620589018075,-4.91227778116946,Generated,UMAP
7.055235532045158,6.241214192707493,Generated,UMAP
8.106699612855705,6.371724999744846,Generated,UMAP
7.704654839753898,6.100695527393772,Generated,UMAP
-2.8710621325971766,-5.360715948741482,Generated,UMAP
-3.5979817836286707,-5.419646345775173,Generated,UMAP
-2.731238695860116,-4.224815451304958,Generated,UMAP
-3.627467009306161,-4.862402998607204,Generated,UMAP
3.191327002763541,-5.047761522929714,Generated,UMAP
2.83329014193991,-5.268180929820583,Generated,UMAP
3.025003281354697,-4.998105131785915,Generated,UMAP
1.1648764879701452,1.1972173221897617,Generated,UMAP
-3.9636805980207606,-5.584694468181179,Generated,UMAP
-1.67241034197828,-2.8342605463672146,Generated,UMAP
-3.284724089384286,-4.938822352092312,Generated,UMAP
-1.7533324687482996,-3.1302224032092556,Generated,UMAP
-3.309738966703622,-5.383973681132839,Generated,UMAP
-3.4283855884077234,-5.140311800639675,Generated,UMAP
-3.553689333677499,-5.327744566600368,Generated,UMAP
-2.811879965543954,-5.70988520304446,Generated,UMAP
-2.8094528644087,-5.765680872600124,Generated,UMAP
-1.3307646243574305,-6.054666601817654,Generated,UMAP
-3.8104117839338465,-4.599608980815456,Generated,UMAP
7.281028893708976,6.225504792530491,Generated,UMAP
-2.6895411937238856,-5.302007280986355,Generated,UMAP
4.787419942140373,-2.9803758494067654,Generated,UMAP
-4.3217347590925375,-5.4982534281421165,Generated,UMAP
0.2924436600206213,0.3224647410702245,Generated,UMAP
-0.7583738296034022,-6.477972113292263,Generated,UMAP
4.6869169743059,-3.3219896189380154,Generated,UMAP
-3.155205103635995,-5.580443464915798,Generated,UMAP
-0.8671408622266932,-6.258993708293484,Generated,UMAP
-0.9728756873609705,-1.260643803279446,Generated,UMAP
-1.7443803279401942,-2.9471546045947536,Generated,UMAP
-3.1790708034040613,-5.260558211009548,Generated,UMAP
-2.959822031736581,-4.732766710917995,Generated,UMAP
-0.9798117606641932,-6.228350245158718,Generated,UMAP
0.6485680611131506,0.7132578857731359,Generated,UMAP
-3.740571829557626,-5.8559146753955345,Generated,UMAP
-4.224099966764657,-5.8007202974963645,Generated,UMAP
-2.870305392027108,-5.405654036204861,Generated,UMAP
-3.170872065305917,-4.216014944713161,Generated,UMAP
-3.5360773532392664,-5.1252055994678,Generated,UMAP
-0.7876294581892176,-0.8919403187442286,Generated,UMAP
-3.4739864795210047,-5.591404997508572,Generated,UMAP
-1.1628430812360926,-1.5876487127948269,Generated,UMAP
-1.1137298076154871,-1.5941191546130642,Generated,UMAP
-1.3880599467756434,-2.515174233119534,Generated,UMAP
-1.549717756986825,-5.880472742717312,Generated,UMAP
-1.0758627383711024,-1.1131548515964016,Generated,UMAP
-3.7883666484357996,-5.752210699718044,Generated,UMAP
-3.1184228389265223,-5.573042952220486,Generated,UMAP
3.8445673258302526,-3.9437685839343533,Generated,UMAP
-1.186192127943246,-1.747675978343533,Generated,UMAP
7.120659020662101,6.453950799305393,Generated,UMAP
7.157396939515861,6.360032475788548,Generated,UMAP
7.308802750825675,5.958799279530003,Generated,UMAP
-4.014585825681893,-4.917810999553249,Generated,UMAP
6.735101845979484,6.588103688557102,Generated,UMAP
-3.780437800169198,-4.955719553630398,Generated,UMAP
0.11603775334337518,0.17339930613751575,Generated,UMAP
-1.6716159312727137,-2.8270068995166286,Generated,UMAP
-2.178050848722665,-3.5118275515246853,Generated,UMAP
-3.3541716067793055,-4.839327894847439,Generated,UMAP
7.262529996156486,5.923676884968235,Generated,UMAP
-3.54549965548536,-6.246789061229275,Generated,UMAP
7.198552754640373,6.2765220769238015,Generated,UMAP
2.8733746976850347,-5.1288734308886985,Generated,UMAP
-3.167421194792001,-4.411645018260525,Generated,UMAP
2.2941567273137884,-6.720719896953152,Generated,UMAP
-2.9004014461042567,-5.305788122813747,Generated,UMAP
-2.6560286014082117,-5.835426890056179,Generated,UMAP
-2.961243006468026,-4.474459730784939,Generated,UMAP
-3.420342299223153,-4.553090655009792,Generated,UMAP
-2.9423435657026453,-5.684687220256374,Generated,UMAP
-4.137356135130135,-5.492744528453396,Generated,UMAP
-3.660339209318368,-4.859387480418728,Generated,UMAP
7.778040555238517,6.975370324451878,Generated,UMAP
-2.1322172610761805,-3.8851495615649685,Generated,UMAP
-4.022238108396737,-5.7536011568713645,Generated,UMAP
-3.6863878695966883,-5.312219225566433,Generated,UMAP
-1.002605768919198,-1.4559062353778347,Generated,UMAP
-3.5617683856489344,-5.45508726755862,Generated,UMAP
-3.6682003467085047,-5.2278138033557395,Generated,UMAP
-2.6545465915205164,-4.441883169810818,Generated,UMAP
-3.178102823972909,-5.766874396007107,Generated,UMAP
-2.6318672626020594,-3.8458877436328396,Generated,UMAP
3.0235338480470495,-5.069255434672878,Generated,UMAP
-3.833322378874032,-6.024941527049587,Generated,UMAP
-3.4842356173994227,-4.878243052165554,Generated,UMAP
-2.318607661009042,-3.607107245128201,Generated,UMAP
-1.6340182750227137,-2.7224703661609158,Generated,UMAP
-3.6068953006269617,-5.590014540355251,Generated,UMAP
-3.9431746928693934,-6.303191267650173,Generated,UMAP
7.369781163453849,6.0680317052197,Generated,UMAP
-3.9120748965742274,-5.107899271647976,Generated,UMAP
2.11457821440676,-7.1153894297290305,Generated,UMAP
-1.7180145709516688,-2.837118946712063,Generated,UMAP
-3.9316071002485438,-5.9323354593921165,Generated,UMAP
-3.4725535838606043,-5.2842288843799095,Generated,UMAP
-3.413277956724374,-5.441695295970486,Generated,UMAP
-3.5682877032758875,-4.889574610393093,Generated,UMAP
5.1353880436418375,-7.628471457164333,Generated,UMAP
0.5405725510118322,0.595611251194431,Generated,UMAP
-3.26255402255079,-4.519355379741238,Generated,UMAP
-3.3238800494672938,-5.4720073572803,Generated,UMAP
7.2469836742875895,6.222969926197483,Generated,UMAP
-2.9649127452375574,-5.882870279948757,Generated,UMAP
-0.22751745867749884,-0.22506889025454357,Generated,UMAP
4.834298995256217,-2.973905646007107,Generated,UMAP
3.0726504893300848,-4.621656977336452,Generated,UMAP
-0.6947265594007654,-3.2959092489886745,Generated,UMAP
-3.0710762469770594,-4.738535486857937,Generated,UMAP
-1.7158878772260828,-2.947049938838528,Generated,UMAP
-3.4229272334577723,-5.632674776713894,Generated,UMAP
7.077993539094718,5.659800923664524,Generated,UMAP
-2.308914992094247,-3.7857161394763454,Generated,UMAP
7.243970540284904,5.887857831318333,Generated,UMAP
6.468558934449943,5.667765057880833,Generated,UMAP
2.540596124648841,-7.348356329600857,Generated,UMAP
-3.095449301481454,-4.640395247142361,Generated,UMAP
-2.0715149371626063,-5.647692286174343,Generated,UMAP
7.381083634614738,6.2423447736095925,Generated,UMAP
6.978598263978752,6.031582749683811,Generated,UMAP
-1.6436737506391688,-2.7636822096515163,Generated,UMAP
-3.804199072599618,-6.222242914836452,Generated,UMAP
-0.7404426066877527,-6.221647345225857,Generated,UMAP
-0.8198286025526209,-6.219819628398464,Generated,UMAP
-2.991858336210458,-4.453207575480984,Generated,UMAP
-3.0126212565900965,-5.789507948558376,Generated,UMAP
0.09811415982225702,0.15281832893605396,Generated,UMAP
-3.8209145991804285,-5.141344153087185,Generated,UMAP
-2.6740492312910242,-3.866216265361355,Generated,UMAP
-1.145665022611825,-6.1868825785327415,Generated,UMAP
-3.338639113187997,-5.425541483562038,Generated,UMAP
3.33213010144213,-4.757194601695583,Generated,UMAP
3.3795554311273412,-7.235361181895779,Generated,UMAP
-2.8463128535749598,-4.219764792125271,Generated,UMAP
-4.031555506468026,-5.051786505382107,Generated,UMAP
4.055699852227958,-3.8813095919299587,Generated,UMAP
6.845944550752433,6.377477563221409,Generated,UMAP
-2.966648909330575,-5.253834807078884,Generated,UMAP
-1.5501044719221277,-6.047672831218288,Generated,UMAP
-3.4383128612043543,-4.831583105723904,Generated,UMAP
-2.612768980741708,-5.461040579478786,Generated,UMAP
4.338051703691276,-4.049875818889187,Generated,UMAP
4.404916551828178,-4.04322203318362,Generated,UMAP
-3.076042982816903,-4.511703097026394,Generated,UMAP
3.0452026994226293,-5.075178229014919,Generated,UMAP
7.344230798005851,6.318841374714329,Generated,UMAP
-1.670933577299325,-2.8517909876513943,Generated,UMAP
-0.9576257197858973,-1.0236084095645412,Generated,UMAP
4.581293609857353,-7.624535643260525,Generated,UMAP
-3.176733824491708,-5.430198752086208,Generated,UMAP
-3.9305647342207117,-6.284054838817165,Generated,UMAP
-2.916065069914071,-5.677385889689968,Generated,UMAP
7.338066247224601,5.869530118305637,Generated,UMAP
-4.112349840879647,-5.209487997691677,Generated,UMAP
-2.7659710376264734,-4.053713881175564,Generated,UMAP
-3.27779946017286,-4.418293081920193,Generated,UMAP
-3.851008745908944,-5.037398420970486,Generated,UMAP
4.5501840384004435,-3.8169713846850857,Generated,UMAP
-4.039665076017586,-5.50856217066531,Generated,UMAP
-0.5871635406019373,-0.6486212841678126,Generated,UMAP
-3.388215872526376,-5.8701172701526145,Generated,UMAP
-3.4792097537519617,-4.4976740709949,Generated,UMAP
-3.673269125700204,-4.9909549585986595,Generated,UMAP
-3.872236582517831,-5.589336954753445,Generated,UMAP
-3.502291056394784,-5.1951928965259055,Generated,UMAP
-3.354064795255868,-4.307699762980984,Generated,UMAP
-3.9376767604353113,-5.241196715037868,Generated,UMAP
-3.0356825320722742,-5.175886713664577,Generated,UMAP
0.14935722660997675,0.16618642886395618,Generated,UMAP
7.10400739026049,7.357500947315647,Generated,UMAP
-3.449056956052987,-5.599891268413113,Generated,UMAP
7.483371880769523,6.38980380376096,Generated,UMAP
2.8581628770826177,-5.029246889751003,Generated,UMAP
-3.759678217649667,-6.299364172618435,Generated,UMAP
-2.813760611295907,-4.092718207042263,Generated,UMAP
-4.303122851133553,-5.426133715312527,Generated,UMAP
-2.826272341489999,-5.677003466289089,Generated,UMAP
4.644495752572807,-3.4813359610248074,Generated,UMAP
4.738301900148185,-3.2285867563891872,Generated,UMAP
3.71525314164141,-4.167948328654812,Generated,UMAP
3.4306539566514807,-4.858175837199734,Generated,UMAP
0.5699395210740881,0.6282871135067479,Generated,UMAP
-3.4066437213422938,-5.13225659052615,Generated,UMAP
3.3164396555421667,-5.314543806712673,Generated,UMAP
-0.45730194735547736,-0.4879312149692042,Generated,UMAP
-3.7600129573347254,-5.893934809367702,Generated,UMAP
-3.451948973417489,-5.195144735972927,Generated,UMAP
-3.3294099299909754,-5.55072935740237,Generated,UMAP
-0.10514936137220099,-0.08204575697665051,Generated,UMAP
-3.3907783954145594,-4.656509482066677,Generated,UMAP
-3.4529612987043543,-5.538786970775173,Generated,UMAP
1.5247619421480016,-6.754747950236843,Generated,UMAP
7.4592405827043375,6.250046647388889,Generated,UMAP
0.6891856462953405,0.7449988790344731,Generated,UMAP
-2.868692251920907,-4.679120623271511,Generated,UMAP
1.1541424067018347,1.1879656084370152,Generated,UMAP
-3.4540632693769617,-5.067249380748318,Generated,UMAP
-1.5446203677656336,-3.5381575457263454,Generated,UMAP
-2.9682038753034754,-4.620502554576443,Generated,UMAP
-3.6053431956770106,-5.780175768535183,Generated,UMAP
-3.1829937427045984,-4.418582522075222,Generated,UMAP
-2.0636704890730067,-3.3634093634295925,Generated,UMAP
-3.539327952146737,-5.178538405101345,Generated,UMAP
-0.0533169238569422,-0.049903535049007686,Generated,UMAP
3.947304752588065,-4.378394209544704,Generated,UMAP
-0.8156014411451502,-6.219141565959499,Generated,UMAP
-3.5901545016767664,-5.126972281138943,Generated,UMAP
-4.008163782835213,-5.677653872172878,Generated,UMAP
-0.10486516642591193,-0.09022071282152966,Generated,UMAP
-4.124584051847664,-5.222591005961941,Generated,UMAP
-0.5914319484235926,-6.128321253459499,Generated,UMAP
1.6755723626611547,-6.8521657816577415,Generated,UMAP
-2.7049687831403895,-4.141848646800564,Generated,UMAP
-3.616184565305917,-5.340663992564724,Generated,UMAP
-0.9189513652326746,-6.137868010203884,Generated,UMAP
-4.033932539701668,-4.985780321757839,Generated,UMAP
-1.079547735929696,-1.5538268915820583,Generated,UMAP
-3.062739226103036,-5.166781508128689,Generated,UMAP
-3.7793849437238856,-5.108257376353786,Generated,UMAP
-0.9239152400495692,-6.103146158855007,Generated,UMAP
6.852071431398185,6.1042293675732155,Generated,UMAP
6.703727391481193,6.279273904163792,Generated,UMAP
-3.158830019712655,-5.540221773784206,Generated,UMAP
-4.065504404783455,-5.857455813090847,Generated,UMAP
-1.4019440143110438,-2.266320072810696,Generated,UMAP
-0.6971634356977625,-0.7679404846835597,Generated,UMAP
-3.503845545530526,-6.295909010570095,Generated,UMAP
6.875693944215568,5.286761678059055,Generated,UMAP
4.860587981462272,-3.014152847926663,Generated,UMAP
3.029340770959647,-5.034531675975368,Generated,UMAP
-3.295524927854745,-5.408092581431911,Generated,UMAP
-0.30968484568616583,-0.3226391307521327,Generated,UMAP
-3.5851105182172938,-5.630111776988552,Generated,UMAP
-1.7744434802534266,-2.9656129709887966,Generated,UMAP
-3.3485682933332606,-4.378670775096462,Generated,UMAP
-1.0165337054731531,-6.235426031749294,Generated,UMAP
-1.142606112241952,-1.428782426517056,Generated,UMAP
3.8090688259599523,-4.524266325633572,Generated,UMAP
-3.3194521396162195,-5.469339930217312,Generated,UMAP
-3.1925972430708094,-5.583471380870388,Generated,UMAP
-3.041889044523446,-5.4435377947497825,Generated,UMAP
-1.1777804820539637,-1.6675153605151638,Generated,UMAP
7.435673382997306,5.994050896961643,Generated,UMAP
-2.846372458219735,-5.643544756572292,Generated,UMAP
-3.558093878507821,-5.547397219340847,Generated,UMAP
2.0704579622743444,-6.842738711040066,Generated,UMAP
7.3198596508500895,6.402967370350315,Generated,UMAP
-3.4319399325849695,-4.635104262034939,Generated,UMAP
-2.9668453662397547,-4.455868326823757,Generated,UMAP
3.7259762556550817,-4.207112871806667,Generated,UMAP
0.5550943882463293,0.2974205084633367,Generated,UMAP
0.46439256978014276,0.5242189348232286,Generated,UMAP
3.414544847726615,-4.849018656413601,Generated,UMAP
3.679703620195182,-5.401738249461697,Generated,UMAP
-2.7608254878523035,-5.788621031444118,Generated,UMAP
-4.172498080015389,-5.045731150310085,Generated,UMAP
-2.9616340129377527,-5.7525659434009055,Generated,UMAP
7.6632997066972575,6.037166035969212,Generated,UMAP
-2.948512408018319,-5.6740747324634055,Generated,UMAP
3.0394198269841985,-5.105293356578396,Generated,UMAP
4.126469400644096,-3.8116346232104763,Generated,UMAP
-2.773709627866952,-4.049769961040066,Generated,UMAP
-3.216881605863778,-5.071117006938503,Generated,UMAP
6.886250642061027,6.0860032208752175,Generated,UMAP
-3.743935915708749,-6.043565832774685,Generated,UMAP
7.3888598949907145,6.227178967792942,Generated,UMAP
-1.1922515361311121,-6.129762732188747,Generated,UMAP
1.9694121749399023,-6.9927087656665305,Generated,UMAP
-2.960099550962655,-5.213392340343044,Generated,UMAP
-0.9093135325910731,-6.274001204173611,Generated,UMAP
-3.9678500621320887,-5.241698824565456,Generated,UMAP
7.350286153077873,6.207441724140598,Generated,UMAP
6.943801072358879,6.070691502888157,Generated,UMAP
3.4291909606454687,-4.846601568858669,Generated,UMAP
-3.774772974729745,-5.2576809755969505,Generated,UMAP
-1.196098896742074,-6.1607900492358665,Generated,UMAP
6.6954347164628825,6.743017114002659,Generated,UMAP
-1.192981335401742,-6.124244295756863,Generated,UMAP
-2.785318228483407,-5.773389898936794,Generated,UMAP
-3.3688486545087977,-4.563098990123318,Generated,UMAP
-0.34482559847852423,-0.36236699740176037,Generated,UMAP
-4.121834608793465,-5.93621691385989,Generated,UMAP
-3.2072556941511317,-4.70905455271487,Generated,UMAP
-4.340707155943123,-5.25872667948489,Generated,UMAP
-1.1313942401411219,-6.1935377947497825,Generated,UMAP
-3.7630384891035242,-5.577704035441921,Generated,UMAP
-2.8308285205366297,-4.198692404429958,Generated,UMAP
-3.442056509733407,-4.936412417094753,Generated,UMAP
2.08049013924578,-7.069452845256374,Generated,UMAP
-4.046088549375741,-5.191604696910427,Generated,UMAP
-0.9291382758619471,-6.121590220134304,Generated,UMAP
-1.0741511313917322,-6.216170393626736,Generated,UMAP
4.842314389467033,-3.052950941722439,Generated,UMAP
-3.470485064268319,-4.872288786571072,Generated,UMAP
-3.707436892271249,-5.291294657390163,Generated,UMAP
-1.415292593717782,-2.052046381633328,Generated,UMAP
4.512356069803031,-3.8462110392261013,Generated,UMAP
-1.0495899646284266,-6.3085561625171165,Generated,UMAP
-2.143704745054452,-3.6485114924121365,Generated,UMAP
-3.778089854002206,-4.525287710826443,Generated,UMAP
3.4542955429551916,-5.038265787761257,Generated,UMAP
0.2079605133531408,0.2423754700016515,Generated,UMAP
-3.101374956846444,-5.315155588786648,Generated,UMAP
-3.0476301639082117,-4.785676085155056,Generated,UMAP
4.787979272126945,-3.171133600871609,Generated,UMAP
6.769762185334953,6.265378869373753,Generated,UMAP
-3.8684566943647547,-5.028418623607204,Generated,UMAP
-4.108356806516854,-5.177059256236599,Generated,UMAP
-3.3121889560224695,-5.688602053325222,Generated,UMAP
-3.6071933238508387,-5.448040568034695,Generated,UMAP
-3.6281040637495203,-5.255169951121853,Generated,UMAP
0.30397310566881464,0.3498941876482503,Generated,UMAP
-3.5845516650678797,-5.5300479761767845,Generated,UMAP
-3.506955477476327,-6.091388785045193,Generated,UMAP
4.422983673333915,-3.996305071513699,Generated,UMAP
-2.9330719439985438,-5.3181386820483665,Generated,UMAP
-3.7272566287519617,-5.142131888072536,Generated,UMAP
7.1212464840410075,6.318077004749729,Generated,UMAP
-3.674440237760751,-4.943273626964138,Generated,UMAP
-2.932356211424081,-5.68647154490237,Generated,UMAP
-1.0743063418867274,-1.1431834332156643,Generated,UMAP
-1.5531047313215418,-2.5116513601947292,Generated,UMAP
-4.083891722440926,-5.173075281779812,Generated,UMAP
1.786301997422965,-6.886849009196804,Generated,UMAP
-3.937208983183114,-6.279207312266872,Generated,UMAP
-2.580651137113778,-4.080288492839382,Generated,UMAP
3.104047653198035,-4.726304613750027,Generated,UMAP
-3.1755035846235438,-5.427595221202419,Generated,UMAP
-2.0536702601911707,-3.153639399211453,Generated,UMAP
3.759101775407584,-4.581309878032253,Generated,UMAP
-1.3866265742780848,-2.0712269179034695,Generated,UMAP
-2.732149454832284,-4.038749300639675,Generated,UMAP
4.746647027253898,-3.2476306788135036,Generated,UMAP
-3.545506331205575,-5.117727839152859,Generated,UMAP
-4.190979334593026,-5.28052147547488,Generated,UMAP
2.060074952363761,-6.95468672434573,Generated,UMAP
4.8048075706956705,-3.076106630961941,Generated,UMAP
7.129099992036613,6.280079282123997,Generated,UMAP
-1.79071507143995,-2.7038005224872097,Generated,UMAP
-3.508977267027108,-4.97302635828738,Generated,UMAP
7.20185199093798,6.080607808430149,Generated,UMAP
-0.6093386142255945,-0.6865549914050563,Generated,UMAP
2.0266416342256384,-7.04419335047488,Generated,UMAP
-0.93241390872022345,-6.24412592570071,Generated,UMAP
7.514165547609123,6.243503011066868,Generated,UMAP
4.766328480958732,-2.638789736430691,Generated,UMAP
3.5101396114824133,-4.773150526683376,Generated,UMAP
-1.3820088832380457,-2.028048121135281,Generated,UMAP
-0.6377659766676111,-0.7173815600085719,Generated,UMAP
3.9253546268937902,-4.123828970592068,Generated,UMAP
7.108479169130119,6.085725701649143,Generated,UMAP
-3.913860651731698,-6.26282652537112,Generated,UMAP
1.8888438613412695,-7.0284305445361595,Generated,UMAP
-3.6257689921857996,-5.100194060008572,Generated,UMAP
-1.3353913753034754,-1.7917273871112331,Generated,UMAP
2.9669538707731085,-5.085023485820339,Generated,UMAP
3.4552898676393347,-4.848596178691433,Generated,UMAP
-2.8273371188642664,-4.246017061870144,Generated,UMAP
-2.860623690366952,-4.122886740367458,Generated,UMAP
-3.83339724230787,-5.999343001048611,Generated,UMAP
0.09628358197191522,0.09086877783055469,Generated,UMAP
-4.165893885374276,-5.1583228937793235,Generated,UMAP
-2.9920991389753504,-5.738935076396511,Generated,UMAP
2.634526696920188,-4.710957609813259,Generated,UMAP
3.602386084317954,-5.184593283336208,Generated,UMAP
-3.0258730380537195,-5.164911352794216,Generated,UMAP
-2.8979452579023524,-4.113992773692654,Generated,UMAP
-2.9092133967878504,-4.942663752238796,Generated,UMAP
-2.1459597079755945,-3.5542965761828884,Generated,UMAP
6.9592076809404215,5.870982087452366,Generated,UMAP
-3.3217123477461024,-5.059703432719753,Generated,UMAP
3.4583236844537573,-4.857388102214382,Generated,UMAP
-3.3506687610151453,-5.311899267833279,Generated,UMAP
-4.070308539152352,-5.00674971262698,Generated,UMAP
-0.7275825469495936,-0.8363699547458155,Generated,UMAP
-3.7405565707685633,-6.011860930125759,Generated,UMAP
3.1796472342012243,-5.002705656688259,Generated,UMAP
-3.2951253383161707,-4.6262722841907005,Generated,UMAP
-0.5086618392469568,-0.5558296076465113,Generated,UMAP
-1.596510740995614,-2.545086704890774,Generated,UMAP
-2.636676642179696,-4.385611139934109,Generated,UMAP
-2.6934584109785242,-3.9945975176501736,Generated,UMAP
-3.449098917722909,-5.1940308443713645,Generated,UMAP
-3.9385899035932703,-5.070503794353054,Generated,UMAP
-3.437978598356454,-4.814846598308132,Generated,UMAP
7.21869769406298,6.114913380939915,Generated,UMAP
-3.356233450651376,-4.449011885325954,Generated,UMAP
3.3741229445932226,-4.857626997630642,Generated,UMAP
4.373425391435417,-4.085054003398464,Generated,UMAP
-2.9893153636457606,-4.400826059978054,Generated,UMAP
-3.2142246692182703,-4.279095255534695,Generated,UMAP
-2.8895457713606043,-4.217586123149441,Generated,UMAP
-3.692392203092782,-5.268161856334255,Generated,UMAP
-0.5782559840681238,-0.6499259106326564,Generated,UMAP
-3.5393780200483484,-5.465416990916775,Generated,UMAP
3.7347005875108557,-4.730354868571804,Generated,UMAP
-3.7767508952619715,-5.543242060344265,Generated,UMAP
-3.5554049937727137,-5.3837304941821555,Generated,UMAP
-0.9134710757734461,-6.265789114635036,Generated,UMAP
-3.0181759326460047,-5.648479544322536,Generated,UMAP
-1.1553941695692225,-1.5811022154498562,Generated,UMAP
-3.700251433134286,-5.04972370783572,Generated,UMAP
3.0046167345044927,-5.064800345103786,Generated,UMAP
4.390566972017082,-4.030725084941433,Generated,UMAP
-2.9573377101423426,-5.247049891154812,Generated,UMAP
4.371496346711906,-3.971559607188748,Generated,UMAP
-3.992116781950204,-5.038104139964626,Generated,UMAP
-2.515673968076913,-3.8361097208667263,Generated,UMAP
-2.023444506406991,-3.334003054301785,Generated,UMAP
-3.7146781413557215,-4.8071242205310325,Generated,UMAP
-1.1256860225202723,-1.186833464305447,Generated,UMAP
6.823202279329093,6.273363030750706,Generated,UMAP
-3.755908819914071,-5.34937437693362,Generated,UMAP
-0.9992128341200037,-6.289466463725613,Generated,UMAP
-1.9545501201154871,-5.643867098491238,Generated,UMAP
-3.606764170408456,-5.653061949412868,Generated,UMAP
-3.910834643125741,-4.939409815471218,Generated,UMAP
-3.691638323545663,-5.129180514018581,Generated,UMAP
0.13450041127184198,0.20198101480717823,Generated,UMAP
-0.4569464652540369,-3.20676191965823,Generated,UMAP
-4.00995335268995,-4.932808958690212,Generated,UMAP
-1.1394070117475672,-6.181809984843777,Generated,UMAP
7.085183766603263,6.365024007160618,Generated,UMAP
-2.2112067668440027,-3.6405535570788845,Generated,UMAP
-3.0284999339582606,-4.7658625475574,Generated,UMAP
-3.4338644473554774,-4.455044352214382,Generated,UMAP
-3.1987780063154383,-5.184979998271511,Generated,UMAP
7.248734143495353,6.1527122624706765,Generated,UMAP
-3.7206343142988367,-5.267359339396999,Generated,UMAP
4.539898899316581,-3.8041134707141384,Generated,UMAP
-0.48348531413099005,-0.5083956948924525,Generated,UMAP
-3.0882929294111414,-5.8101831309009055,Generated,UMAP
7.15205254864672,6.26814214070554,Generated,UMAP
-0.15221819567701056,-0.15436389366869763,Generated,UMAP
0.35924520802477167,0.4305974163603322,Generated,UMAP
-3.4613846271040125,-4.496772371928738,Generated,UMAP
-0.13257393527051642,-0.1311451427150233,Generated,UMAP
-1.7771085231306238,-2.9323979250598415,Generated,UMAP
-3.3416150538923426,-4.503579699199245,Generated,UMAP
-0.6379137961866541,-2.8605593077350124,Generated,UMAP
2.0536998779771642,-7.067337118785427,Generated,UMAP
2.2557137281892614,-7.014346205394314,Generated,UMAP
-1.3789580790998621,-2.0989418856311306,Generated,UMAP
-3.0282281367780848,-5.045054995219753,Generated,UMAP
-3.9634016482832117,-5.34550532023196,Generated,UMAP
-4.159065577268807,-5.288865648906277,Generated,UMAP
-1.9720748393537684,-3.5671702257800564,Generated,UMAP
-3.428987833738534,-5.438119017283962,Generated,UMAP
-0.7460337607862635,-6.183792196910427,Generated,UMAP
7.188532498597892,5.9457162984203835,Generated,UMAP
3.2564260036943273,-5.018592440288113,Generated,UMAP
4.829260733842643,-2.9904604784656033,Generated,UMAP
-2.1061290233137293,-3.4408818117785915,Generated,UMAP
-0.6755343406202479,-0.7912656895328029,Generated,UMAP
-2.7448905436994715,-5.41266258875613,Generated,UMAP
-3.5501602618696375,-5.953727327983425,Generated,UMAP
-3.3301852672102137,-5.4444461695361595,Generated,UMAP
7.125365880250724,6.060872472126438,Generated,UMAP
7.563964036226066,6.5660375722240945,Generated,UMAP
-1.199317309141366,-3.431297623317288,Generated,UMAP
-3.8303469150068445,-5.476373755137966,Generated,UMAP
-2.7344697444441004,-4.8310500017810325,Generated,UMAP
-3.2500060527326746,-4.331579767863796,Generated,UMAP
-3.543945166349618,-4.890008532207058,Generated,UMAP
7.004025605439933,6.118102467853977,Generated,UMAP
3.134097007036002,-4.9441481463122825,Generated,UMAP
-1.1084705321790858,-2.0317941538501247,Generated,UMAP
-3.834677073240487,-5.504297339122341,Generated,UMAP
-3.4777916400434656,-5.341714464824245,Generated,UMAP
-3.920132967710702,-5.434492193858669,Generated,UMAP
-1.462207171201913,-2.580796324412869,Generated,UMAP
-3.3275435893537684,-4.888400160472439,Generated,UMAP
6.459666875123771,5.743558801014378,Generated,UMAP
3.4312117369172888,-4.713832937877224,Generated,UMAP
-3.2438877551557703,-5.152813040416286,Generated,UMAP
-1.6984265773298426,-2.781834208171414,Generated,UMAP
3.1304200859067755,-5.176406943004177,Generated,UMAP
-3.358518454313485,-5.3500390879321555,Generated,UMAP
4.616427806138786,-3.5687852732348904,Generated,UMAP
-0.6830223529340906,-0.7633475891757472,Generated,UMAP
3.15070178818682,-4.906702124278591,Generated,UMAP
-3.8382256953718348,-5.240301691691921,Generated,UMAP
6.983925011873039,6.0047325261425515,Generated,UMAP
-4.129613253355233,-5.135758005778835,Generated,UMAP
-2.991104933500497,-5.698343359630154,Generated,UMAP
-1.1664503543378992,-6.098219477336452,Generated,UMAP
3.416581240415366,-5.016849123637722,Generated,UMAP
-3.791710707426278,-4.903128706615017,Generated,UMAP
-1.06819948840162,-6.080696665446804,Generated,UMAP
-1.7574003665449305,-2.9051831595111355,Generated,UMAP
-3.390263888120858,-4.880999170939968,Generated,UMAP
-1.0002637832166834,-6.212665640513943,Generated,UMAP
6.6840330631730875,6.533076680500462,Generated,UMAP
-3.053745600462167,-4.492190443675564,Generated,UMAP
-1.2765515773298426,-1.7703629366565212,Generated,UMAP
-3.247922274351327,-4.587389551799343,Generated,UMAP
-3.8519414393903895,-5.344556414287136,Generated,UMAP
-3.217715117216317,-5.486422621409939,Generated,UMAP
-0.8916195361616297,-6.240401350657986,Generated,UMAP
2.244528111934455,-7.209757410686062,Generated,UMAP
-3.4740894763471766,-5.03938492457156,Generated,UMAP
-3.4544194667341395,-4.4792104593921165,Generated,UMAP
-1.2082692115308924,-3.3858989111590847,Generated,UMAP
0.8728698761461096,0.9202844270061986,Generated,UMAP
-1.0806427924635096,-1.137616836230801,Generated,UMAP
-3.6983297793867274,-5.3117395273852805,Generated,UMAP
6.684505608796867,6.343156255085423,GAN,UMAP
7.227573540925773,6.525373853046848,GAN,UMAP
6.851127770662101,6.5259822972607155,GAN,UMAP
2.5910042421219663,-4.46820982615237,GAN,UMAP
6.882773068666252,6.718827641804173,GAN,UMAP
7.279954102754386,6.449600137073948,GAN,UMAP
6.878358510255607,6.749761498768284,GAN,UMAP
6.730691579103263,6.594270623524143,GAN,UMAP
-0.9589739768507166,-2.8077634207416042,GAN,UMAP
6.918393281221183,6.2931918271374245,GAN,UMAP
-2.3314078776838465,-3.662325464885281,GAN,UMAP
-2.35600409197828,-3.668840014140652,GAN,UMAP
6.896902707338127,6.467761910755589,GAN,UMAP
6.903850224733146,6.572766698200657,GAN,UMAP
6.982733872651847,6.619837678272678,GAN,UMAP
7.011715081453117,6.451140797932102,GAN,UMAP
7.045400765657218,6.590226567585423,GAN,UMAP
7.006042149781974,6.387476838428928,GAN,UMAP
6.840434697389396,6.650487817127659,GAN,UMAP
6.8665210278032145,6.789783871967747,GAN,UMAP
6.4264198811052164,5.742228425342991,GAN,UMAP
6.830827859163078,6.455394662220432,GAN,UMAP
6.838065293550285,6.575055516560032,GAN,UMAP
0.2141689331529455,0.27853231807465717,GAN,UMAP
7.457157757997306,6.869645512897923,GAN,UMAP
6.933994439363273,6.797990716297581,GAN,UMAP
6.720269349336418,6.064658082325413,GAN,UMAP
6.969307568788322,6.034409917194798,GAN,UMAP
7.092605260133537,6.37334815343137,GAN,UMAP
7.051906255006584,6.182126916248753,GAN,UMAP
6.88279738736132,6.698619759876682,GAN,UMAP
7.083201077699455,6.533301270801975,GAN,UMAP
6.757185605287345,6.771662629444553,GAN,UMAP
3.3885342152116613,-4.760623537700222,GAN,UMAP
6.869430211305412,6.869402802784397,GAN,UMAP
-0.8359321086408777,-2.027165495555447,GAN,UMAP
6.806708482026847,6.7613314755749245,GAN,UMAP
7.010378030061515,6.777827180225803,GAN,UMAP
-0.5136199920179529,-0.5666344992328151,GAN,UMAP
6.984858182191642,6.639110482532932,GAN,UMAP
7.055565980195793,6.985482610065891,GAN,UMAP
7.222419884919914,6.524008191425755,GAN,UMAP
6.92289223980883,6.645398057300999,GAN,UMAP
7.111181405305656,6.847002423603489,GAN,UMAP
-0.36727461504956915,-0.3820049993205531,GAN,UMAP
6.852229741334709,6.559614575703098,GAN,UMAP
6.672389653444084,6.204595483143284,GAN,UMAP
7.096014645814689,6.867170728046848,GAN,UMAP
7.425233033418449,6.813899434406712,GAN,UMAP
-0.5623846976759119,-2.137162291209744,GAN,UMAP
7.121348527192863,7.025994695026829,GAN,UMAP
7.206610825776847,6.706963456470921,GAN,UMAP
-0.46676215815564825,-3.1697615019488796,GAN,UMAP
0.7784608871934728,0.838522947628452,GAN,UMAP
7.137671616792472,6.554594434101536,GAN,UMAP
6.845203545808586,6.823253548939182,GAN,UMAP
7.168715623140129,6.8483394749950905,GAN,UMAP
1.1261418135164099,1.16289082844968,GAN,UMAP
7.14631810498217,6.737375653583958,GAN,UMAP
6.969990876436027,6.434719479877903,GAN,UMAP
6.9143187077043375,6.502725995380833,GAN,UMAP
3.7729614050386266,-4.571679674785183,GAN,UMAP
7.11206927609423,6.580011285145237,GAN,UMAP
7.203491833925041,6.781010068256809,GAN,UMAP
7.152965214967521,6.47204724629636,GAN,UMAP
-0.9282053439619227,-3.3709660402942165,GAN,UMAP
7.326577809572013,6.514110482532932,GAN,UMAP
7.422468331575187,6.743763364155247,GAN,UMAP
-1.1667507617475672,-1.4775538078952297,GAN,UMAP
4.885874655961784,-2.6270130507159695,GAN,UMAP
-0.5860773055555506,-0.6441416374850734,GAN,UMAP
7.006028321504386,6.890034116108372,GAN,UMAP
7.006440785646232,6.914366639454319,GAN,UMAP
6.95735850644091,6.608538068134739,GAN,UMAP
7.358836796998771,6.688413537342503,GAN,UMAP
6.991773751497062,6.73660556157346,GAN,UMAP
7.088108685731681,6.509214318592503,GAN,UMAP
6.91804662060717,6.491684354145481,GAN,UMAP
7.0871397526262125,6.835047639210178,GAN,UMAP
7.197672990083488,6.987769997913792,GAN,UMAP
7.205927041291984,6.55141679127927,GAN,UMAP
0.8196592600343542,0.8764044709991948,GAN,UMAP
3.8780207903383093,-4.474647604625271,GAN,UMAP
4.200083401918205,-4.2219119898486595,GAN,UMAP
7.37271323513964,6.757462418873264,GAN,UMAP
7.392680791139396,6.800976670582249,GAN,UMAP
7.209089902162345,7.126697934467747,GAN,UMAP
7.261092808961662,6.952686227161839,GAN,UMAP
7.39916816067675,6.718558228809788,GAN,UMAP
7.108819154023918,6.8552879460644265,GAN,UMAP
-0.599097582578866,-3.1839586130786404,GAN,UMAP
7.10152354550341,6.782606995899632,GAN,UMAP
7.08149590802172,6.575654900867893,GAN,UMAP
7.259994176149162,6.988425649006321,GAN,UMAP
0.6249205143449621,0.6924693055939214,GAN,UMAP
7.315022137880119,7.043712056477024,GAN,UMAP
7.109161999940666,6.838122285206272,GAN,UMAP
7.527513173341545,6.642390168507053,GAN,UMAP
3.7492882282731848,-4.108911596934841,GAN,UMAP
-1.175820919752328,-1.4546163908648952,GAN,UMAP
7.357597497224601,6.936244881946995,GAN,UMAP
7.341851857423576,6.691862977344944,GAN,UMAP
7.084442761659416,6.753273881275608,GAN,UMAP
7.281570103883537,6.761537469227268,GAN,UMAP
7.220670846223625,6.95866195042844,GAN,UMAP
7.242923882722648,6.557846940357639,GAN,UMAP
-0.928180310011117,-3.395237766902493,GAN,UMAP
7.2423426182267985,6.939814961750462,GAN,UMAP
4.544063833474906,-3.8151350847888454,GAN,UMAP
7.366974499940666,6.430725491840794,GAN,UMAP
6.875018265962394,5.341566479999973,GAN,UMAP
7.136692670106681,6.291959679920628,GAN,UMAP
4.40346982789019,-4.032411181132839,GAN,UMAP
3.2816945583818273,-5.011463724772976,GAN,UMAP
7.119503167390617,6.810780442554905,GAN,UMAP
7.187489178895744,6.664908803303196,GAN,UMAP
-1.4011624782087488,-1.8158121935534939,GAN,UMAP
6.860573914766105,5.269546902973606,GAN,UMAP
7.3789674313066325,6.543712533314182,GAN,UMAP
7.128502991914543,6.829067147571995,GAN,UMAP
7.352427628755363,6.799098409016087,GAN,UMAP
7.1068707973955,6.6237858899426,GAN,UMAP
7.307004121064933,6.861369527180149,GAN,UMAP
7.494605210542472,6.726140893299534,GAN,UMAP
7.344548848390373,6.818806088764622,GAN,UMAP
7.478068497895988,7.034040845234348,GAN,UMAP
-1.6513570277692957,-2.6287003390002712,GAN,UMAP
-4.3897727458479086,-5.364574038188503,GAN,UMAP
7.303473618745597,6.682615674335911,GAN,UMAP
7.35925641369799,6.546489632923557,GAN,UMAP
7.389799741029533,6.914812005360081,GAN,UMAP
-1.0545574157240076,-6.0935011736560325,GAN,UMAP
7.5706459553239664,6.640122330982639,GAN,UMAP
0.25482406926134393,0.3078724809479253,GAN,UMAP
7.562918809175285,6.504215157825901,GAN,UMAP
4.836352971315177,-2.7138186327624783,GAN,UMAP
7.336521294832023,6.428187764484837,GAN,UMAP
7.383358147859367,6.957771695454075,GAN,UMAP
7.388848450898918,6.662424958546116,GAN,UMAP
7.305589822053703,6.672514832813694,GAN,UMAP
7.351927426576408,7.029466069538548,GAN,UMAP
7.219041016816886,6.602622903187229,GAN,UMAP
7.622276452302726,6.617605126697971,GAN,UMAP
7.459344533204826,6.860406792957737,GAN,UMAP
4.881964591264518,-2.643705450694607,GAN,UMAP
7.599327233552726,6.440610802967503,GAN,UMAP
0.6031338245866613,0.6696574606489675,GAN,UMAP
7.373508122682365,6.87321797688718,GAN,UMAP
7.438037064790519,6.694191850025608,GAN,UMAP
7.591095593690666,6.808702863056614,GAN,UMAP
7.016023305177482,5.756810582478001,GAN,UMAP
7.9784361393449625,6.662832177479221,GAN,UMAP
7.4458338291642985,6.507414735157444,GAN,UMAP
7.441795972108634,6.793259061176731,GAN,UMAP
-0.713756653547494,-3.2276647917438015,GAN,UMAP
-0.52067074465772345,-2.136204802196072,GAN,UMAP
7.384059098481925,6.800218022663548,GAN,UMAP
7.534171727418693,6.6570786603283425,GAN,UMAP
7.561475423097404,6.889844811756565,GAN,UMAP
7.537350800752433,6.866423524219944,GAN,UMAP
7.424557832002433,6.735123551685764,GAN,UMAP
7.679411080598625,6.747547067005589,GAN,UMAP
-2.344949099302499,-3.682943903605984,GAN,UMAP
-0.3877595393659754,-2.0434261194873318,GAN,UMAP
7.729921010255607,6.913100159962132,GAN,UMAP
7.163767483949455,6.377729810078098,GAN,UMAP
-7.5084413020612875,-0.0022087625670893507,GAN,UMAP
7.621528771638664,6.750812447864964,GAN,UMAP
7.665833142518791,6.872168458301975,GAN,UMAP
7.846884396791252,6.612509644825413,GAN,UMAP
-0.33259257960340216,-0.3469785086322291,GAN,UMAP
7.461615708589347,6.541762269337132,GAN,UMAP
7.714330342530998,6.62204781850095,GAN,UMAP
7.944865372895988,6.78492680867429,GAN,UMAP
7.347791817903312,6.189177907307102,GAN,UMAP
7.678546574830802,6.534881032307102,GAN,UMAP
7.636462357759269,6.798114217121555,GAN,UMAP
7.56001963925341,6.73610392888303,GAN,UMAP
4.647442129373344,-3.4932399622607693,GAN,UMAP
7.902032521486076,6.7811936505627175,GAN,UMAP
3.944256213426383,-4.43019303004031,GAN,UMAP
7.073278573274406,6.217445290882542,GAN,UMAP
7.630044129609855,6.514387524921848,GAN,UMAP
7.708868172883781,6.648743069965794,GAN,UMAP
7.56484141659716,6.650536931354954,GAN,UMAP
7.538537171602043,6.799947179157688,GAN,UMAP
7.699170258760246,6.4573787816357155,GAN,UMAP
7.652450230836662,6.37253609975095,GAN,UMAP
7.695354130983146,6.58946839650388,GAN,UMAP
3.4592284829614477,-4.851856791179226,GAN,UMAP
7.736725476503166,6.647299683887913,GAN,UMAP
7.751019623994621,6.639114774067356,GAN,UMAP
7.419030812501701,6.383017934162571,GAN,UMAP
-0.8519843547346277,-3.3508389822650417,GAN,UMAP
0.19255771946886346,0.2571205266308324,GAN,UMAP
7.4659472973344645,6.7321495183300515,GAN,UMAP
7.871114400148185,6.53456584294553,GAN,UMAP
7.684960988282951,6.43900863011594,GAN,UMAP
-0.6504472224714442,-6.171528898875759,GAN,UMAP
2.67880323801914,-4.547029101054714,GAN,UMAP
6.843286183595451,5.376581109363987,GAN,UMAP
7.895414975404533,6.756554997761204,GAN,UMAP
2.5763391302225904,-4.436088167827175,GAN,UMAP
7.835953381776603,6.60537186940427,GAN,UMAP
7.6459633381364664,6.600499547321751,GAN,UMAP
6.7429529697892985,6.118433869678928,GAN,UMAP
3.422527459382804,-4.886494242351101,GAN,UMAP
7.9339648754594645,6.39424077351804,GAN,UMAP
8.006423142671379,6.390625394184544,GAN,UMAP
7.396183636903556,6.3778475888561745,GAN,UMAP
7.620073941468986,6.642239011127903,GAN,UMAP
4.8281652004716715,-3.0787692896533474,GAN,UMAP
7.799109128236564,6.666350282032444,GAN,UMAP
-0.6288033454420252,-1.8860503069568142,GAN,UMAP
7.9978615314958414,6.487992204029514,GAN,UMAP
7.700485852479728,6.719823277790501,GAN,UMAP
7.87357583355883,6.388267434437229,GAN,UMAP
-0.2050972907545252,-0.2188933722186549,GAN,UMAP
7.72352471661547,6.524987138111546,GAN,UMAP
7.9164830715654215,6.4438499577831765,GAN,UMAP
6.48378935170153,5.714138425190403,GAN,UMAP
7.6567360432145914,6.473739541370823,GAN,UMAP
7.7492395908830485,6.462163365681126,GAN,UMAP
7.758741524934562,6.562737859089329,GAN,UMAP
7.873792794465812,6.683571732838108,GAN,UMAP
3.5742598445413427,-4.316786371867702,GAN,UMAP
8.035349515199455,6.483392155964329,GAN,UMAP
7.8425599606035075,6.376431382496311,GAN,UMAP
7.98847832989672,6.122789300281956,GAN,UMAP
7.576948788881095,6.405766881306126,GAN,UMAP
4.750701573610099,-3.262977444331692,GAN,UMAP
7.83263984036425,6.164470589954807,GAN,UMAP
7.544032243013175,6.161434567768528,GAN,UMAP
7.858917859315666,6.384086049396946,GAN,UMAP
7.796354916810783,6.257566846210911,GAN,UMAP
7.895284798860343,6.243429578144505,GAN,UMAP
7.9307252438066325,6.223559296925022,GAN,UMAP
7.852858689546379,6.479237473804905,GAN,UMAP
7.844281342744621,6.1193260320019265,GAN,UMAP
7.008859303712638,6.121353066761448,GAN,UMAP
-0.6696506469251795,-2.0143020979571804,GAN,UMAP
7.863829282045158,6.44481221516843,GAN,UMAP
7.895544675111564,6.433651364643528,GAN,UMAP
2.588721123456748,-4.445164286296413,GAN,UMAP
7.502333787202629,6.408035672504856,GAN,UMAP
7.694601681947502,6.516721642811253,GAN,UMAP
7.796013978242668,6.444073594410374,GAN,UMAP
7.915681508302482,6.335765755970432,GAN,UMAP
7.719690469026359,6.158692277271702,GAN,UMAP
7.774587777375968,6.489426530201389,GAN,UMAP
7.592188504457267,6.332090771992161,GAN,UMAP
7.6963526279924235,6.253991044361546,GAN,UMAP
7.9462048084733805,6.203396237690403,GAN,UMAP
7.561549332856925,6.373658097584202,GAN,UMAP
3.5551439197061376,-4.757573687236355,GAN,UMAP
7.655918267488273,6.462142384846165,GAN,UMAP
7.801036504030021,6.564659512836887,GAN,UMAP
7.524618294954093,6.259144700367405,GAN,UMAP
-0.656369539976327,-6.189147078197048,GAN,UMAP
7.923028615236076,5.898042596180393,GAN,UMAP
7.67554583859423,6.144349969227268,GAN,UMAP
1.1679894001481848,1.2022284038853184,GAN,UMAP
7.799073365449699,6.256589806873753,GAN,UMAP
8.06036439251879,5.79925147374387,GAN,UMAP
-0.7615524260999842,-6.175248705546902,GAN,UMAP
7.6408645184038,6.433845437366917,GAN,UMAP
7.879896310090812,5.8278903134655495,GAN,UMAP
7.831996587037834,6.061439431507542,GAN,UMAP
7.718491700410636,6.27170602162595,GAN,UMAP
7.583332684755119,6.073529160816624,GAN,UMAP
7.729508546113761,5.858597195942356,GAN,UMAP
2.5182519377467947,-4.535344206492947,GAN,UMAP
7.611861851930412,6.056484616596653,GAN,UMAP
7.737727788209709,5.7809824117016335,GAN,UMAP
7.6759130032060465,6.04625264485593,GAN,UMAP
7.601376202821525,6.310191071827366,GAN,UMAP
7.910264638185295,5.934785283405735,GAN,UMAP
4.428307798623832,-3.9950157038379177,GAN,UMAP
7.8703710110185465,5.974086678821995,GAN,UMAP
3.727403667688163,-4.202004992167995,GAN,UMAP
7.887811330079826,5.999329007465794,GAN,UMAP
7.7460094959733805,5.8624691136669655,GAN,UMAP
7.848281529664787,5.821013844807102,GAN,UMAP
7.8949095280168375,5.925805486042454,GAN,UMAP
7.785063412904533,6.060596383411839,GAN,UMAP
7.750682976960929,5.837906754810764,GAN,UMAP
2.69369418819228,-4.515127741496609,GAN,UMAP
-3.4626449077131434,-5.784382425944851,GAN,UMAP
7.802153256654533,6.098606026966526,GAN,UMAP
7.6958643467424235,6.027695096332981,GAN,UMAP
-0.4869740931989832,-2.087360703151272,GAN,UMAP
7.78242650341967,5.990197099049046,GAN,UMAP
4.0366788179872355,-4.341410242717312,GAN,UMAP
7.832347062349113,6.10931531270261,GAN,UMAP
7.635692742585929,5.941774285633518,GAN,UMAP
7.6530128986833414,5.483948624927952,GAN,UMAP
4.596164134263786,-3.7153497568774685,GAN,UMAP
0.8898502857683019,0.9411025710892217,GAN,UMAP
7.571416524171623,5.840627110798313,GAN,UMAP
7.293805268525871,6.630157864887669,GAN,UMAP
7.577614453553947,6.0493797429394265,GAN,UMAP
7.586849835634025,5.89790812810178,GAN,UMAP
2.6048810304401235,-4.558671557109402,GAN,UMAP
7.54347386670092,6.068210042316868,GAN,UMAP
-1.1464329688551111,-1.250777088801907,GAN,UMAP
7.540237572908195,5.998215592701389,GAN,UMAP
7.3471447498796305,5.389651692707493,GAN,UMAP
6.566843655824455,5.736183083851292,GAN,UMAP
7.338190224885734,6.2768940099072,GAN,UMAP
7.785862591981681,5.780305302936985,GAN,UMAP
0.6246370346544103,0.6923871107887761,GAN,UMAP
7.683595326661857,6.019182599384739,GAN,UMAP
7.617540028810295,5.68158618291135,GAN,UMAP
0.6713489563463049,0.7383656867336766,GAN,UMAP
6.94843926739672,6.524262822468235,GAN,UMAP
1.1460876734254675,1.181486881573154,GAN,UMAP
7.587612298249992,5.942521012623264,GAN,UMAP
7.705491688966545,6.030032075245335,GAN,UMAP
7.3278600246904215,5.688127435047581,GAN,UMAP
7.372300770997795,5.407938874561741,GAN,UMAP
6.953965333223136,5.537192262012913,GAN,UMAP
7.671289590120109,5.821626580555393,GAN,UMAP
7.588444379091056,5.762413895924046,GAN,UMAP
0.19197311711290643,0.2512446560453908,GAN,UMAP
4.0136250526902995,-4.3668399683642845,GAN,UMAP
4.889095452546867,-2.6320646635699734,GAN,UMAP
7.464478638887199,6.049930013019993,GAN,UMAP
7.644164708375724,5.995430863697483,GAN,UMAP
0.9683037073610143,1.0102747448277012,GAN,UMAP
7.613022950410636,5.944808400471165,GAN,UMAP
7.465219166993888,5.806035435993626,GAN,UMAP
7.557799962281974,5.948361314136936,GAN,UMAP
7.4027782948015055,5.460413850147678,GAN,UMAP
7.402533677339347,5.7089513905834695,GAN,UMAP
7.248743680238517,5.656425870258762,GAN,UMAP
-1.376772257566659,-1.776496493022488,GAN,UMAP
7.6757627995012125,6.080029404957249,GAN,UMAP
7.499473241090568,6.0717562802624245,GAN,UMAP
-0.7548132865430994,-1.7202509276080593,GAN,UMAP
7.616271165132316,5.932875073749973,GAN,UMAP
7.464618829011711,5.666993058521702,GAN,UMAP
-1.5324982135297938,-2.4999166361499294,GAN,UMAP
7.567793992280754,5.683672822315647,GAN,UMAP
4.79998865437487,-3.0743609301257595,GAN,UMAP
7.433416512727531,5.846704400379612,GAN,UMAP
0.6231533558366613,0.6895354606699483,GAN,UMAP
-0.7315636603834315,-6.165968023936794,GAN,UMAP
3.8566009075639562,-3.9145007960010036,GAN,UMAP
7.589714196443351,5.537010587055637,GAN,UMAP
7.140884068727287,6.331188119251682,GAN,UMAP
2.5934365884659605,-4.488894545238064,GAN,UMAP
6.943686154603752,5.968773759205296,GAN,UMAP
7.512626317262443,5.769454873402073,GAN,UMAP
7.500884679078849,5.464048302967503,GAN,UMAP
0.09745397877672479,0.15925941546673938,GAN,UMAP
7.457756665468009,5.690897858936741,GAN,UMAP
7.534424927949699,5.74323169072385,GAN,UMAP
-0.5325647323133631,-0.5858324400592311,GAN,UMAP
7.629645016908439,5.655124581654026,GAN,UMAP
7.294999268770011,5.5804161198925515,GAN,UMAP
7.272736218690666,5.454281724293186,GAN,UMAP
7.133138802766593,6.1379183896374245,GAN,UMAP
7.517954972505363,5.690697587330296,GAN,UMAP
7.383464959382804,5.628936208088352,GAN,UMAP
-1.391923281431405,-1.8555358282733425,GAN,UMAP
7.243109372377189,5.569375432331516,GAN,UMAP
4.745410111665519,-2.975992046992825,GAN,UMAP
7.480900433778556,5.559714711506321,GAN,UMAP
0.6495389015672521,0.7262660034489171,GAN,UMAP
7.191680577516349,5.4545663960766335,GAN,UMAP
7.298094895601066,5.858888543446018,GAN,UMAP
-1.2202912299635096,-1.5175613991427883,GAN,UMAP
7.067069676637443,5.5323509343456765,GAN,UMAP
7.421293404817375,5.710468686420872,GAN,UMAP
7.0113293201921305,5.965633786518528,GAN,UMAP
7.216844228029045,6.069071687061741,GAN,UMAP
6.9140321285722575,5.336135781605198,GAN,UMAP
-0.43068895030042365,-2.0608621470141872,GAN,UMAP
6.991884377717765,5.537357247669651,GAN,UMAP
7.488912728547843,5.94721928914304,GAN,UMAP
6.7347156078813395,5.497795976002171,GAN,UMAP
7.152187016725334,5.661048806507542,GAN,UMAP
4.453272011995109,-3.952378355662869,GAN,UMAP
6.971375134706291,5.929062760670139,GAN,UMAP
-0.29176101374646857,-0.30304207722430065,GAN,UMAP
-1.3938210933210535,-1.7901829115558132,GAN,UMAP
7.447491791963371,5.605946458179905,GAN,UMAP
7.289778855562004,5.772631085712864,GAN,UMAP
7.235686925172599,5.720239079792454,GAN,UMAP
7.31852212262133,5.69034091313596,GAN,UMAP
-0.6946593253614588,-6.153724276225613,GAN,UMAP
7.561387685060295,5.9873727925610085,GAN,UMAP
6.937390950441154,5.430743611652805,GAN,UMAP
7.329721120118888,5.927540219623997,GAN,UMAP
7.265286591768058,5.949839509327366,GAN,UMAP
7.273349908113273,5.391349232990696,GAN,UMAP
7.178036835908683,5.44878760655637,GAN,UMAP
7.501062062501701,5.865863717396214,GAN,UMAP
6.86960044217089,5.700697816212132,GAN,UMAP
7.363222268342765,5.717668927509739,GAN,UMAP
-0.5400434463026209,-2.15261849085574,GAN,UMAP
6.731096890687736,5.53784314473386,GAN,UMAP
7.159923699617179,5.828411019642307,GAN,UMAP
4.774479773759635,-3.1832385889697536,GAN,UMAP
2.996962365627082,-5.080186449687527,GAN,UMAP
6.816939500093254,5.729777730305149,GAN,UMAP
6.924605515718254,5.575536645252659,GAN,UMAP
6.8479711086747965,5.560743249256565,GAN,UMAP
-1.4598830668928309,-2.252140604655789,GAN,UMAP
-1.5523570506574793,-3.564993464152859,GAN,UMAP
7.008895543336662,5.695694363911106,GAN,UMAP
7.184533742189201,6.030874169666721,GAN,UMAP
7.10298838925341,5.590170777637913,GAN,UMAP
7.2063108952043375,5.553389466602757,GAN,UMAP
6.892848160981925,5.763661301929905,GAN,UMAP
1.1083779604432897,1.1458596952747837,GAN,UMAP
7.276327279329093,5.663064397175266,GAN,UMAP
4.773965743303092,-3.175894581477688,GAN,UMAP
7.239885476350578,5.705010331470921,GAN,UMAP
7.103357938051017,6.030636227924778,GAN,UMAP
7.06196465802172,5.566434777576878,GAN,UMAP
6.949490693330558,5.463582433063938,GAN,UMAP
7.039420274019035,5.528751290638401,GAN,UMAP
6.51131096196154,5.66026917775388,GAN,UMAP
7.062032845735343,5.829094804127171,GAN,UMAP
6.693040993928703,5.70889560063596,GAN,UMAP
7.060603764772209,5.829956448872044,GAN,UMAP
4.792861607789787,-3.1127665869403347,GAN,UMAP
-2.150364252805917,-3.5551725260425076,GAN,UMAP
6.880008843660148,5.630928433735325,GAN,UMAP
6.667055991411003,5.881729996998264,GAN,UMAP
7.1989699871538,5.704701340992405,GAN,UMAP
6.688868668794425,5.766586221058323,GAN,UMAP
6.866566327333244,5.6461605199169655,GAN,UMAP
6.7351404697892985,5.655281937916233,GAN,UMAP
6.671868470430168,5.718758023579075,GAN,UMAP
6.524405864000114,5.936855710346653,GAN,UMAP
7.007934239625724,5.860619939167454,GAN,UMAP
3.7851863176820593,-4.117784105937527,GAN,UMAP
-0.780024382353036,-3.3109122149157986,GAN,UMAP
6.8466187984941325,5.781724370319798,GAN,UMAP
6.940399792909416,5.882062352497532,GAN,UMAP
6.452733424424919,5.794213212330296,GAN,UMAP
6.84888043713549,6.4646886952709695,GAN,UMAP
6.597733405351432,5.861073411304905,GAN,UMAP
7.042425301790031,5.94599858601804,GAN,UMAP
6.8448463947770914,5.778527177174046,GAN,UMAP
2.5704684750435667,-4.429482542674587,GAN,UMAP
7.122590211152824,5.961568272907688,GAN,UMAP
6.834941056489738,6.2577561505627175,GAN,UMAP
-0.4013846843244715,-0.4221288792300685,GAN,UMAP
2.6082646631894426,-4.571652495067165,GAN,UMAP
-0.46519002604505255,-2.074570738475369,GAN,UMAP
7.112351563691886,5.737625516254856,GAN,UMAP
2.5041846455333547,-4.51873119990115,GAN,UMAP
6.801592496156486,6.562212384540989,GAN,UMAP
7.084404137849601,6.252877152759983,GAN,UMAP
3.613587883233817,-5.199954115550564,GAN,UMAP
7.125262406587394,6.1255268224072,GAN,UMAP
-2.3831866710188074,-3.6806674830127224,GAN,UMAP
3.0699226529596166,-4.991396986644314,GAN,UMAP
6.688090947389396,6.287217534382298,GAN,UMAP
6.7060643703935465,5.755381501514866,GAN,UMAP
3.9980908901689367,-3.882633768718289,GAN,UMAP
6.795693066835197,5.952004350025608,GAN,UMAP
7.135285046815666,5.986633694965794,GAN,UMAP
6.828690675020011,6.219921983082249,GAN,UMAP
7.07666364026049,5.871067441303684,GAN,UMAP
6.38570585560778,6.010981000263645,GAN,UMAP
6.936609414338859,5.86654130299802,GAN,UMAP
6.823548463105949,5.984354413349583,GAN,UMAP
6.576248076677116,5.9879197247814675,GAN,UMAP
6.5171040565965495,5.625788129169895,GAN,UMAP
6.715296414613517,5.825220979053928,GAN,UMAP
6.851729062318595,6.066874421436741,GAN,UMAP
6.857980397462638,5.852005875904514,GAN,UMAP
6.69781842541674,6.006609834034397,GAN,UMAP
6.337886956453117,6.145187772114231,GAN,UMAP
2.455411118387969,-4.524767958324001,GAN,UMAP
-0.8035713164808436,-0.9162293306994899,GAN,UMAP
6.844305661439689,5.802559769947483,GAN,UMAP
6.350144294023307,5.983809388477757,GAN,UMAP
6.594803241014274,6.195733464558079,GAN,UMAP
6.519438412904533,6.256487286884739,GAN,UMAP
0.4533232719896154,0.5123956047486798,GAN,UMAP
-0.6675489871503992,-6.15324457804446,GAN,UMAP
6.66384044003466,5.941097653706028,GAN,UMAP
6.8006898434160075,6.039442933399632,GAN,UMAP
6.774835255861076,6.386134064991428,GAN,UMAP
6.670250561952384,6.032677567799046,GAN,UMAP
0.6626431019304113,0.730354584057285,GAN,UMAP
6.522962954759391,5.854592717487766,GAN,UMAP
7.301399853944572,6.29479590733762,GAN,UMAP
7.107204583406242,5.952161229450657,GAN,UMAP
4.490734484910758,-3.7590132586169704,GAN,UMAP
4.749156382798942,-3.2353103987384304,GAN,UMAP
6.429291632890495,6.198677934009983,GAN,UMAP
6.968819287538322,6.043821729023411,GAN,UMAP
0.6337136299608068,0.7008609243225591,GAN,UMAP
6.749970582246574,6.024077332813694,GAN,UMAP
7.232225564241203,6.09223071416135,GAN,UMAP
6.466726926088127,6.643492139179661,GAN,UMAP
6.696892407655509,6.08031312306638,GAN,UMAP
6.4166051418779215,6.384568131763889,GAN,UMAP
-0.4025183646680994,-2.029705607097195,GAN,UMAP
1.1357400686738806,1.1718158491444126,GAN,UMAP
6.5485817463395914,6.076897538502171,GAN,UMAP
4.85469212841967,-2.8421688906360134,GAN,UMAP
6.6802417309282145,6.16860429127927,GAN,UMAP
-2.6522997348310633,-5.78432425181155,GAN,UMAP
6.64070811581591,6.227752126057102,GAN,UMAP
6.769003537416252,6.0103124745678445,GAN,UMAP
6.583943036317619,6.524001992542698,GAN,UMAP
6.886060860872062,6.180997765858128,GAN,UMAP
6.47788491559008,6.900004781086399,GAN,UMAP
6.479284671067985,6.29606953938718,GAN,UMAP
6.607816127061637,6.476036465961887,GAN,UMAP
6.515551951646598,6.762290395100071,GAN,UMAP
6.967018273591789,6.589532292683079,GAN,UMAP
6.50565591168383,6.433910287220432,GAN,UMAP
6.465321925401481,6.368150151569798,GAN,UMAP
4.721620467424186,-3.2901266447711452,GAN,UMAP
-0.5576246707441492,-0.6081825129199488,GAN,UMAP
0.12973227810838983,0.19549430092091724,GAN,UMAP
-0.4059747188093348,-3.1824239126849636,GAN,UMAP
6.670974400758537,6.236369527180149,GAN,UMAP
6.634709742784294,6.457917607624485,GAN,UMAP
6.740142491578849,6.255874551136448,GAN,UMAP
6.425250676393302,6.395477689106419,GAN,UMAP
0.2733449013231115,0.33935797889943287,GAN,UMAP
6.591645148515495,6.2165912755322,GAN,UMAP
6.811320451020988,6.247553742725803,GAN,UMAP
6.620878842592033,6.464302934009983,GAN,UMAP
6.45361938786486,6.7772215970348855,GAN,UMAP
6.884500172853263,6.340563691456272,GAN,UMAP
6.768227723359855,6.560357487995579,GAN,UMAP
6.600460437059196,6.132468140919163,GAN,UMAP
6.538992789506706,6.769725240070774,GAN,UMAP
6.6430384190080485,6.4105199940990945,GAN,UMAP
6.821622994661125,6.375647462208225,GAN,UMAP
6.747562554597648,6.336833394367649,GAN,UMAP
6.411353257417472,6.516136563618137,GAN,UMAP
6.465841439485343,6.530950463612034,GAN,UMAP
7.268062737703117,6.149315274555637,GAN,UMAP
6.537286189317497,6.349535382587864,GAN,UMAP
0.1360909016130285,0.19491515238995716,GAN,UMAP
6.6641260654924235,6.555910981495335,GAN,UMAP
7.116444733857902,6.379583752949192,GAN,UMAP
6.699695733308586,6.7536691792797585,GAN,UMAP
6.404892590760978,6.612479604084446,GAN,UMAP
6.642600444078239,6.879716313679173,GAN,UMAP
4.862891581773551,-2.7215963236499294,GAN,UMAP
6.689325478791984,6.901410020191624,GAN,UMAP
6.813406136750968,6.8904699452709695,GAN,UMAP
7.986476567506584,6.303060925800755,GAN,UMAP
6.756374028444084,6.568211949665501,GAN,UMAP
6.589360860109123,7.07724276860471,GAN,UMAP
4.8626383812425455,-2.8556297651935085,GAN,UMAP
-2.392796370268075,-3.686039530437039,GAN,UMAP
4.538682249307426,-3.8425594202685818,GAN,UMAP
7.206394341707023,5.972098267872288,GAN,UMAP
7.1561552555559,7.0908297665905495,GAN,UMAP
6.652715829133781,6.6074875958752175,GAN,UMAP
6.999885705232414,6.976915276844456,GAN,UMAP
7.050037053346427,6.347633279163792,GAN,UMAP
6.802707818269523,6.98808089574094,GAN,UMAP
6.691691544770988,6.671084798176243,GAN,UMAP
6.509803918123039,6.737423337299778,GAN,UMAP
6.7169567615983805,6.7443308003735085,GAN,UMAP
7.078902390718254,7.115648663837864,GAN,UMAP
6.633491423845085,6.860996640522434,GAN,UMAP
6.813131001710685,7.0983556874584695,GAN,UMAP
3.9363607437608557,-4.4165345064807395,GAN,UMAP
6.982376244783195,7.0283555157970925,GAN,UMAP
6.852990296602043,6.761362946827366,GAN,UMAP
-1.270845505476205,-1.661823355357693,GAN,UMAP
6.735120919465812,6.819204247791721,GAN,UMAP
6.699405816316398,6.713306344349339,GAN,UMAP
7.0348607571122965,6.84840337117429,GAN,UMAP
6.544469741105827,6.537904656727268,GAN,UMAP
6.865078118562492,6.873398698170139,GAN,UMAP
6.703876164674552,6.720064080555393,GAN,UMAP
6.998897698640617,7.097863114674046,GAN,UMAP
7.113938000917228,7.117257512409641,GAN,UMAP
6.968502190828117,6.698725617725803,GAN,UMAP
7.207614091157707,7.048147118885471,GAN,UMAP
-0.7802790133955164,-1.8682807318377956,GAN,UMAP
7.526194241761955,6.880026257832005,GAN,UMAP
2.641987415894659,-4.53186949412112,GAN,UMAP
-0.6593254535200281,-6.141839586894558,GAN,UMAP
7.239647534608634,7.261986172993137,GAN,UMAP
6.9557239086625895,6.392845071155979,GAN,UMAP
7.134865430116447,6.170858777363255,GAN,UMAP
7.089028981447013,7.038447774250462,GAN,UMAP
7.380859997987541,6.680307782490208,GAN,UMAP
3.4730461509225683,-4.807534777324245,GAN,UMAP
7.252808717012199,6.434281266529514,GAN,UMAP
-0.41638908076307013,-3.1700967184710964,GAN,UMAP
7.47248997998217,6.849040902454807,GAN,UMAP
4.8310057194230875,-2.985554062526272,GAN,UMAP
-23.626641004653703,-10.030835521306592,Real,t-SNE
-29.677314029675117,3.8205137821848445,Real,t-SNE
-11.401310845030416,-8.024215877682364,Real,t-SNE
-33.83949296521643,3.41115602962868,Real,t-SNE
16.078594982773485,-4.2851766197322165,Real,t-SNE
-25.44229968074372,-6.79656873939029,Real,t-SNE
-12.266129447528925,-8.707597678157425,Real,t-SNE
-23.74283023737151,-12.80356638219939,Real,t-SNE
-17.284174200466,-13.896847058954775,Real,t-SNE
-20.362935647708223,-12.532476012764157,Real,t-SNE
13.877975556012395,-1.9772450634886598,Real,t-SNE
-32.185339733368934,1.0060510462653023,Real,t-SNE
-24.31677538348078,-12.126513789020484,Real,t-SNE
15.142202674345803,-1.3673056727757171,Real,t-SNE
-6.881353690685684,2.6246268677734084,Real,t-SNE
-19.783429853365227,-12.846173163918662,Real,t-SNE
-27.741023963146585,2.5772814956709755,Real,t-SNE
13.549774165072447,-4.1724222835240985,Real,t-SNE
9.20854787541343,-6.0193696289132195,Real,t-SNE
-33.61151066297911,2.4808462643540006,Real,t-SNE
15.067900167600818,-3.7866076651611986,Real,t-SNE
19.576271636368094,-1.5646758375022314,Real,t-SNE
-17.32650524863962,-12.029710875141351,Real,t-SNE
9.147338343567256,-20.45958351466899,Real,t-SNE
-29.07767573223782,2.4656078711288476,Real,t-SNE
-17.538974452825197,-14.594218107103103,Real,t-SNE
-34.28180234685322,4.504096757709785,Real,t-SNE
-37.58159001143923,3.957732566520498,Real,t-SNE
-11.839103990874097,-8.41238658130994,Real,t-SNE
13.777822863677628,-0.4766682624774423,Real,t-SNE
15.489096950379905,-3.8712527627395845,Real,t-SNE
16.317315671042106,-2.0578552193609387,Real,t-SNE
-30.29480786961759,-0.42190574747248427,Real,t-SNE
15.552688674398611,-2.9938257613894774,Real,t-SNE
7.151730345959707,-5.328039850791149,Real,t-SNE
-38.81216605317006,2.938874258223193,Real,t-SNE
-29.019043785154587,-3.6706009198617555,Real,t-SNE
10.860864895185495,-6.41556980902257,Real,t-SNE
8.734543970773215,-4.196480782435845,Real,t-SNE
-22.378656268596718,-11.859560945768283,Real,t-SNE
9.594676058677635,-3.5061976223376288,Real,t-SNE
-21.9138350086181,-12.04984806956154,Real,t-SNE
4.937287730732838,-7.471261916123229,Real,t-SNE
8.42861862338531,-3.528083744746699,Real,t-SNE
-11.471913548328823,-8.036860513335952,Real,t-SNE
-20.66110575670468,-11.79287834910633,Real,t-SNE
14.14923755246521,-4.85315556150186,Real,t-SNE
-31.549381505772093,3.0267940900891763,Real,t-SNE
-29.68787840817374,2.740494944902781,Real,t-SNE
15.177470336768131,-2.4304020060113163,Real,t-SNE
-19.23042631890899,-11.458513762018596,Real,t-SNE
-43.192215321498395,1.4193703356885508,Real,t-SNE
-35.90512771417666,3.633194503681728,Real,t-SNE
-30.593676832317808,2.176048305366243,Real,t-SNE
-34.789064994904614,2.6708368016449446,Real,t-SNE
6.284106818934747,-6.598258534036381,Real,t-SNE
-22.47222871143159,-9.915105459054242,Real,t-SNE
17.50501296047323,-2.459447879994257,Real,t-SNE
16.78245166116189,-4.6319646727031385,Real,t-SNE
-36.98288104795252,1.3073791872732967,Real,t-SNE
-30.025068931609628,4.1212828777432735,Real,t-SNE
-30.664335301888354,2.5321313522903393,Real,t-SNE
8.521533159786722,-4.337660503898986,Real,t-SNE
-25.247403329445664,-7.790478268893249,Real,t-SNE
-25.617333885501534,-6.683757219377199,Real,t-SNE
-17.007507248375383,-13.954922293360584,Real,t-SNE
-33.26465349728295,1.4114224308465655,Real,t-SNE
-33.92512052787618,2.653330389389684,Real,t-SNE
-37.714848989561666,2.948375031878095,Real,t-SNE
-7.642595633437608,2.1483761605756544,Real,t-SNE
-43.18694366848323,1.425245051500458,Real,t-SNE
-27.048186048900586,1.1627863237274885,Real,t-SNE
19.541751841536165,-1.54692004546678,Real,t-SNE
-23.422922589513227,-10.770354435511802,Real,t-SNE
-41.076428969959515,2.9379152233818764,Real,t-SNE
14.046296961960742,-5.112620823911444,Real,t-SNE
-15.342041646354419,-13.68866936724368,Real,t-SNE
-22.901906270360655,-11.001850487279372,Real,t-SNE
-24.401221261907693,-8.502179227232354,Real,t-SNE
-27.382150538436125,3.9205895522311804,Real,t-SNE
-25.29130113117977,-7.49489459351624,Real,t-SNE
-25.825678179913588,3.411409869316936,Real,t-SNE
-19.83690238464114,-14.068101543898035,Real,t-SNE
-37.49376239408655,2.270482673120913,Real,t-SNE
4.84868052830313,-8.14439768687564,Real,t-SNE
19.48227669236406,-1.5982538436029055,Real,t-SNE
-7.917199493594509,7.626407922952515,Real,t-SNE
-25.198639116403857,-7.422692108187857,Real,t-SNE
-31.26353557323767,7.042434790854039,Real,t-SNE
-43.18533732705122,1.4279373006065619,Real,t-SNE
14.259194149842699,-20.19576308796032,Real,t-SNE
23.033025443671736,-14.875452699424374,Real,t-SNE
10.376884670532498,-2.2537185876956234,Real,t-SNE
15.807448888616356,-2.4010347946625283,Real,t-SNE
-24.057183566889044,-9.190972979379726,Real,t-SNE
-29.042439964476596,-3.6247131609707357,Real,t-SNE
15.785525330747797,-1.396605200581087,Real,t-SNE
-37.04033000222042,2.9475499089452364,Real,t-SNE
-8.017261670314383,2.4272302445179674,Real,t-SNE
-25.99127177620608,0.3502938168189595,Real,t-SNE
7.377453375754226,-6.7606707368000905,Real,t-SNE
-16.696015014619967,-12.792510416743884,Real,t-SNE
-18.09044290446356,-13.636862780806574,Real,t-SNE
6.606992128285115,-4.254319098836841,Real,t-SNE
15.338360312908097,-2.6383096697934456,Real,t-SNE
-22.326836886782516,-17.42558081886295,Real,t-SNE
-36.48109601053045,3.4689339346342374,Real,t-SNE
13.952804825820808,-20.298442988586487,Real,t-SNE
15.15074526080047,-4.594894438439215,Real,t-SNE
15.44973755929618,-1.6715539822870114,Real,t-SNE
-25.612000562219045,3.4236158758595687,Real,t-SNE
8.237380194869962,-4.768907611730053,Real,t-SNE
9.182909096819824,-5.381220527971243,Real,t-SNE
-40.868692111957486,2.8698785973311605,Real,t-SNE
-20.542063755581374,-12.881491268697944,Real,t-SNE
-28.096251481928697,-0.07111818079501324,Real,t-SNE
16.72394358041873,-20.256184229335037,Real,t-SNE
8.840924203367184,-6.155584009976432,Real,t-SNE
-17.592421472689047,-10.340284806505752,Real,t-SNE
13.143486913185594,-19.916820006265297,Real,t-SNE
-23.05320301161141,-12.338983209222746,Real,t-SNE
16.772160478930882,-20.241408693956565,Real,t-SNE
6.4534959588710095,-5.483340471595475,Real,t-SNE
24.231830498026525,-14.892101418430407,Real,t-SNE
-39.92800657517232,2.9481038787270566,Real,t-SNE
13.30872229850332,-3.8228511486605945,Real,t-SNE
11.506151244872889,-2.216432861823694,Real,t-SNE
11.395825389647213,-3.0018144416728245,Real,t-SNE
-25.149830680851046,-8.505189389335417,Real,t-SNE
16.77603912730556,-3.053996611696131,Real,t-SNE
-33.50767280050614,6.2886491645035605,Real,t-SNE
12.692793583559663,-3.9820114505141464,Real,t-SNE
-38.8501205747622,1.9517147945127196,Real,t-SNE
-12.900056804506294,-14.3717275591368,Real,t-SNE
-16.338078124605236,-13.450481316202222,Real,t-SNE
14.707717843825012,-19.578269733214967,Real,t-SNE
10.03559393180434,-3.7543829871040764,Real,t-SNE
-31.174077554161716,3.888461761783965,Real,t-SNE
17.046663556847214,-1.2806274498419534,Real,t-SNE
10.37331113234209,-4.2283847247178725,Real,t-SNE
8.35698268446368,-4.027943236979215,Real,t-SNE
19.585775875437683,-1.5811952287417956,Real,t-SNE
16.53171740396417,-0.9206214889335413,Real,t-SNE
-23.667305445812588,-11.310070614566289,Real,t-SNE
-36.105138241627664,3.5940373042261786,Real,t-SNE
8.212447218546004,-5.54071468574575,Real,t-SNE
-24.711914007430494,-7.809816860036918,Real,t-SNE
-19.86253739366475,-10.42964168712442,Real,t-SNE
-23.47580106143509,-14.177326975626972,Real,t-SNE
-18.321039983099073,-13.453918577173125,Real,t-SNE
5.950653641541842,-7.061170899138968,Real,t-SNE
15.926425491888015,-5.280447695434556,Real,t-SNE
9.310909163020888,-3.354011718311565,Real,t-SNE
-34.52278384623624,2.982686676721721,Real,t-SNE
14.34297986103715,-2.48551242533681,Real,t-SNE
13.889740984968265,-2.4790051683368106,Real,t-SNE
-35.384502257348075,3.5152851179475375,Real,t-SNE
-23.249827649076618,-11.222625575614707,Real,t-SNE
-28.979798867028578,-3.759907080379722,Real,t-SNE
-36.334547949769906,3.1288643557113285,Real,t-SNE
-38.14089009469254,3.137976583186638,Real,t-SNE
16.94917893074114,-2.053436133835605,Real,t-SNE
-16.010941235401315,-9.234796008125224,Real,t-SNE
-20.662541749273814,-10.036552988827248,Real,t-SNE
9.268799550759804,-3.134240875926104,Real,t-SNE
-30.34059232201689,3.0549181801641847,Real,t-SNE
-27.829197143220018,1.7158012921723862,Real,t-SNE
15.95811532336355,-0.9955992611128992,Real,t-SNE
12.18664346813467,-3.560527482626901,Real,t-SNE
-38.12353211569408,3.6047551660153845,Real,t-SNE
-14.04195144694442,-14.68115713163656,Real,t-SNE
-19.794035127740667,-12.828972444971557,Real,t-SNE
-20.709335051591918,-11.885285900917355,Real,t-SNE
-33.08711166917627,2.828661494442509,Real,t-SNE
-15.974881962766492,-14.794722458909112,Real,t-SNE
-33.466379025726276,-0.5583589159110186,Real,t-SNE
-8.150537797801146,2.442524367650247,Real,t-SNE
-34.729153858743686,2.5537769226151643,Real,t-SNE
-32.71794632266712,4.9075020074255296,Real,t-SNE
-40.457709560652475,2.81565314057959,Real,t-SNE
-27.95578881453231,0.6572995294706181,Real,t-SNE
9.619307174622737,-3.7894379466382833,Real,t-SNE
8.949900349895458,-3.763482562249015,Real,t-SNE
-25.33073088100974,-1.4674163476907054,Real,t-SNE
-25.054614445550012,-6.962746635548826,Real,t-SNE
-28.036373900391713,1.8847694868011045,Real,t-SNE
-17.948450395757575,-15.798875028162483,Real,t-SNE
16.862221555370958,-2.341508085873073,Real,t-SNE
-26.5478828361407,0.47471487610309404,Real,t-SNE
-34.22434926874339,2.495718332610608,Real,t-SNE
-19.8690800647509,-11.67431421592151,Real,t-SNE
-26.51064172345987,0.45544737239472916,Real,t-SNE
-26.28800301597543,1.9497438132271012,Real,t-SNE
7.471533642679064,-4.890878970551628,Real,t-SNE
-20.61210393924115,-12.791085300621507,Real,t-SNE
-18.279036012977055,-14.16213092726201,Real,t-SNE
19.541234396560306,-1.6979342809018678,Real,t-SNE
5.258578566418211,-7.2266811646133515,Real,t-SNE
-30.77641838489581,3.36652154244426,Real,t-SNE
-16.72978607730691,-14.359344916852457,Real,t-SNE
-32.20986766576528,3.3775528334841822,Real,t-SNE
-23.91397053850332,-9.506433542842101,Real,t-SNE
11.562297313542343,-2.8327836270705777,Real,t-SNE
6.342902506714558,-6.89623352785346,Real,t-SNE
-13.1686806038721,-14.616669609050236,Real,t-SNE
4.753463182414249,-7.355811151804643,Real,t-SNE
-22.53140510111024,-9.55254401258748,Real,t-SNE
-35.174568977860794,2.4900148466799186,Real,t-SNE
-27.620108651855496,3.8030156037082676,Real,t-SNE
-23.374128135038685,-10.346152514884485,Real,t-SNE
5.4980683983950085,-7.239006092174601,Real,t-SNE
19.555386625388714,-1.5362418401469997,Real,t-SNE
17.962541666166437,-2.725058801421138,Real,t-SNE
-27.53790909592896,2.5652060246793535,Real,t-SNE
-22.223934104097378,-11.558049047906716,Real,t-SNE
-32.477505193952666,4.558745429401419,Real,t-SNE
14.971327923704507,-3.9041067285251656,Real,t-SNE
13.751371080530893,-2.9697373424406552,Real,t-SNE
-35.50823247373444,0.6513204763888288,Real,t-SNE
-35.56475859904604,3.2325349097684932,Real,t-SNE
-16.73353053044157,-13.943007693245109,Real,t-SNE
-43.18995738663252,1.4215987586504244,Real,t-SNE
19.2325565297516,-14.24674951858663,Real,t-SNE
-21.72984963816241,-10.281377638110644,Real,t-SNE
-33.36560673823639,2.813641544287809,Real,t-SNE
8.180036979447555,-5.593587245923101,Real,t-SNE
-17.27325439129873,-13.596434618009495,Real,t-SNE
-17.480882625792297,-12.919469455929507,Real,t-SNE
-33.8432760189232,6.416422207051945,Real,t-SNE
-40.547039455719656,2.5513411599247684,Real,t-SNE
-33.188139969085036,6.104656150383341,Real,t-SNE
-23.701693266464176,-14.22339623169362,Real,t-SNE
-19.389632564945902,-13.217489578103168,Real,t-SNE
11.823544255494902,-5.414537669336381,Real,t-SNE
-25.352010522551133,-6.435935408010814,Real,t-SNE
-18.55564281221794,-14.206611473620184,Real,t-SNE
-25.309889791078465,-7.8650425665648065,Real,t-SNE
-35.217547725759964,1.845595034460998,Real,t-SNE
4.224167216507368,-7.340947336615752,Real,t-SNE
-35.752444135113706,2.6495970896237897,Real,t-SNE
19.52022289412865,-1.371383943380715,Real,t-SNE
-29.983419140114254,2.9174357356432474,Real,t-SNE
-21.118949668661582,-11.100335195909393,Real,t-SNE
-21.744032179163526,-14.994195820799748,Real,t-SNE
-14.045212625220195,-10.707546484481087,Real,t-SNE
-22.358135400655524,-11.722713282542554,Real,t-SNE
-18.65457482617338,-13.486523525376612,Real,t-SNE
-22.474622556945558,-10.818305682578101,Real,t-SNE
-38.870365892390176,3.069488180581598,Real,t-SNE
11.030099695811643,-4.96489416061302,Real,t-SNE
-21.46455074736197,-11.148733019312902,Real,t-SNE
-17.620236338551244,-17.64088364390207,Real,t-SNE
15.509719594924087,-2.1209025709410216,Real,t-SNE
14.494444364395102,-5.293280762823033,Real,t-SNE
-15.205637469981584,-12.463700890541759,Real,t-SNE
-21.299274589439456,-11.973856805458714,Real,t-SNE
-36.76620748595293,2.1847080734783484,Real,t-SNE
16.72776031593058,-2.4351887088887056,Real,t-SNE
-26.15678499890651,1.4148929624177384,Real,t-SNE
5.457515392043885,-6.612594727300513,Real,t-SNE
16.85533276121081,-20.2016491369936,Real,t-SNE
-28.17026532125455,5.140798912680236,Real,t-SNE
-33.837146822934486,-0.8756173397118211,Real,t-SNE
-41.32165139344708,2.286633324821606,Real,t-SNE
-27.102453274256764,1.1057696033358253,Real,t-SNE
14.666036703705865,-0.8062720500451052,Real,t-SNE
-17.647377201253626,-17.780826016600084,Real,t-SNE
-14.259426881817213,-10.878577860506935,Real,t-SNE
12.743447103843089,-3.305773134621521,Real,t-SNE
-20.84697423094679,-11.287642647595664,Real,t-SNE
-30.863979137577086,-0.7864752385681678,Real,t-SNE
-16.38582762999815,-14.179465881978997,Real,t-SNE
16.42091051011243,-20.35607473611795,Real,t-SNE
-40.49153024718076,3.0265522739263053,Real,t-SNE
-22.152236203268426,-11.575238703760055,Real,t-SNE
11.468193192708565,-5.080964617740661,Real,t-SNE
-25.09411528205232,-7.691508187601028,Real,t-SNE
5.510170839465875,-7.422465805412881,Real,t-SNE
-17.01400645480535,-6.4600854612415475,Real,t-SNE
-17.540284105803096,-17.60519264312378,Real,t-SNE
-33.00954838220099,1.7753742939423316,Real,t-SNE
13.77039538940058,-1.9873386784019818,Real,t-SNE
-26.54328487909311,0.5351474593708413,Real,t-SNE
-17.844282935843534,-14.106938610881885,Real,t-SNE
-20.87733264647182,-11.831776794858602,Real,t-SNE
-34.1113387432647,4.121771727703941,Real,t-SNE
12.64879638832706,-1.4199095293120034,Real,t-SNE
13.091307909195415,-2.3202382486587445,Real,t-SNE
12.183381843775136,-4.636951079422405,Real,t-SNE
-15.506833468646425,-13.095385287700758,Real,t-SNE
-33.52359520602769,2.6193746265265094,Real,t-SNE
-24.883663509996392,-8.369718184277337,Real,t-SNE
11.22883652679831,-6.7601668949462574,Real,t-SNE
-31.47765118643956,4.423062953596096,Real,t-SNE
-24.01437113516984,-1.8562673031764947,Real,t-SNE
-32.640695570987134,2.783097088551294,Real,t-SNE
-33.10527533788927,3.9035411413243426,Real,t-SNE
-21.856162038220898,-11.590913513029225,Real,t-SNE
13.981831596223572,-2.229481388633071,Real,t-SNE
14.217250530134523,-2.380450640683312,Real,t-SNE
-6.70326777384802,-23.475505535138527,Real,t-SNE
-22.95767332598978,-10.619709445810754,Real,t-SNE
-19.73731112471512,-15.365208701126303,Real,t-SNE
16.94183770764262,-3.3560802805212715,Real,t-SNE
4.655483725284752,-7.323829486782162,Real,t-SNE
16.600009383186336,-1.6904949096699575,Real,t-SNE
16.818704256153264,-3.03746628489564,Real,t-SNE
-13.90995038089031,-14.710657918425222,Real,t-SNE
-12.901441452908472,-14.383422167445692,Real,t-SNE
10.225712609199821,-5.699498255321762,Real,t-SNE
15.604305424985803,-2.057300289338749,Real,t-SNE
-26.36846229795842,0.14022066159175373,Real,t-SNE
-20.06427045390342,-15.615001237344666,Real,t-SNE
-27.987234657756133,1.9499700327203553,Real,t-SNE
-17.442988267877208,-16.78956193943891,Real,t-SNE
-22.01962502537504,-13.106105104608023,Real,t-SNE
-38.605176194547745,2.266176729652153,Real,t-SNE
-34.09884852350414,0.668209347774764,Real,t-SNE
19.475933728049046,-1.4507837245151787,Real,t-SNE
9.472117577827749,-2.2657345238773474,Real,t-SNE
-35.33793767627618,3.0039748888974844,Real,t-SNE
-31.113153151606607,2.6390980846771495,Real,t-SNE
15.298098055985168,-3.5498615266572857,Real,t-SNE
-23.704684969578114,-10.241447315042423,Real,t-SNE
-26.829657704525154,0.18667576633424746,Real,t-SNE
-20.626927712551748,-13.53976757597594,Real,t-SNE
14.294834680904717,-3.988190513365804,Real,t-SNE
-26.409462983968176,3.3834830087471754,Real,t-SNE
-18.17042491056054,-12.12783110756287,Real,t-SNE
-13.427380767159846,-14.693271001082401,Real,t-SNE
-4.40113592615701,3.5859884872296175,Real,t-SNE
-41.277733797496424,1.9356843640676755,Real,t-SNE
-30.75039511840549,3.33517620162398,Real,t-SNE
-4.414716195796991,-8.81405217743831,Real,t-SNE
16.288186490935626,-2.6582584472485586,Real,t-SNE
-34.535423058473576,2.1033663758933354,Real,t-SNE
-23.93825451630766,-1.932023843751775,Real,t-SNE
14.184719204270523,-3.210559912946875,Real,t-SNE
5.208680338127362,-7.438373453051744,Real,t-SNE
-18.374589837810777,-13.806899048975344,Real,t-SNE
6.637839215400544,-8.159547205504376,Real,t-SNE
-32.15033611884513,2.6765472432844057,Real,t-SNE
-28.29271501814977,2.1677348376963628,Real,t-SNE
-32.27316061203622,2.611311277882434,Real,t-SNE
-30.113140764695792,5.739100858829891,Real,t-SNE
-29.86047248715063,-1.0686803746429576,Real,t-SNE
-35.48105793707125,3.264405936849527,Real,t-SNE
-5.616297903244558,-25.12867267322038,Real,t-SNE
-23.415731433553635,-9.014808075811516,Real,t-SNE
6.11374337934961,-7.140062955957426,Real,t-SNE
-38.61336289706217,3.7976728440257967,Real,t-SNE
-30.29935297131405,1.7450055448711914,Real,t-SNE
-16.63228298856579,-12.808918423706945,Real,t-SNE
9.771143693832036,-2.6195279779207765,Real,t-SNE
10.189881287398775,-5.139107778500938,Real,t-SNE
-19.92166182623516,-15.467934105879005,Real,t-SNE
-25.694571710726812,-5.6339183013227645,Real,t-SNE
-19.02658090977465,-12.26710194692179,Real,t-SNE
-18.019504487087783,-14.533083774145686,Real,t-SNE
-27.589165162105505,1.702863168172154,Real,t-SNE
-24.81969194735782,-7.902782114582687,Real,t-SNE
16.763275752041874,-2.050487336473307,Real,t-SNE
-31.982943783462716,2.9091892915763387,Real,t-SNE
-17.26539606099794,-13.426748996658912,Real,t-SNE
11.241261740601356,-1.3970723548676653,Real,t-SNE
-30.4375817256065,3.2782112710488533,Real,t-SNE
-40.581821964325904,2.9280062507603737,Real,t-SNE
-40.673432774596044,2.849841238048922,Real,t-SNE
5.78322084972158,-4.853088577049125,Real,t-SNE
-37.59370982786104,2.6440528979079203,Real,t-SNE
-34.63679450882785,3.1067795718567632,Real,t-SNE
11.509946510060937,-5.722936725041081,Real,t-SNE
-27.006000144735218,1.3134487196203493,Real,t-SNE
-18.06495937920838,-11.592675379116507,Real,t-SNE
-40.53478111891165,3.1801815615614855,Real,t-SNE
5.5653166714904145,-7.33412023511399,Real,t-SNE
-36.89246423279211,3.1213406043681498,Real,t-SNE
-14.86110977545327,-12.736885041365602,Real,t-SNE
10.518088952693216,-3.4308084914282952,Real,t-SNE
-30.16170925046762,-1.0502349978346914,Real,t-SNE
-31.221291735487767,7.041756898511092,Real,t-SNE
-38.085947454318976,2.2751765210385586,Real,t-SNE
-43.186511966111524,1.4244546746618978,Real,t-SNE
10.617632117251684,-4.4525289991823636,Real,t-SNE
-25.917222442424816,-8.39871549036491,Real,t-SNE
-22.551093986784796,-12.657564418794836,Real,t-SNE
17.33506394201581,-0.8694623260173276,Real,t-SNE
11.768964040749472,-5.963430930620387,Real,t-SNE
-19.14899418050687,-10.351262698950404,Real,t-SNE
24.269608177172742,-14.882016359734855,Real,t-SNE
-16.31232841616879,-12.096197527998509,Real,t-SNE
-17.830909385555216,-18.061004912925295,Real,t-SNE
-21.641979846218405,-12.428782174224127,Real,t-SNE
-42.234521329363666,2.2718226920650433,Real,t-SNE
-22.31568478015349,-17.44970456688936,Real,t-SNE
-31.142911093419816,2.461429385302472,Real,t-SNE
-16.874857724004322,-6.4085067902007,Real,t-SNE
-32.97842245456599,3.2445117053908086,Real,t-SNE
-29.56752729442663,-2.56853733797743,Real,t-SNE
-20.95807579458469,-12.114260862547646,Real,t-SNE
-28.9748451359839,3.507885334321859,Real,t-SNE
-27.389951381146698,1.582385801533626,Real,t-SNE
-25.139630569000236,-7.733696313753876,Real,t-SNE
-16.053317966771246,-14.083733226081362,Real,t-SNE
11.920471469617556,-3.625805826096906,Real,t-SNE
-33.139481196205445,4.027517183238374,Real,t-SNE
-18.000809413300715,-12.765797777064618,Real,t-SNE
-24.672973770813357,-9.54205814556692,Real,t-SNE
-30.802821270349344,3.8251569474980722,Real,t-SNE
-32.158850387487526,1.6113528906008885,Real,t-SNE
-24.121304855802833,-1.8013966100154084,Real,t-SNE
-32.99508684935777,2.1006141181827864,Real,t-SNE
11.093301886480702,-6.407072721601225,Real,t-SNE
-9.569588150621042,3.459225361283171,Real,t-SNE
17.368490580395115,-2.3862366973187417,Real,t-SNE
-20.13346502289975,-11.993901691219559,Real,t-SNE
-24.577571916987964,-8.740521784315716,Real,t-SNE
-8.2204259841779,2.4558516338067475,Real,t-SNE
-15.959947293529702,-14.68028612716772,Real,t-SNE
-41.10688379925962,3.22766319067384,Real,t-SNE
-36.47408076453753,4.129739533603623,Real,t-SNE
-15.750433054868294,-16.378307581632345,Real,t-SNE
-31.536866708634037,5.443843862279963,Real,t-SNE
10.648671982297216,-2.6860365933139376,Real,t-SNE
-43.1720682424398,1.4442023387551082,Real,t-SNE
14.505451149951679,-1.5661155540388538,Real,t-SNE
11.336852272679875,-2.512488497903668,Real,t-SNE
7.80423842902025,-5.745204367266915,Real,t-SNE
-36.288633845810374,2.9935246264849384,Real,t-SNE
9.331920194612723,-2.7618091335688564,Real,t-SNE
-40.714034199548536,2.6208769988033405,Real,t-SNE
-18.1791408930848,-12.515796274785277,Real,t-SNE
-30.560647630818387,1.195449596472678,Real,t-SNE
14.617853297103421,-1.0861192536061282,Real,t-SNE
5.333521210215793,-8.271711564967088,Real,t-SNE
-25.619665544844764,-11.151910490015451,Real,t-SNE
8.65400188206552,-2.477526677418987,Real,t-SNE
11.141036015448433,-4.039195353792336,Real,t-SNE
-17.29855358220018,-15.143502386840908,Real,t-SNE
-25.27137951100168,-1.4711360512943714,Real,t-SNE
-22.659060405658014,-10.582870958529414,Real,t-SNE
-36.6533335417604,3.049118787949767,Real,t-SNE
-20.279622439171444,-14.247798598856127,Real,t-SNE
10.4955512447512,-3.695987321966128,Real,t-SNE
-39.07367546240932,3.780276769488653,Real,t-SNE
-18.453967818183045,-13.203583835506087,Real,t-SNE
11.584681830203513,-2.2358638483201014,Real,t-SNE
-34.65803874093061,1.5716985736001388,Real,t-SNE
-23.558237650253986,-9.230771219537742,Real,t-SNE
-20.911114704283598,-12.623660869193364,Real,t-SNE
-38.427581171637485,2.4107208909237854,Real,t-SNE
14.992228524070732,-2.987833821954264,Real,t-SNE
-27.3977695387217,1.746486353803226,Real,t-SNE
-37.988936042825756,3.2203611800693577,Real,t-SNE
9.649007447009106,-3.9347313730325015,Real,t-SNE
-26.25942177468985,-8.617068514354788,Real,t-SNE
-13.640296521662,-18.37059592018209,Real,t-SNE
4.821728237858256,-8.231880765932624,Real,t-SNE
10.14181079819837,-5.79907905027923,Real,t-SNE
15.098211770239526,-3.0315561503810367,Real,t-SNE
-18.206011064972042,-13.690542542381229,Real,t-SNE
15.970241761967957,-0.5165812623585161,Real,t-SNE
6.7182999395503415,-6.797330482469799,Real,t-SNE
-17.939671321292543,-15.103294000988772,Real,t-SNE
-27.047854967461344,1.3010966396460002,Real,t-SNE
-12.297242339561604,-8.729903912162849,Real,t-SNE
12.096554484727465,-4.686033478299789,Real,t-SNE
-28.856747564529655,3.9796163734668344,Real,t-SNE
-16.202418100984843,-15.190551328095998,Real,t-SNE
-21.97816707473265,-12.166646798370488,Real,t-SNE
-17.745953420871146,-13.71459685125746,Real,t-SNE
-37.204360219706,2.486379954977528,Real,t-SNE
-31.50029078322866,5.430314237895235,Real,t-SNE
4.768408340173886,-7.682602930111345,Real,t-SNE
-27.629794064201977,1.4044328111900721,Real,t-SNE
-21.88443000492008,-9.600629449577978,Real,t-SNE
-26.07718952626359,-0.5844748197509843,Real,t-SNE
-8.160272222131477,2.471207613080796,Real,t-SNE
-15.791375491742022,-16.31456013962086,Real,t-SNE
13.572509121686778,-3.9572791203613247,Real,t-SNE
-25.338667779537367,-7.637982020325805,Real,t-SNE
15.674394101093235,-2.901091082084445,Real,t-SNE
-28.392082089175286,4.937612604426823,Real,t-SNE
-21.76475180130023,-13.432078626410043,Real,t-SNE
14.999489733067556,-2.527641961719087,Real,t-SNE
-34.06757342394812,3.373114993998019,Real,t-SNE
8.38927079014371,-6.004094806465593,Real,t-SNE
16.147939050823464,-1.2220884130007421,Real,t-SNE
7.305230765360077,-8.303230518486188,Real,t-SNE
5.516766099500072,-8.024883640341972,Real,t-SNE
-40.289433979620966,4.765365507678199,Real,t-SNE
23.204539037175365,-14.829434779475111,Real,t-SNE
-29.15064304149394,1.6532112974746587,Real,t-SNE
3.753325819601152,-17.25896751349987,Real,t-SNE
-9.476866806614757,-16.54147926369172,Real,t-SNE
-22.02180951625756,-15.061136794932386,Real,t-SNE
-40.72537889655065,3.386193973780066,Real,t-SNE
-17.467644562776876,-16.752321458914402,Real,t-SNE
-13.199058719523533,-14.623595673716526,Real,t-SNE
-27.2303289160758,2.0920039315078225,Real,t-SNE
-40.84721625649947,3.068448262807925,Real,t-SNE
-30.475092183103627,2.2742077680109154,Real,t-SNE
10.739842818876149,-5.3311680537544355,Real,t-SNE
-27.38938759673989,2.101165071178292,Real,t-SNE
9.732493282836922,-5.13675507979321,Real,t-SNE
-23.18972248964458,-9.84149811486896,Real,t-SNE
-21.287396647229713,-11.49239379990503,Real,t-SNE
19.514791119678613,-1.454648823498167,Real,t-SNE
16.645716885632993,-20.29045011122857,Real,t-SNE
-13.11433316341704,-14.591807483087003,Real,t-SNE
10.106640331416036,-6.039858776921774,Real,t-SNE
-21.841788105261788,-10.684611583098691,Real,t-SNE
-30.205834943758752,2.5711530098255313,Real,t-SNE
-30.968875058925377,-0.49864261752076394,Real,t-SNE
-40.918130533873665,3.1314354874524697,Real,t-SNE
-38.12196939486714,3.442801833034337,Real,t-SNE
14.831971539404485,-3.39363271413049,Real,t-SNE
-27.244630912093243,1.5807557530051357,Real,t-SNE
9.167394035705744,-5.543199071654882,Real,t-SNE
-23.700763165705844,-10.82630392493811,Real,t-SNE
-21.374617930448203,-11.052695273798028,Real,t-SNE
9.830661707404612,-6.522936462478924,Real,t-SNE
-34.75272203064873,3.1592075724379085,Real,t-SNE
-25.478997140209877,-11.12264527513084,Real,t-SNE
-15.52119395514942,-13.74009625025238,Real,t-SNE
11.070357534040568,-1.6610688956236872,Real,t-SNE
14.431243495487186,-1.7433170340628408,Real,t-SNE
-24.68809055232401,-8.608402911397443,Real,t-SNE
-32.03739766332232,2.6927096641201893,Real,t-SNE
-25.140920795222456,-7.539338408482418,Real,t-SNE
-16.29810069866694,-14.741104591363658,Real,t-SNE
8.123998429973316,-4.888560157678847,Real,t-SNE
-14.840306247159875,-12.675627048260942,Real,t-SNE
12.79100231291458,-1.01545089738594,Real,t-SNE
-34.73073351649316,1.3251469212124551,Real,t-SNE
-28.111071688410643,1.7909425580327993,Real,t-SNE
-24.067254728786757,-1.815118740917004,Real,t-SNE
-32.50396983630748,3.768053496125324,Real,t-SNE
10.136618850587526,-3.7628383070055085,Real,t-SNE
10.220522964074561,-2.9337958791516527,Real,t-SNE
-30.67362416518724,2.8941876704638627,Real,t-SNE
-28.907972664639924,-3.9322072259629346,Real,t-SNE
-25.054202671928074,-9.75524106763424,Real,t-SNE
-34.021025223162376,1.2871843188708825,Real,t-SNE
-40.790319813607425,3.6030549548482833,Real,t-SNE
-15.802960176931668,-14.683595698836873,Real,t-SNE
12.55617171159603,-3.0094707844646207,Real,t-SNE
-12.120588737177124,-8.633874609742575,Real,t-SNE
-28.4487800354944,2.2907494340368624,Real,t-SNE
-0.3138056743165589,-22.41327302735841,Real,t-SNE
-27.669338033269604,1.6690100155679188,Real,t-SNE
-43.20740442753753,1.413935032099247,Real,t-SNE
-26.411132971545833,-7.841640232402822,Real,t-SNE
6.133459237661437,-6.428425036151807,Real,t-SNE
10.912388406009804,-4.720212880583842,Real,t-SNE
4.48485916014936,-5.313195143704265,Real,t-SNE
-14.124457514291846,-10.767869565870301,Real,t-SNE
-28.913858849206413,2.2299509045997086,Real,t-SNE
-29.199276652201128,2.4495981600299928,Real,t-SNE
-38.38291199574702,3.1272911760928332,Real,t-SNE
7.989255457127819,-6.178592372836427,Real,t-SNE
13.191901186222681,-4.414873913373278,Real,t-SNE
12.748223568150236,-5.786020479820393,Real,t-SNE
-17.046776834533215,-6.451171409000352,Real,t-SNE
-30.173559290019764,4.957950955806122,Real,t-SNE
-21.523293330746633,-11.745342627115239,Real,t-SNE
15.849884417523274,-1.9972229612560362,Real,t-SNE
-19.244995752789194,-14.527965013384955,Real,t-SNE
-23.07608005032257,-8.754107759759194,Real,t-SNE
-30.80608587496555,4.280612609599531,Real,t-SNE
9.804867636499745,-3.5078184768640712,Real,t-SNE
-36.77671423311974,1.6461985251402853,Real,t-SNE
-33.56158578397264,-0.771171938667079,Real,t-SNE
13.42011253127562,-5.10361009974853,Real,t-SNE
-29.6069833459984,-2.4829393489336344,Real,t-SNE
16.90815181705389,-1.5778592036658352,Real,t-SNE
-17.056249831020537,-6.493422015698776,Real,t-SNE
13.168164013140531,-4.974411913745335,Real,t-SNE
-32.181892415670795,2.313479600623185,Real,t-SNE
-17.31943810676019,-11.265348673880263,Real,t-SNE
10.684117373592002,-5.960723559273486,Real,t-SNE
-38.343141010623015,2.849249957095549,Real,t-SNE
-24.264399661934164,-10.931241048268546,Real,t-SNE
-18.44227491062286,-10.569210138318686,Real,t-SNE
-17.076426190475832,-13.636353704587737,Real,t-SNE
-37.64097243379443,3.146361348950657,Real,t-SNE
-7.263539299452627,2.8040185279436525,Real,t-SNE
8.8032379655604025,-6.203535928814431,Real,t-SNE
-17.978214040816546,-13.941031702825734,Real,t-SNE
6.169991284825504,-6.897130539004253,Real,t-SNE
-18.55252343762346,-13.54535036664454,Real,t-SNE
-37.76967728040724,3.276210098673082,Real,t-SNE
-33.84083028069137,3.3594691612055567,Real,t-SNE
7.759653501655818,-3.8156844818643583,Real,t-SNE
-36.32164447286967,2.563072018744266,Real,t-SNE
-32.0285302764178,0.3761269672414218,Real,t-SNE
-21.701383697525927,-12.272129762353165,Real,t-SNE
17.338844792860893,-3.909679762431584,Real,t-SNE
-43.203052291820974,1.415591834158825,Real,t-SNE
-20.841305831620453,-11.704511644743576,Real,t-SNE
-3.9479164361048005,-12.377059806880649,Generated,t-SNE
1.6635923504167984,-25.38890185814841,Generated,t-SNE
-6.069847779022866,3.7304835250579598,Generated,t-SNE
1.4777331998010934,-10.527832859564729,Generated,t-SNE
4.681490389629511,-8.612380154042391,Generated,t-SNE
0.3029900508042019,-23.963520132641033,Generated,t-SNE
25.2267951062225,-10.663834544497645,Generated,t-SNE
-7.18101206185929,-18.013903917555655,Generated,t-SNE
-6.932923266662523,14.413889804006196,Generated,t-SNE
2.4497842987943392,-16.921218850766124,Generated,t-SNE
3.2203648112219003,-19.655025900838623,Generated,t-SNE
-5.405434311785223,-10.990290510892715,Generated,t-SNE
-8.07859323736512,-21.49821132423509,Generated,t-SNE
-5.826391948227064,-20.065780507533226,Generated,t-SNE
-6.301772965436969,3.8185865580342644,Generated,t-SNE
-0.7223692211202083,-17.22079257159009,Generated,t-SNE
1.088665769808423,6.094972414342814,Generated,t-SNE
4.495253351865029,-5.18757161525618,Generated,t-SNE
-3.5157879150991485,-7.3094496937941,Generated,t-SNE
-4.216659930813218,-19.87690984243771,Generated,t-SNE
26.355521481136687,-11.442827669711452,Generated,t-SNE
-1.9451993445031912,-21.162141030319393,Generated,t-SNE
-3.534298786879401,-6.399108751808674,Generated,t-SNE
-3.254894233705929,-12.839898955712412,Generated,t-SNE
-2.481590639970478,-22.12914441335546,Generated,t-SNE
18.3037736739799,-14.033855352444762,Generated,t-SNE
-1.499711468157822,-14.666671400913835,Generated,t-SNE
0.6191948550851489,-22.538086135712526,Generated,t-SNE
-1.1891867158279403,-26.61672537267396,Generated,t-SNE
-4.5804939172481305,2.0142368985576216,Generated,t-SNE
27.137673662976745,-8.944893108028808,Generated,t-SNE
6.651199599104705,-18.865607422900737,Generated,t-SNE
-6.805898859455571,-18.332275974369626,Generated,t-SNE
1.6663594835421232,-17.884089359196043,Generated,t-SNE
11.604464192817622,11.191283347748355,Generated,t-SNE
3.6303059040411774,-18.86551406658032,Generated,t-SNE
-2.491362326628071,-24.06908088930747,Generated,t-SNE
-4.756452016726846,-5.5226946378305,Generated,t-SNE
12.422308000077482,-10.275129295411324,Generated,t-SNE
-7.833641304231649,-18.616195071190436,Generated,t-SNE
17.747744654109184,-15.1973044819205,Generated,t-SNE
-1.6073608598549958,-19.000852336270388,Generated,t-SNE
-1.1478856042809904,-18.694705355511935,Generated,t-SNE
-3.924401487005455,-10.898658103345396,Generated,t-SNE
-4.075032150576623,-14.997083914029844,Generated,t-SNE
-0.40095085062938274,-20.007505667513477,Generated,t-SNE
13.545626897596694,-18.27479746489806,Generated,t-SNE
-2.617520556784229,-18.363477237651068,Generated,t-SNE
1.1494586474618669,-25.862840341292422,Generated,t-SNE
-5.553236011490617,-14.325578973538098,Generated,t-SNE
14.854660543706121,-15.990202130598169,Generated,t-SNE
-6.855193289916097,-19.73506463249866,Generated,t-SNE
-3.6515285449971366,-23.535069191344782,Generated,t-SNE
8.660765028611975,10.221570580028233,Generated,t-SNE
-8.452555262405175,-21.39013765135967,Generated,t-SNE
2.4022589844730833,-18.065654928916445,Generated,t-SNE
8.792584848933824,14.987514602160418,Generated,t-SNE
-5.570463926254215,3.5877371297319156,Generated,t-SNE
17.065099065250234,6.908554454327149,Generated,t-SNE
10.16950896683327,-20.57526686374166,Generated,t-SNE
-7.001780390716415,-20.601872768390304,Generated,t-SNE
-9.084248745334152,5.642685743515701,Generated,t-SNE
1.8702663288907326,-20.805261663241808,Generated,t-SNE
-5.938680530253426,-22.056735309354647,Generated,t-SNE
-4.994147703883578,0.8797404085376914,Generated,t-SNE
24.11229212342838,-11.959494592328403,Generated,t-SNE
3.460319283141755,-21.803125131230832,Generated,t-SNE
-3.8592966758597673,-23.516621849831992,Generated,t-SNE
-5.884611131900102,-22.06124784878066,Generated,t-SNE
1.666050025357077,-12.185875211920575,Generated,t-SNE
-3.4492122330972275,-18.110588254798433,Generated,t-SNE
-6.335424961324753,-12.204326197661905,Generated,t-SNE
15.446842662656765,-16.466746138088524,Generated,t-SNE
-3.163298964223976,-1.0733713955709185,Generated,t-SNE
10.764867311551969,-20.37945693893311,Generated,t-SNE
3.6702716969918665,0.23894716880201838,Generated,t-SNE
11.024388493720538,10.549242396909342,Generated,t-SNE
-1.55803711386883,-17.5183912552082,Generated,t-SNE
-2.2562448529734818,-18.963791736362314,Generated,t-SNE
11.033687749830516,12.599203237764112,Generated,t-SNE
24.506644039730297,-12.88674065764892,Generated,t-SNE
-3.9368738871852407,-6.04376534241521,Generated,t-SNE
-7.415001834259128,8.957073316801976,Generated,t-SNE
-4.171642014723361,-19.76620376083067,Generated,t-SNE
-6.146488195836308,-15.048051156260671,Generated,t-SNE
19.096197165143693,-14.45177137699092,Generated,t-SNE
-4.372877792372625,1.8150888713230826,Generated,t-SNE
11.04655104844017,-20.066074798065333,Generated,t-SNE
-2.8311544226744387,-19.537213602169867,Generated,t-SNE
-2.6534439480754903,-2.2821785036482756,Generated,t-SNE
-6.4856896533150525,-15.31030730588441,Generated,t-SNE
11.037514171997612,12.501709695165376,Generated,t-SNE
5.940118673897738,16.19140323335242,Generated,t-SNE
10.37499522723395,9.592541349654914,Generated,t-SNE
3.4124899197167933,-19.661903224970843,Generated,t-SNE
0.32623228227329165,-19.365282156927012,Generated,t-SNE
1.1771810534055998,-10.631995843912696,Generated,t-SNE
-3.492657612295459,-17.88791001683351,Generated,t-SNE
18.314156080946212,-16.029109226629142,Generated,t-SNE
14.737118841676958,-16.950728198272525,Generated,t-SNE
17.429924181782663,-16.733331932535236,Generated,t-SNE
-3.1655239187391535,18.622984610369816,Generated,t-SNE
-1.9658086601980844,-17.847304644501612,Generated,t-SNE
-3.805040335559951,-3.3942025482010085,Generated,t-SNE
-3.381774458212404,-15.25483288798627,Generated,t-SNE
-2.542183431498915,-4.547143537719043,Generated,t-SNE
-0.6531029106818904,-19.918239464624946,Generated,t-SNE
-1.5748826290069071,-18.91841929774755,Generated,t-SNE
-1.7849564425689508,-22.09129925678585,Generated,t-SNE
4.676070702845708,-22.09229085889265,Generated,t-SNE
4.301050954231347,-22.654263739906238,Generated,t-SNE
9.44465851824385,-20.905886166118176,Generated,t-SNE
-8.09579968515513,-20.850265348128154,Generated,t-SNE
5.970955002076689,13.832362903160174,Generated,t-SNE
4.062347507848269,-20.576137846106057,Generated,t-SNE
28.294898082328242,-7.988634023106385,Generated,t-SNE
-6.520204401032683,-17.757593249879555,Generated,t-SNE
-6.606916898732958,14.065383330673125,Generated,t-SNE
9.35654390538799,-18.557516461068253,Generated,t-SNE
25.648511585859175,-9.48199105429526,Generated,t-SNE
1.443160302912351,-21.388495702070415,Generated,t-SNE
11.42102826942661,-19.682514786126315,Generated,t-SNE
-6.348098085135919,5.383631756979412,Generated,t-SNE
-3.7283605737676413,-2.7878131998814215,Generated,t-SNE
-1.3114864039982403,-19.117747261610248,Generated,t-SNE
-4.609077056520043,-15.517813429047871,Generated,t-SNE
10.501236731325507,-19.911743107224112,Generated,t-SNE
-5.224918667537983,16.033739096056085,Generated,t-SNE
0.15262716171759963,-18.095429935335112,Generated,t-SNE
-7.978448073473753,-18.641842385369248,Generated,t-SNE
3.159967592207292,-19.715905699875233,Generated,t-SNE
-3.6700048676587,-13.440781356108618,Generated,t-SNE
-1.5175391224070722,-19.27512798478717,Generated,t-SNE
-7.091310984790755,8.118824747934596,Generated,t-SNE
-1.479919094150435,-23.692466495619644,Generated,t-SNE
-5.611803173008485,4.022482815736195,Generated,t-SNE
-6.153449141360626,3.7822322465880647,Generated,t-SNE
-3.6180649328313477,-0.41531683766858346,Generated,t-SNE
10.231769655974686,-18.30769596077344,Generated,t-SNE
-8.577412715772118,5.192243384412677,Generated,t-SNE
-1.065138175838939,-17.741727300896176,Generated,t-SNE
3.218665712379768,-22.221573217366398,Generated,t-SNE
21.368390353572238,-8.981396323177613,Generated,t-SNE
-4.544124529321742,2.8761885922418666,Generated,t-SNE
11.876257271169768,13.344001517689152,Generated,t-SNE
16.755037375070575,14.995628572706703,Generated,t-SNE
12.437527603581502,10.083121461276342,Generated,t-SNE
-3.6560454741257886,-19.93148646604281,Generated,t-SNE
10.466568108874242,13.491640149765745,Generated,t-SNE
-4.3182862857691315,-18.52064450005813,Generated,t-SNE
-7.6129278827516025,13.364846263499274,Generated,t-SNE
-3.1572586039831623,-2.2769393563752485,Generated,t-SNE
-3.7587833682715015,-6.553684686158624,Generated,t-SNE
-2.5346095776992335,-16.682945322556993,Generated,t-SNE
10.428344107333894,10.014667921364117,Generated,t-SNE
5.742259021634667,-16.61415345181773,Generated,t-SNE
5.872899997153857,13.41513773604374,Generated,t-SNE
15.60962633680558,-16.501200686781495,Generated,t-SNE
-2.402617102154636,-12.122984891470804,Generated,t-SNE
6.571921040466506,-14.165527420488075,Generated,t-SNE
3.937040749212888,-19.561683648496256,Generated,t-SNE
4.823461860668123,-22.459360493023095,Generated,t-SNE
-5.265275138323795,-13.583715792310807,Generated,t-SNE
-3.6418389151286994,-16.443609649514272,Generated,t-SNE
1.6930275946714701,-22.634528171283385,Generated,t-SNE
-6.583194947019058,-22.14719016346797,Generated,t-SNE
-3.0345419995007687,-18.67051645045044,Generated,t-SNE
21.059388988293364,21.378491047172812,Generated,t-SNE
-0.7425790397241083,-8.45481590286117,Generated,t-SNE
-5.681534896169981,-18.586731338597463,Generated,t-SNE
0.1760292735994368,-15.71564602305428,Generated,t-SNE
-5.96639900144451,5.373157398185971,Generated,t-SNE
-1.4369963526406189,-22.641548096605955,Generated,t-SNE
-4.52065445685386,-21.663642547892803,Generated,t-SNE
-0.7202017517481311,-10.789936545708107,Generated,t-SNE
2.050536353106106,-21.475324051910487,Generated,t-SNE
-4.0966256965979735,-10.147046077202667,Generated,t-SNE
16.60988567655771,-16.179581479636653,Generated,t-SNE
0.6617231823915418,-17.038101797860914,Generated,t-SNE
-0.25869321596195094,-15.252839388151473,Generated,t-SNE
-4.192162253630487,-7.064945022532108,Generated,t-SNE
-3.7440886744967927,-1.708406101613795,Generated,t-SNE
-1.1586296871637702,-23.365360198643756,Generated,t-SNE
5.939516066144358,-14.754251465782746,Generated,t-SNE
9.983747638174808,9.288281036264506,Generated,t-SNE
-2.366311771664994,-17.692458065641603,Generated,t-SNE
4.6060325797449,-6.662104450164573,Generated,t-SNE
-4.3285952848261475,-2.390291785635649,Generated,t-SNE
-0.23471620834799606,-17.660134486694393,Generated,t-SNE
-1.2529744980343613,-19.561112225320283,Generated,t-SNE
-1.1812621779124837,-20.67557707110792,Generated,t-SNE
-2.09689122211417,-18.984199402638293,Generated,t-SNE
20.075767981890202,-2.365597476111551,Generated,t-SNE
-6.154148437855099,15.798553591453938,Generated,t-SNE
-3.6867103995196193,-13.970396668790539,Generated,t-SNE
-0.8382692032057417,-20.852572733089957,Generated,t-SNE
8.491337302718174,16.502737937384826,Generated,t-SNE
1.7420373031422953,-25.52945902539663,Generated,t-SNE
-7.229106094433839,11.783891723670425,Generated,t-SNE
27.607919648096146,-9.2197479475036,Generated,t-SNE
17.26455544821057,-14.108490921215804,Generated,t-SNE
2.264368483388752,-1.5898889324764163,Generated,t-SNE
-4.1357854085836205,-15.13704227845471,Generated,t-SNE
-3.011048458036029,-2.5130283940371276,Generated,t-SNE
-4.346430340353542,-22.249615216555384,Generated,t-SNE
2.561640807535619,14.92422656745961,Generated,t-SNE
-2.1631290784629913,-8.405357921619569,Generated,t-SNE
1.0198517861440213,20.133937342170178,Generated,t-SNE
22.659355601950544,13.203524361074603,Generated,t-SNE
0.9322208362294432,-5.522663291792815,Generated,t-SNE
-5.219427858313955,-14.47056133874276,Generated,t-SNE
7.372013574972966,-21.49693373388376,Generated,t-SNE
-1.436574711609841,19.331003386695688,Generated,t-SNE
21.049955198520948,14.078969902856036,Generated,t-SNE
-4.051895866789869,-2.171764591904344,Generated,t-SNE
4.478781500562739,-15.884475426752578,Generated,t-SNE
12.35737529352362,-20.489257653359306,Generated,t-SNE
12.089778009027333,-19.915904154709803,Generated,t-SNE
-4.371185383982732,-13.951030288982533,Generated,t-SNE
5.279630648704285,-20.724265155281085,Generated,t-SNE
-7.145149511676936,13.06670799996779,Generated,t-SNE
-2.985275777721313,-20.43491446504753,Generated,t-SNE
-3.6148631161901035,-9.948674611909793,Generated,t-SNE
9.953730663785802,-21.166313070485568,Generated,t-SNE
-0.9363558826242306,-21.93671980385921,Generated,t-SNE
19.988338199330006,-16.51248460800173,Generated,t-SNE
14.341126824467173,-13.71015859162299,Generated,t-SNE
-4.639930783129711,-11.701715906284782,Generated,t-SNE
-5.29297302986931,-17.936839330746597,Generated,t-SNE
22.157908909763094,-9.473782873534253,Generated,t-SNE
6.804351528941391,12.426506526512647,Generated,t-SNE
2.4545863721796857,-19.482035795803387,Generated,t-SNE
9.024266358786882,-22.919685666538587,Generated,t-SNE
-1.5596031220409838,-17.306462567464404,Generated,t-SNE
3.820474090848374,-20.699575338978836,Generated,t-SNE
25.838981151970533,-11.838182384541021,Generated,t-SNE
24.10175670299037,-12.282370870746595,Generated,t-SNE
-4.876909917339518,-14.097571550292678,Generated,t-SNE
17.336095572728155,-15.805569674857306,Generated,t-SNE
16.105983965740702,13.065690827826074,Generated,t-SNE
-3.2138553588686722,-2.5224107633563095,Generated,t-SNE
-8.092407991830894,5.656206094588041,Generated,t-SNE
20.960052477259442,-8.496616889797028,Generated,t-SNE
-0.9096672781665496,-20.29958673809937,Generated,t-SNE
5.856346934373397,-14.94218685555834,Generated,t-SNE
0.7664371234998671,-24.48061448923745,Generated,t-SNE
17.089824865431737,6.907633521563996,Generated,t-SNE
-4.9526207484622535,-24.395060553419068,Generated,t-SNE
-3.5619776400455585,-10.567886616464367,Generated,t-SNE
-1.464012138527032,-13.957783580857146,Generated,t-SNE
-2.8867793463116778,-22.72248939870674,Generated,t-SNE
24.61228836789355,-11.340870624943305,Generated,t-SNE
-6.323712673594338,-23.029828982263574,Generated,t-SNE
-7.352146364786604,8.805594936104175,Generated,t-SNE
2.1712041245832454,-18.020992949646512,Generated,t-SNE
-3.4059310522298785,-16.71354157366362,Generated,t-SNE
-2.2923715181650297,-20.130148242266564,Generated,t-SNE
-0.9530713254263551,-17.319763078145296,Generated,t-SNE
-1.833664731793993,-20.01676238823108,Generated,t-SNE
-1.8501078108751925,-13.964662376540574,Generated,t-SNE
-3.9697229426004976,-21.120161948224126,Generated,t-SNE
1.3244115781836827,-18.913362024363025,Generated,t-SNE
-5.62164766329235,12.96504276318921,Generated,t-SNE
12.991455034349428,25.97989041801203,Generated,t-SNE
-1.4275796885007117,-24.83776777827911,Generated,t-SNE
13.875780062430282,12.752456468585246,Generated,t-SNE
15.520762357194974,-16.179859631774207,Generated,t-SNE
5.774679054518185,-15.975391469067409,Generated,t-SNE
-4.420790173318104,-11.042633330828275,Generated,t-SNE
-6.819249880934634,-21.595369149343956,Generated,t-SNE
2.5900614796305845,-22.26070656149287,Generated,t-SNE
27.092958448770254,-10.805667919696862,Generated,t-SNE
26.228860585861856,-9.025033796532915,Generated,t-SNE
20.43958857941158,-10.757940171695056,Generated,t-SNE
19.215152725467146,-15.745166220907821,Generated,t-SNE
-6.194172525559712,15.716299419710838,Generated,t-SNE
0.9102433970279921,-15.10091212988408,Generated,t-SNE
14.652097627242682,-14.085659444627769,Generated,t-SNE
-7.295058019843672,9.709925241325417,Generated,t-SNE
-0.1948795359908088,-18.199049155685127,Generated,t-SNE
1.4917177263800734,-18.517069501634143,Generated,t-SNE
-0.07588249259407358,-21.374564414169683,Generated,t-SNE
-7.073298477087914,12.40243755196001,Generated,t-SNE
-4.937858452829345,-16.331873315192134,Generated,t-SNE
-1.0875279050095548,-22.53964429246911,Generated,t-SNE
7.809666168511561,-19.530836810977092,Generated,t-SNE
3.801702281795539,17.66386160493807,Generated,t-SNE
-4.734236820202784,16.40307583113981,Generated,t-SNE
-6.61698827260328,-13.924558276718122,Generated,t-SNE
-3.182914394427195,18.61747006950604,Generated,t-SNE
-1.5798913330800914,-20.35457152990657,Generated,t-SNE
-0.19231161851616208,-5.4955167454404545,Generated,t-SNE
-4.694495717093532,-15.068835193460423,Generated,t-SNE
0.26282388510579685,-16.635900602114138,Generated,t-SNE
-2.227811074786745,-13.616743294970918,Generated,t-SNE
-4.631623476079329,-5.284629268227433,Generated,t-SNE
0.1107375115149085,-18.5430608344083,Generated,t-SNE
-6.06295940971386,11.872566263093049,Generated,t-SNE
21.88388133957373,-13.333101014988758,Generated,t-SNE
11.273395799461868,-19.9774928655101,Generated,t-SNE
-2.7118611975491724,-17.701730211448268,Generated,t-SNE
-7.101463388037613,-18.63471158826985,Generated,t-SNE
-6.838605436372189,12.115435185537391,Generated,t-SNE
-4.887626943862421,-24.258711625237687,Generated,t-SNE
12.821941165771662,-19.344104743009275,Generated,t-SNE
2.345539358222572,-6.65902594399603,Generated,t-SNE
-1.6551910622693038,-10.96204773362506,Generated,t-SNE
2.2505680571640063,-24.337006059571483,Generated,t-SNE
11.471150117692472,-19.1360819390398,Generated,t-SNE
-3.5584755427069252,-22.381355691415994,Generated,t-SNE
-6.277679948021623,4.0321008350908265,Generated,t-SNE
0.7001852717005637,-22.797728341630418,Generated,t-SNE
-2.6211253982495766,-23.28422847642108,Generated,t-SNE
10.92818109419383,-21.911443426539854,Generated,t-SNE
7.943300990181698,13.288006438740751,Generated,t-SNE
6.651724764820341,11.934171614973613,Generated,t-SNE
-0.946887654915296,-16.719266992290038,Generated,t-SNE
-6.148672812596691,-18.49135666139119,Generated,t-SNE
-2.566449543430046,0.0025540604956794566,Generated,t-SNE
-7.293623671979184,8.386766476719082,Generated,t-SNE
5.730910532267576,-16.600992942295004,Generated,t-SNE
0.8065115086967669,13.882697428448731,Generated,t-SNE
26.13092027464848,-7.576228915556511,Generated,t-SNE
16.83250350486383,-16.14624037520954,Generated,t-SNE
0.28422769768226896,-20.791696177556556,Generated,t-SNE
-6.435386826875924,10.834920206293667,Generated,t-SNE
-2.1726800491908516,-24.89446121985426,Generated,t-SNE
-3.660973077496068,-3.722295176388614,Generated,t-SNE
-1.5093929477778678,-14.042589080719903,Generated,t-SNE
11.220695143048594,-21.46191794182802,Generated,t-SNE
-6.717721014763765,4.080272521014933,Generated,t-SNE
21.044404098150263,-13.671988861898884,Generated,t-SNE
-1.097148414784609,-26.679639965391523,Generated,t-SNE
-0.7384288024270371,-20.47939444432082,Generated,t-SNE
2.672906210060203,-24.122755491767318,Generated,t-SNE
-5.008636197608112,3.621057689788758,Generated,t-SNE
10.327196124916517,9.62281319782475,Generated,t-SNE
2.3935278781215135,-22.262057855006386,Generated,t-SNE
-0.8828079578659365,-23.504520710162556,Generated,t-SNE
7.536303933380101,-10.51086700935488,Generated,t-SNE
9.838528310892844,11.726224365306551,Generated,t-SNE
-2.284259575500699,-15.49713403634358,Generated,t-SNE
-0.10803012413125515,-13.480298823082734,Generated,t-SNE
20.563410175498333,-11.106425421195345,Generated,t-SNE
-4.549170745357786,14.324346662752623,Generated,t-SNE
-6.248032285953027,15.15863434026446,Generated,t-SNE
19.447838610176532,-15.410501356279406,Generated,t-SNE
17.95603347844174,-11.830077932431326,Generated,t-SNE
4.848245862796527,-23.065659742476633,Generated,t-SNE
-5.907750919526351,-19.8359888081943,Generated,t-SNE
0.21911231598964323,-23.951329158690182,Generated,t-SNE
7.097379889960059,14.184296261459453,Generated,t-SNE
0.7921272410313085,-24.139068564246365,Generated,t-SNE
17.054778595458313,-15.963415262591027,Generated,t-SNE
22.377597806676373,-9.476679557529883,Generated,t-SNE
-4.269423816192802,-11.04104769390893,Generated,t-SNE
1.7114622351116318,-15.495869764031324,Generated,t-SNE
8.005317848077365,13.807307370646987,Generated,t-SNE
0.5029192094701889,-17.735452063517364,Generated,t-SNE
9.083934462412705,10.757500095781028,Generated,t-SNE
9.586297252176477,-21.05639139022788,Generated,t-SNE
3.8426990463343818,-8.264939864846705,Generated,t-SNE
1.377496290533156,-13.534032161174794,Generated,t-SNE
11.172795280920843,-20.452239582569327,Generated,t-SNE
-1.950845059262457,-19.027592602434353,Generated,t-SNE
3.549175929983436,15.757607421713724,Generated,t-SNE
4.113925709480525,12.734885762466474,Generated,t-SNE
19.566914140489832,-15.807610037317744,Generated,t-SNE
-2.5058356418084133,-22.657628733065668,Generated,t-SNE
9.894852880973094,-21.278914764797307,Generated,t-SNE
4.879465452967353,18.470838227971694,Generated,t-SNE
9.891977682659949,-20.61908920603787,Generated,t-SNE
4.69008193786654,-23.640072306516537,Generated,t-SNE
-0.8098467728468585,-13.852795731739022,Generated,t-SNE
-6.640084165171601,10.221627316346547,Generated,t-SNE
-7.108451000257744,-22.37064485355183,Generated,t-SNE
-6.727089100641293,-15.977718268084445,Generated,t-SNE
-6.994405073573304,-20.967042580867346,Generated,t-SNE
9.852082074018847,-21.937572074518137,Generated,t-SNE
-0.5478363915973027,-19.116129682176116,Generated,t-SNE
-3.927164857182917,-11.761842757299805,Generated,t-SNE
-0.40196743419093905,-15.751250380491728,Generated,t-SNE
4.74073607756928,-9.410026101499135,Generated,t-SNE
-5.288945895293814,-22.84992745630326,Generated,t-SNE
10.994010860577593,-21.27497282189988,Generated,t-SNE
9.708167195599732,-19.922415708928753,Generated,t-SNE
26.16936083280211,-7.64457232332878,Generated,t-SNE
-1.411069975889819,-16.257512549173256,Generated,t-SNE
-0.6891150997290224,-18.969913815411214,Generated,t-SNE
-5.022775680520839,1.6407371162974125,Generated,t-SNE
24.600279880542594,-11.304413483300117,Generated,t-SNE
9.082726467786971,-19.35001898163276,Generated,t-SNE
-2.360929159475426,-7.9020647355251885,Generated,t-SNE
-8.040979088728246,-21.00542587989407,Generated,t-SNE
18.458761168389437,-13.873491714342345,Generated,t-SNE
-4.375816102931857,11.492885443010794,Generated,t-SNE
0.7275241194781135,-21.22496486672966,Generated,t-SNE
-6.6554616936380135,-15.422352374367174,Generated,t-SNE
26.79890375130681,-9.454561940335772,Generated,t-SNE
7.894448241652537,13.207688936257922,Generated,t-SNE
-4.03307273568441,-20.584304155471635,Generated,t-SNE
-5.3511286558554785,-22.063049595183944,Generated,t-SNE
2.085111319999203,-18.255442526656594,Generated,t-SNE
-1.0597370449955976,-22.41372199936081,Generated,t-SNE
-2.526794821523066,-21.78122933301926,Generated,t-SNE
-6.734176430596449,14.442632276476107,Generated,t-SNE
2.415342237950162,-19.484150450670796,Generated,t-SNE
3.882322460367116,-17.325157215677827,Generated,t-SNE
23.977367486654984,-12.091050360502024,Generated,t-SNE
2.5801727599815334,-19.908631550598702,Generated,t-SNE
1.2411435725675881,-19.667504360327182,Generated,t-SNE
1.5102975135822854,20.124130465152962,Generated,t-SNE
-2.3498171741293845,-19.724303354603173,Generated,t-SNE
2.9166638561070934,-22.443008656384094,Generated,t-SNE
-8.222740402686957,5.288343434186252,Generated,t-SNE
-4.479475370234567,-0.662059898804073,Generated,t-SNE
-5.468609606703471,-20.875351078391144,Generated,t-SNE
4.8224085834028125,-10.815500445359397,Generated,t-SNE
6.144244876868817,-14.581332415647562,Generated,t-SNE
-1.501450847212139,-9.692791292808808,Generated,t-SNE
17.35416099905642,-14.343053809595371,Generated,t-SNE
2.479070956760469,-24.261412387651983,Generated,t-SNE
-5.036814986321089,-3.9257386324653845,Generated,t-SNE
20.95801798074093,-13.72336755665241,Generated,t-SNE
-4.404120010124606,1.7281082795967455,Generated,t-SNE
-5.748654699723271,-10.937901626653451,Generated,t-SNE
26.340953716701026,-9.76541290918561,Generated,t-SNE
-1.6774685380454333,-19.295028420088826,Generated,t-SNE
-5.5202443576609,-23.745422243727393,Generated,t-SNE
5.641929475379987,-8.654085508415376,Generated,t-SNE
27.18485500429398,-9.366855163004828,Generated,t-SNE
9.445984669696504,12.756402014856855,Generated,t-SNE
-4.676756506749083,-3.34220192073219,Generated,t-SNE
-1.6745860445141256,-19.05670808974573,Generated,t-SNE
10.128206927909464,11.963111026225638,Generated,t-SNE
-7.277132013546071,8.516101232264202,Generated,t-SNE
3.0606696467309886,-7.105402286016162,Generated,t-SNE
10.264723897685878,-19.772220670793793,Generated,t-SNE
9.042345974549113,12.38876050184343,Generated,t-SNE
28.55987138594982,-7.8056010031510334,Generated,t-SNE
19.802294091403958,-14.521002561104307,Generated,t-SNE
-5.291322669950052,1.4417512327732276,Generated,t-SNE
-6.51939925094238,8.033540018641915,Generated,t-SNE
21.63895389102354,-11.112465564477896,Generated,t-SNE
9.63890594613464,11.482262779358756,Generated,t-SNE
5.900648838155946,-14.818606048828997,Generated,t-SNE
5.683216894456259,-22.35078519612885,Generated,t-SNE
-2.4416907998132973,-20.69518780907789,Generated,t-SNE
-5.855048673513775,2.1821691833877894,Generated,t-SNE
16.04791629631809,-16.850458313407525,Generated,t-SNE
19.633015353819527,-14.843681926053632,Generated,t-SNE
-1.4427107322637767,-9.88015737403622,Generated,t-SNE
-2.65385200556277,-11.13189445661913,Generated,t-SNE
0.23361213723019272,-17.6513735544322,Generated,t-SNE
-5.508519820502093,12.808848533246504,Generated,t-SNE
-5.767022603603587,-21.40449502601456,Generated,t-SNE
5.348330128112449,-20.77202923832694,Generated,t-SNE
13.983098587063479,-13.18156781501632,Generated,t-SNE
18.044226932050147,-12.227366855263066,Generated,t-SNE
2.309426204940987,-14.606263060601153,Generated,t-SNE
-2.9315112527449148,-11.497555628194581,Generated,t-SNE
-6.873507030383514,-14.936678330542616,Generated,t-SNE
-3.1273716232467352,-6.934750854033379,Generated,t-SNE
8.733015220218148,10.54461262396809,Generated,t-SNE
0.6037451715815096,-15.022268356227945,Generated,t-SNE
19.814516637156945,-15.782039482062237,Generated,t-SNE
2.194683332834467,-14.596547063332808,Generated,t-SNE
-4.915564839991855,-19.858546257936027,Generated,t-SNE
-6.962694271858882,8.19106528144823,Generated,t-SNE
0.19324188030569445,-17.53416733051368,Generated,t-SNE
17.324918467429008,-13.78748993470932,Generated,t-SNE
-1.1821698189583991,-13.91817034311186,Generated,t-SNE
-7.356812624723091,9.293583318788114,Generated,t-SNE
-4.768139768051417,-1.0915873176233952,Generated,t-SNE
-0.516620742957125,-11.896739335624096,Generated,t-SNE
-2.8565855558720306,-10.68822179714188,Generated,t-SNE
-1.0897406340549716,-16.206861702225183,Generated,t-SNE
-4.089242086582476,-19.888166354884078,Generated,t-SNE
-2.408317362208219,-16.271636913183254,Generated,t-SNE
9.36032328562453,14.185906106254464,Generated,t-SNE
-5.7823523555501355,-16.957696890036097,Generated,t-SNE
19.256545575270273,-15.380644834292587,Generated,t-SNE
23.656090110272675,-12.290089397375331,Generated,t-SNE
-4.426694183143672,-13.309763650851613,Generated,t-SNE
-1.8824986406214619,-12.97670554667427,Generated,t-SNE
-3.9364495449905452,-12.57488771040331,Generated,t-SNE
0.9486232876410498,-25.802760068741815,Generated,t-SNE
-7.745750271321933,8.296853936103556,Generated,t-SNE
-2.0173446905621915,-24.92800721206689,Generated,t-SNE
22.616565243472646,-15.487771676734525,Generated,t-SNE
-4.64719169585489,-17.787684055971653,Generated,t-SNE
-1.0788702541356867,-21.630231598521934,Generated,t-SNE
11.312370094695929,-19.997942306377304,Generated,t-SNE
2.2187848736590974,-22.046063810667807,Generated,t-SNE
-6.196357330144214,3.66466242467556,Generated,t-SNE
-2.9278534695653224,-21.66434770679963,Generated,t-SNE
16.53223682742532,-16.158844484424552,Generated,t-SNE
23.691453682145028,-12.290865023037188,Generated,t-SNE
1.99684923260484,-17.575732357898662,Generated,t-SNE
23.52039168423865,-11.500549387317374,Generated,t-SNE
-5.048511820648347,-19.607298216848147,Generated,t-SNE
-3.6558958387457077,-9.087735293274742,Generated,t-SNE
-3.8233729205612983,-5.567109395339603,Generated,t-SNE
-3.3521570478539053,-18.63922265465278,Generated,t-SNE
-8.446888262406306,5.029639618695712,Generated,t-SNE
6.623653524654905,12.56169422857115,Generated,t-SNE
-1.5496816475297335,-18.197791807072512,Generated,t-SNE
10.490807191428939,-19.558246926232723,Generated,t-SNE
7.398953725812205,-21.522808482670065,Generated,t-SNE
-1.5704532528398853,-25.2527601326947,Generated,t-SNE
-4.014279765055448,-19.53969610560238,Generated,t-SNE
-3.775175007145669,-20.494712699462593,Generated,t-SNE
-7.00485478727616,13.104636458330676,Generated,t-SNE
3.4773236938794363,0.0913407120635604,Generated,t-SNE
-4.895046137318376,-20.37002502121813,Generated,t-SNE
9.925390411997869,-21.65677953401369,Generated,t-SNE
6.35142462362377,13.090672236060414,Generated,t-SNE
-2.507021456146619,-6.9330646816894435,Generated,t-SNE
-4.442433501254748,-15.31240791275526,Generated,t-SNE
-1.1686915316813158,-14.824763803139776,Generated,t-SNE
1.8506431947113662,-15.443628700236182,Generated,t-SNE
9.147059075549855,10.979057656370324,Generated,t-SNE
-3.8287816052533543,-26.210074621990366,Generated,t-SNE
24.73061806675269,-11.264391633987058,Generated,t-SNE
-7.696556792544866,10.446093950034221,Generated,t-SNE
2.1199604906971437,-21.544040678493868,Generated,t-SNE
15.365356796712417,11.189896021397269,Generated,t-SNE
-6.129817061772528,11.598260746283012,Generated,t-SNE
-6.528558410830464,14.612813170798349,Generated,t-SNE
-2.0097460245241936,-14.31722000052476,Generated,t-SNE
-6.262989691182279,11.56555280232331,Generated,t-SNE
-2.882896854215044,-2.682636806916841,Generated,t-SNE
-5.0468020165800045,-16.405902888646015,Generated,t-SNE
1.7959665484955292,0.023458765596467375,Generated,t-SNE
3.566052454220753,-9.322247395267192,Generated,t-SNE
6.112194964393705,-9.15885514771311,Generated,t-SNE
-4.699145402622109,1.3578079805759122,Generated,t-SNE
1.792058613363854,-17.70578995804683,Generated,t-SNE
-4.986988245231405,-22.338739665182537,Generated,t-SNE
-5.779610654666801,-22.03977841502057,Generated,t-SNE
-2.125554391158542,-6.724341454001035,Generated,t-SNE
4.518708491687814,-18.73969311568507,Generated,t-SNE
12.356032263126187,-18.792539472830683,Generated,t-SNE
1.0781435601513623,20.141928326679576,Generated,t-SNE
17.78289147736815,-14.123615006497367,Generated,t-SNE
27.83177984244897,-9.257030934064911,Generated,t-SNE
-3.565381416643564,-6.333360933393042,Generated,t-SNE
-6.318096330576743,7.670909718085007,Generated,t-SNE
3.7524790664785224,-20.852768069118234,Generated,t-SNE
3.8314503609733204,-17.536068704894987,Generated,t-SNE
0.6119168403992842,-19.196796548731687,Generated,t-SNE
8.560704855835738,11.677383376951221,Generated,t-SNE
17.763169538531603,15.595984850066994,Generated,t-SNE
-1.9495174256022751,-4.545703990885844,Generated,t-SNE
-3.01728079547582,-20.190817377883587,Generated,t-SNE
-0.32940031770675365,-12.235853968514492,Generated,t-SNE
-1.3031470832467706,-13.161456292580054,Generated,t-SNE
-1.7792816776574616,-16.523975663906686,Generated,t-SNE
6.730134460106109,12.13038897264819,Generated,t-SNE
17.591422049926713,-14.92786899244807,Generated,t-SNE
-3.693318651212275,2.9656890505220543,Generated,t-SNE
-2.137920099006106,-17.56887202638828,Generated,t-SNE
0.19946229984980363,-20.938804707404532,Generated,t-SNE
-4.906558244333239,-18.485034720072715,Generated,t-SNE
-2.7324011910161214,-0.2432554316937417,Generated,t-SNE
1.7594494511285061,-16.831527059566525,Generated,t-SNE
22.6872712283452,13.191581951660197,Generated,t-SNE
19.997734453159822,-15.90445206798323,Generated,t-SNE
2.368116712444849,-20.114465409993702,Generated,t-SNE
-3.8612439778266063,-1.9653158526897365,Generated,t-SNE
15.23523074280663,-14.794563959652372,Generated,t-SNE
0.9996779952854133,-20.724959386662267,Generated,t-SNE
25.033655353964097,-10.13572667733511,Generated,t-SNE
-6.565321980021576,7.82732475351044,Generated,t-SNE
17.903889781244228,-16.10771156981378,Generated,t-SNE
-2.9602217679041276,-22.590920989302848,Generated,t-SNE
7.339503178982693,10.898933860223991,Generated,t-SNE
-5.070985764813365,-21.64285108911409,Generated,t-SNE
3.156587374142578,-22.903218979883174,Generated,t-SNE
7.841415578502861,-22.23339570375013,Generated,t-SNE
18.485236486669322,-14.173798480098212,Generated,t-SNE
-3.4840485662455447,-18.822072703503675,Generated,t-SNE
10.839963914160265,-18.788427497680384,Generated,t-SNE
-4.027459329911046,-3.074810175379231,Generated,t-SNE
3.2966754562174243,-24.430898476759943,Generated,t-SNE
10.66477628977409,-20.05073388700579,Generated,t-SNE
7.45219844750361,7.1729497883172275,Generated,t-SNE
-4.496705543370689,-14.357238472027134,Generated,t-SNE
-5.737918556876171,3.157701432402835,Generated,t-SNE
-3.6716011306767697,-14.900986394328884,Generated,t-SNE
-3.4491829048713547,-24.599606356973503,Generated,t-SNE
0.575247133433095,-20.944824832083764,Generated,t-SNE
11.365667230111544,-19.54281182914088,Generated,t-SNE
4.089412079114174,-6.61161192374274,Generated,t-SNE
-1.4050458446051421,-19.623402798654702,Generated,t-SNE
-1.6677544730199856,-14.511176546918549,Generated,t-SNE
-0.03497407588801103,-5.197024687640085,Generated,t-SNE
-4.623294705343757,17.4761637335024,Generated,t-SNE
-8.230232651482613,5.156036231005632,Generated,t-SNE
-2.183865144796145,-22.930246040741068,Generated,t-SNE
11.87826177890442,21.544884659485216,GAN,t-SNE
12.670505357046453,18.293143168542052,GAN,t-SNE
18.696482670785702,22.922291331396092,GAN,t-SNE
14.236643121461285,7.330012857188012,GAN,t-SNE
13.216749200142253,22.373760609723742,GAN,t-SNE
14.714494500004045,13.417141219853809,GAN,t-SNE
14.361918360335553,28.767004275855424,GAN,t-SNE
9.303630331982534,20.008854879452695,GAN,t-SNE
1.2955654811979178,-0.15483490908910252,GAN,t-SNE
4.587191457704397,21.619543679317438,GAN,t-SNE
-3.862137010264059,-8.005986604286429,GAN,t-SNE
-4.07508231980299,-8.51484293736549,GAN,t-SNE
13.419838923801139,18.19658111913499,GAN,t-SNE
3.1901586474313337,20.74847270292468,GAN,t-SNE
12.079123118948926,15.293187747961072,GAN,t-SNE
10.170539957591393,16.796082380511997,GAN,t-SNE
12.218453359468167,24.423429950726387,GAN,t-SNE
9.709907203401078,18.634688435351794,GAN,t-SNE
15.135321134544057,23.03167724363215,GAN,t-SNE
15.302718077045414,15.698343632483951,GAN,t-SNE
23.003390239990452,13.019441198313505,GAN,t-SNE
13.59397105908096,14.991940867504942,GAN,t-SNE
10.377563549631416,19.046743938859322,GAN,t-SNE
-6.999320553737315,13.906509018268718,GAN,t-SNE
17.91541660682123,21.484270750181526,GAN,t-SNE
14.157178313323438,25.71543926207219,GAN,t-SNE
3.673412362590573,11.867467985734795,GAN,t-SNE
2.421594894258905,8.336121153039716,GAN,t-SNE
2.147373939378102,27.092652310068956,GAN,t-SNE
15.3713967912221,10.03204103683159,GAN,t-SNE
14.953785336187916,29.83916949854728,GAN,t-SNE
11.839674787314918,27.48244283694048,GAN,t-SNE
13.68166810800597,21.57045227272531,GAN,t-SNE
19.59005041575882,-14.25238663228411,GAN,t-SNE
14.896181332123296,25.615995931166665,GAN,t-SNE
-2.6494172689361584,3.725341404843095,GAN,t-SNE
9.989027567606676,21.710875615367154,GAN,t-SNE
8.086592029050399,21.3354555500192,GAN,t-SNE
-7.452500466967091,9.108403880003861,GAN,t-SNE
14.910349724166547,22.13412548361842,GAN,t-SNE
11.73070438553566,15.954901149864433,GAN,t-SNE
8.998158886086287,21.47370126058389,GAN,t-SNE
12.518646100546187,20.0053262654359,GAN,t-SNE
9.046945382001292,16.622558799084036,GAN,t-SNE
-7.396717098165941,10.520440129849662,GAN,t-SNE
19.70999296133,26.12163742933826,GAN,t-SNE
3.668394912408623,11.849854237980797,GAN,t-SNE
15.360373929755037,19.803153750611397,GAN,t-SNE
8.68975438070828,18.53646244304172,GAN,t-SNE
-0.30597169929662604,4.310667514887168,GAN,t-SNE
17.266771157504785,26.342750439766032,GAN,t-SNE
13.282928007585395,16.71834340251089,GAN,t-SNE
3.4249230157717014,0.06651179441093362,GAN,t-SNE
-5.37100812557152,17.51190341422615,GAN,t-SNE
16.640423976394583,16.16750458875732,GAN,t-SNE
10.487260584051308,21.40345599785109,GAN,t-SNE
9.925646701097142,26.61378654906718,GAN,t-SNE
-3.3453286397754085,18.490791014101827,GAN,t-SNE
13.630437516281372,14.757300673207263,GAN,t-SNE
18.86847380438968,24.729434166825758,GAN,t-SNE
11.440693354792678,15.84729224372318,GAN,t-SNE
20.99072352830793,-13.984022145668233,GAN,t-SNE
14.034842893524234,16.406740166451034,GAN,t-SNE
7.752150560932825,19.68869386775412,GAN,t-SNE
12.758199151395482,23.8352599311135,GAN,t-SNE
1.7093736011459186,-2.294647235590316,GAN,t-SNE
10.744696272194687,15.138537913238082,GAN,t-SNE
14.331687278901816,23.085222258299428,GAN,t-SNE
-6.658747624019512,4.090737795341702,GAN,t-SNE
29.228659217608712,-8.939919354230856,GAN,t-SNE
-7.438869559865997,8.903419960213107,GAN,t-SNE
15.66718606379043,21.384660400837696,GAN,t-SNE
14.647144011094179,21.64132724984989,GAN,t-SNE
6.610278701777039,22.556135797633424,GAN,t-SNE
17.604672150677892,24.75015831919196,GAN,t-SNE
11.127146789255923,18.14710697455868,GAN,t-SNE
12.607115251890804,17.54731724655275,GAN,t-SNE
15.98929725268989,18.745561232237346,GAN,t-SNE
17.753751185304143,23.632925616138213,GAN,t-SNE
13.302983442490518,19.05411473605047,GAN,t-SNE
14.385783993116794,23.725321544403073,GAN,t-SNE
-4.986511022817479,17.263821688780364,GAN,t-SNE
21.491945271472865,-13.697431971073094,GAN,t-SNE
22.85948419675983,-12.944702993577268,GAN,t-SNE
13.215054641842194,18.503162423589995,GAN,t-SNE
16.377816428401907,22.51123922734794,GAN,t-SNE
14.642705463982217,26.010813014933856,GAN,t-SNE
5.0412544742281735,23.95300716365171,GAN,t-SNE
7.362348102836376,23.623305884728182,GAN,t-SNE
12.748415906258911,23.570838190315115,GAN,t-SNE
2.8676850101184552,-0.3176181144854453,GAN,t-SNE
8.638387055113654,17.482449718873365,GAN,t-SNE
12.517807426598011,29.076295011443477,GAN,t-SNE
19.94877474983592,23.29520703849029,GAN,t-SNE
-5.963269149208684,16.362125533504823,GAN,t-SNE
17.524644102068994,21.75446192902096,GAN,t-SNE
20.499630145359554,18.789056941559778,GAN,t-SNE
14.641963567579761,20.80174555961896,GAN,t-SNE
20.505305282700338,-10.627959963641802,GAN,t-SNE
-6.6946620939873736,4.0940682087148055,GAN,t-SNE
9.818433557145157,27.512516597545435,GAN,t-SNE
16.754396066906924,28.66171033501648,GAN,t-SNE
6.51986188132268,26.663269238803924,GAN,t-SNE
12.875521482736636,25.162677913896136,GAN,t-SNE
22.178044051460816,18.87060129653651,GAN,t-SNE
3.380027132954571,22.061021104994634,GAN,t-SNE
1.786315053281201,-2.2076874713214356,GAN,t-SNE
16.16891565502055,13.251181311893946,GAN,t-SNE
24.735588565567998,-11.332082962818387,GAN,t-SNE
16.99264522890618,17.343422127079613,GAN,t-SNE
0.8503142182425321,14.118332984310701,GAN,t-SNE
13.28904825477932,8.759789045298024,GAN,t-SNE
23.61417874080582,-12.400679754362235,GAN,t-SNE
18.553520006941312,-15.265281180275924,GAN,t-SNE
6.873462206525782,26.976830239828015,GAN,t-SNE
16.361653107085285,20.512771261244808,GAN,t-SNE
-6.064464447840951,2.5174067491160765,GAN,t-SNE
0.8559192442125249,14.160999439761685,GAN,t-SNE
12.855195413456887,14.266446844161063,GAN,t-SNE
14.523764144519118,21.851801153265413,GAN,t-SNE
7.800519277048989,22.048016899934055,GAN,t-SNE
9.813631366762525,17.91840237360667,GAN,t-SNE
17.52157028591109,27.03370086090185,GAN,t-SNE
12.724907694183905,18.248543307268555,GAN,t-SNE
4.4103862901914495,24.988725311019344,GAN,t-SNE
7.31255609137773,25.311804761300714,GAN,t-SNE
-4.3766895982800325,-1.3041524507222948,GAN,t-SNE
-9.90772041926881,3.3074099252142846,GAN,t-SNE
13.400469105643165,23.170665172121247,GAN,t-SNE
18.582740218440122,24.6977668591912,GAN,t-SNE
11.84355788131623,25.437324872174795,GAN,t-SNE
9.543547334868492,-20.55977214257171,GAN,t-SNE
14.96842351543649,24.864759829948916,GAN,t-SNE
-6.8994745441986405,14.270414180813418,GAN,t-SNE
10.262028869989498,23.830668997955375,GAN,t-SNE
28.86556720661153,-9.019389164346782,GAN,t-SNE
20.047660584586446,23.348685799637284,GAN,t-SNE
9.052553818954104,25.373343699414985,GAN,t-SNE
11.398600979860909,17.90233669325464,GAN,t-SNE
14.915179692331064,16.696145834887993,GAN,t-SNE
4.037021001779427,18.232858690036487,GAN,t-SNE
16.154275121131473,13.200468896145988,GAN,t-SNE
7.962810663968486,28.17111528646799,GAN,t-SNE
8.809282929469811,18.244480344868595,GAN,t-SNE
29.20727254086255,-8.931230513266897,GAN,t-SNE
5.457915563177005,20.118144004201955,GAN,t-SNE
-6.0553819771620665,16.122732345544918,GAN,t-SNE
17.159677835742187,21.938859625134782,GAN,t-SNE
10.476027734778093,24.602274685708444,GAN,t-SNE
9.01860978761209,18.752797666336935,GAN,t-SNE
2.4259713435615473,14.90510613061609,GAN,t-SNE
20.47308154617088,18.820161266851102,GAN,t-SNE
10.471601435334257,25.388782763731303,GAN,t-SNE
12.461491467342993,16.921815622881066,GAN,t-SNE
2.177316730728181,-1.1027781364673999,GAN,t-SNE
-0.19411631582218036,4.32951181411615,GAN,t-SNE
15.516561077977261,18.877685096618926,GAN,t-SNE
8.168505574008224,28.4359423358177,GAN,t-SNE
16.5179216649495,21.45425936656742,GAN,t-SNE
11.736277800415383,27.89944387054245,GAN,t-SNE
9.628002976594143,22.45880106268388,GAN,t-SNE
15.390728637296428,18.205513633185724,GAN,t-SNE
-3.9286478322048595,-8.091383171705806,GAN,t-SNE
1.0503739690817033,6.116682093070363,GAN,t-SNE
19.53092052761833,23.51804750210018,GAN,t-SNE
17.636839158613917,10.502133984534062,GAN,t-SNE
-12.026384724658044,-15.166079049272616,GAN,t-SNE
13.549688488085897,24.6830977106678,GAN,t-SNE
13.910333063930773,17.610644276496753,GAN,t-SNE
14.310337012640835,23.102503217882727,GAN,t-SNE
-6.710711271228809,10.29754211147468,GAN,t-SNE
7.249217013387369,15.873837509464185,GAN,t-SNE
12.498364081905784,28.984389262363482,GAN,t-SNE
9.092325179191052,22.578757059155798,GAN,t-SNE
2.168565109048332,19.81729670462384,GAN,t-SNE
4.50864634033386,20.458492737884633,GAN,t-SNE
5.318302390828798,16.641707807930583,GAN,t-SNE
6.800613705874179,23.428239454571614,GAN,t-SNE
25.752144318949117,-10.390059580899578,GAN,t-SNE
11.750863070567995,21.680584651903427,GAN,t-SNE
21.90592901287937,-13.463087844166319,GAN,t-SNE
15.505173111915214,10.457634961815902,GAN,t-SNE
5.950595323075027,20.64844862404548,GAN,t-SNE
19.42800713916864,26.005408227884235,GAN,t-SNE
13.720485996580296,12.879015237722072,GAN,t-SNE
7.402601587100797,28.873909131364567,GAN,t-SNE
14.322265879460668,19.00371317798667,GAN,t-SNE
12.541414325024574,18.85128380872292,GAN,t-SNE
8.615043795293294,21.600965838459746,GAN,t-SNE
19.64207269063783,-14.785633402792765,GAN,t-SNE
17.263225629778145,22.859004370511943,GAN,t-SNE
9.516693064609637,19.75654374206901,GAN,t-SNE
17.22890843793058,21.993970638927575,GAN,t-SNE
1.859814785750223,-2.1234879391454653,GAN,t-SNE
-7.031954748325439,13.659409696959868,GAN,t-SNE
7.444439572720289,25.45371701891903,GAN,t-SNE
14.839193258418515,15.456668969707891,GAN,t-SNE
8.605301997338973,26.70670356765158,GAN,t-SNE
12.986865402585384,-19.67897748195435,GAN,t-SNE
15.084471809015737,-11.89022020585351,GAN,t-SNE
0.79170611848985,13.735623778738546,GAN,t-SNE
10.388354089251504,22.62880678477858,GAN,t-SNE
14.045966570431881,7.748033734356758,GAN,t-SNE
12.136796286802362,12.9731508049326,GAN,t-SNE
7.903825484905282,24.047814566826858,GAN,t-SNE
3.794731722058174,12.17356251655524,GAN,t-SNE
19.072533801690298,-14.967646896596039,GAN,t-SNE
10.495459888805518,28.893113444283188,GAN,t-SNE
10.525200834653452,18.06697173998978,GAN,t-SNE
15.757165267377832,22.180651388239568,GAN,t-SNE
10.27458209303105,20.33099646984177,GAN,t-SNE
26.360068060413155,-8.240640672369219,GAN,t-SNE
4.650327929639111,22.775222612944212,GAN,t-SNE
-2.7565536342359076,4.61243482574285,GAN,t-SNE
15.431063007383766,18.857824656091797,GAN,t-SNE
17.97128266980401,14.003334431890119,GAN,t-SNE
9.543476898161842,16.952768540163902,GAN,t-SNE
-5.3835822115147405,10.938208714405075,GAN,t-SNE
6.754078160641428,18.760667386429457,GAN,t-SNE
7.513062299900642,20.119111990113602,GAN,t-SNE
22.81747482618011,13.135125595436824,GAN,t-SNE
19.1740491750701,16.628904606625756,GAN,t-SNE
4.712912423814546,26.610536677600727,GAN,t-SNE
17.010981691621698,15.52767719114617,GAN,t-SNE
5.414781220322649,24.141899763583776,GAN,t-SNE
20.052280063879554,-11.955881073431566,GAN,t-SNE
22.11482404866365,18.87897916684782,GAN,t-SNE
10.513875651296818,21.497945104733827,GAN,t-SNE
6.988761381260727,18.286651987885286,GAN,t-SNE
6.153729077721432,23.52260916536907,GAN,t-SNE
26.596337237822077,-9.916544103325375,GAN,t-SNE
13.787285351382867,24.10387046662704,GAN,t-SNE
18.533049446703796,26.547803492972125,GAN,t-SNE
19.333755963818717,20.2041643064629,GAN,t-SNE
12.76291968259997,21.141408148810914,GAN,t-SNE
6.275430645626311,16.914419234251213,GAN,t-SNE
13.565869917651334,22.346598770200817,GAN,t-SNE
14.265762671482358,12.95962038476777,GAN,t-SNE
7.021672664230027,26.71449730991472,GAN,t-SNE
22.762947321813684,13.171974734492792,GAN,t-SNE
-2.272043133999153,4.212718036659285,GAN,t-SNE
16.21943263989545,25.92204781114424,GAN,t-SNE
8.49573158357618,20.49628783661599,GAN,t-SNE
14.262109179436395,7.306003388163802,GAN,t-SNE
7.688591904644853,17.107704958865,GAN,t-SNE
12.274809939263843,24.43873024373762,GAN,t-SNE
12.473466414820548,26.858714835053,GAN,t-SNE
17.587366246795987,27.394957615189398,GAN,t-SNE
13.30104274057896,21.023269408073833,GAN,t-SNE
9.899372957631732,23.88405785135133,GAN,t-SNE
12.507401643925856,30.598978786477485,GAN,t-SNE
9.595582847962287,19.497087751986772,GAN,t-SNE
7.312130665482031,25.370254672708857,GAN,t-SNE
10.697726596463271,29.91698710932301,GAN,t-SNE
19.879504698346544,-14.690565684244465,GAN,t-SNE
14.870720797891861,15.394098230263669,GAN,t-SNE
4.4021676595129,25.038160401863454,GAN,t-SNE
11.51992006187284,24.089643225633893,GAN,t-SNE
12.820638195423642,-18.681921143053515,GAN,t-SNE
16.658831280253736,17.539816187760042,GAN,t-SNE
11.385874622647655,25.064365330634903,GAN,t-SNE
-3.2422881430226433,18.58030763221909,GAN,t-SNE
9.979549061451007,26.36923523326894,GAN,t-SNE
18.470123586880888,15.27591596219212,GAN,t-SNE
12.347067827383748,-19.85533093736788,GAN,t-SNE
9.84696380274732,15.761717637989412,GAN,t-SNE
7.156087941940063,19.887914511811896,GAN,t-SNE
6.23641642494707,22.083860843474024,GAN,t-SNE
12.585108270322145,14.39089504713825,GAN,t-SNE
13.925264752971332,17.949567369183782,GAN,t-SNE
9.160405581463234,25.81441473885874,GAN,t-SNE
13.761873669584205,-12.472272888642909,GAN,t-SNE
5.9818156475471564,17.92127064306644,GAN,t-SNE
16.22330811139883,21.299828506876057,GAN,t-SNE
7.197520468995427,23.350058087134673,GAN,t-SNE
11.52103893958106,19.42643136758281,GAN,t-SNE
8.348894221402988,19.766173741777113,GAN,t-SNE
24.104229830996974,-12.045476909618422,GAN,t-SNE
15.05832082027451,23.647902849366254,GAN,t-SNE
20.501717116471283,-11.142145001908313,GAN,t-SNE
14.63081795204664,26.44142120173574,GAN,t-SNE
17.66835172280462,22.897051609452088,GAN,t-SNE
17.841135608417677,17.485530203046135,GAN,t-SNE
20.033463591112213,21.15885752397929,GAN,t-SNE
3.0292444808132832,23.800462086933077,GAN,t-SNE
10.922110429217039,14.834523163371136,GAN,t-SNE
15.16485291787986,-11.895872232053915,GAN,t-SNE
-1.5816021267888196,-26.35843912444368,GAN,t-SNE
11.967365218009457,20.290351069224965,GAN,t-SNE
11.541784921142996,25.972073385807743,GAN,t-SNE
0.6995114190347952,5.608588759303063,GAN,t-SNE
14.144915707148792,27.83227868478932,GAN,t-SNE
22.15087833211769,-13.350393884528032,GAN,t-SNE
11.29584188008297,20.85831537457797,GAN,t-SNE
15.904757490340709,26.453384863883322,GAN,t-SNE
13.897982042180558,14.453489328680426,GAN,t-SNE
25.0245338236472,-11.04064335519326,GAN,t-SNE
-4.760619466037972,17.36399471932209,GAN,t-SNE
13.44740597724639,19.958008699693387,GAN,t-SNE
7.393699435469498,7.142377384698793,GAN,t-SNE
6.966929164803565,20.900250943568448,GAN,t-SNE
4.24907770046535,19.20728398023756,GAN,t-SNE
14.459667409101856,-12.370999395788234,GAN,t-SNE
15.389185534822785,23.324918775679155,GAN,t-SNE
-7.659152882849049,4.747119954115041,GAN,t-SNE
15.03675308031424,30.096934561639888,GAN,t-SNE
15.817598796245797,24.34010521423891,GAN,t-SNE
22.787994423198633,13.165089460275802,GAN,t-SNE
17.861723359788993,10.576319964512637,GAN,t-SNE
9.57684550052141,15.741519765227943,GAN,t-SNE
-5.84986976387424,16.455422087999292,GAN,t-SNE
19.660838583513687,17.431216883398037,GAN,t-SNE
9.507058902218787,19.839578905938406,GAN,t-SNE
-5.769683522278541,16.590497349296115,GAN,t-SNE
25.90254029601788,-6.5174021215276206,GAN,t-SNE
-3.2750134400988347,18.55628190889066,GAN,t-SNE
7.704871514677261,25.063502240114833,GAN,t-SNE
10.176932394857069,23.422988585768508,GAN,t-SNE
11.289196281327687,23.746073643302516,GAN,t-SNE
9.606292542035197,21.801125346816942,GAN,t-SNE
0.8036456320506744,13.530405222704463,GAN,t-SNE
13.014663523003717,18.32934332383361,GAN,t-SNE
11.653656794307691,17.96226718314201,GAN,t-SNE
-6.996271242800708,13.746406048365449,GAN,t-SNE
22.090463513842316,-13.368841942042994,GAN,t-SNE
29.247604551924876,-8.941639046613915,GAN,t-SNE
17.87855359130522,16.366099406308503,GAN,t-SNE
11.444915994468513,16.394600750791813,GAN,t-SNE
-4.495816181044266,17.631145680640635,GAN,t-SNE
17.35085156828898,19.085281007774814,GAN,t-SNE
10.004895636914457,16.281269059867284,GAN,t-SNE
12.055367020627921,22.05122369265536,GAN,t-SNE
4.6378904199388415,22.814624874587203,GAN,t-SNE
15.789709971910359,22.321043705044648,GAN,t-SNE
20.525134635717155,21.21684943428692,GAN,t-SNE
-6.057758890170794,2.4754239630791304,GAN,t-SNE
18.173360557081146,25.57176832261893,GAN,t-SNE
11.637698060073287,19.67912139156214,GAN,t-SNE
-3.0287739195875676,4.678780259024828,GAN,t-SNE
15.168868326181464,30.4050550887899,GAN,t-SNE
13.12771613191322,20.324780574973957,GAN,t-SNE
-4.437699155205772,-0.2613604974210049,GAN,t-SNE
12.03998075029939,18.811765948830377,GAN,t-SNE
27.287694652252,-9.376815341854307,GAN,t-SNE
10.116934852256632,22.77881138546202,GAN,t-SNE
-5.954606593951499,16.290461897528587,GAN,t-SNE
12.509092858730448,-18.883925685186135,GAN,t-SNE
21.2338435033038,-8.91020053837017,GAN,t-SNE
8.819140211577931,24.106313513433754,GAN,t-SNE
15.36082687569968,10.004140442376553,GAN,t-SNE
14.256182836078917,7.223012362029873,GAN,t-SNE
2.0800237913001745,27.07118283503132,GAN,t-SNE
6.8671786236021255,15.561780038815625,GAN,t-SNE
17.536009414286752,20.234781038807732,GAN,t-SNE
-7.118518806179443,13.348788913061723,GAN,t-SNE
7.95629017238122,19.473975586958858,GAN,t-SNE
6.415408021297413,17.78456133769347,GAN,t-SNE
-7.453369895902016,8.971066164205883,GAN,t-SNE
15.554515463867586,26.17980588292899,GAN,t-SNE
14.470195135278864,27.41531872035275,GAN,t-SNE
16.220216967496203,20.54381592963093,GAN,t-SNE
2.1346753443853674,27.092216367082116,GAN,t-SNE
14.848800487076916,17.57156551987516,GAN,t-SNE
10.635360396869379,15.19190992643548,GAN,t-SNE
-5.956463629184153,2.3217989656883935,GAN,t-SNE
9.46531511959437,21.047230469084607,GAN,t-SNE
27.31833695883826,-9.370085550886994,GAN,t-SNE
11.5341891958814,24.09144047089462,GAN,t-SNE
-5.999828798368689,16.606556215319547,GAN,t-SNE
10.681926694050773,23.025359825360535,GAN,t-SNE
16.75198097245807,18.7123674303983,GAN,t-SNE
-6.58362977300548,3.7894621102531083,GAN,t-SNE
16.63838196286409,15.981235293208858,GAN,t-SNE
12.932085771265442,20.897739181793032,GAN,t-SNE
12.204148709193406,22.988254672130736,GAN,t-SNE
0.8002751695565548,23.980113747100155,GAN,t-SNE
13.264367493114296,15.743078213567042,GAN,t-SNE
0.8177310220211195,5.750113370362724,GAN,t-SNE
9.315235680884904,16.512817008267447,GAN,t-SNE
12.960430844866426,26.043945415584766,GAN,t-SNE
19.944713757288497,16.447630181537594,GAN,t-SNE
12.566680577740325,21.917000739294014,GAN,t-SNE
24.13225849027856,-12.03412895787677,GAN,t-SNE
11.769109170850683,10.892627863297852,GAN,t-SNE
-6.215079378052557,10.256701207878454,GAN,t-SNE
-6.049937076766231,2.5833504755821597,GAN,t-SNE
10.33605287479998,18.803819402942487,GAN,t-SNE
9.721789760603745,17.620137475986116,GAN,t-SNE
8.978673765982796,20.952703347450253,GAN,t-SNE
5.657618119216364,24.550614693172914,GAN,t-SNE
12.4027026236634,-19.853843835309878,GAN,t-SNE
10.609209689565649,24.631836277262476,GAN,t-SNE
10.919199050209327,23.259021754934313,GAN,t-SNE
11.232073823649738,17.59320223430729,GAN,t-SNE
10.816301148978969,26.44674475784283,GAN,t-SNE
12.000205296068613,21.582190273289736,GAN,t-SNE
11.212464905400612,19.92335650031366,GAN,t-SNE
14.328179489993646,18.765108136741414,GAN,t-SNE
14.835260965934545,21.211906571440263,GAN,t-SNE
11.571015485115106,21.426145431176614,GAN,t-SNE
-0.14473850324655207,4.312957212151128,GAN,t-SNE
10.962509261629602,16.591220946454037,GAN,t-SNE
11.622754268978658,20.26527687294855,GAN,t-SNE
26.72307886892948,-9.8569341331361109,GAN,t-SNE
16.634404558369546,-16.266816514964813,GAN,t-SNE
8.884540806786577,18.203974777001715,GAN,t-SNE
7.82334105771843,16.325096696096086,GAN,t-SNE
16.705814359799707,18.59953765130265,GAN,t-SNE
-4.891478573240966,0.1590101494448543,GAN,t-SNE
-0.39647621112085085,-5.54506452041364,GAN,t-SNE
12.478629789097525,30.957914010503,GAN,t-SNE
2.408643681295072,8.318604616787797,GAN,t-SNE
10.06102148528406,28.82062384908336,GAN,t-SNE
20.035926573006417,21.13547282530711,GAN,t-SNE
11.31462905932256,22.20359260088716,GAN,t-SNE
-3.364147704179065,18.491036619975834,GAN,t-SNE
10.723841207103801,20.536443278614236,GAN,t-SNE
26.922981745868547,-9.695639023174927,GAN,t-SNE
18.101923558589355,21.315494432113347,GAN,t-SNE
0.7987837402283757,23.975024454400153,GAN,t-SNE
8.310579168252476,14.256299955581813,GAN,t-SNE
13.001772323356954,16.094305104120416,GAN,t-SNE
10.704762166177039,19.34037466114403,GAN,t-SNE
8.454820762189764,20.09513675220254,GAN,t-SNE
6.574849507704683,24.056501885527155,GAN,t-SNE
7.182410970038408,15.91072935204395,GAN,t-SNE
8.697105115701286,21.59819976531185,GAN,t-SNE
27.08190788192951,-9.541796986571514,GAN,t-SNE
-3.570067744208628,-6.944239391504562,GAN,t-SNE
15.367259636681517,20.68314134670547,GAN,t-SNE
8.500745934606273,23.448942119118804,GAN,t-SNE
7.345346747747012,17.616242758876144,GAN,t-SNE
9.598562117562832,14.590523862707956,GAN,t-SNE
13.51792188573152,22.900497102718063,GAN,t-SNE
14.086094201371996,23.011926490810726,GAN,t-SNE
12.863013836835057,25.090898063537743,GAN,t-SNE
17.991767940510755,18.722469901025455,GAN,t-SNE
5.175714091615854,20.186511495022522,GAN,t-SNE
20.611937511014418,-10.794072202632027,GAN,t-SNE
2.0684980264788777,-1.782936934094123,GAN,t-SNE
12.45119493959801,19.663054838360818,GAN,t-SNE
14.15246316139602,17.163915397667882,GAN,t-SNE
12.425296783616474,17.61970470794475,GAN,t-SNE
7.678163784898777,7.360069352674151,GAN,t-SNE
8.927111040305991,24.0250195548897,GAN,t-SNE
6.4654103195561365,16.368140466063352,GAN,t-SNE
10.69298597296336,29.57790953716482,GAN,t-SNE
14.155695743876775,7.596676066295162,GAN,t-SNE
19.482843532234114,21.588008521436997,GAN,t-SNE
17.90910335396876,18.696194532001478,GAN,t-SNE
-7.340996859837378,10.368652895547838,GAN,t-SNE
14.273590273426102,-12.3003078781169,GAN,t-SNE
0.826789392608382,5.777465455016377,GAN,t-SNE
4.789119143966846,14.530914431604277,GAN,t-SNE
13.708499108302732,-12.37275980545599,GAN,t-SNE
7.509760227437333,7.216274249999126,GAN,t-SNE
18.112711560102717,13.382736561120936,GAN,t-SNE
18.024497051889828,-12.16054193085957,GAN,t-SNE
17.61470623283162,26.322262797030497,GAN,t-SNE
-4.1087021915973665,-8.750366268362733,GAN,t-SNE
16.971263973765883,-15.439587497114857,GAN,t-SNE
6.947423004468447,10.748719424953313,GAN,t-SNE
7.655624802905883,22.080795304787372,GAN,t-SNE
21.613213626609973,-9.158983877702477,GAN,t-SNE
21.67613929530592,18.940754520524166,GAN,t-SNE
13.91484206580628,24.401939144799655,GAN,t-SNE
19.146428386913716,18.68453959109555,GAN,t-SNE
14.349772004305136,28.345274022322,GAN,t-SNE
14.550622643157698,17.842434573029063,GAN,t-SNE
8.34382791507073,18.211654779898335,GAN,t-SNE
15.776177765871285,19.082854050083036,GAN,t-SNE
12.31058140109715,12.88998728442853,GAN,t-SNE
12.645509643845998,20.940790544075295,GAN,t-SNE
13.943114228515803,26.642525834982866,GAN,t-SNE
14.957865786259665,22.9666499997037,GAN,t-SNE
4.578421131169199,16.613016540291888,GAN,t-SNE
14.376300050501479,24.80800671371355,GAN,t-SNE
17.250656179261625,18.600104687241384,GAN,t-SNE
13.580897018500247,-12.382896646834674,GAN,t-SNE
-6.998574201857357,7.351118745221146,GAN,t-SNE
11.181223842837461,28.06226682480115,GAN,t-SNE
7.384733372503331,20.196268106295822,GAN,t-SNE
11.909078798174779,18.81836672660112,GAN,t-SNE
6.713779484685084,21.871270583908004,GAN,t-SNE
-6.581037744886674,15.054607322666017,GAN,t-SNE
12.887055490342558,-19.655322837214765,GAN,t-SNE
17.71730727338916,20.138906754164534,GAN,t-SNE
11.768493112743732,27.520344777648926,GAN,t-SNE
16.728669840125047,28.724970693831043,GAN,t-SNE
10.76832368635041,17.26157375306229,GAN,t-SNE
-5.761971560710432,16.57867713873571,GAN,t-SNE
16.430090009000445,26.20664259195926,GAN,t-SNE
15.510050203362745,10.827250449041879,GAN,t-SNE
6.661185095205024,27.296140580359772,GAN,t-SNE
24.396893971304145,-10.344384989250749,GAN,t-SNE
26.58363272609136,-9.941844063628832,GAN,t-SNE
11.350546111741703,22.94060397183276,GAN,t-SNE
3.93965681892517,12.502165367976971,GAN,t-SNE
-5.813089027756737,16.521589865244206,GAN,t-SNE
12.048169352771705,24.672407685236912,GAN,t-SNE
7.229028812059936,10.819354662764901,GAN,t-SNE
13.11026933132097,16.123265173885713,GAN,t-SNE
15.310075423191824,17.981827763136003,GAN,t-SNE
4.659800689291435,18.89759841092698,GAN,t-SNE
0.9989178625079018,6.03409173511868,GAN,t-SNE
-3.3350116999663215,18.512944616612224,GAN,t-SNE
16.833299320201665,24.482568428436284,GAN,t-SNE
28.026160986577263,-9.251747869226367,GAN,t-SNE
12.725706549934802,22.32734465457624,GAN,t-SNE
4.847680996288934,-22.357225975951263,GAN,t-SNE
15.72807547306724,23.496174394088623,GAN,t-SNE
8.516723572016016,25.419491582070023,GAN,t-SNE
7.632979125913189,16.058516413767883,GAN,t-SNE
19.414556207504095,21.31102020209267,GAN,t-SNE
13.84495422273014,19.012533794131613,GAN,t-SNE
9.13240846209109,28.244561529340206,GAN,t-SNE
13.850724706684183,21.580723265489222,GAN,t-SNE
11.655213143933036,20.610964985363292,GAN,t-SNE
13.225033126936244,11.227550834497023,GAN,t-SNE
13.88763926596096,19.617269627529026,GAN,t-SNE
9.531450737668127,20.27776192315101,GAN,t-SNE
26.369134485023196,-10.056747648426777,GAN,t-SNE
-8.253742833292339,9.315504542675829,GAN,t-SNE
-7.109281587686322,13.360738815030299,GAN,t-SNE
4.086593064009004,0.4474544030720314,GAN,t-SNE
6.972565094356191,23.324135242715165,GAN,t-SNE
12.444832538120732,17.206615526739583,GAN,t-SNE
12.815349912920672,22.504934327662728,GAN,t-SNE
18.05083097943106,22.74481431266227,GAN,t-SNE
-6.817739948667674,14.489902074810898,GAN,t-SNE
10.588502512016499,25.00143306583435,GAN,t-SNE
16.74225555652925,17.676243426413578,GAN,t-SNE
6.0781474096020585,19.022967288982013,GAN,t-SNE
10.975602886950876,21.748947120143615,GAN,t-SNE
19.07408716213322,19.88543707632816,GAN,t-SNE
10.337573795467454,22.78273790399449,GAN,t-SNE
15.638184207632513,23.135544070213815,GAN,t-SNE
11.261411268318168,26.35739447559329,GAN,t-SNE
12.454880367479495,16.737210185054384,GAN,t-SNE
9.085671875196018,22.822661688428006,GAN,t-SNE
14.711935935878135,26.738811494824365,GAN,t-SNE
16.333758141278413,24.568154221207198,GAN,t-SNE
19.584081939824753,16.834542326517507,GAN,t-SNE
17.82774787898219,10.565039797930117,GAN,t-SNE
11.90765827478289,17.164084999229512,GAN,t-SNE
-7.1356543844349165,13.36601664398366,GAN,t-SNE
14.330882065411576,19.877096750064453,GAN,t-SNE
16.74211154881378,14.77480638772031,GAN,t-SNE
13.618265746885871,23.74755521027165,GAN,t-SNE
10.407077017386321,21.223102596981057,GAN,t-SNE
16.945434613199257,25.239259369737557,GAN,t-SNE
29.000830980694126,-8.986036540170971,GAN,t-SNE
6.207283644680757,21.899025827772434,GAN,t-SNE
12.225412897840155,14.993032628763835,GAN,t-SNE
10.25989664473637,21.59182582557708,GAN,t-SNE
13.580137875211069,20.54880271096844,GAN,t-SNE
6.824876083784652,18.01416755087135,GAN,t-SNE
28.133397966209753,-9.212910944324014,GAN,t-SNE
-4.136482888259577,-8.667907176672411,GAN,t-SNE
24.590104646165816,-11.486459237117387,GAN,t-SNE
18.203161664800007,13.163665507849169,GAN,t-SNE
10.339595341224037,13.678643338215354,GAN,t-SNE
14.665448652516297,20.36264781475998,GAN,t-SNE
10.272788404906096,20.634197465135948,GAN,t-SNE
12.817922394155662,9.59450202768246,GAN,t-SNE
8.369218339802565,15.622657325018434,GAN,t-SNE
5.537541983798358,22.33207814563842,GAN,t-SNE
17.30171082988113,24.1619645351146,GAN,t-SNE
5.100410088512359,28.057403248190035,GAN,t-SNE
5.98876047596112,21.079201425511283,GAN,t-SNE
11.041273141460666,16.51872440154616,GAN,t-SNE
14.72145504522348,20.230161380534014,GAN,t-SNE
21.775148459080988,-13.52450099542005,GAN,t-SNE
12.010638372696496,23.030473337695668,GAN,t-SNE
12.558717058522163,19.843989602505136,GAN,t-SNE
-6.229320866867737,3.094605487464684,GAN,t-SNE
12.86560939716745,22.43484686109493,GAN,t-SNE
9.15345523957922,23.264765155867686,GAN,t-SNE
8.33542912883879,24.426125784843965,GAN,t-SNE
15.662030910028356,17.114090664811553,GAN,t-SNE
8.982406546420156,24.388024205293597,GAN,t-SNE
6.7924170859454,25.441497223937127,GAN,t-SNE
7.481784262850215,27.767620630286622,GAN,t-SNE
13.67793839932715,27.915558682485788,GAN,t-SNE
7.7186460342554675,23.258908296073276,GAN,t-SNE
7.701503041474007,22.17919399561462,GAN,t-SNE
-2.936450761518539,4.512995081941538,GAN,t-SNE
9.654729802363143,25.06173285789117,GAN,t-SNE
14.992560948361612,-11.941058404330352,GAN,t-SNE
13.047415519943968,-19.699221014171382,GAN,t-SNE
9.55327876613596,23.45267222868246,GAN,t-SNE
13.564328790998989,21.17941583970053,GAN,t-SNE
-1.7600440295537536,19.225009184566733,GAN,t-SNE
8.988861290873823,21.53342365315863,GAN,t-SNE
11.630972730278737,19.10431469959036,GAN,t-SNE
19.933522091582834,-14.646637846723275,GAN,t-SNE
15.965485833518475,22.514124948808494,GAN,t-SNE
3.6195829025404467,0.22837702300170398,GAN,t-SNE
8.821882046374125,17.119500650139468,GAN,t-SNE
27.53892812906975,-9.35097952780703,GAN,t-SNE
